O que é uma norma jurídica?;É uma regra de conduta imposta pelo ordenamento jurídico, dotada de generalidade, abstração e coercibilidade.
2. Qual a principal diferença entre norma jurídica e lei?;"Lei é o gênero (ato normativo primário); norma jurídica é a regra extraída do ordenamento, podendo decorrer de leis, costumes ou princípios."
3. Quais são os 3 elementos estruturais essenciais de uma norma jurídica?;Hipótese (fato), mandamento (consequência) e sanção (coercibilidade).
4. O que é a coercibilidade da norma jurídica?;É a possibilidade de uso da força estatal para impor o cumprimento da norma, caso o destinatário não a cumpra voluntariamente.
5. O que significa dizer que a norma jurídica é geral?;Que ela se dirige a uma coletividade indeterminada de pessoas, e não a um indivíduo específico.
6. O que significa dizer que a norma jurídica é abstrata?;Que ela regula situações previstas em tese, e não casos concretos específicos.
7. Qual a distinção entre normas jurídicas e normas morais?;"A norma jurídica é heterônoma (imposta por terceiro) e coercível; a moral é autônoma (imposta pela consciência) e incoercível."
8. Quais as 4 principais classificações das normas jurídas quanto à sanção?;Perfeitas (nulidade do ato), imperfeitas (sem sanção), mais que perfeitas (sanção + reparação) e menos que perfeitas (sanção penal).
9. Como se classificam as normas jurídicas quanto à hierarquia?;Em normas constitucionais (supremas), normas legais (intermediárias) e normas infralegais (inferiores).
10. O que são normas de ordem pública?;São normas imperativas e cogentes que não podem ser derrogadas pela vontade das partes (ex: normas de direito penal).
11. O que são normas dispositivas?;São normas que admitem a vontade das partes em sentido contrário (ex: regras supletivas do direito civil).
12. Qual a diferença entre normas cogentes e normas supletivas?;"Cogentes impõem-se obrigatoriamente; supletivas só se aplicam na falta de manifestação de vontade das partes."
13. O que é uma norma proibitiva?;É aquela que veda determinada conduta, sob pena de sanção.
14. O que é uma norma permissiva?;É aquela que autoriza ou faculta determinada conduta ao destinatário.
15. O que é uma norma sancionadora?;É aquela que estabelece a consequência (pena, multa, indenização) para o descumprimento de outra norma.
16. O que é uma norma primária e uma norma secundária (teoria de Kelsen)?;Primária: impõe a sanção. Secundária: estabelece a conduta que, se descumprida, gera a sanção.
"17. Qual o conceito de ""vigência"" da norma jurídica?";É o atributo temporal que indica que a norma está apta a produzir efeitos, ou seja, que está em vigor.
18. Quando uma lei entra em vigor no Brasil, segundo a LINDB?;Após 45 dias da publicação oficial, salvo disposição contrária na própria lei (vacatio legis).
19. O que é a vacatio legis?;É o período entre a publicação da lei e o início de sua vigência.
20. O que ocorre se a lei não fixar prazo de vacatio legis?;Aplica-se o prazo geral de 45 dias (LINDB).
21. O que é a repristinação?;É o fenômeno de uma lei revogada voltar a vigorar em razão da revogação da lei que a revogou. No Brasil, não é admitida, salvo disposição em contrário.
22. Qual a regra geral sobre a revogação de leis no Brasil?;Lei posterior revoga lei anterior quando expressamente o declare, quando seja incompatível ou quando regule inteiramente a matéria.
23. O que é revogação ab-rogação?;É a revogação total de uma lei.
24. O que é revogação derrogação?;É a revogação parcial de uma lei (apenas alguns artigos ou dispositivos).
"25. O que significa ""a lei não retroage, salvo para beneficiar o réu""?";Princípio da irretroatividade da lei penal, com exceção da retroatividade benéfica (extra-atividade).
26. Qual a teoria que trata da aplicação da lei no tempo?;Teoria do direito intertemporal (conflito de leis no tempo).
27. O que é o princípio da segurança jurídica em relação às normas?;É a garantia de que as normas devem ser estáveis e previsíveis, protegendo os atos já consumados (ato jurídico perfeito, coisa julgada e direito adquirido).
28. O que é direito adquirido?;É o direito que já se incorporou ao patrimônio do titular e não pode ser afetado por lei nova.
29. O que é ato jurídico perfeito?;É o ato já consumado segundo a lei vigente ao tempo em que se efetuou.
30. O que é coisa julgada?;É a decisão judicial de que não caiba mais recurso, tornando-se imutável.
31. Qual a diferença entre eficácia e vigência da norma?;"Vigência é a existência formal; eficácia é a capacidade de produzir efeitos concretos."
32. O que é eficácia social da norma?;É o efetivo cumprimento e obediência da norma pela sociedade.
33. O que é eficácia técnica (jurídica)?;É a aptidão da norma para ser aplicada e gerar efeitos no mundo jurídico.
34. O que é uma norma de eficácia contida?;É aquela que produz efeitos imediatos, mas pode ter seu alcance restringido por outras normas (ex: direito de reunião).
35. O que é uma norma de eficácia limitada?;É aquela que não produz todos os seus efeitos imediatamente, dependendo de regulamentação futura (ex: normas programáticas).
36. O que é uma norma de eficácia plena?;É aquela que produz todos os seus efeitos desde a entrada em vigor, sem necessidade de regulamentação.
37. O que é uma norma programática?;É uma norma constitucional que estabelece programas, fins ou diretrizes a serem cumpridos pelo Estado (ex: saúde, educação).
38. Quais os 3 métodos clássicos de interpretação da norma jurídica?;Interpretação gramatical (literal), lógica (sistemática) e histórica.
39. O que é a interpretação sistemática?;É aquela que analisa a norma em conjunto com todo o ordenamento jurídico, e não isoladamente.
40. O que é a interpretação teleológica?;É aquela que busca a finalidade social e o espírito da lei (ratio legis).
41. O que é a interpretação autêntica?;É a interpretação feita pelo próprio legislador, por meio de lei interpretativa.
42. O que é a interpretação doutrinária?;É a interpretação feita pelos estudiosos do Direito (juristas, professores).
43. O que é a interpretação judicial (jurisprudencial)?;É a interpretação dada pelos tribunais ao aplicarem a norma aos casos concretos.
44. O que é a analogia em Direito?;É a aplicação de uma norma a um caso não previsto, por haver semelhança com outra situação prevista.
45. A analogia é permitida em direito penal?;Não, em regra, pois veda-se a analogia in malam partem (para prejudicar o réu).
46. O que são os princípios gerais do direito?;São normas fundamentais que orientam a criação, interpretação e aplicação de todas as demais normas.
47. Qual a diferença entre princípios e regras?;"Regras são mais específicas e resolvem casos concretos (tudo ou nada); princípios são mais gerais e ponderam entre si (mandados de otimização)."
48. O que é a equidade?;É a adaptação da norma ao caso concreto, buscando a justiça e a razoabilidade, quando a lei permite.
"49. O que são as ""normas consuetudinárias""?";São normas criadas pela repetição constante de uma conduta social (costumes), com a convicção de obrigatoriedade.
50. O costume pode revogar a lei?;Não, no Direito brasileiro, o costume apenas complementa a lei (secundum legem) ou a interpreta.
"51. O que são os ""usos e costumes"" no direito comercial?";São práticas reiteradas do comércio que servem como fonte supletiva de obrigações.
52. O que é uma norma jurídica em sentido amplo?;Toda regra que emana do poder público ou da sociedade, com caráter obrigatório (inclui costumes e princípios).
53. O que é uma norma jurídica em sentido estrito?;Apenas a norma escrita e formalmente aprovada pelo Legislativo (lei).
54. Qual a hierarquia das normas no ordenamento jurídico brasileiro?;"1º) Constituição; 2º) Leis Complementares e Ordinárias; 3º) Medidas Provisórias; 4º) Decretos; 5º) Normas infralegais."
55. O que é o controle de constitucionalidade das normas?;É a verificação da compatibilidade da norma inferior com a Constituição Federal.
56. Qual a diferença entre inconstitucionalidade formal e material?;"Formal: vício no processo de criação; Material: vício no conteúdo da norma (ofensa ao mérito da CF)."
57. O que é uma norma penal em branco?;É aquela que descreve a conduta, mas deixa a sanção ou o complemento para outra norma.
58. O que é uma norma excepcional (temporária)?;É aquela editada para vigorar por um prazo determinado, em situações extraordinárias.
"59. O que é o ""princípio da continuidade da norma""?";As normas permanecem em vigor até serem revogadas ou terem seu prazo expirado.
"60. O que é a ""cognoscibilidade"" da norma?";É a exigência de que a norma seja publicada para que todos possam conhecê-la (ninguém se escusa de cumprir a lei alegando desconhecimento).
"61. O que significa o brocardo ""ignorantia legis neminem excusat""?";A ignorância da lei não escusa o seu cumprimento.
62. Como se classificam as normas quanto à sua função?;Em normas de conduta (regulam ações) e normas de organização (estruturam órgãos e competências).
63. O que são normas materialmente constitucionais?;São aquelas que tratam de matéria tipicamente constitucional, mesmo que estejam em leis ordinárias.
64. O que são normas formalmente constitucionais?;São aquelas que estão no texto da Constituição, independentemente do conteúdo.
65. O que é uma lei delegada?;É uma lei elaborada pelo Presidente da República, mediante delegação do Congresso Nacional.
66. Qual a diferença entre lei ordinária e lei complementar?;A complementar exige quórum qualificado (maioria absoluta) e trata de matérias específicas do art. 69 da CF.
67. O que é uma medida provisória?;É ato normativo do Presidente com força de lei, em caso de relevância e urgência, com prazo de vigência limitado.
68. O que é um decreto regulamentar?;É ato do Presidente que detalha e explica a lei para sua correta execução (não pode inovar).
69. O que é um regulamento autônomo?;É o decreto que inova na ordem jurídica (regulamenta matéria não reservada à lei). No Brasil, é excepcional.
70. O que são as súmulas vinculantes?;São enunciados aprovados pelo STF que resumem a jurisprudência e têm efeito vinculante em relação aos demais órgãos do Judiciário e à Administração.
"71. O que é o ""efeito repristinatório"" tácito?";É a ideia de que uma lei revogada renasce com a revogação da lei que a revogou. No Brasil, não é admitido.
"72. O que significa a ""deslegalização""?";É o fenômeno de transferência de matéria de lei para regulamento, desafogando o Legislativo.
73. O que são normas jurídicas individuais (concretas)?;São aquelas que se dirigem a pessoas determinadas e situações específicas (ex: sentença judicial, contrato).
74. Qual a relação entre norma jurídica e fato social?;A norma busca disciplinar os fatos sociais, mas a sociedade também influencia a criação das normas (direito como fenômeno social).
"75. O que é a ""plenitude da ordem jurídica""?";É o princípio de que o ordenamento não admite lacunas (o juiz não pode deixar de julgar).
76. Como se preenchem as lacunas da lei?;Por analogia, costumes e princípios gerais do direito (art. 4º da LINDB).
"77. O que é a ""ultratividade"" da norma?";É a aplicação de uma norma revogada a fatos ocorridos durante sua vigência (ex: direito penal benéfico).
"78. O que é a ""retroatividade"" da norma?";É a aplicação da lei nova a fatos ocorridos antes de sua vigência (excepcional).
79. O que são normas de direito público?;São normas que regulam a relação entre o Estado e os particulares, ou entre entes estatais (ex: penal, administrativo).
80. O que são normas de direito privado?;São normas que regulam as relações entre particulares (ex: civil, comercial).
81. Qual a distinção entre direito objetivo e direito subjetivo?;"Direito objetivo é a norma (conjunto de regras); direito subjetivo é a faculdade do indivíduo (pretensão)."
"82. O que é uma norma ""jus cogens"" no direito internacional?";São normas imperativas do direito internacional que não admitem derrogação (ex: proibição de genocídio).
"83. O que é a ""força normativa"" da Constituição?";É a ideia de que a Constituição não é mera carta política, mas norma jurídica vinculante.
"84. O que são as ""normas de princípio"" e ""normas de regra""?";"Princípio: elevado grau de abstração; Regra: aplicação direta e específica."
"85. O que é o ""conflito aparente de normas""?";É quando duas normas aparentemente se contradizem, devendo-se resolver por critérios hierárquicos, cronológicos ou de especialidade.
86. Qual o critério para resolver conflito entre lei geral e lei especial?;A lei especial prevalece sobre a geral (critério da especialidade).
87. Qual o critério para resolver conflito entre lei anterior e lei posterior?;A lei posterior revoga a anterior (critério cronológico).
88. Qual o critério para resolver conflito entre lei superior e lei inferior?;A lei superior prevalece (critério hierárquico).
"89. O que é a ""norma de garantia""?";É aquela que assegura um direito fundamental (ex: direito ao devido processo legal).
"90. O que é a ""norma de competência""?";É aquela que define qual órgão ou ente tem poder para editar determinada norma.
"91. O que é a ""cláusula de reserva de lei""?";É a exigência constitucional de que certa matéria só pode ser regulada por lei formal (ex: criação de impostos).
"92. O que é uma ""norma interpretativa""?";É a lei que tem por objetivo esclarecer o sentido de outra lei anterior.
"93. O que é a ""norma de integração""?";É a utilizada para suprir lacunas (analogia, costume, princípios).
"94. Qual a diferença entre ""vigência"" e ""validade"" da norma?";"Vigência: existência temporal; Validade: conformidade com as regras de produção (competência, forma)."
"95. Qual a diferença entre ""vigência"" e ""obrigatoriedade""?";"Vigência é o marco temporal; obrigatoriedade decorre da vigência, impondo o dever de cumprir."
"96. O que é uma ""norma de sobredireito"" (teoria de Kelsen)?";É a norma que regula a criação de outras normas (ex: normas sobre o processo legislativo).
"97. O que é o ""princípio da unidade da constituição""?";Exige que a Constituição seja interpretada como um todo harmônico, evitando contradições.
"98. O que é o ""princípio da razoabilidade"" na aplicação das normas?";Exige que a interpretação e aplicação da norma sejam proporcionais e adequadas aos fins.
99. As normas jurídicas podem ser classificadas quanto ao destinatário em que?;Em normas gerais (para todos) e normas especiais (para um grupo ou categoria).
100. Qual a finalidade última de uma norma jurídica?;Garantir a ordem, a justiça e a paz social, organizando a convivência humana.
;
;
O que é personalidade jurídica?;É a aptidão genérica para adquirir direitos e contrair obrigações na ordem civil.
2. Quem são os sujeitos de direito no ordenamento brasileiro?;Toda pessoa, seja natural (física) ou jurídica.
3. Quando se inicia a personalidade da pessoa natural?;Com o nascimento com vida (art. 2º do Código Civil).
4. O nascituro tem personalidade jurídica?;Não. Tem expectativa de direitos, mas a lei ressalva seus direitos (como a herança) desde a concepção.
5. O que é a capacidade de direito (ou capacidade de gozo)?;É a aptidão para ser titular de direitos e deveres. Toda pessoa a possui.
6. O que é a capacidade de fato (ou capacidade de exercício)?;É a aptidão para exercer pessoalmente os atos da vida civil.
7. Toda pessoa capaz de direito é também capaz de fato?;Não. A capacidade de fato pode ser plena, limitada ou inexistente (ex: menores).
8. Quem são absolutamente incapazes de exercer os atos da vida civil?;Menores de 16 anos (art. 3º do CC).
9. Quem são relativamente incapazes?;"Maiores de 16 e menores de 18; ébrios habituais, viciados em tóxico, pródigos, etc. (art. 4º do CC)."
10. O que ocorre com os atos praticados por absolutamente incapaz?;São nulos de pleno direito (art. 166, I, CC).
11. O que ocorre com os atos praticados por relativamente incapaz?;São anuláveis, se não assistidos ou representados (art. 171, I, CC).
12. O que é a emancipação?;É a antecipação da capacidade plena antes dos 18 anos, por concessão dos pais, casamento, exercício de emprego público, etc.
13. Como se dá a emancipação voluntária?;Por escritura pública ou instrumento público, com assistência de ambos os pais (ou tutores).
14. O que é a curatela?;É o regime de assistência a maiores relativamente incapazes (como pródigos) ou incapazes por enfermidade.
15. Qual a diferença entre curatela e tutela?;"Tutela é para menores de 18 não sujeitos ao poder familiar; curatela é para maiores incapazes."
16. O que são os direitos da personalidade?;São direitos inerentes à pessoa humana, como vida, honra, intimidade, nome, imagem.
17. Os direitos da personalidade são absolutos?;Sim, oponíveis erga omnes (contra todos).
18. Os direitos da personalidade são disponíveis?;Em regra, são irrenunciáveis, intransmissíveis e extrapatrimoniais, salvo exceções autorizadas (ex: uso da imagem).
19. O que é o dano moral?;É a lesão a um direito da personalidade, causando sofrimento ou abalo moral.
20. A personalidade da pessoa natural se extingue com a morte?;Sim, a personalidade civil termina com a morte (art. 6º do CC).
21. O que é a morte presumida?;É a declaração judicial da morte de alguém desaparecido, para fins de abertura de sucessão, após ausência prolongada.
22. O que é a comoriência?;É a presunção de morte simultânea de duas ou mais pessoas, se não se puder saber quem morreu primeiro (art. 8º do CC).
23. O que é uma pessoa jurídica?;É uma entidade formada por pessoas ou bens, reconhecida pelo ordenamento para atingir fins lícitos.
24. Quais são os requisitos para a existência da pessoa jurídica?;Vontade humana, organização de pessoas ou bens, e reconhecimento estatal (registro).
25. Como se classifica a pessoa jurídica quanto à natureza?;Em pessoas jurídicas de direito público (interno e externo) e de direito privado.
26. Quais são as pessoas jurídicas de direito público interno?;União, Estados, Municípios, Distrito Federal, autarquias e demais entidades de caráter público criadas por lei.
27. Quais são as pessoas jurídicas de direito público externo?;Estados estrangeiros e organismos internacionais (ex: ONU).
28. Quais são as pessoas jurídicas de direito privado?;Associações, sociedades, fundações, organizações religiosas e partidos políticos (art. 44, CC).
29. O que é uma associação?;É a união de pessoas para fins não econômicos (culturais, esportivos, beneficentes).
30. O que é uma sociedade?;É a união de pessoas ou capital para exercer atividade econômica com divisão de lucros (ex: empresária, simples).
31. O que é uma fundação?;É uma pessoa jurídica formada por um patrimônio destinado a um fim social (educação, saúde, etc.), instituída por escritura pública ou testamento.
32. Como se adquire a personalidade jurídica de direito privado?;Pelo registro do ato constitutivo no órgão competente (Registro Civil, Junta Comercial ou cartório de títulos).
"33. O que é o ""desconsideração da personalidade jurídica""?";É a superação da autonomia patrimonial da pessoa jurídica para responsabilizar sócios por abusos (fraude ou desvio de finalidade).
34. Qual a origem da teoria da desconsideração (disregard doctrine)?;"Do direito norte-americano, a partir do caso ""Milwaukee Refrigerator Co. v. Gelow""."
35. Qual a diferença entre a teoria maior e a menor da desconsideração?;Teoria maior: exige prova de abuso ou fraude (CC, art. 50). Teoria menor: basta prova de insolvência (CDC, proteção ao consumidor).
"36. O que é o ""patrimônio mínimo"" da pessoa jurídica?";É o capital social ou o patrimônio inicial exigido para a constituição de certas entidades (ex: S.A.).
37. As pessoas jurídicas têm direitos da personalidade?;Sim, naquilo que for compatível com sua natureza (ex: honra objetiva, nome, imagem).
38. Como se extingue a pessoa jurídica de direito privado?;Pela dissolução, liquidação e posterior registro da extinção.
39. O que é o domicílio civil?;É o lugar onde a pessoa estabelece sua residência com ânimo definitivo (art. 70, CC).
40. Qual o domicílio da pessoa natural que tem várias residências?;Pode escolher qualquer uma delas, ou o local do seu principal centro de negócios.
41. Qual o domicílio do incapaz?;É o domicílio de seu representante ou assistente (art. 72, CC).
42. Qual o domicílio da pessoa jurídica?;É o local onde funcionam sua administração e sua diretoria (art. 75, CC).
43. O que é o domicílio necessário?;É aquele fixado por lei para certas pessoas (militares, presos, incapazes).
44. O que é o domicílio voluntário?;É aquele escolhido livremente pela pessoa.
45. O que é o domicílio profissional?;É o local onde a pessoa exerce habitualmente sua profissão, para efeitos de obrigações trabalhistas.
46. O que são bens jurídicos (no sentido civil)?;São todas as coisas materiais ou imateriais que podem ser objeto de direito e ter valor econômico ou afetivo.
47. Como se classificam os bens quanto à sua natureza?;Em bens móveis e bens imóveis.
48. O que são bens imóveis?;São o solo e tudo que se incorpora a ele natural ou artificialmente (art. 79, CC).
49. O que são bens móveis?;São os que podem ser removidos sem destruição, ou as energias com valor econômico.
50. O que são bens fungíveis e infungíveis?;Fungíveis: substituíveis por outros da mesma espécie (ex: dinheiro). Infungíveis: únicos (ex: obra de arte).
51. O que são bens consumíveis e inconsumíveis?;Consumíveis: perecem ou se consomem no primeiro uso (ex: alimentos). Inconsumíveis: uso prolongado (ex: imóvel).
52. O que são bens divisíveis e indivisíveis?;Divisíveis: podem ser fracionados sem perda de valor (ex: terreno). Indivisíveis: não comportam divisão (ex: animal).
53. O que são bens singulares e bens coletivos?;Singulares: considerados individualmente. Coletivos (universais): conjunto de bens (ex: biblioteca, rebanho).
54. O que são bens públicos?;São os bens de domínio das pessoas jurídicas de direito público (uso comum, uso especial e dominicais).
55. Os bens públicos são alienáveis?;"Os bens dominicais são alienáveis; os de uso comum e especial não, salvo autorização legal."
56. O que são bens de uso comum do povo?;Ex: ruas, praças, mares, rios navegáveis.
57. O que são bens de uso especial?;Ex: edifícios públicos, repartições, escolas.
58. O que são bens dominicais?;São os bens do patrimônio público que não têm destinação pública específica (ex: terras devolutas).
59. O que são bens vacantes?;São bens sem dono (ex: herança jacente), que, após prazo, passam ao domínio público.
"60. O que é a ""posse"" em relação aos bens?";É o poder de fato sobre a coisa, com intenção de tê-la como sua (animus domini).
61. Qual a diferença entre posse e propriedade?;"Posse é o poder fático; propriedade é o direito real pleno (domínio)."
62. O que são direitos reais?;São direitos sobre a coisa (propriedade, usufruto, servidão, etc.), oponíveis a todos.
63. O que são direitos pessoais (obrigacionais)?;São relações entre credor e devedor, exigindo uma prestação.
"64. O que é o ""nomen iuris"" de uma pessoa?";É o nome civil completo, que identifica a pessoa (prenome + sobrenome).
65. O nome da pessoa é protegido como direito da personalidade?;Sim, o nome é inviolável, inclusive contra uso não autorizado (art. 17 e 18, CC).
"66. O que é o ""pseudônimo"" ou nome artístico?";"É um nome fictício adotado para atividade pública; é protegido como o nome civil."
67. O que é o estado civil da pessoa?;É a posição da pessoa na família e na sociedade (solteiro, casado, viúvo, divorciado).
"68. O que é o ""registro civil""?";É o ato público que documenta o nascimento, casamento, óbito e outros fatos da vida civil.
69. Qual a função do Registro Civil de Pessoas Naturais?;Dar publicidade, autenticidade e segurança aos atos do estado civil.
"70. O que é o ""inventário"" e a ""partilha""?";São procedimentos judiciais ou extrajudiciais para dividir os bens do falecido entre os herdeiros.
"71. O que é a ""herança"" como bem jurídico?";É o conjunto de bens, direitos e obrigações do falecido, transmitidos aos herdeiros.
"72. O que é o ""legado""?";É uma disposição de última vontade que atribui um bem específico a uma pessoa (legatário).
"73. O que é a ""sucessão legítima"" e ""sucessão testamentária""?";"Legítima: decorre da lei; testamentária: decorre do testamento."
74. Os animais são considerados sujeitos de direito no Brasil?;Não, são bens (coisas), embora haja proteção especial (Lei de Crimes Ambientais).
"75. O que é a ""coisa"" no sentido jurídico?";É tudo que pode ser objeto de direito, excluindo a pessoa.
"76. O que é a ""res nullius"" e ""res derelicta""?";Res nullius: coisa sem dono (ex: animais selvagens). Res derelicta: coisa abandonada pelo dono.
"77. O que é a ""usucapião""?";É a aquisição da propriedade pela posse prolongada, atendidos requisitos legais.
"78. O que é o ""condomínio"" (propriedade em comum)?";É quando duas ou mais pessoas têm direito sobre a mesma coisa, dividindo-se quotas.
"79. O que é o ""direito de superfície""?";É o direito de usar o solo de outrem para construir ou plantar, sem transferir a propriedade.
"80. O que é a ""servidão""?";É um ônus imposto a um imóvel em benefício de outro (ex: passagem de água).
"81. O que é o ""usufruto""?";É o direito de usar e fruir de um bem de outrem, sem alterar sua substância.
"82. O que é o ""direito de preferência""?";É o direito de comprar um bem em igualdade de condições com terceiro (ex: locatário).
"83. O que é a ""tradição"" como forma de transferência de bens móveis?";É a entrega material ou simbólica da coisa ao adquirente.
"84. O que é o ""registro imobiliário""?";É o sistema de publicidade da propriedade imóvel, no Cartório de Registro de Imóveis.
85. O registro imobiliário tem eficácia constitutiva ou declaratória?;Constitutiva, para a aquisição de direitos reais sobre imóveis (exceto usucapião).
"86. O que é o ""princípio da especialidade"" no registro de imóveis?";Exige que a matrícula identifique com precisão o imóvel (localização, limites, medidas).
"87. O que é o ""princípio da continuidade"" no registro?";Exige que haja uma cadeia sucessória de registros, ligando o atual proprietário ao anterior.
"88. O que é a ""prescrição"" aquisitiva (usucapião)?";É a forma de adquirir a propriedade pela posse contínua pelo prazo legal.
"89. O que é a ""prescrição"" extintiva?";É a perda do direito de ação pela inércia do titular durante certo prazo.
90. Qual a diferença entre prescrição e decadência?;"Prescrição atinge a pretensão (ação); decadência atinge o direito potestativo (direito em si)."
"91. O que é a ""menoridade relativa"" para fins de capacidade civil?";A idade entre 16 e 18 anos, onde o ato é anulável se sem assistência.
"92. O que é a ""menoridade absoluta""?";Menor de 16 anos, cujos atos são nulos.
"93. O que é o ""poder familiar"" (antigo pátrio poder)?";É o conjunto de direitos e deveres dos pais em relação aos filhos menores.
"94. O que é a ""tutela"" de menores?";É a administração de bens e a representação de menores órfãos ou sem poder familiar.
"95. O que é o ""curador especial""?";É nomeado para representar ou assistir incapazes em certos atos, ou para litígios com seus representantes.
"96. O que é a ""ausência"" no direito civil?";É o estado da pessoa que desaparece do seu domicílio sem deixar notícias, nomeando-se curador.
97. Qual o prazo para declaração de ausência?;Um ano de desaparecimento ou três meses, se houver representante judicial.
"98. O que é a ""herança jacente""?";É a herança de quem morre sem deixar testamento nem herdeiros conhecidos, que fica sob curatela.
"99. O que é a ""herança vacante""?";Após declarada a jacência, a herança é declarada vacante e passa ao domínio público.
100. Qual a regra geral sobre a personalidade das pessoas jurídicas no direito internacional?;Cada Estado reconhece a personalidade conforme sua lei de constituição (teoria da sede ou da incorporação, a depender do país).
;
;
 O que é uma Constituição?;É a lei fundamental e suprema de um Estado, que organiza o poder político e estabelece os direitos e garantias fundamentais.
2. Qual a diferença entre Constituição em sentido formal e material?;Formal: todo texto aprovado pelo processo legislativo constitucional. Material: conjunto de normas que tratam da estrutura do Estado e direitos fundamentais, estejam ou não na Constituição.
3. O que é o sentido sociológico de Constituição (Ferdinand Lassalle)?;"É a soma dos fatores reais de poder que vigoram na sociedade; a Constituição escrita é mera ""folha de papel"" se não refletir esses fatores."
4. O que é o sentido político de Constituição (Carl Schmitt)?;É a decisão política fundamental do titular do poder constituinte sobre a forma e estrutura do Estado.
5. O que é o sentido jurídico de Constituição (Hans Kelsen)?;É a norma jurídica pura, fundamento de validade de todo o ordenamento, e que se impõe como dever-ser.
6. Quais são as classificações doutrinárias quanto ao conteúdo?;Constituição material e formal.
7. Quais são as classificações quanto à forma?;Constituição escrita (codificada) e costumeira (não escrita, baseada em tradições).
8. Quais são as classificações quanto à origem?;Promulgada (democrática, elaborada por Assembleia Constituinte), Outorgada (imposta pelo governante) e Cesarista (imposta, mas submetida a plebiscito).
9. Quais são as classificações quanto à estabilidade (ou mutabilidade)?;Rígida (alteração por processo solene), Flexível (alteração pelo mesmo processo da lei comum) e Semirrígida (parte rígida, parte flexível).
10. Quais são as classificações quanto à extensão (ou sistematização)?;Sintética (breve, apenas princípios) e Analítica (extensa, detalhista).
11. O que é uma Constituição dogmática?;É aquela elaborada com base em ideias e princípios pré-definidos (dogmas), típica dos Estados modernos.
12. O que é uma Constituição histórica?;É aquela formada lentamente por costumes e tradições, sem um ato fundador único (ex: Constituição inglesa).
13. O que é o poder constituinte?;É a vontade política que cria, modifica ou extingue uma Constituição.
14. Qual a diferença entre poder constituinte originário e derivado?;Originário: cria a primeira Constituição, é inicial, ilimitado e incondicionado. Derivado: reforma a Constituição (revisão ou emenda), é limitado.
15. O poder constituinte originário é jurídico ou político?;É político (pré-jurídico), pois não está submetido a normas pré-existentes.
16. O que é o poder constituinte derivado reformador?;É a competência para alterar a Constituição por meio de emendas, respeitando limites formais e materiais.
17. O que é o poder constituinte derivado decorrente?;É a competência dos Estados-membros para elaborarem suas próprias Constituições estaduais, observando a Constituição Federal.
18. O que são cláusulas pétreas?;São limitações materiais ao poder de reforma, que não podem ser abolidas por emenda (art. 60, §4º, CF).
19. Quais são as cláusulas pétreas da CF/88?;"Forma federativa de Estado; voto direto, secreto, universal e periódico; separação dos Poderes; direitos e garantias individuais."
20. O que significa o primado (ou supremacia) da Constituição?;É a ideia de que a Constituição é a norma suprema do ordenamento jurídico, e todas as demais normas devem com ela se compatibilizar.
21. Qual a diferença entre supremacia formal e material da Constituição?;Formal: é a mais alta hierarquia normativa. Material: trata de questões fundamentais da vida do Estado.
22. O que é o princípio da constitucionalidade?;É o princípio pelo qual todas as leis e atos normativos devem estar em conformidade com a Constituição.
23. O que é o controle de constitucionalidade?;É o mecanismo de verificação da compatibilidade das normas infraconstitucionais com a Constituição.
24. Quais são os dois grandes modelos de controle de constitucionalidade?;Controle difuso (judicial review, de origem americana) e controle concentrado (de origem austríaca).
25. O que é o controle difuso de constitucionalidade?;Qualquer juiz ou tribunal pode declarar a inconstitucionalidade de uma lei no caso concreto (incidental).
26. Quem criou o controle difuso?;O Juiz Marshall, no caso Marbury v. Madison (1803, EUA).
27. O que é o controle concentrado (abstrato)?;É a ação direta proposta perante um tribunal superior (no Brasil, o STF) para declarar a inconstitucionalidade da lei em tese.
28. Qual o principal Tribunal para o controle concentrado no Brasil?;O Supremo Tribunal Federal (STF).
29. Quais são as principais ações de controle concentrado no Brasil?;ADI (Ação Direta de Inconstitucionalidade), ADC (Ação Declaratória de Constitucionalidade) e ADPF (Arguição de Descumprimento de Preceito Fundamental).
30. Qual a diferença entre controle preventivo e controle repressivo?;Preventivo: ocorre antes da lei entrar em vigor (ex: veto do Presidente). Repressivo: ocorre depois da lei em vigor (judicial ou legislativo).
31. O controle preventivo no Brasil é feito por qual Poder?;Pelo Executivo (veto jurídico) e pelo Legislativo (Comissão de Constituição e Justiça).
32. O controle repressivo é exercido por qual Poder?;Pelo Judiciário (via de regra) e, excepcionalmente, pelo Legislativo (sustação de atos).
33. O que é a inconstitucionalidade formal?;É o vício no processo de formação da norma (competência, quórum, procedimento).
34. O que é a inconstitucionalidade material?;É o vício no conteúdo da norma, que ofende preceito ou princípio constitucional.
35. O que é a inconstitucionalidade por omissão?;É a ausência de norma regulamentadora que inviabiliza a aplicação de preceito constitucional.
36. Qual o remédio para a inconstitucionalidade por omissão?;O mandado de injunção (individual) ou a ação direta de inconstitucionalidade por omissão (ADIO).
37. O que é a declaração de inconstitucionalidade com efeito ex tunc?;A decisão retroage à origem da lei, declarando-a nula desde seu nascimento.
38. O que é a declaração com efeito ex nunc?;A decisão vale apenas para o futuro, sem retroagir (excepcional, por razões de segurança jurídica).
39. O que é a modulação de efeitos da decisão de inconstitucionalidade?;É a possibilidade de o STF fixar efeitos prospectivos (ex nunc) para evitar grave lesão à segurança jurídica (art. 27 da Lei 9.868/99).
"40. O que é a ""reserva de plenário"" (cláusula de reserva de plenário)?";É a regra que exige decisão por maioria absoluta dos membros do tribunal para declarar a inconstitucionalidade de uma lei (art. 97, CF).
41. O que acontece se um juiz monocrático declarar a inconstitucionalidade de uma lei sem levar ao plenário?;A decisão será nula, pois viola a cláusula de reserva de plenário.
"42. O que é a ""interpretação conforme a Constituição""?";É uma técnica decisória que preserva a lei, atribuindo-lhe um sentido que a torne compatível com a Constituição, em vez de declará-la nula.
"43. O que é o ""princípio da presunção de constitucionalidade""?";É a ideia de que as leis são presumidamente válidas até prova em contrário.
"44. O que é o ""controle de constitucionalidade incidental"" (via de exceção)?";É aquele suscitado por uma parte em um processo concreto como defesa, sem ser o objeto principal da ação.
"45. O que é o ""controle principal"" (via de ação)?";É aquele em que a inconstitucionalidade é o pedido principal da ação (ADI, ADC, ADPF).
46. O STF pode declarar a inconstitucionalidade de emenda constitucional?;Sim, desde que a emenda viole cláusula pétrea ou o processo de emenda (art. 60).
47. A Constituição Federal pode ser violada por outra Constituição?;Não, pois é a norma suprema. Mas emendas podem ser inconstitucionais se violarem cláusulas pétreas.
48. O que é o controle de constitucionalidade estadual?;É a verificação das leis estaduais e municipais em face da Constituição Estadual, feita pelo TJ local.
"49. O que significa o ""primado da Constituição"" no plano internacional?";No Brasil, os tratados internacionais têm status de lei ordinária ou emenda (se aprovados como tal), mas a CF prevalece sobre eles (no âmbito interno).
"50. O que é a ""força normativa da Constituição"" (Konrad Hesse)?";É a ideia de que a Constituição não é apenas um documento político, mas uma norma jurídica com eficácia vinculante.
"51. O que são as ""normas constitucionais de eficácia plena""?";São aquelas que produzem todos os seus efeitos desde a promulgação, sem necessidade de regulamentação.
"52. O que são as ""normas constitucionais de eficácia contida""?";Têm aplicação imediata, mas podem ter seu alcance restringido por outras normas (ex: direito de reunião).
"53. O que são as ""normas constitucionais de eficácia limitada""?";Dependem de regulamentação infraconstitucional para produzir efeitos (ex: direitos sociais).
"54. O que são as ""normas constitucionais programáticas""?";São um tipo de norma de eficácia limitada que estabelece programas a serem cumpridos pelo Estado (ex: saúde, educação).
55. Quem é o titular do poder constituinte originário?;O povo, como titular da soberania.
56. O poder constituinte derivado é ilimitado?;Não, é limitado expressa e implicitamente (cláusulas pétreas e procedimentos).
"57. O que é a ""mutação constitucional""?";É a alteração do sentido da Constituição sem mudança do texto, por meio da interpretação (ex: novos entendimentos dos tribunais).
58. Qual a diferença entre mutação e reforma constitucional?;"Mutação é informal (interpretação); reforma é formal (emenda)."
"59. O que é o ""princípio da unidade da Constituição""?";Exige que a Constituição seja interpretada como um todo harmônico, evitando contradições internas.
"60. O que é o ""princípio da concordância prática"" (ou harmonização)?";Quando há conflito entre bens constitucionais, deve-se buscar uma solução que preserve o máximo de ambos.
"61. O que é a ""proporcionalidade"" no controle de constitucionalidade?";É a exigência de que a lei seja adequada, necessária e proporcional em sentido estrito para restringir direitos.
"62. O que é a ""razoabilidade""?";É a exigência de que a interpretação da lei seja lógica, coerente e sensata, evitando arbítrio.
"63. O que são os ""direitos fundamentais"" como limite material à reforma?";São cláusulas pétreas, não podendo ser abolidos nem reduzidos em sua essência.
"64. O que é a ""dupla revisão"" no controle de constitucionalidade?";Ocorre quando o STF analisa a lei federal em face da CF, e o TJ analisa a lei estadual em face da CE.
"65. O que é a ""inconstitucionalidade progressiva""?";É a que ocorre com o passar do tempo, por mudança da realidade social, mesmo que a lei não mude.
"66. O que é o controle de constitucionalidade por ""via de arguição de descumprimento de preceito fundamental"" (ADPF)?";É uma ação residual para proteger preceito fundamental quando não couber ADI ou ADC.
67. Quem pode propor ADI no Brasil?;Presidentes da República, Mesa do Senado, Mesa da Câmara, Governadores, PGR, OAB, partidos políticos, confederações sindicais.
68. A ADI tem efeito vinculante?;Sim, as decisões do STF em ADI têm efeito vinculante e erga omnes.
"69. O que é a ""declaração de inconstitucionalidade sem redução de texto""?";O STF declara que determinada interpretação da lei é inconstitucional, mas mantém o texto.
"70. O que é o ""controle de constitucionalidade abstrato de normas municipais""?";Não cabe ADI contra lei municipal, mas pode ser feito pela via incidental ou por ADPF.
71. As leis anteriores à Constituição de 1988 podem ser controladas?;Sim, pelo critério da recepção: são compatíveis ou não com a nova CF.
"72. O que é o fenômeno da ""recepção"" de leis pré-constitucionais?";A lei anterior é recepcionada pela nova CF se for materialmente compatível com ela.
"73. O que é a ""não-recepção""?";Ocorre quando a lei pré-constitucional é incompatível com a nova CF, sendo revogada por esta.
"74. O que é a ""desconstitucionalização""?";É a transformação de normas constitucionais anteriores em normas infraconstitucionais na nova ordem (não adotada no Brasil).
"75. O que é o ""amici curiae"" no controle concentrado?";É a participação de terceiros (pessoas ou instituições) como colaboradores no julgamento da ADI.
"76. O que é a ""cautelar"" em ADI?";É a medida liminar que suspende a eficácia da lei até o julgamento final do mérito.
77. Quais são os legitimados para a ADPF?;Os mesmos da ADI (art. 103, CF).
"78. O que é a ""inconstitucionalidade reflexa""?";É a violação indireta da CF, via ofensa a norma infraconstitucional que a regulamenta. Não é admitida em ADI.
"79. O que é a ""inconstitucionalidade por arrastamento""?";Ocorre quando a invalidação de uma norma central arrasta outras normas dependentes, por íntima conexão.
"80. O que é o ""controle concreto"" e ""controle abstrato"" no Brasil?";Concreto: incidental, difuso. Abstrato: concentrado, via de ação.
"81. O que é o ""princípio da separação dos poderes"" em relação ao controle?";O Judiciário é o guardião da CF, mas deve respeitar a autonomia dos outros Poderes.
82. O STF pode controlar as emendas constitucionais?;Sim, quanto aos limites formais (procedimento) e materiais (cláusulas pétreas).
"83. O que é o ""controle de constitucionalidade das Medidas Provisórias""?";Pode ser feito via ADI, pois têm força de lei.
"84. O que é a ""súmula vinculante"" no STF?";É um enunciado aprovado por 2/3 dos membros do STF, com efeito vinculante para toda a administração pública e judiciário.
85. A súmula vinculante pode declarar inconstitucionalidade?;Sim, de forma geral, mas não substitui a ADI em abstrato.
"86. O que é o ""controle de constitucionalidade estadual por ação direta""?";É a representação de inconstitucionalidade de lei municipal ou estadual em face da CE, julgada pelo TJ.
"87. O que é o ""juízo de constitucionalidade"" de um projeto de lei?";É a análise prévia pela Comissão de Constituição e Justiça (CCJ).
"88. O que é a ""inconstitucionalidade originária""?";É a que a lei já nasce com o vício (ex: falta de competência).
"89. O que é a ""inconstitucionalidade superveniente""?";Ocorre quando uma lei válida se torna inconstitucional por alteração da CF (ex: emenda).
90. O STF conhece de ADI contra lei municipal?;Não, salvo se a lei municipal ofender a CF diretamente (via ADPF).
"91. O que é a ""reserva de lei complementar"" no controle?";"Algumas matérias só podem ser tratadas por lei complementar; a lei ordinária que invadir é inconstitucional."
"92. O que é o ""controle repressivo"" feito pelo Legislativo?";O Congresso pode sustar atos normativos do Executivo que exorbitem o poder regulamentar (art. 49, V, CF).
"93. O que é a ""fiscalização abstrata de constitucionalidade"" pelos Tribunais de Contas?";Não fazem controle de constitucionalidade, apenas fiscalizam a legalidade de atos administrativos.
"94. O que é a ""inconstitucionalidade formal orgânica""?";Ocorre quando a norma é editada por órgão incompetente.
"95. O que é a ""inconstitucionalidade formal propriamente dita""?";Ocorre por vício no processo legislativo (ex: falta de quórum).
"96. O que é a ""inconstitucionalidade material por violação de princípio""?";Ex: violação da isonomia, da liberdade de expressão, etc.
"97. O que é a ""teoria da transcendência dos motivos"" no controle?";Não é aplicada no controle de constitucionalidade, mas no controle administrativo.
"98. O que é a ""decisão interpretativa"" em ADI?";O STF declara a lei constitucional, mas com uma determinada interpretação (interpretação conforme).
99. Quem julga a inconstitucionalidade de tratado internacional no Brasil?;O STF, no controle concentrado ou difuso.
100. Qual a consequência da declaração de inconstitucionalidade de uma lei em ADI?;A lei é expurgada do ordenamento com efeito vinculante e erga omnes, salvo modulação de efeitos.
;
. Quais são os três elementos constitutivos do Estado?;Povo, Território e Governo soberano.
2. O que é o povo, como elemento do Estado?;É o conjunto de pessoas vinculadas ao Estado pelo vínculo jurídico-político da nacionalidade.
3. Qual a diferença entre povo e população?;"Povo é o conjunto de nacionais (com direitos políticos); população é o total de habitantes, incluindo estrangeiros."
4. O que é o território, como elemento do Estado?;É a base física (geográfica) sobre a qual o Estado exerce sua soberania (solo, subsolo, espaço aéreo e mar territorial).
5. O que é o governo, como elemento do Estado?;É o conjunto de instituições e órgãos que detêm o poder político e administrativo para conduzir o Estado.
6. O que é soberania?;É o poder supremo e independente do Estado, que não reconhece superioridade interna ou externa, salvo o direito internacional.
7. Quais são as duas faces da soberania?;Interna (supremacia sobre todos os entes no território) e externa (independência nas relações internacionais).
8. O que é a soberania popular?;É a doutrina que afirma que todo poder emana do povo, que o exerce por meio de representantes ou diretamente (art. 1º, parágrafo único, CF).
9. A soberania é absoluta ou limitada?;No mundo moderno, é relativizada pelo direito internacional e pelos tratados (ex: integração regional).
10. O que é a nacionalidade?;É o vínculo jurídico-político que liga um indivíduo a um Estado, gerando direitos e deveres recíprocos.
11. Quais são os critérios de atribuição da nacionalidade originária?;Jus soli (critério territorial) e jus sanguinis (critério sanguíneo).
12. O Brasil adota qual critério predominante para nacionalidade originária?;Jus solis temperado (nascido no Brasil, salvo exceções de filho de estrangeiros a serviço de seu país).
13. O que é nacionalidade derivada (naturalização)?;É a aquisição da nacionalidade por ato de vontade do estrangeiro, após certos requisitos legais.
14. Qual a diferença entre soberania e autonomia?;"Soberania é atributo do Estado; autonomia é a capacidade de autoadministração de entes subnacionais (estados, municípios)."
15. Quais são as formas de Estado?;Estado Unitário e Estado Federal (a Confederação é uma forma de associação, não um Estado).
16. O que é o Estado Unitário?;É aquele que possui um único centro de poder político, com um só ordenamento jurídico e uma só administração, embora possa descentralizar.
17. O que é o Estado Federal?;É a união de entes autônomos (estados-membros) sob um governo central, com divisão de competências e autonomia constitucional.
18. Qual a diferença entre Federação e Confederação?;"Confederação é uma união de Estados soberanos por tratado, com direito de secessão; Federação é um Estado soberano, com entes autônomos sem secessão."
19. O que é o Estado Regional (ou autonomista)?;É um modelo intermediário entre unitário e federal, com regiões autônomas, mas sem soberania (ex: Espanha, Itália).
20. O que é um Estado Simples?;Sinônimo de Estado Unitário, com um único centro de decisão política.
21. O que é um Estado Composto?;É aquele formado por várias entidades políticas autônomas (ex: Federação).
22. Quais são as formas de governo?;Monarquia e República (são critérios de chefia de Estado e sucessão).
23. O que é Monarquia?;A chefia do Estado é vitalícia e hereditária, com cargo ocupado por um monarca.
24. O que é República?;A chefia do Estado é eletiva, temporária e responsável.
25. Quais são os sistemas de governo?;Presidencialismo, Parlamentarismo e Semipresidencialismo (este último, um modelo misto).
26. O que é o Presidencialismo?;O Chefe de Estado (Presidente) também é Chefe de Governo, com independência entre Executivo e Legislativo.
27. O que é o Parlamentarismo?;O Chefe de Estado (Monarca ou Presidente) é distinto do Chefe de Governo (Primeiro-Ministro), que responde politicamente ao Parlamento.
28. O que é o Semipresidencialismo?;Um Presidente eleito pelo povo divide o poder executivo com um Primeiro-Ministro, que responde ao Parlamento (ex: França, Portugal).
29. Quais são as principais características do Presidencialismo americano?;Separação rígida de poderes, Presidente chefe de governo e estado, sem dissolução do parlamento.
30. Quais são as principais características do Parlamentarismo inglês (Westminster)?;Fusão entre Executivo e Legislativo, Primeiro-Ministro lidera o gabinete, responsabilidade política e possibilidade de dissolução.
"31. O que é o ""impeachment"" no Presidencialismo?";É o processo político-jurídico de destituição do Presidente por crime de responsabilidade.
"32. O que é o ""voto de censura"" no Parlamentarismo?";É o instrumento pelo qual o Parlamento pode retirar a confiança do Primeiro-Ministro, forçando sua demissão.
"33. O que é a ""dissolução do Parlamento"" no Parlamentarismo?";É a convocação de novas eleições pelo Chefe de Estado, geralmente a pedido do Primeiro-Ministro.
34. O Brasil adota qual sistema de governo?;Presidencialismo (desde 1988, confirmado pelo plebiscito de 1993).
35. O que é o regime de governo?;É a relação entre o poder e a liberdade, classificando-se em Democracia, Autoritarismo e Totalitarismo.
36. O que é Democracia?;É o regime em que o poder emana do povo e é exercido em seu benefício, com garantia de direitos políticos e liberdades.
37. O que é Democracia Direta?;O povo delibera diretamente sobre as decisões políticas (ex: plebiscito, referendo).
38. O que é Democracia Representativa (Indireta)?;O povo elege representantes para tomar decisões em seu nome.
39. O que é Democracia Participativa?;Combina a representação com mecanismos de participação popular (ex: orçamento participativo, audiências públicas).
40. Qual a diferença entre plebiscito e referendo?;"Plebiscito é convocado antes da criação da norma; referendo é convocado após a criação da norma, para ratificação."
41. O que é o princípio da separação dos Poderes?;É a divisão das funções estatais em Legislativo, Executivo e Judiciário, para evitar o abuso de poder (Montesquieu).
42. O que é o sistema de freios e contrapesos (checks and balances)?;É o mecanismo de controle recíproco entre os Poderes, para equilibrar as funções (ex: veto presidencial, controle judicial).
"43. O que é a ""divisão de competências"" no Estado Federal?";É a repartição constitucional de poderes entre a União, os Estados-membros e os Municípios.
44. Quais são os modelos de divisão de competências?;Competência enumerada (típica dos EUA) e competência residual (típica dos estados-membros).
45. O que é competência enumerada (expressa)?;"A Constituição lista expressamente as competências da União; as não listadas ficam com os Estados."
46. O que é competência residual (reservada)?;"A Constituição lista as competências dos Estados; as não listadas são da União."
47. No Brasil, qual é o modelo predominante?;Misto: União tem competências enumeradas (art. 21 e 22), Estados têm competência residual (art. 25, §1º).
48. O que são competências exclusivas?;São atribuições indelegáveis e privativas de um ente (ex: relações exteriores é da União).
49. O que são competências privativas?;São atribuições que podem ser delegadas a outros entes (ex: organizar serviços de polícia).
50. O que são competências concorrentes?;São atribuições comuns a dois ou mais entes, com hierarquia de atuação (ex: legislação sobre direito ambiental).
51. O que são competências suplementares?;É a capacidade dos Estados e Municípios de complementar a legislação federal, no que couber.
52. O que são competências administrativas (ou materiais)?;São atribuições de execução de políticas públicas (ex: prestar serviços de saúde).
53. O que são competências legislativas?;São atribuições para criar normas jurídicas (ex: legislar sobre direito tributário).
54. Qual a diferença entre competência comum e competência concorrente no Brasil?;Comum (art. 23): administrativa (execução) de todos os entes. Concorrente (art. 24): legislativa, com a União fixando normas gerais.
55. O que é o princípio da predominância do interesse na divisão de competências?;A competência é definida com base no interesse predominante: nacional (União), regional (Estado) ou local (Município).
56. O que é a autonomia dos entes subnacionais em uma Federação?;É a capacidade de auto-organização, autogoverno, autoadministração e autolegislação.
57. Quais são os elementos da autonomia federativa?;Organização própria (Constituição Estadual ou Lei Orgânica), eleição de governantes, capacidade de arrecadar tributos e administrar serviços.
58. O que é a intervenção federal?;É a exceção à autonomia, em que a União intervém nos Estados para manter a integridade nacional ou a ordem (art. 34, CF).
59. O que é a intervenção estadual?;É a intervenção do Estado nos Municípios ou na sua própria administração, em casos previstos na Constituição Estadual.
"60. O que é o ""federalismo de equilíbrio"" (cooperativo)?";É aquele em que a União e os Estados colaboram mutuamente, com repartição de rendas e programas conjuntos.
"61. O que é o ""federalismo dual"" (clássico)?";É aquele com separação rígida de competências, sem colaboração (ex: EUA no início).
62. O Brasil adota o federalismo centrífugo ou centrípeto?;Adota um federalismo centrípeto (de concentração), com forte presença da União, mas com descentralização prevista.
"63. O que são as ""regiões metropolitanas""?";São agrupamentos de municípios com integração de serviços e planejamento, criados por lei complementar estadual.
64. O Município é ente federativo no Brasil?;Sim, desde a CF/88, os Municípios são entes autônomos (mas não soberanos).
65. Qual a diferença entre Estado Federal e Estado Unitário descentralizado?;"No Federal, os entes têm autonomia constitucional; no Unitário, a descentralização é apenas administrativa."
"66. O que é o ""princípio da subsidiariedade"" no federalismo?";É a ideia de que as decisões devem ser tomadas no nível mais próximo possível do cidadão (local), salvo se o nível superior for mais eficiente.
"67. O que é a ""secessão"" em uma Federação?";É a separação de um ente federado do Estado central, via de regra proibida (direito de autodeterminação não inclui secessão).
"68. O que é a ""soberania externa"" do Estado?";É a capacidade de atuar no plano internacional como pessoa de direito internacional, com igualdade formal.
"69. O que é a ""soberania interna"" do Estado?";É o poder de ditar normas e coercitivamente impô-las dentro de seu território.
70. O Estado pode ser limitado por tratados internacionais?;"Sim, desde que respeitados os procedimentos constitucionais, a soberania pode ser ""compartilhada"" (ex: Mercosul, ONU)."
"71. O que é o ""Estado de Direito""?";É aquele em que todos (incluindo o Estado) estão submetidos ao império da lei, com garantia de direitos fundamentais.
"72. O que é o ""Estado Democrático de Direito""?";É o Estado de Direito que adiciona a participação popular e a justiça social, com dignidade da pessoa humana.
"73. O que é o ""Estado Social"" (ou Estado do Bem-Estar)?";É aquele que assume a função de garantir o bem-estar social, com políticas de educação, saúde, previdência.
"74. O que é o ""Estado Liberal""?";É o Estado mínimo, que não intervém na economia e garante apenas a ordem e a segurança (século XIX).
"75. O que é o ""Estado Neoliberal""?";É uma reformulação do liberalismo, com redução do Estado, privatizações e desregulamentação (século XX/XXI).
76. Qual a diferença entre regime monárquico e republicano?;"Monarquia: vitaliciedade e hereditariedade; República: temporariedade e eletividade."
"77. O que é a ""forma de Estado"" e a ""forma de governo""?";Forma de Estado: organização territorial (unitário/federal). Forma de governo: relação entre governante e governado (monarquia/república).
"78. O que é o ""sistema de governo""?";É a relação entre os Poderes Executivo e Legislativo (presidencialismo, parlamentarismo, etc.).
79. No Presidencialismo, quem é o Chefe de Governo?;O próprio Presidente da República.
80. No Parlamentarismo, quem é o Chefe de Estado?;O Monarca ou o Presidente (com funções cerimoniais).
81. No Parlamentarismo, quem é o Chefe de Governo?;O Primeiro-Ministro ou Chanceler.
"82. O que é o ""governo de gabinete""?";É o sistema parlamentarista em que o gabinete (ministros) é formado pelos líderes do partido majoritário no Parlamento.
"83. O que é o ""presidencialismo de coalizão""?";É a prática brasileira em que o Presidente forma alianças partidárias para obter maioria no Congresso e governar.
84. Qual a principal vantagem do Parlamentarismo?;A flexibilidade para trocar o governo sem crises institucionais (voto de censura).
85. Qual a principal vantagem do Presidencialismo?;A estabilidade do mandato fixo do Presidente, com clara separação de poderes.
"86. O que é o ""impeachment"" no Brasil?";É a perda do cargo por crime de responsabilidade, julgado pelo Senado Federal (art. 52, CF).
"87. O que são os ""partidos políticos"" no sistema de governo?";São organizações que articulam a representação popular e competem pelo poder político.
"88. O que é o ""sistema pluripartidário""?";É aquele com múltiplos partidos políticos (ex: Brasil).
"89. O que é o ""sistema bipartidário""?";É aquele com dois partidos dominantes (ex: EUA).
"90. O que é o ""Estado confederado""?";É uma associação de Estados soberanos, com um órgão comum, mas sem um governo central soberano.
91. A Confederação é um Estado?;Não, é uma associação de Estados, sem soberania própria.
"92. O que é o ""princípio da integridade territorial"" no federalismo?";É a regra de que o território do Estado federal é indivisível, vedando a secessão.
"93. O que são os ""territórios federais"" no Brasil?";São divisões administrativas da União em regiões estratégicas, sem autonomia (ex: Fernando de Noronha).
"94. O que é a ""competência residual"" dos Estados no Brasil?";Os Estados podem legislar sobre matérias que não sejam de competência da União ou dos Municípios (art. 25, §1º).
"95. O que é a ""competência comum"" no Brasil (art. 23)?";É a competência administrativa de todos os entes para cuidar de saúde, assistência, educação, etc.
"96. O que é a ""competência concorrente"" no Brasil (art. 24)?";É a competência legislativa em que a União fixa normas gerais e os Estados fixam normas específicas.
"97. O que é o ""federalismo assimétrico""?";É aquele em que os entes federados não têm as mesmas competências ou tratamento (ex: EUA tem estados com diferentes tamanhos e leis).
"98. O que é o ""princípio da igualdade dos entes federados""?";No plano jurídico, todos os estados-membros têm os mesmos direitos e deveres, independentemente do tamanho.
"99. O que é a ""autonomia financeira"" dos entes subnacionais?";É a capacidade de arrecadar impostos próprios e gerir suas finanças, prevista na CF.
100. Qual a relação entre soberania e federação?;"A soberania é do Estado Federal (União); os entes federados são autônomos, mas não soberanos."
;
;
O que é o Estado Democrático de Direito?;É o modelo de Estado que concilia o império da lei (Estado de Direito) com a participação popular e a justiça social (Democracia).
2. Qual o fundamento jurídico do Estado Democrático de Direito no Brasil?;O art. 1º da Constituição Federal de 1988, que o consagra como princípio fundamental.
3. Quais são os fundamentos do Estado Democrático de Direito no Brasil (art. 1º)?;Soberania, cidadania, dignidade da pessoa humana, valores sociais do trabalho e da livre iniciativa, e pluralismo político.
4. O que é a dignidade da pessoa humana?;É o valor-fonte de todos os direitos fundamentais, que impõe que a pessoa seja tratada como fim em si mesma, nunca como objeto.
5. Qual a diferença entre Estado de Direito e Estado Democrático de Direito?;"O Estado de Direito exige a legalidade; o Democrático de Direito exige legalidade + legitimidade (participação popular) + justiça social."
6. Quais são os objetivos fundamentais da República Federativa do Brasil (art. 3º)?;"Construir uma sociedade livre, justa e solidária; garantir o desenvolvimento nacional; erradicar a pobreza e a marginalização; reduzir as desigualdades; promover o bem de todos."
7. O que é o princípio da legalidade no Estado Democrático de Direito?;É o princípio pelo qual ninguém é obrigado a fazer ou deixar de fazer senão em virtude de lei (art. 5º, II, CF).
8. O que é o princípio da moralidade administrativa?;Exige que a atuação do Estado seja pautada pela ética, probidade e boa-fé, não bastando a mera legalidade.
9. O que é o princípio da publicidade?;É a regra de que os atos públicos devem ser divulgados e transparentes, salvo sigilo por segurança nacional.
10. O que é o princípio da eficiência na Administração Pública?;Exige que a atuação estatal produza resultados com qualidade, celeridade e economicidade.
11. O que é o princípio da separação dos Poderes?;É a divisão das funções estatais em Legislativo, Executivo e Judiciário, para evitar a concentração e o abuso de poder (art. 2º, CF).
12. Quem foi o teórico clássico da separação dos poderes?;"Montesquieu, em ""O Espírito das Leis"" (1748)."
13. Qual a função típica do Poder Legislativo?;Legislar (criar leis) e fiscalizar (controlar os atos do Executivo).
14. Qual a função típica do Poder Executivo?;Administrar e executar as leis, governar o Estado.
15. Qual a função típica do Poder Judiciário?;Julgar (aplicar a lei aos casos concretos, dirimindo conflitos).
16. O que são funções atípicas dos Poderes?;São funções secundárias que um Poder exerce, além da sua típica (ex: Legislativo julga (impeachment), Executivo legisla (MPs), Judiciário administra).
17. O que é o sistema de freios e contrapesos (checks and balances)?;É o mecanismo de controle recíproco entre os Poderes para equilibrá-los (ex: veto, sanção, controle judicial).
18. Qual o órgão que exerce o Poder Legislativo no Brasil?;O Congresso Nacional, composto pela Câmara dos Deputados e pelo Senado Federal.
19. Qual a composição da Câmara dos Deputados?;Deputados federais eleitos pelo sistema proporcional, conforme a população de cada Estado.
20. Qual a composição do Senado Federal?;Três senadores por Estado e pelo DF, eleitos pelo sistema majoritário, com mandato de 8 anos.
21. Qual o papel da Câmara dos Deputados na crise institucional?;Autorizar a instauração de processo contra o Presidente (art. 51, I, CF).
22. Qual o papel do Senado Federal no impeachment?;Julgar o Presidente da República nos crimes de responsabilidade (art. 52, CF).
23. Quem exerce o Poder Executivo no Brasil?;O Presidente da República, auxiliado pelos Ministros de Estado.
24. Qual o mandato do Presidente da República no Brasil?;4 anos, com possibilidade de uma reeleição (art. 14, §5º, CF).
25. Quais são os requisitos para ser Presidente da República?;Brasileiro nato, maior de 35 anos, pleno gozo dos direitos políticos, filiação partidária, domicílio eleitoral.
26. Quais são os órgãos do Poder Executivo Federal?;Presidência da República, Ministérios, Conselhos e Autarquias.
27. Quem exerce o Poder Judiciário no Brasil?;O Supremo Tribunal Federal (STF), o CNJ, e os demais tribunais e juízes.
28. Quais são as garantias dos magistrados?;Vitaliciedade (após 2 anos), inamovibilidade e irredutibilidade de subsídios.
29. O que é o Conselho Nacional de Justiça (CNJ)?;É o órgão de controle interno do Judiciário, que fiscaliza a atuação administrativa e financeira dos juízes.
30. O que é o princípio da indelegabilidade de funções entre os Poderes?;Cada Poder não pode delegar suas funções típicas a outro, salvo exceções constitucionais.
"31. O que é a ""reserva de lei"" no Estado Democrático de Direito?";É a exigência de que certas matérias sejam reguladas exclusivamente por lei formal (ex: criação de tributos).
32. O que é o princípio da separação de poderes e a eficiência?;"A separação não é absoluta; os Poderes devem cooperar para a boa gestão pública."
"33. O que é a ""soberania popular"" no Estado Democrático?";O poder emana do povo, que o exerce por representantes ou diretamente (art. 1º, parágrafo único).
34. Quais são os instrumentos de democracia direta no Brasil?;Plebiscito, referendo e iniciativa popular de lei (art. 14, CF).
35. O que é a iniciativa popular de lei?;É a apresentação de projeto de lei por cidadãos, mediante assinatura de no mínimo 1% do eleitorado nacional.
36. Qual a diferença entre democracia representativa e democracia participativa?;"Representativa: elege representantes; Participativa: inclui mecanismos de consulta e controle social (orçamento, audiências)."
"37. O que é o ""princípio da isonomia"" no Estado Democrático?";Todos são iguais perante a lei, sem distinção de qualquer natureza (art. 5º, caput).
"38. O que é o ""princípio da vedação do retrocesso""?";É a ideia de que os direitos sociais e fundamentais não podem ser reduzidos ou suprimidos.
"39. O que é o ""princípio da proteção da confiança""?";Os cidadãos devem poder confiar na estabilidade das decisões e normas do Estado.
"40. O que é o ""princípio da segurança jurídica""?";Garante que as relações jurídicas sejam estáveis e previsíveis, protegendo o direito adquirido, o ato jurídico perfeito e a coisa julgada.
"41. O que é o ""devido processo legal"" (due process of law)?";Garantia de que ninguém será privado de liberdade ou bens sem um processo legal, justo e com ampla defesa (art. 5º, LIV).
"42. O que é a ""ampla defesa"" e o ""contraditório""?";São garantias processuais que asseguram às partes o direito de se manifestar e apresentar recursos.
"43. O que é o ""princípio da razoabilidade""?";Exige que as decisões estatais sejam proporcionais, adequadas e coerentes com os fins.
"44. O que é o ""princípio da proporcionalidade""?";É dividido em: adequação (meio apto), necessidade (menos gravoso) e proporcionalidade em sentido estrito (custo-benefício).
"45. O que é o ""princípio da boa-fé"" na administração pública?";Exige que a atuação do Estado seja leal, transparente e confiável em relação ao cidadão.
"46. O que são os ""direitos fundamentais"" no Estado Democrático?";São os direitos essenciais à pessoa humana, classificados em individuais, coletivos, sociais, políticos e difusos.
47. Os direitos fundamentais têm aplicação imediata?;"Sim, conforme o art. 5º, §1º, da CF (""aplicabilidade imediata"")."
"48. O que é o ""controle de constitucionalidade"" em relação à divisão de poderes?";É a função do Judiciário de verificar se as leis (do Legislativo) e os atos (do Executivo) estão em conformidade com a CF.
49. O STF pode declarar inconstitucionalidade de emenda?;Sim, se violar cláusula pétrea ou o processo de emenda.
"50. O que é a ""cláusula de reserva de plenário"" (art. 97)?";Exige que a declaração de inconstitucionalidade seja feita pelo plenário do tribunal, por maioria absoluta.
"51. O que é o ""princípio da separação dos poderes"" no federalismo?";A divisão de poderes é vertical (União/Estados) e horizontal (Legislativo/Executivo/Judiciário).
52. Quem fiscaliza a execução orçamentária no Brasil?;O Congresso Nacional, com auxílio do Tribunal de Contas da União (TCU).
53. Qual a função do Tribunal de Contas da União (TCU)?;Fiscalizar as contas e a gestão financeira da União, emitindo pareceres e julgando contas de administradores.
54. O TCU é um órgão do Poder Judiciário?;Não, é um órgão auxiliar do Poder Legislativo, com funções administrativas e jurisdicionais.
"55. O que é o ""orçamento participativo""?";É um mecanismo de democracia participativa em que a população decide parte das prioridades do orçamento municipal/estadual.
"56. O que é o ""princípio da anualidade orçamentária""?";O orçamento deve ser aprovado anualmente (Lei Orçamentária Anual - LOA).
57. Quais são as 3 leis orçamentárias principais no Brasil?;PPA (Plano Plurianual), LDO (Lei de Diretrizes Orçamentárias) e LOA (Lei Orçamentária Anual).
"58. O que é a ""responsabilidade fiscal"" no Estado Democrático?";É a obrigação dos gestores de manter as contas públicas equilibradas (Lei de Responsabilidade Fiscal - LRF).
"59. O que é o ""impeachment"" no Brasil?";É o processo de perda do cargo do Presidente, por crime de responsabilidade, julgado pelo Senado Federal.
60. Quais são os crimes de responsabilidade do Presidente?;Atentar contra a CF, a segurança interna, a probidade, a lei orçamentária, etc. (Lei 1.079/50).
"61. O que é a ""Comissão Parlamentar de Inquérito"" (CPI)?";É uma comissão temporária do Legislativo para investigar fato determinado, com poderes de autoridade judiciária.
62. Qual a diferença entre CPI e CPMI?;"CPI é da Câmara ou do Senado; CPMI é mista (Câmara + Senado)."
"63. O que é o ""poder de polícia"" do Estado?";É a atividade administrativa de limitar ou condicionar direitos individuais em prol do interesse público (segurança, ordem, saúde).
"64. O que é o ""princípio da subsidiariedade"" no Estado Democrático?";O Estado deve atuar apenas quando a sociedade ou os níveis inferiores não conseguirem resolver.
"65. O que é a ""descentralização administrativa"" no Estado Democrático?";É a distribuição de funções para entes autônomos (estados, municípios) ou entidades (autarquias, fundações).
"66. O que é a ""desconcentração administrativa""?";É a distribuição interna de funções dentro de um mesmo ente (ex: divisão de ministérios).
"67. O que é o ""princípio da transparência pública""?";Exige que o Estado torne seus atos acessíveis, com prestação de contas (accountability) e acesso à informação.
"68. O que é a ""Lei de Acesso à Informação"" (LAI - Lei 12.527/11)?";É a lei que regula o direito constitucional de acesso a informações públicas.
"69. O que é a ""accountability"" no Estado Democrático?";É a obrigação dos agentes públicos de prestar contas de seus atos e serem responsabilizados por eles.
"70. O que é o ""mandado de segurança"" como garantia?";É o remédio constitucional para proteger direito líquido e certo, ameaçado ou violado por ato ilegal ou abusivo de autoridade.
"71. O que é o ""habeas corpus""?";É o remédio para proteger a liberdade de locomoção (direito de ir e vir).
"72. O que é o ""mandado de injunção""?";É o remédio para suprir a omissão do Poder Público na regulamentação de um direito fundamental.
"73. O que é a ""ação popular""?";É o instrumento de qualquer cidadão para anular ato lesivo ao patrimônio público ou à moralidade.
"74. O que é a ""ação civil pública""?";É a ação coletiva para defesa de interesses difusos, coletivos ou individuais homogêneos (ex: meio ambiente, consumidor).
75. Quem pode propor ação popular?;Qualquer cidadão (eleitor), independentemente de advogado, em alguns casos.
"76. O que é o ""Ministério Público"" no Estado Democrático?";É a instituição permanente, essencial à função jurisdicional, que defende a ordem jurídica e os direitos sociais e individuais.
77. O MP faz parte de qual Poder?;"Não faz parte de nenhum dos três Poderes; é uma instituição autônoma (função essencial à justiça)."
78. Quais são as funções do Ministério Público?;Fiscalizar a lei, propor ações penais, defender direitos coletivos, controlar a administração pública.
"79. O que é a ""advocacia pública""?";São as instituições que representam o Estado judicialmente (AGU, PGU, PGE, PGM).
"80. O que é a ""defensoria pública""?";É a instituição que presta assistência jurídica gratuita aos necessitados (art. 134, CF).
"81. Quem são os ""agentes políticos"" no Estado?";São os ocupantes de cargos de alta direção (Presidente, Ministros, Governadores, Deputados, Juízes).
"82. O que são os ""agentes administrativos""?";São os servidores públicos que exercem funções técnicas e burocráticas.
"83. O que é a ""improbidade administrativa""?";É a conduta desonesta de agente público, que atenta contra os princípios da administração, sujeita a sanções (Lei 8.429/92).
84. Qual o papel do Judiciário no controle dos demais Poderes?;Controlar a constitucionalidade e a legalidade dos atos do Legislativo e Executivo.
"85. O que é a ""reserva de jurisdição""?";É a exigência de que certas matérias (ex: prisão, busca domiciliar) só podem ser decididas pelo Judiciário.
"86. O que é o ""princípio do juiz natural""?";Ninguém será processado ou julgado senão pelo juiz ou tribunal competente e previamente estabelecido (art. 5º, LIII).
"87. O que é a ""coisa julgada"" no Judiciário?";É a imutabilidade da decisão judicial que não mais cabe recurso.
"88. O que é a ""súmula vinculante"" do STF?";É um enunciado que resume a jurisprudência do STF e é obrigatório para todos os órgãos do Judiciário e da administração.
"89. O STF tem função de ""guarda da Constituição""?";Sim, é o órgão máximo do Judiciário e guardião da Constituição Federal (art. 102, caput).
"90. O que é o ""controle externo"" do Legislativo sobre o Executivo?";É a fiscalização contábil, financeira e orçamentária, exercida pelo Congresso com auxílio do TCU (art. 70, CF).
"91. O que é a ""suspensão de ato normativo"" pelo Legislativo?";O Congresso pode sustar atos do Executivo que exorbitem o poder regulamentar (art. 49, V, CF).
"92. O que é a ""medida provisória"" no Brasil?";É um ato do Presidente com força de lei, em caso de relevância e urgência, que deve ser apreciado pelo Congresso em 60 dias.
93. A MP pode tratar de qualquer matéria?;Não, é vedada para matérias de competência exclusiva de lei complementar ou sobre direitos individuais (art. 62, §1º).
"94. O que é a ""delegação legislativa"" no Estado Democrático?";É a transferência de competência do Legislativo para o Executivo para editar leis delegadas (art. 68, CF).
"95. O que é o ""veto"" presidencial?";É a recusa do Presidente em sancionar um projeto de lei, que pode ser total ou parcial (art. 66, CF).
96. O veto pode ser derrubado?;Sim, por maioria absoluta dos membros do Congresso Nacional, em sessão conjunta.
"97. O que é a ""sanção"" presidencial?";É a concordância do Presidente com o projeto de lei, transformando-o em lei.
"98. O que é o ""princípio da separação de poderes"" em relação à nomeação de Ministros do STF?";O Presidente nomeia, mas o Senado aprova (controle recíproco).
"99. O que é o ""processo legislativo"" no Estado Democrático?";É o conjunto de atos para elaborar emendas, leis complementares, ordinárias, delegadas, MPs e decretos.
100. Qual a diferença entre soberania e divisão de poderes?;"Soberania é externa (relações internacionais); divisão de poderes é interna (organização do Estado)."
;
;
Quais são os três Poderes da República no Brasil?;O Legislativo, o Executivo e o Judiciário (art. 2º, CF).
2. O que estabelece o princípio da independência dos Poderes?;Cada Poder atua sem subordinação funcional ao outro, dentro de sua esfera de competência.
3. O que estabelece o princípio da harmonia entre os Poderes?;Os Poderes devem atuar de forma coordenada e colaborativa, evitando conflitos.
4. Quem exerce o Poder Legislativo em âmbito federal?;O Congresso Nacional, composto pela Câmara dos Deputados e pelo Senado Federal.
5. Qual a composição e o sistema de eleição da Câmara dos Deputados?;Composta por Deputados Federais (513), eleitos por sistema proporcional, com mandato de 4 anos.
6. Qual a composição e o sistema de eleição do Senado Federal?;Composto por Senadores (3 por Estado e DF), eleitos por sistema majoritário, com mandato de 8 anos (renovação de 2/3 e 1/3 alternadamente).
"7. O que é a ""bicameralidade"" no Brasil?";É o sistema de duas Casas Legislativas (Câmara e Senado) que atuam em conjunto e separadamente.
8. Qual a competência exclusiva da Câmara dos Deputados?;Autorizar a instauração de processo contra o Presidente, Vice e Ministros (art. 51, I, CF).
9. Qual a competência exclusiva do Senado Federal?;"Julgar o Presidente e o Vice nos crimes de responsabilidade; aprovar a escolha de Ministros do STF, PGR, etc. (art. 52, CF)."
10. Qual a competência privativa da Câmara dos Deputados?;"Elaborar o regimento interno; eleger sua Mesa; etc."
11. Qual a competência privativa do Senado Federal?;"Elaborar seu regimento; eleger sua Mesa; etc."
12. Quem exerce a direção dos trabalhos no Congresso Nacional?;O Presidente do Senado Federal (que é o Presidente do Congresso Nacional).
"13. O que é a ""Mesa Diretora"" do Congresso Nacional?";É a direção executiva das Casas, composta por Presidente, Vice-Presidentes, Secretários e Suplentes.
14. Quais são as funções típicas do Poder Legislativo?;Legislar (criar leis) e fiscalizar (controlar os atos do Executivo).
15. Quais são as funções atípicas do Poder Legislativo?;Julgar (ex: impeachment) e administrar (ex: gestão interna, licitações).
"16. O que é o ""processo legislativo""?";É o conjunto de atos para a elaboração de emendas constitucionais, leis complementares, ordinárias, delegadas, medidas provisórias e decretos.
17. Quem pode iniciar o processo legislativo (iniciativa)?;O Presidente, os Deputados, os Senadores, o STF, o MP, os cidadãos (iniciativa popular) e outros (art. 61, CF).
"18. O que é a ""iniciativa popular"" de lei?";Apresentação de projeto por 1% do eleitorado nacional, distribuído por 5 Estados.
19. Qual é o papel do Presidente da República no processo legislativo?;Sancionar, vetar ou promulgar a lei.
20. O que é a sanção presidencial?;É a concordância do Presidente com o projeto, que se torna lei.
21. O que é o veto presidencial?;É a discordância do Presidente, que pode ser total ou parcial (por inconstitucionalidade ou interesse público).
22. O veto pode ser derrubado?;Sim, pelo voto da maioria absoluta dos membros do Congresso Nacional, em sessão conjunta.
23. Qual o prazo para o Presidente sancionar ou vetar um projeto?;15 dias úteis.
24. Se o Presidente não sancionar nem vetar no prazo, o que ocorre?;O projeto é promulgado automaticamente (sanção tácita).
25. O que é uma Medida Provisória (MP)?;É ato normativo do Presidente com força de lei, em caso de relevância e urgência (art. 62, CF).
26. Qual o prazo de validade de uma MP?;60 dias, prorrogáveis uma vez por igual período (total de até 120 dias).
27. Se a MP não for apreciada no prazo, o que ocorre?;Perde a eficácia desde sua edição, devendo o Congresso regulamentar os efeitos.
28. A MP pode versar sobre qualquer matéria?;Não. É vedada para direitos individuais, matéria de lei complementar, etc. (art. 62, §1º).
29. O que é uma lei delegada?;É uma lei elaborada pelo Presidente, mediante delegação do Congresso (art. 68, CF).
30. Quem exerce o Poder Executivo em âmbito federal?;O Presidente da República, auxiliado pelos Ministros de Estado.
31. Quais são os requisitos para ser Presidente da República?;Brasileiro nato, maior de 35 anos, pleno gozo dos direitos políticos, filiação partidária, domicílio eleitoral.
32. Qual é o mandato do Presidente da República?;4 anos, com direito a uma reeleição consecutiva (art. 14, §5º, CF).
33. Quais são as funções típicas do Poder Executivo?;Governar, administrar e executar as leis.
34. Quais são as funções atípicas do Poder Executivo?;Legislar (ex: MPs) e julgar (ex: processos administrativos).
"35. O que é o ""Ministério de Estado""?";É o órgão auxiliar do Presidente, chefiado por um Ministro, com competência para executar políticas públicas.
36. Quais são as competências privativas do Presidente (art. 84, CF)?;"Nomear/exonerar Ministros; sancionar/vetar leis; decretar estado de defesa/ sítio; enviar projetos ao Congresso; etc."
"37. O que é o ""estado de defesa""?";É a medida excepcional para preservar a ordem pública, decretada pelo Presidente, por até 30 dias.
"38. O que é o ""estado de sítio""?";É a medida mais gravosa, para grave comoção ou guerra, decretada pelo Presidente, com autorização do Congresso.
39. Quem exerce o Poder Judiciário em âmbito federal?;O Supremo Tribunal Federal (STF), o CNJ, o STJ, os TRFs, os juízes federais e a Justiça do Trabalho, Eleitoral e Militar.
40. Quais são os órgãos do Poder Judiciário na CF?;STF, STJ, TRFs, TJs, e as Justiças Especializadas (art. 92, CF).
41. Qual a composição do Supremo Tribunal Federal (STF)?;11 Ministros, nomeados pelo Presidente e aprovados pelo Senado Federal.
42. Qual a idade mínima para ser Ministro do STF?;35 anos (e máxima de 65 anos para ingresso).
43. Quais são as funções típicas do Poder Judiciário?;Julgar (aplicar a lei aos casos concretos).
44. Quais são as funções atípicas do Poder Judiciário?;Legislar (ex: regimentos internos) e administrar (ex: gestão de pessoal).
45. Qual a competência do STF?;"Guardião da CF; julga ADI, ADC, ADPF, habeas corpus, mandado de segurança, e recursos extraordinários."
46. Qual a competência do Superior Tribunal de Justiça (STJ)?;"Uniformizar a interpretação da lei federal infraconstitucional; julga recurso especial."
47. Qual a competência dos Tribunais Regionais Federais (TRFs)?;Julgar causas contra a União, em segunda instância, e recursos de juízes federais.
48. O que é a Justiça Eleitoral?;É um ramo especializado do Judiciário, que organiza e julga questões eleitorais (TSE, TREs, juízes).
49. O que é a Justiça do Trabalho?;É o ramo que julga as relações trabalhistas (TST, TRTs, juízes do trabalho).
50. O que é a Justiça Militar?;Julga crimes militares definidos em lei (STM e Conselhos de Justiça).
51. O que é o Conselho Nacional de Justiça (CNJ)?;É o órgão de controle interno do Judiciário, com atribuições administrativas e disciplinares (art. 103-B).
52. Qual a competência do Conselho Nacional do Ministério Público (CNMP)?;É o órgão de controle do Ministério Público (art. 130-A).
53. O Ministério Público é um Poder?;"Não, é uma ""função essencial à justiça"", com autonomia, mas não integra nenhum dos três Poderes."
54. Quais são as garantias dos magistrados?;Vitaliciedade (após 2 anos), inamovibilidade e irredutibilidade de subsídios.
55. Quais são as garantias dos membros do MP?;Vitaliciedade, inamovibilidade e irredutibilidade de subsídios.
"56. O que é o ""quinto constitucional""?";É o preenchimento de 1/5 dos cargos dos TRFs e TJs por advogados ou membros do MP (art. 94, CF).
57. Quem nomeia os Ministros do STF?;O Presidente da República, após aprovação pelo Senado Federal (art. 101, CF).
58. Qual a diferença entre recurso extraordinário e recurso especial?;"RE é para o STF (matéria constitucional); REsp é para o STJ (matéria infraconstitucional federal)."
"59. O que é a ""súmula vinculante"" no STF?";É enunciado aprovado por 2/3 dos Ministros, com efeito vinculante para toda a administração e Judiciário.
60. Quem pode propor a edição de súmula vinculante?;Legitimados do art. 103 (Presidente, PGR, partidos, etc.).
"61. O que é o ""incidente de arguição de inconstitucionalidade""?";É o mecanismo de controle difuso levado ao plenário do tribunal.
"62. O que é a ""repercussão geral"" no recurso extraordinário?";É o requisito de que a questão constitucional tenha relevância social, econômica, política ou jurídica (art. 102, §3º).
63. Qual a competência do Presidente da República em matéria de relações exteriores?;Celebrar tratados, convenções e atos internacionais, sujeitos a referendo do Congresso (art. 84, VIII).
64. Os tratados internacionais dependem de aprovação do Congresso?;Sim, por decreto legislativo (art. 49, I, CF).
65. Qual o status dos tratados de direitos humanos no Brasil?;"Se aprovados com quórum de emenda (2/3), equivalem a emenda constitucional; senão, têm status de lei ordinária."
"66. O que é a ""Comissão de Constituição e Justiça"" (CCJ)?";É a comissão permanente que analisa a constitucionalidade dos projetos de lei.
67. Qual a competência do Tribunal de Contas da União (TCU)?;Fiscalizar as contas da União e julgar contas de administradores públicos (art. 71, CF).
68. O TCU é um órgão do Legislativo?;Sim, é órgão auxiliar do Congresso Nacional.
69. Quem são os membros do TCU?;9 Ministros, nomeados pelo Presidente com aprovação do Senado.
"70. O que é a ""Lei Orçamentária Anual"" (LOA)?";É a lei que estima a receita e fixa a despesa pública para o ano seguinte.
71. Quem elabora a proposta orçamentária?;O Poder Executivo (Presidente).
72. Quem aprecia e aprova o orçamento?;O Congresso Nacional.
"73. O que é o ""Plano Plurianual"" (PPA)?";É o planejamento de médio prazo (4 anos) do governo.
"74. O que é a ""Lei de Diretrizes Orçamentárias"" (LDO)?";Define as metas e prioridades para o ano, orientando a LOA.
"75. O que é a ""emenda parlamentar"" ao orçamento?";É a modificação proposta por Deputado ou Senador ao projeto de orçamento.
76. As emendas individuais ao orçamento são obrigatórias?;Sim, desde a EC 86/2015 (emendas impositivas).
"77. O que é o ""orçamento impositivo""?";É a obrigação de o Executivo executar as emendas parlamentares aprovadas.
78. Qual a competência do Congresso Nacional em matéria de impeachment?;A Câmara autoriza (por 2/3) e o Senado julga (presidido pelo Presidente do STF).
"79. O que é a ""Comissão Parlamentar de Inquérito"" (CPI)?";É a comissão temporária de investigação do Legislativo, com poderes de autoridade judiciária.
80. A CPI pode quebrar sigilo bancário?;Sim, com autorização judicial ou por decisão fundamentada da própria CPI.
81. Qual a competência do STF em matéria penal?;Julgar o Presidente, Vice, Ministros, Deputados, Senadores, etc., nos crimes comuns.
82. Qual a competência do STJ em matéria penal?;Julgar Governadores, Desembargadores, etc., nos crimes comuns.
"83. O que é o ""foro por prerrogativa de função"" (foro especial)?";É o direito de certas autoridades serem julgadas por tribunais superiores.
84. O foro por prerrogativa de função é absoluto?;Não, aplica-se apenas aos crimes cometidos no exercício do cargo.
"85. O que é a ""imunidade parlamentar""?";É a garantia de inviolabilidade dos Deputados e Senadores por suas opiniões, palavras e votos.
86. A imunidade parlamentar se estende a crimes comuns?;"A inviolabilidade civil e penal (em tese) é restrita a opiniões e votos; mas a prisão é regra restrita."
87. Os parlamentares podem ser presos em flagrante?;Sim, por crime inafiançável, mas a prisão deve ser comunicada à Casa.
"88. O que é a ""perda do mandato"" parlamentar?";Ocorre por condenação criminal transitada em julgado, ou por quebra de decoro.
89. Quem julga a perda do mandato de Deputado?;A própria Câmara dos Deputados, por voto aberto da maioria.
90. Quem julga a perda do mandato de Senador?;O Senado Federal.
"91. O que é o ""controle externo"" do Legislativo sobre o Executivo?";É a fiscalização contábil, orçamentária e financeira, com auxílio do TCU.
"92. O que é o ""controle político"" do Legislativo sobre o Executivo?";É a aprovação de MPs, sabatina de indicados, aprovação de orçamento, etc.
93. O Presidente da República pode dissolver o Congresso?;Não, o sistema presidencialista não admite dissolução.
94. O Congresso pode convocar Ministros para prestar informações?;Sim, via convocação (art. 50, CF), com sanção de crime de responsabilidade se não comparecerem.
"95. O que é o ""veto jurídico"" e o ""veto político""?";"Veto jurídico: por inconstitucionalidade; Veto político: por interesse público."
96. Os Ministros do STF têm limite de idade para permanência?;Sim, aposentadoria compulsória aos 75 anos (EC 122/2022).
"97. O que é o ""princípio da inamovibilidade"" do juiz?";O juiz não pode ser removido de sua comarca sem sua anuência, salvo interesse público.
"98. O que é o ""princípio da irredutibilidade de subsídios""?";Os subsídios dos juízes e membros do MP não podem ser reduzidos.
"99. O que é a ""autonomia administrativa"" do Judiciário?";É a capacidade de organizar seus serviços, concursos e orçamento, sem interferência externa.
100. Qual a relação entre a organização dos Poderes e a federação?;A organização é vertical (União/Estados/Municípios) e horizontal (Legislativo/Executivo/Judiciário), com competências próprias em cada nível.
;
;
O que é o processo legislativo?;É o conjunto de atos e procedimentos previstos na Constituição para a elaboração de normas jurídicas (emendas, leis, MPs, etc.).
2. Quais são as espécies normativas previstas no art. 59 da CF?;Emendas constitucionais, leis complementares, leis ordinárias, leis delegadas, medidas provisórias, decretos legislativos e resoluções.
3. Qual a diferença entre lei ordinária e lei complementar?;"A complementar exige quórum de maioria absoluta (art. 69) e trata de matérias específicas; a ordinária exige maioria simples e é a regra geral."
4. O que é o quórum de maioria simples (relativa)?;É a aprovação pela maioria dos votos dos presentes à sessão, desde que haja número mínimo (quórum de instalação).
5. O que é o quórum de maioria absoluta?;É a aprovação pela maioria dos membros da Casa (ex: 257 deputados, 41 senadores).
6. O que é o quórum de maioria qualificada (2/3 ou 3/5)?;É a aprovação por fração específica dos membros (ex: 2/3 para emendas, 3/5 para leis delegadas em certos casos).
7. Quais são as fases do processo legislativo ordinário?;Fase introdutória (iniciativa), constitutiva (discussão, votação e sanção/veto) e complementar (promulgação e publicação).
8. Quem tem iniciativa para propor projeto de lei ordinária?;Presidente, Deputados, Senadores, STF, PGR, cidadãos (iniciativa popular), e outros (art. 61, CF).
9. O que é a iniciativa popular de lei?;Projeto apresentado por 1% do eleitorado nacional, distribuído por 5 Estados.
10. A iniciativa popular pode propor lei complementar?;Sim, desde que atenda aos requisitos formais.
11. O que é a iniciativa privativa do Presidente da República?;É a competência exclusiva do Presidente para propor leis sobre matéria orçamentária, servidores, militares, etc. (art. 61, §1º).
12. O que ocorre se um projeto for apresentado por quem não tem iniciativa?;É declarado inconstitucional por vício de iniciativa (inconstitucionalidade formal).
13. Qual é a Casa iniciadora (Casa de origem) no processo legislativo?;"Via de regra, a Câmara dos Deputados; excepcionalmente, o Senado (ex: projetos do Senado)."
14. O que é a Casa revisora?;É a Casa que analisa o projeto após a aprovação na Casa de origem.
15. O que é um substitutivo?;É a alteração integral do texto de um projeto pela comissão ou pela Casa revisora.
16. O que é a emenda parlamentar (modificativa)?;É a proposta de alteração ao projeto original, feita por Deputado ou Senador.
17. Qual o rito de tramitação de uma lei ordinária?;Iniciativa → Comissões → Plenário (1ª votação) → Casa revisora → Sanção/Veto → Promulgação.
18. Como é a tramitação de uma lei complementar?;Mesmo rito, mas exige maioria absoluta em ambas as Casas.
"19. O que é a ""comissão de mérito""?";É a comissão temática que analisa o conteúdo do projeto (ex: saúde, economia).
20. O que é a Comissão de Constituição e Justiça (CCJ)?;É a comissão que analisa a constitucionalidade, legalidade e juridicidade do projeto.
"21. O que é a ""emenda aglutinativa""?";É a emenda que combina o texto original com outras emendas, ou a substitutivo.
"22. O que é a ""emenda supressiva""?";É a emenda que retira partes do projeto.
"23. O que é a ""emenda aditiva""?";É a emenda que acrescenta dispositivos ao projeto.
"24. O que é o ""turno de discussão e votação""?";É a etapa em que o projeto é debatido e votado no Plenário.
25. Quantos turnos de votação exige uma emenda constitucional?;Dois turnos em cada Casa (art. 60, §2º).
26. Quantos turnos de votação exige uma lei ordinária ou complementar?;Um turno, em regra (salvo disposição regimental).
"27. O que é o ""veto presidencial""?";É a discordância do Presidente ao projeto, por inconstitucionalidade ou interesse público.
28. O veto pode ser total ou parcial?;Sim, total (toda a lei) ou parcial (partes do projeto).
29. O veto parcial pode atingir palavras ou apenas artigos?;Pode atingir artigos, parágrafos, incisos ou alíneas, mas não palavras isoladas.
30. Qual o prazo para o Presidente sancionar ou vetar?;15 dias úteis.
31. Se o Presidente ficar inerte (não sancionar nem vetar), o que ocorre?;A lei é promulgada automaticamente (sanção tácita).
32. O veto pode ser derrubado?;Sim, pelo Congresso Nacional, por maioria absoluta dos membros, em votação conjunta.
33. Qual o prazo para o Congresso apreciar o veto?;30 dias (regimento), prorrogável.
34. Se o veto for derrubado, quem promulga a lei?;O Presidente do Senado, se o Presidente da República não o fizer em 48 horas.
35. O que é a promulgação da lei?;É o ato solene que atesta a existência da lei e declara sua vigência.
36. O que é a publicação da lei?;É a inserção da lei no Diário Oficial, dando-lhe publicidade e obrigatoriedade.
"37. O que é a ""vacatio legis""?";É o período entre a publicação e o início da vigência (geralmente 45 dias, salvo disposição).
"38. O que é a ""lei delegada"" (art. 68)?";É a lei elaborada pelo Presidente, mediante delegação do Congresso, por resolução.
39. Quem concede a delegação legislativa?;O Congresso Nacional, por resolução.
40. A lei delegada pode tratar de qualquer matéria?;Não. É vedada para matérias de lei complementar, orçamento, direito penal, etc. (art. 68, §1º).
"41. O que é a ""medida provisória"" (art. 62)?";É ato normativo do Presidente com força de lei, em caso de relevância e urgência.
42. A MP precisa ser aprovada pelo Congresso?;Sim, tem eficácia imediata, mas depende de aprovação em até 60 dias (prorrogáveis uma vez).
43. Qual o prazo de vigência de uma MP?;60 dias, prorrogáveis por mais 60 dias (total de 120 dias).
44. Se a MP não for apreciada no prazo, o que ocorre?;Perde a eficácia desde a edição (ex tunc).
45. O Congresso pode regulamentar os efeitos de uma MP rejeitada?;Sim, por decreto legislativo, para tratar das relações jurídicas durante sua vigência.
46. A MP pode versar sobre direito penal?;Não, é vedada para matéria penal e processual penal (art. 62, §1º).
47. A MP pode versar sobre matéria orçamentária?;Sim, com restrições (art. 62, §1º, inc. I e II).
"48. O que é a ""emenda constitucional"" (art. 60)?";É a alteração formal da Constituição, proposta por 1/3 das Casas, Presidente ou por iniciativa popular.
49. Qual o quórum para aprovação de emenda constitucional?;3/5 dos membros de cada Casa, em dois turnos de votação.
50. As emendas constitucionais podem abolir cláusulas pétreas?;Não, são proibidas (art. 60, §4º).
51. Quais são as cláusulas pétreas?;Forma federativa, voto direto/secreto/universal/periódico, separação dos Poderes, direitos individuais.
"52. O que é a ""revisão constitucional""?";Era o processo de revisão quinquenal previsto no ADCT (art. 3º), já superado.
"53. O que é o ""decreto legislativo""?";É o ato normativo do Congresso Nacional (conjunto das duas Casas), sem sanção presidencial (ex: aprovação de tratados).
"54. O que é a ""resolução""?";É o ato normativo de cada Casa (Câmara ou Senado), sem sanção presidencial (ex: regimentos, concessão de títulos).
55. Qual a diferença entre decreto legislativo e resolução?;"DL é ato conjunto; Resolução é ato de uma Casa isoladamente."
56. O Presidente pode vetar decreto legislativo ou resolução?;Não, esses atos não são sancionados nem vetados.
57. Como é a tramitação de projetos de lei complementar?;Mesmo rito da lei ordinária, mas quórum de maioria absoluta.
"58. O que é a ""emenda à medida provisória""?";São as alterações propostas pelos parlamentares à MP, que podem ser votadas.
59. As emendas à MP devem ter relação com a matéria da MP?;Sim, devem guardar pertinência temática.
"60. O que é o ""projeto de lei de conversão"" (PLV)?";É o projeto apresentado pela comissão mista para transformar a MP em lei, após modificações.
61. Qual a comissão que analisa a MP?;Uma comissão mista de Deputados e Senadores (CMIP).
62. A MP pode ser reeditada após ser rejeitada?;Não, na mesma sessão legislativa (art. 62, §10).
"63. O que é a ""sessão legislativa""?";É o período anual de trabalho do Congresso (de 2 de fevereiro a 17 de julho e de 1º de agosto a 22 de dezembro).
"64. O que é o ""recesso parlamentar""?";É o período de interrupção dos trabalhos (julho e dezembro/janeiro).
"65. O que é a ""convocaç ão extraordinária"" do Congresso?";É a convocação do Presidente ou de 1/3 das Casas durante o recesso, para temas urgentes.
66. Os projetos de lei podem ser apresentados no recesso?;Sim, nas comissões ou mediante convocação.
"67. O que é a ""pauta trancada""?";É a obstrução da pauta de votações por MP ou projeto que exceda prazo de apreciação.
68. Qual o efeito da MP sobre a pauta?;Se não for votada no prazo de 45 dias, tranca a pauta da Casa.
"69. O que é a ""urgência constitucional"" no processo legislativo?";É o regime de tramitação acelerada, com prazos reduzidos (ex: 45 dias para MP).
"70. O que é a ""iniciativa conjunta"" de lei?";Quando dois ou mais legitimados propõem o projeto juntos (ex: Presidente e STF).
"71. O que é o ""autógrafo"" da lei?";É o texto final aprovado pela Casa de origem, enviado à sanção ou à Casa revisora.
"72. O que é a ""redação final"" do projeto?";É o texto consolidado com as emendas aprovadas, antes da votação final.
"73. O que é a ""comissão geral"" no plenário?";É um debate amplo sobre temas relevantes, sem votação imediata.
"74. O que é a ""ordem do dia"" do Plenário?";É a pauta de votações do dia, organizada pelo Presidente da Casa.
"75. O que é a ""obstrução"" ou ""filibusterismo""?";É a estratégia de adiar a votação por meio de longos discursos ou requerimentos.
"76. O que é a ""votação nominal"" e a ""votação simbólica""?";"Nominal: chamada nominal dos parlamentares; Simbólica: contagem eletrônica ou por gestos."
77. Qual a votação exigida para vetar uma lei (derrubada do veto)?;Maioria absoluta dos membros do Congresso (art. 66, §4º).
78. Qual a votação exigida para aprovar uma lei complementar?;Maioria absoluta em ambas as Casas (art. 69).
79. Qual a votação exigida para aprovar uma lei ordinária?;Maioria simples (dos presentes).
80. Qual a votação exigida para a aprovação de uma emenda constitucional?;3/5 em cada Casa, em 2 turnos.
81. Qual a votação exigida para a aprovação de um decreto legislativo?;Maioria simples, em regra.
82. As leis podem ser revogadas pelo mesmo processo?;Sim, por lei posterior de mesma hierarquia.
"83. O que é a ""revogação tácita"" e ""expressa""?";"Tácita: quando a lei nova é incompatível com a anterior; Expressa: quando declara a revogação."
"84. O que é a ""repristinação"" no Brasil?";A lei revogada não se restaura com a revogação da lei que a revogou (salvo disposição em contrário).
85. Quem controla a constitucionalidade do processo legislativo?;O Judiciário (STF), por meio de ADI ou controle difuso.
"86. O que é a ""inconstitucionalidade formal"" no processo legislativo?";É o vício no procedimento (ex: falta de quórum, iniciativa viciada).
87. A MP pode ser convertida em lei por emenda?;Sim, o PLV pode conter emendas, desde que pertinentes.
88. A MP aprovada como lei mantém sua vigência?;Sim, após a conversão, passa a ser lei ordinária.
"89. O que é a ""perda de objeto"" da MP?";Quando a matéria é regulada por lei ordinária ou complementar antes da votação.
90. O Congresso pode alterar o texto da MP durante a votação?;Sim, por emendas, desde que pertinentes à matéria.
"91. O que é a ""casa de origem"" da MP?";"A MP é editada pelo Presidente e enviada ao Congresso; a Câmara é a primeira a votar."
92. A MP pode ser emendada pelo Senado após aprovação na Câmara?;Sim, o Senado também pode emendar, retornando à Câmara.
"93. O que é a ""comissão mista"" para MP?";É a comissão formada por Deputados e Senadores que analisa a MP e emite parecer.
94. Qual o prazo para a comissão mista se manifestar?;10 dias, prorrogável.
"95. O que é a ""regência própria"" da MP?";A MP tem regime especial, com prazos reduzidos e prioridade na pauta.
96. O Presidente pode editar MP sobre matéria de lei complementar?;Não, é vedado (art. 62, §1º, III).
"97. O que é o ""veto presidencial por inconstitucionalidade""?";É o veto jurídico, quando o Presidente entende que o projeto viola a CF.
"98. O que é o ""veto político""?";É o veto por interesse público ou conveniência, sem vício jurídico.
99. A lei delegada pode ser editada sem delegação?;Não, é inconstitucional por vício de iniciativa.
100. Qual a hierarquia das normas no processo legislativo?;CF > Emendas > Leis Complementares > Leis Ordinárias > Decretos e demais atos infralegais.
;
;
O que são direitos fundamentais?;São direitos inerentes à pessoa humana, positivados na Constituição, que asseguram sua dignidade, liberdade e igualdade.
2. Qual o fundamento dos direitos fundamentais no Brasil?;A dignidade da pessoa humana (art. 1º, III, CF).
3. Onde estão os direitos e garantias fundamentais na CF/88?;Principalmente no Título II, arts. 5º a 17.
4. Quais são as 5 gerações/dimensões dos direitos fundamentais?;"1ª: direitos civis e políticos (liberdade); 2ª: direitos sociais, econômicos e culturais (igualdade); 3ª: direitos de solidariedade (fraternidade); 4ª: direitos ligados à biotecnologia; 5ª: direito à paz e à segurança."
5. Qual a diferença entre direitos e garantias fundamentais?;"Direitos são bens ou interesses protegidos (ex: vida); garantias são instrumentos que asseguram esses direitos (ex: habeas corpus)."
6. Os direitos fundamentais são absolutos?;Não, podem sofrer limitações em situações de conflito com outros direitos (princípio da relatividade).
7. O que é o princípio da aplicabilidade imediata dos direitos fundamentais?;As normas de direitos fundamentais têm eficácia imediata, independentemente de regulamentação (art. 5º, §1º).
8. O que são os direitos fundamentais em sentido formal?;São aqueles previstos no texto constitucional (declarados).
9. O que são os direitos fundamentais em sentido material?;São aqueles que, mesmo fora do texto, são essenciais à dignidade humana (ex: direito ao meio ambiente).
10. Os direitos fundamentais vinculam os particulares?;Sim, têm eficácia horizontal (ou vertical), ou seja, vinculam também as relações privadas.
11. O que é a eficácia vertical dos direitos fundamentais?;A vinculação do Estado (poder público) aos direitos fundamentais.
12. O que é a eficácia horizontal dos direitos fundamentais?;A vinculação dos particulares (relações privadas) aos direitos fundamentais.
13. O que é o princípio da proporcionalidade na restrição de direitos?;A restrição deve ser adequada, necessária e proporcional em sentido estrito.
14. O que é o princípio da razoabilidade?;Exige que as limitações sejam lógicas, coerentes e justas.
"15. O que é o ""devido processo legal"" (due process of law)?";Ninguém será privado da liberdade ou de seus bens sem o devido processo legal (art. 5º, LIV).
16. O que é o contraditório e a ampla defesa?;São garantias processuais que asseguram às partes o direito de se manifestar, apresentar provas e recursos (art. 5º, LV).
17. O que é o princípio da publicidade dos processos?;Os atos processuais são públicos, salvo sigilo por interesse social ou da intimidade (art. 5º, LX).
18. O que é o princípio da duração razoável do processo?;A todos é assegurada a razoável duração do processo, administrativo ou judicial (art. 5º, LXXVIII).
19. O que é o princípio da isonomia (igualdade)?;Todos são iguais perante a lei, sem distinção de qualquer natureza (art. 5º, caput).
20. O que é o princípio da legalidade?;Ninguém é obrigado a fazer ou deixar de fazer senão em virtude de lei (art. 5º, II).
21. O que é a liberdade de expressão?;É livre a manifestação do pensamento, vedado o anonimato (art. 5º, IV).
22. O que é a liberdade de crença e de culto?;É inviolável a liberdade de consciência e de crença, assegurado o livre exercício dos cultos (art. 5º, VI).
23. O que é a liberdade de locomoção?;É o direito de ir e vir, que só pode ser restringido por ordem judicial (art. 5º, XV).
24. O que é o direito de propriedade?;É garantido o direito de propriedade, que deve atender sua função social (art. 5º, XXII).
25. O que é a desapropriação?;É a retirada coativa da propriedade pelo poder público, mediante justa indenização (art. 5º, XXIV).
26. O que é a desapropriação por interesse social?;Para reforma agrária, mediante indenização em títulos da dívida agrária (art. 184).
27. O que é o direito à herança?;É garantido o direito de herança (art. 5º, XXX).
28. O que é o direito de ação?;A lei não excluirá da apreciação do Judiciário qualquer lesão ou ameaça a direito (art. 5º, XXXV).
29. O que é o direito de petição?;É o direito de dirigir petição aos Poderes Públicos em defesa de direitos (art. 5º, XXXIV).
30. O que é o habeas corpus?;É o remédio para proteger o direito de locomoção (ir e vir), por qualquer ameaça ou lesão (art. 5º, LXVIII).
31. Quem pode impetrar habeas corpus?;Qualquer pessoa, em seu favor ou de outrem, sem necessidade de advogado.
32. O habeas corpus pode ser concedido de ofício pelo juiz?;Sim, se tomar conhecimento da ilegalidade.
33. O que é o mandado de segurança?;É o remédio para proteger direito líquido e certo, não ameaçado por habeas corpus ou habeas data (art. 5º, LXIX).
34. O que é direito líquido e certo?;É o direito que pode ser comprovado de plano por documentos, sem necessidade de dilação probatória.
35. O mandado de segurança pode ser coletivo?;Sim, por partido político com representação no Congresso, ou por organização sindical/associação (art. 5º, LXX).
36. O que é o habeas data?;É o remédio para assegurar o conhecimento de informações pessoais em banco de dados, ou para retificação (art. 5º, LXXII).
37. Quem pode impetrar habeas data?;Qualquer pessoa, para seus próprios dados.
38. O que é o mandado de injunção?;É o remédio para suprir a omissão do Poder Público na regulamentação de um direito fundamental (art. 5º, LXXI).
39. O que é a ação popular?;É o remédio de qualquer cidadão para anular ato lesivo ao patrimônio público ou à moralidade (art. 5º, LXXIII).
40. O que é o direito de acesso à informação?;Todos têm direito a receber informações de órgãos públicos, ressalvado sigilo (art. 5º, XXXIII).
41. O que é o sigilo de correspondência e comunicações?;É inviolável o sigilo da correspondência e das comunicações telefônicas, salvo por ordem judicial (art. 5º, XII).
42. Em que casos o sigilo bancário pode ser quebrado?;Por ordem judicial, para investigação criminal ou fiscal (com autorização legal).
43. O que é a prisão civil?;No Brasil, só há prisão civil em caso de dívida de alimentos ou de depositário infiel (art. 5º, LXVII).
44. A prisão por dívida de alimentos é cabível?;Sim, para o devedor de alimentos.
45. A prisão do depositário infiel é constitucional?;O STF entende que não, após a EC 45/2004 e tratados internacionais.
46. Ninguém será preso senão em flagrante ou por ordem judicial?;Sim (art. 5º, LXI).
47. A prisão por ordem judicial é exceção?;Sim, salvo flagrante, a prisão depende de mandado judicial.
48. O que é a fiança?;É a garantia para liberdade provisória, fixada pela autoridade judicial.
49. O que é o princípio da presunção de inocência?;Ninguém será considerado culpado até o trânsito em julgado da sentença penal condenatória (art. 5º, LVII).
50. A prova ilícita pode ser usada no processo?;São inadmissíveis as provas obtidas por meios ilícitos (art. 5º, LVI).
51. O que é a nacionalidade como direito fundamental?;É o vínculo jurídico-político que liga o indivíduo ao Estado (art. 12).
52. O que são os direitos políticos?;São direitos que permitem a participação na vida política (votar e ser votado, art. 14).
53. Qual a idade mínima para votar?;"16 anos (facultativo); 18 anos (obrigatório)."
54. Qual a idade mínima para ser eleito Deputado?;21 anos.
55. Qual a idade mínima para ser eleito Senador?;35 anos.
56. Qual a idade mínima para ser eleito Presidente?;35 anos.
57. O que é a perda dos direitos políticos?;Ocorre por cancelamento da naturalização, incapacidade civil absoluta, condenação criminal transitada em julgado, etc. (art. 15).
58. O que é a suspensão dos direitos políticos?;Ocorre por improbidade administrativa ou condenação criminal (art. 15, III, V).
59. O que são os direitos sociais?;São direitos relativos ao trabalho, previdência, saúde, educação, moradia, etc. (arts. 6º a 11).
60. O direito à saúde é um direito social?;Sim, e é dever do Estado (art. 196).
61. O que é o mínimo existencial?;É o conjunto de prestações materiais indispensáveis à vida digna (saúde, alimentação, moradia).
62. O que é a vedação do retrocesso social?;Os direitos sociais não podem ser reduzidos ou suprimidos.
63. O que é a liberdade de reunião?;As pessoas podem reunir-se pacificamente, sem armas, em locais públicos, desde que comunicado (art. 5º, XVI).
64. O que é a liberdade de associação?;É livre a associação para fins lícitos, vedada a de caráter paramilitar (art. 5º, XVII).
65. As associações podem ser dissolvidas?;Sim, por decisão judicial transitada em julgado (art. 5º, XIX).
66. O que é o direito de greve?;É assegurado o direito de greve, a ser exercido nos termos da lei (art. 9º).
67. O que é a justiça gratuita?;É a assistência jurídica integral aos que comprovarem insuficiência de recursos (art. 5º, LXXIV).
68. O que é o direito à identidade de gênero?;É o reconhecimento da identidade autodeclarada, com alteração de registro civil, sem necessidade de cirurgia (jurisprudência STF).
69. O que é a união estável?;É a entidade familiar reconhecida entre homem e mulher, ou entre pessoas do mesmo sexo (decisão STF).
70. O casamento civil é obrigatório para reconhecimento de família?;Não, a união estável e a família monoparental também são reconhecidas.
71. O que é o princípio da igualdade material?;É a igualdade de oportunidades, tratando os desiguais na medida de sua desigualdade.
72. O que são as ações afirmativas?;São políticas públicas para promover a igualdade material (ex: cotas raciais).
73. O que é o racismo como crime?;É crime inafiançável e imprescritível, sujeito à pena de reclusão (art. 5º, XLII).
74. O que é o crime de tortura?;É crime inafiançável e insuscetível de graça ou anistia (art. 5º, XLIII).
75. O que é o tráfico ilícito de entorpecentes?;É crime inafiançável e insuscetível de graça ou anistia (art. 5º, XLIII).
76. O que é o terrorismo?;É crime inafiançável e insuscetível de graça ou anistia (art. 5º, XLIII).
77. O que é a extradição?;É a entrega de um estrangeiro a outro país para julgamento ou punição (art. 5º, LI e LII).
78. O brasileiro nato pode ser extraditado?;Não, salvo em caso de naturalizado, por crime comum antes da naturalização.
79. O que é o asilo político?;É a proteção concedida a estrangeiro perseguido por razões políticas.
"80. O que é a ""cláusula de reserva de jurisdição"" em direitos fundamentais?";Certas restrições (ex: interceptação telefônica) só podem ser autorizadas pelo Judiciário.
"81. O que é a ""teoria dos poderes implícitos"" em direitos?";Não se aplica no Brasil para restringir direitos, apenas para interpretá-los.
82. Os tratados de direitos humanos têm hierarquia constitucional?;Se aprovados com quórum de emenda (3/5) sim, equivalem a emenda constitucional (EC 45/2004).
83. Os tratados de direitos humanos aprovados com quórum ordinário têm que hierarquia?;Têm status supralegal (acima das leis ordinárias, abaixo da CF), segundo o STF.
"84. O que é a ""Convenção Americana de Direitos Humanos"" (Pacto de San José)?";É o principal tratado de direitos humanos do sistema interamericano.
"85. O que é a ""Corte Interamericana de Direitos Humanos""?";É o tribunal do sistema interamericano que julga violações de direitos humanos.
86. O Brasil reconhece a jurisdição da Corte Interamericana?;Sim, desde 1998.
87. O que é o direito à memória e à verdade?;É o direito de conhecer a verdade sobre fatos históricos, especialmente em regimes autoritários.
88. O que é a Lei da Anistia (Lei 6.683/79)?;Concedeu anistia a crimes políticos cometidos durante o regime militar, com interpretação restritiva pelo STF.
"89. O que é o ""direito ao esquecimento""?";É o direito de não ter fatos antigos expostos indefinidamente, mas não é absoluto (STF tem decidido contra sua aplicação ampla).
"90. O que são os ""remédios constitucionais""?";São instrumentos processuais para proteger direitos (habeas corpus, mandado de segurança, etc.).
91. Qual o prazo para impetrar mandado de segurança?;120 dias a contar do ato lesivo (decadência).
92. Qual o prazo para impetrar habeas corpus?;Não tem prazo, pode ser impetrado a qualquer tempo.
93. Qual o prazo para impetrar habeas data?;Também não tem prazo de decadência.
94. Qual o prazo para impetrar mandado de injunção?;Não tem prazo específico.
"95. O que é a ""ação civil pública"" em proteção de direitos?";É a ação para defesa do meio ambiente, consumidor, patrimônio público e outros interesses difusos/coletivos.
96. Quem pode propor ação civil pública?;MP, União, Estados, Municípios, autarquias, associações.
"97. O que é o ""direito difuso""?";É o direito de uma coletividade indeterminada (ex: meio ambiente).
"98. O que é o ""direito coletivo""?";É o direito de um grupo determinado (ex: sindicato).
"99. O que é o ""direito individual homogêneo""?";É o direito de um grupo com origem comum (ex: consumidores de um mesmo produto).
100. Qual a finalidade principal dos direitos fundamentais?;Garantir a dignidade da pessoa humana, limitando o poder estatal e protegendo o indivíduo.
;
;
Quais são os princípios explícitos da Administração Pública no art. 37, caput, da CF?;Legalidade, impessoalidade, moralidade, publicidade e eficiência (LIMPE).
2. O que é o princípio da legalidade na Administração Pública?;O administrador só pode fazer o que a lei autoriza (legalidade estrita), diferentemente do particular, que pode fazer tudo o que a lei não proíbe.
3. O que é o princípio da impessoalidade?;A atuação administrativa deve ser objetiva, visando o interesse público, sem favorecimentos ou perseguições pessoais.
4. O que é o princípio da moralidade administrativa?;Exige que a conduta do agente público seja ética, honesta e de boa-fé, não bastando a mera legalidade.
5. O que é o princípio da publicidade?;Os atos administrativos devem ser divulgados oficialmente para conhecimento geral, salvo sigilo por segurança nacional.
6. O que é o princípio da eficiência?;Exige que a Administração atue com qualidade, celeridade, economicidade e produtividade.
7. A eficiência é um princípio expresso ou implícito?;É expresso, incluído pela EC 19/1998.
8. Quais são os princípios implícitos (ou correlatos) da Administração?;Razoabilidade, proporcionalidade, supremacia do interesse público, indisponibilidade do interesse público, continuidade do serviço público, etc.
9. O que é o princípio da supremacia do interesse público?;O interesse da coletividade prevalece sobre o interesse particular, justificando restrições a direitos individuais.
10. O que é o princípio da indisponibilidade do interesse público?;Os bens e interesses públicos não estão à disposição do administrador, que deve zelar por eles como um gestor de terceiros.
11. O que é o princípio da continuidade do serviço público?;Os serviços públicos não podem ser interrompidos, salvo por razões técnicas ou de segurança.
12. O que é o princípio da autotutela?;A Administração pode rever seus próprios atos, anulando os ilegais ou revogando os inconvenientes (Súmula 473 do STF).
13. O que é o princípio da especialidade?;As entidades da Administração Indireta só podem atuar na área de sua finalidade específica.
14. O que é o princípio da hierarquia?;Os órgãos e agentes públicos se organizam em níveis de subordinação, com poder de comando e fiscalização.
;
Princípios Constitucionais dos Servidores Públicos;
Pergunta (Front);Resposta Simples (Back)
15. Quais são os princípios aplicáveis aos servidores públicos (art. 37, caput e incisos)?;Além dos 5 princípios gerais, aplicam-se: concurso público, vitaliciedade, irredutibilidade de subsídios, etc.
16. Qual a regra para ingresso no serviço público?;Exige-se concurso público de provas ou provas e títulos (art. 37, II).
17. O que é a vitaliciedade do servidor público?;É a garantia de estabilidade após 3 anos de efetivo exercício (servidor concursado), só perdendo o cargo por sentença judicial ou processo administrativo.
18. O que é a irredutibilidade de subsídios (art. 37, XV)?;Os vencimentos dos servidores não podem ser reduzidos.
19. O que é o teto remuneratório (art. 37, XI)?;É o limite máximo de remuneração no serviço público, que é o subsídio dos Ministros do STF.
20. Qual a diferença entre servidor público e agente público?;"Agente público é gênero (inclui políticos, servidores, militares, etc.); servidor público é espécie (ocupante de cargo efetivo ou emprego público)."
21. O que é cargo público?;É o conjunto de atribuições e responsabilidades previstas na estrutura administrativa, com denominação própria e vencimento.
22. O que é emprego público?;É o vínculo celetista com a Administração (regido pela CLT), em regra para atividades operacionais.
23. O que é função pública?;É a atribuição exercida por um servidor, podendo ser de confiança (sem concurso) ou gratificada.
24. O que são cargos em comissão (de confiança)?;São cargos de livre nomeação e exoneração, destinados a funções de direção, chefia e assessoramento (art. 37, V).
25. Os cargos em comissão exigem concurso?;Não, são de livre provimento, mas devem ser ocupados preferencialmente por servidores de carreira.
26. O que é a acumulação de cargos públicos?;É permitida apenas em casos específicos (art. 37, XVI): dois de professor, um técnico + um professor, ou dois profissionais da saúde.
27. O que é a sindicância no âmbito do servidor?;É um procedimento administrativo preliminar para apurar irregularidades, podendo resultar em processo administrativo disciplinar (PAD).
28. O que é a prescrição da pretensão punitiva da Administração?;O direito de aplicar sanção ao servidor prescreve em 5 anos, salvo casos específicos.
29. O que é o regime jurídico único?;É a regra de que os servidores públicos civis da União são regidos por um único estatuto (Lei 8.112/90), exceto os celetistas.
;
Estrutura da Administração Pública Federal;
Pergunta (Front);Resposta Simples (Back)
30. Como se divide a Administração Pública Federal?;Em Administração Direta (União, seus órgãos) e Administração Indireta (autarquias, fundações, empresas públicas e sociedades de economia mista).
31. O que é a Administração Direta?;É o conjunto de órgãos que integram a estrutura da União, sem personalidade jurídica própria (Ministérios, Secretarias).
32. O que é a Administração Indireta?;É o conjunto de entidades com personalidade jurídica própria, criadas por lei, para descentralizar serviços (autarquias, etc.).
33. O que é uma autarquia?;É pessoa jurídica de direito público, criada por lei, com patrimônio próprio e autonomia, para executar serviços típicos do Estado (ex: INSS, IBAMA).
34. O que é uma fundação pública?;É pessoa jurídica de direito público ou privado, criada por lei, com finalidade social (ex: Funai, Fiocruz).
35. O que é uma empresa pública?;É pessoa jurídica de direito privado, com capital público, criada por lei, para explorar atividade econômica (ex: Caixa, Correios).
36. O que é uma sociedade de economia mista?;É pessoa jurídica de direito privado, com maioria do capital estatal e participação privada (ex: Petrobras, Banco do Brasil).
37. Qual a diferença entre autarquia e empresa pública?;"Autarquia: direito público, regime administrativo; Empresa pública: direito privado, regime celetista e concorrência."
38. Quais são as entidades da Administração Indireta sujeitas à licitação?;Todas, pois estão sujeitas ao regime de licitações (Lei 14.133/2021).
39. O que é a Administração Descentralizada?;É a atuação por meio de entidades personalizadas (Indireta).
40. O que é a Administração Desconcentrada?;É a distribuição interna de competências dentro de um mesmo órgão ou ente (ex: divisão por ministérios).
41. O que são as agências reguladoras?;São autarquias em regime especial, com independência, para regular e fiscalizar setores específicos (ex: ANVISA, ANATEL).
"42. O que é a ""descentralização por colaboração""?";Quando o particular presta serviço público, sob concessão, permissão ou autorização.
"43. O que é a ""descentralização por outorga""?";Quando o Estado transfere a titularidade de um serviço público a uma entidade da Admin. Indireta.
;
Atos Administrativos;
Pergunta (Front);Resposta Simples (Back)
44. O que é ato administrativo?;É a declaração do Estado (ou de seu agente) no exercício da função administrativa, com efeitos jurídicos, regida pelo direito público.
45. Quais são os requisitos (elementos) do ato administrativo?;Competência, finalidade, forma, motivo e objeto (CFMFO).
46. O que é competência no ato administrativo?;É a aptidão do agente para praticar o ato, definida em lei.
47. O que é finalidade no ato administrativo?;É o interesse público a que o ato se destina, sendo vinculado e obrigatório.
48. O que é forma no ato administrativo?;É a maneira como o ato se exterioriza (ex: escrito, verbal). Regra: forma escrita para atos solenes.
49. O que é motivo no ato administrativo?;É o pressuposto de fato e de direito que justifica a prática do ato.
50. O que é objeto no ato administrativo?;É o conteúdo do ato (a alteração no mundo jurídico que ele produz).
51. O que são os atributos do ato administrativo?;Presunção de legitimidade, imperatividade, autoexecutoriedade e tipicidade.
52. O que é a presunção de legitimidade (ou veracidade)?;O ato administrativo é presumido válido, cabendo ao particular provar o contrário.
53. O que é a imperatividade?;O ato pode impor obrigações a terceiros, independentemente de sua concordância (ex: desapropriação).
54. O que é a autoexecutoriedade?;A Administração pode executar seus atos diretamente, sem autorização judicial (ex: multa de trânsito).
55. O que é a tipicidade?;O ato deve corresponder a uma figura legal prevista.
56. Quanto à extensão, os atos administrativos se dividem em?;Atos gerais (abstratos) e atos individuais (concretos).
57. Quanto ao alcance, os atos se dividem em?;Atos internos (entre órgãos) e atos externos (com terceiros).
58. Quanto à discricionariedade, os atos se dividem em?;Atos vinculados (sem margem de escolha) e atos discricionários (com margem de escolha, dentro da lei).
59. O que é um ato vinculado?;A lei define todos os requisitos (ex: licença para dirigir, se cumpridos os requisitos).
60. O que é um ato discricionário?;A lei dá certa liberdade ao agente para escolher a melhor solução (ex: autorização para porte de arma).
61. O que é a invalidação (anulação) do ato administrativo?;É a declaração de nulidade de um ato ilegal, com efeitos ex tunc (retroativos).
62. O que é a revogação do ato administrativo?;É a extinção de um ato válido, por conveniência e oportunidade, com efeitos ex nunc (futuros).
63. O ato pode ser convalidado (sanado)?;Sim, se for viciado em motivo ou forma, desde que não seja essencial, para produzir efeitos ex tunc.
64. O que é a Súmula 473 do STF sobre a autotutela?;A Administração pode anular seus próprios atos ilegais e revogar os inconvenientes.
"65. O que é o ""ato administrativo complexo""?";É aquele que depende da manifestação de dois ou mais órgãos para se aperfeiçoar (ex: nomeação de Ministro do STF).
"66. O que é o ""ato administrativo composto""?";É aquele em que um ato principal depende de outro ato secundário para produzir efeitos.
"67. O que é o ""silêncio administrativo""?";É a inércia da Administração, que pode gerar efeitos positivos (anistia) ou negativos (deferimento tácito), em casos previstos em lei.
"68. O que é a ""desapropriação"" como ato administrativo?";É o ato de retirar a propriedade particular, com indenização, por utilidade pública ou interesse social.
;
Processo e Procedimento Administrativo;
Pergunta (Front);Resposta Simples (Back)
69. O que é processo administrativo?;É a sucessão ordenada de atos administrativos que culmina em uma decisão final (ex: licitação, PAD).
70. O que é procedimento administrativo?;É a sequência formal de atos dentro do processo (ex: citação, defesa, recursos).
71. Qual a lei que regula o processo administrativo federal?;Lei 9.784/1999.
72. Quais são os princípios do processo administrativo (art. 2º da Lei 9.784)?;Legalidade, finalidade, motivação, razoabilidade, proporcionalidade, moralidade, ampla defesa, contraditório, etc.
73. O que é o princípio da motivação no processo administrativo?;As decisões devem ser fundamentadas, com indicação dos fatos e fundamentos jurídicos (art. 50).
74. O que é o contraditório e a ampla defesa no processo administrativo?;Assegura-se ao interessado o direito de se manifestar, apresentar provas e recursos, antes da decisão final.
75. O processo administrativo deve ser público?;Sim, com acesso aos autos, salvo sigilo previsto em lei.
76. Qual o prazo para a Administração decidir no processo administrativo?;Até 30 dias, prorrogável por igual período, conforme a Lei 9.784 (art. 49).
"77. O que é o ""despacho"" no processo administrativo?";É a manifestação do agente público sobre questões processuais (ex: juntada de documentos).
"78. O que é o ""parecer"" no processo administrativo?";É a opinião técnica ou jurídica, que pode ser vinculante ou não.
"79. O que é a ""decisão final"" no processo administrativo?";É o ato que encerra o processo, resolvendo o mérito.
"80. O que é o ""recurso administrativo""?";É o instrumento para impugnar decisões, com efeitos devolutivo e, às vezes, suspensivo (art. 56, Lei 9.784).
81. Qual o prazo para interpor recurso administrativo?;10 dias, a contar da ciência da decisão (art. 59, Lei 9.784).
"82. O que é a ""reclamação administrativa""?";É o pedido de revisão de ato ou omissão, sem prazo específico.
"83. O que é o ""processo disciplinar"" (PAD)?";É o procedimento para apurar faltas funcionais de servidores, com garantia de ampla defesa.
"84. O que é a ""sindicância"" e o ""inquérito"" no processo disciplinar?";"Sindicância: apuração preliminar; Inquérito: fase de instrução para aplicação de penalidade."
85. Qual a autoridade competente para instaurar PAD?;A autoridade máxima do órgão ou comissão especialmente designada.
86. A Lei 9.784 aplica-se à Administração Indireta?;Aplica-se, no que couber, às entidades da Administração Indireta (art. 1º).
"87. O que é a ""desistência"" no processo administrativo?";O interessado pode desistir a qualquer tempo, desde que não haja prejuízo ao interesse público.
"88. O que é a ""prescrição"" no processo administrativo disciplinar?";O direito da Administração de punir prescreve em 5 anos (Lei 8.112).
"89. O que é a ""nulidade"" no processo administrativo?";Ocorre por vício insanável, podendo ser declarada de ofício ou a pedido.
"90. O que é a ""convalidação"" do ato no processo administrativo?";É o saneamento do vício, se não for essencial, com efeitos retroativos.
"91. O que é o ""processo administrativo fiscal""?";É o procedimento para apurar créditos tributários, com contraditório.
"92. O que é o ""processo licitatório""?";É o procedimento administrativo para contratar obras, serviços e compras com a Administração (Lei 14.133/2021).
93. Quais são as modalidades de licitação?;Concorrência, pregão, diálogo competitivo, etc. (Lei 14.133).
"94. O que é a ""impugnação"" ao edital de licitação?";É o recurso para questionar o instrumento convocatório, no prazo de 5 dias úteis.
"95. O que é o ""princípio da adjudicação compulsória"" na licitação?";A Administração é obrigada a adjudicar ao vencedor, se as condições forem cumpridas.
"96. O que é a ""homologação"" no processo licitatório?";É o ato final que aprova o resultado da licitação.
"97. O que é o ""processo de execução contratual""?";É o acompanhamento da execução do contrato administrativo, com fiscalização e medição.
"98. O que é o ""processo administrativo de responsabilização"" (Lei Anticorrupção)?";É o procedimento para apurar atos lesivos à administração por pessoas jurídicas (Lei 12.846/2013).
"99. O que é a ""transação"" no processo administrativo?";É a forma de composição de conflitos com a Administração, prevista na Lei 9.784 (art. 48, com restrições).
100. Qual a relação entre o processo administrativo e o controle judicial?;O Judiciário pode rever a legalidade do processo, mas não o mérito (discricionariedade), salvo exceções.
;
;
O que é licitação?;É o procedimento administrativo formal para selecionar a proposta mais vantajosa para a Administração, com isonomia e competitividade.
2. Qual é a lei geral de licitações e contratos administrativos no Brasil?;A Lei 14.133/2021, que revogou a Lei 8.666/93 e a Lei 10.520/2002 (pregão).
3. Quais são os princípios básicos da licitação (art. 5º da Lei 14.133)?;Legalidade, impessoalidade, moralidade, publicidade, eficiência, interesse público, probidade administrativa, igualdade, etc.
4. A licitação é obrigatória para todos os entes federativos?;Sim, para a Administração Direta e Indireta de todos os entes (União, Estados, DF e Municípios).
5. Em quais casos a licitação é dispensada?;Em situações de baixo valor, emergência, ou quando a competição for inviável (art. 75).
6. Em quais casos a licitação é inexigível?;Quando houver fornecedor exclusivo, singularidade do serviço, ou inviabilidade de competição (art. 74).
7. Qual a diferença entre dispensa e inexigibilidade?;Dispensa: a lei permite não licitar (é uma faculdade). Inexigibilidade: a competição é impossível (ex: artista renomado).
8. Quais são as modalidades de licitação na Lei 14.133?;Concorrência, pregão (eletrônico/presencial), diálogo competitivo e leilão.
9. O que é a concorrência?;Modalidade para contratos de alto valor ou de natureza complexa, aberta a quaisquer interessados.
10. O que é o pregão?;Modalidade para aquisição de bens e serviços comuns, com disputa em lances (eletrônico ou presencial).
11. O que é o diálogo competitivo?;Modalidade para soluções inovadoras ou complexas, onde a Administração debate com os licitantes antes da proposta.
12. O que é o leilão?;Modalidade para venda de bens móveis inservíveis ou imóveis públicos, com lances crescentes.
13. Qual a modalidade mais utilizada para bens e serviços comuns?;O pregão, preferencialmente na forma eletrônica.
14. O que é o pregão eletrônico?;É o pregão realizado inteiramente por meio eletrônico, com lances remotos.
15. O que é a fase preparatória da licitação?;É a fase interna, onde a Administração planeja a licitação, elabora o estudo técnico preliminar e o edital.
16. O que é o edital?;É o documento que contém as regras da licitação, incluindo objeto, prazo, critérios de julgamento e condições de participação.
17. O que é o termo de referência ou projeto básico?;É o documento que descreve o objeto da licitação de forma detalhada.
18. O que é a fase de divulgação?;É a publicação do edital em diário oficial e meios eletrônicos, para dar publicidade.
19. O que é a fase de apresentação de propostas?;É o momento em que os licitantes entregam seus envelopes com a proposta e, em regra, a documentação.
20. O que é a fase de habilitação?;É a verificação dos documentos que comprovam a regularidade fiscal, jurídica, técnica e econômico-financeira do licitante.
21. O que é a fase de julgamento?;É a análise das propostas segundo o critério definido (menor preço, melhor técnica, etc.).
22. Quais são os critérios de julgamento permitidos?;Menor preço, melhor técnica, técnica e preço, maior desconto, maior retorno econômico, etc.
23. O que é a fase recursal?;É o prazo para os licitantes impugnarem a decisão, garantindo o contraditório.
24. O que é a fase de homologação e adjudicação?;"Homologação: aprovação do resultado pela autoridade superior; Adjudicação: atribuição do objeto ao vencedor."
25. O que é a contratação (assinatura do contrato)?;É a formalização do vínculo com o vencedor da licitação.
26. Qual o prazo para o licitante desistir após a adjudicação?;O desistente pode ser sancionado, salvo se justificar motivo relevante.
27. O que é a comissão de licitação?;É o grupo de servidores responsável pelo processamento e julgamento da licitação.
28. O pregoeiro é o responsável pelo pregão?;Sim, é o agente que conduz a sessão do pregão.
"29. O que é o ""empate ficto"" na licitação?";É a preferência concedida a microempresas e empresas de pequeno porte (ME/EPP) em caso de empate (art. 44).
30. As ME/EPP têm vantagens na licitação?;Sim, acesso facilitado a licitações, contratação preferencial e prazo especial para regularização.
31. O que é o contrato administrativo?;É o ajuste firmado entre a Administração e um particular, regido pelo direito público, para execução de obras, serviços, compras, etc.
32. Quais são os princípios dos contratos administrativos?;Supremacia do interesse público, mutabilidade (alteração unilateral), e equilíbrio econômico-financeiro.
33. O que é a supremacia do interesse público no contrato?;A Administração pode modificar ou rescindir o contrato unilateralmente, se houver interesse público.
34. O que é a cláusula exorbitante?;É a cláusula que permite à Administração: alterar o contrato, rescindir unilateralmente, fiscalizar e aplicar sanções.
35. O que é o equilíbrio econômico-financeiro do contrato?;É o direito do contratado de manter as condições originais da proposta, garantindo a justa remuneração.
36. O que é a revisão do contrato (ou reequilíbrio)?;É a recomposição do equilíbrio econômico-financeiro em caso de fato imprevisto ou imprevisível (ex: inflação extraordinária).
37. O que é a teoria da imprevisão?;É a teoria que justifica o reequilíbrio do contrato por eventos imprevisíveis ou extraordinários.
"38. O que é o ""fato do príncipe""?";É a medida geral do Estado que onera o contrato (ex: nova lei tributária).
"39. O que é o ""fato da administração""?";É a conduta específica da Administração que onera o contrato (ex: atraso na entrega do local).
"40. O que é a ""força maior"" ou ""caso fortuito""?";São eventos imprevisíveis e inevitáveis que impactam a execução do contrato.
41. O contrato administrativo pode ser alterado unilateralmente pela Administração?;Sim, para adequar o objeto às necessidades públicas, desde que respeitado o equilíbrio econômico-financeiro.
42. A alteração contratual exige novo procedimento licitatório?;Não, se for dentro dos limites legais (até 25% do valor para acréscimo).
43. O que é a rescisão unilateral do contrato?;É a extinção do contrato por decisão da Administração, por inadimplemento ou interesse público.
44. O contratado pode rescindir o contrato?;Sim, por inadimplemento da Administração ou por motivo de força maior.
45. O que são as sanções administrativas na licitação e contrato?;Advertência, multa, impedimento de licitar, declaração de inidoneidade (art. 155).
46. O que é a declaração de inidoneidade?;É a sanção mais grave, que proíbe o licitante de contratar com a Administração por até 3 anos.
47. A multa pode ser aplicada ao contratado?;Sim, por atraso, inadimplemento ou descumprimento de cláusulas.
48. Qual o prazo para a Administração aplicar a sanção?;O processo deve respeitar o contraditório e a ampla defesa, com prazo razoável.
"49. O que é o ""parecer jurídico"" prévio à licitação?";É a manifestação da assessoria jurídica sobre a legalidade do edital e do contrato.
50. A licitação pode ser anulada?;Sim, por ilegalidade, de ofício ou por provocação, com efeitos ex tunc.
51. A licitação pode ser revogada?;Sim, por conveniência, com efeitos ex nunc, antes da adjudicação.
"52. O que é a ""ata de registro de preços"" (ARP)?";É o sistema de contratação por registro, onde se registram fornecedores para aquisições futuras.
53. A ARP é uma modalidade de licitação?;Não, é um sistema de contratação, usado com as modalidades de licitação.
54. Qual a duração da ARP?;Até 1 ano, prorrogável por igual período.
"55. O que é a ""contratação direta"" (sem licitação)?";É a contratação por dispensa ou inexigibilidade, que deve ser motivada.
56. A contratação direta precisa de justificativa?;Sim, deve ser formalmente justificada e publicada.
"57. O que é o ""sigilo das propostas""?";As propostas devem ser mantidas em sigilo até a abertura, para evitar conluio.
"58. O que é o ""princípio da competitividade""?";A licitação deve garantir a maior competição possível, com ampla participação.
"59. O que é o ""princípio da adjudicação compulsória""?";A Administração é obrigada a adjudicar ao vencedor, se cumpridos os requisitos.
"60. O que é o ""princípio do julgamento objetivo""?";O julgamento deve ser baseado em critérios objetivos e previsíveis no edital.
"61. O que é o ""princípio da vinculação ao edital""?";A licitação e o contrato devem seguir rigorosamente as regras do edital.
"62. O que é o ""princípio da publicidade""?";Todos os atos da licitação devem ser públicos, salvo sigilo.
"63. O que é a ""impugnação"" ao edital?";É o recurso para questionar as regras do edital, com prazo de até 3 dias úteis.
"64. O que é o ""pedido de esclarecimento""?";É a pergunta do licitante sobre o edital, respondida oficialmente pela Administração.
"65. O que é a ""desistência"" da licitação?";O licitante pode desistir, mas pode ser penalizado.
"66. O que é a ""comissão de licitação"" e o ""pregoeiro""?";"Comissão: para concorrência e diálogo competitivo; Pregoeiro: para pregão."
"67. O que é a ""licitação de obras"" (construção)?";É a licitação para contratar construção, reforma ou ampliação, com regras específicas.
"68. O que é a ""licitação de serviços comuns""?";É a licitação para serviços padronizados (ex: limpeza, vigilância), preferencialmente por pregão.
"69. O que é a ""licitação internacional""?";É a licitação aberta a empresas estrangeiras, em casos de tratados ou interesse.
70. A licitação internacional deve ser publicada em qual língua?;Em português, podendo ser em inglês ou espanhol, se necessário.
"71. O que é o ""contrato de concessão""?";É o contrato em que a Administração concede a um particular a execução de um serviço público, com cobrança de tarifa.
"72. O que é o ""contrato de permissão""?";É a delegação de serviço público, com caráter precário e por tempo indeterminado.
"73. O que é o ""contrato de parceria público-privada"" (PPP)?";É o contrato de concessão com contrapartida financeira do Estado (parceria).
74. A PPP é regulada por qual lei?;Lei 11.079/2004.
"75. O que é a ""concessão de serviço público""?";É a delegação da execução de serviço público a particular, por meio de licitação.
"76. O que é a ""permissão de serviço público""?";É a delegação a título precário, por licitação ou contrato direto.
"77. O que é a ""autorização de serviço público""?";É o ato unilateral para serviços de interesse particular (ex: transporte escolar).
"78. O que é o ""contrato de fornecimento""?";É o contrato para aquisição de bens móveis (estoque, materiais).
"79. O que é o ""contrato de prestação de serviços""?";É o contrato para execução de serviços contínuos ou não.
"80. O que são os ""serviços contínuos"" na licitação?";São serviços de manutenção, limpeza, vigilância, com previsão de prorrogação.
81. Qual o prazo máximo de prorrogação de serviços contínuos?;O contrato pode ser prorrogado sucessivamente, até o limite de 10 anos.
"82. O que é a ""garantia contratual"" (caução)?";É a garantia exigida do contratado para assegurar o cumprimento do contrato (ex: fiança, seguro).
83. A garantia pode ser prestada em dinheiro, seguro ou títulos da dívida pública?;Sim, a critério da Administração.
"84. O que é o ""recebimento do objeto"" no contrato?";É a fase de verificação da conformidade do objeto entregue (provisório e definitivo).
"85. O que é o ""termo de recebimento definitivo""?";É o ato que atesta a entrega final e a quitação do contrato.
"86. O que é a ""medição"" de obras e serviços?";É a avaliação do executado para pagamento parcial.
"87. O que é a ""fiscalização do contrato""?";É o acompanhamento pela Administração da execução do contrato (fiscal e gestor).
88. Quem é o fiscal do contrato?;É o agente público designado para acompanhar a execução e exigir o cumprimento.
"89. O que é o ""gestor do contrato""?";É o superior do fiscal, com poderes para decidir sobre o contrato.
"90. O que é a ""inadimplência"" do contratado?";É o descumprimento total ou parcial das obrigações contratuais.
91. Em caso de inadimplência, a Administração pode aplicar multa?;Sim, além de rescindir o contrato.
"92. O que é a ""subcontratação"" no contrato administrativo?";É a contratação de terceiros pelo contratado para parte da obra, mediante autorização.
93. A subcontratação é permitida?;Sim, desde que autorizada pela Administração e não seja vedada.
"94. O que é a ""cessão de direitos"" no contrato?";É a transferência de direitos e obrigações para outro, vedada sem anuência.
"95. O que é o ""acordo extrajudicial"" em contratos administrativos?";É a solução consensual de conflitos, prevista na Lei 14.133.
"96. O que é a ""conciliação"" e ""arbitragem"" em contratos?";São meios alternativos de resolução de disputas, permitidos desde que no edital.
"97. O que é a ""carta-convite"" na antiga lei (revo gada)?";Era uma modalidade para pequenos valores, substituída na Lei 14.133.
98. A Lei 14.133 revogou a Lei 8.666?;Sim, revogou expressamente, com vacatio legis de 1 ano (a partir de 2021).
99. A Lei 14.133 aplica-se a todos os contratos?;Aplica-se a todos os contratos administrativos, com exceções previstas.
100. Qual a finalidade principal da licitação e dos contratos administrativos?;Garantir a seleção da proposta mais vantajosa, a isonomia e o interesse público.
;
 O que é a responsabilidade civil do Estado?;É o dever do Estado de indenizar os particulares por danos causados por seus agentes, no exercício de suas funções, ou por omissão estatal.
2. Qual o fundamento constitucional da responsabilidade civil do Estado no Brasil?;O art. 37, §6º, da Constituição Federal de 1988.
3. O que dispõe o art. 37, §6º, da CF?;As pessoas jurídicas de direito público e as de direito privado prestadoras de serviços públicos responderão pelos danos que seus agentes causarem a terceiros, assegurado o direito de regresso contra o responsável.
4. Qual é a teoria predominante da responsabilidade civil do Estado no Brasil?;A teoria do risco administrativo (responsabilidade objetiva).
5. O que é a responsabilidade objetiva?;É a que dispensa a prova de culpa ou dolo do agente, bastando a comprovação do dano e do nexo causal com a ação estatal.
6. Qual a diferença entre a teoria do risco administrativo e a teoria do risco integral?;Risco administrativo: aceita excludentes (força maior, culpa exclusiva da vítima). Risco integral: não aceita excludentes, respondendo o Estado por qualquer dano (ex: danos nucleares).
7. O Brasil adota a teoria do risco administrativo ou integral?;Em regra, o risco administrativo, mas há exceções legais (ex: danos nucleares) onde se aplica o risco integral.
8. O que é a responsabilidade subjetiva do Estado?;É a que exige a comprovação de culpa (negligência, imprudência ou imperícia) do agente público.
9. No Brasil, a responsabilidade do Estado é objetiva para quais pessoas jurídicas?;Para as pessoas jurídicas de direito público (União, Estados, Municípios, autarquias) e para as de direito privado prestadoras de serviços públicos (art. 37, §6º).
10. A responsabilidade do Estado por omissão é objetiva ou subjetiva?;Em regra, é subjetiva, pois exige a comprovação da culpa do Estado por não agir (omissão específica).
11. O que é o nexo causal?;É o vínculo entre a conduta do agente público (ação ou omissão) e o dano sofrido pela vítima.
"12. Quem são os ""agentes públicos"" para fins de responsabilidade civil?";São todas as pessoas que exercem função pública, mesmo que transitoriamente ou sem remuneração (ex: mesários, jurados, prestadores de serviço público).
13. O Estado responde por atos de seus agentes mesmo que não tenham vínculo empregatício?;Sim, se estiverem a serviço da Administração (ex: prestadores de serviço, estagiários).
14. O Estado responde por atos de agentes políticos (Presidente, Ministros, Governadores)?;Sim, por atos administrativos, mas não por atos políticos (discricionários) que não gerem dano direto.
15. O Estado responde por atos legislativos?;Em regra, não, salvo se a lei for declarada inconstitucional e causar dano específico a um grupo.
16. O Estado responde por atos judiciais?;Em regra, não, exceto em casos de erro judiciário ou prisão além do tempo (art. 5º, LXXV, CF).
17. O que é o direito de regresso do Estado?;É o direito do Estado de cobrar do agente público o valor que pagou à vítima, se comprovada a culpa ou dolo do agente.
18. A ação de regresso do Estado contra o agente prescreve em quanto tempo?;Em 5 anos (prazo da Lei 9.494/97, para pessoas de direito público).
19. O agente público responde com seu patrimônio pessoal no regresso?;Sim, se comprovada sua culpa ou dolo, na ação regressiva.
20. A vítima pode acionar diretamente o agente público?;Sim, pela responsabilidade subjetiva, mas o Estado é solidário (litisconsórcio passivo).
21. Quais são as causas excludentes da responsabilidade objetiva do Estado?;Força maior, caso fortuito, culpa exclusiva da vítima ou de terceiro.
"22. O que é a ""culpa exclusiva da vítima""?";É quando o dano decorre unicamente da conduta da própria vítima, sem nexo com a ação estatal.
"23. O que é a ""força maior"" ou ""caso fortuito""?";São eventos imprevisíveis e inevitáveis, que rompem o nexo causal (ex: fenômenos naturais).
"24. O que é a ""culpa concorrente"" (vítima e Estado)?";Quando tanto a vítima quanto o Estado contribuem para o dano, a indenização pode ser reduzida.
25. O Estado responde por danos causados por multidões ou tumultos?;Sim, se houve omissão ou falha na prestação do serviço de segurança (responsabilidade subjetiva).
26. O Estado responde por atos de terceiros (não agentes) que causem danos?;Não, salvo se houver omissão específica do Estado (ex: falta de fiscalização).
27. O Estado responde por danos causados por presos em fuga?;Sim, se comprovada a falta de segurança ou omissão na custódia.
28. Qual o dano indenizável pela responsabilidade civil do Estado?;O dano material (patrimonial) e o dano moral (extrapatrimonial).
29. O dano moral contra o Estado é cabível?;Sim, desde que comprovada a violação de direitos da personalidade (honra, imagem, etc.).
"30. O que é o ""dano estético"" na responsabilidade do Estado?";É o dano à aparência física, indenizável acumuladamente com o dano moral.
"31. O que é a ""perda de uma chance"" na responsabilidade do Estado?";É a indenização pela perda de uma oportunidade futura, decorrente da ação estatal.
32. Qual o prazo prescricional para a vítima acionar o Estado?;Em regra, 5 anos para ações contra a Fazenda Pública (Decreto 20.910/32), salvo exceções (ex: menores).
33. O prazo prescricional é o mesmo para dano moral e material?;Sim, em regra, 5 anos para ambas.
34. Qual o prazo para o Estado ajuizar a ação regressiva?;5 anos, contados do pagamento da indenização à vítima.
"35. O que é a ""prescrição intercorrente"" na responsabilidade do Estado?";É a prescrição que ocorre durante o processo, por inércia da parte.
36. A vítima pode executar a dívida do Estado por precatório?;Sim, as dívidas da Fazenda Pública são pagas por precatório (art. 100, CF).
37. O que são os precatórios?;São requisições de pagamento de dívidas judiciais da Fazenda Pública, com ordem cronológica.
38. Qual a exceção ao regime de precatório (requisição de pequeno valor)?;Os valores de pequeno montante (definidos por lei) são pagos por requisição de pequeno valor (RPV), em até 60 dias.
39. O Estado responde por danos causados por serviços públicos delegados (concessionárias)?;Sim, objetivamente, pois são prestadoras de serviço público (art. 37, §6º), mas com regresso contra a concessionária.
40. A concessionária de serviço público responde perante o usuário ou perante terceiros?;Responde perante ambos, com base no art. 37, §6º, para terceiros, e no CDC para usuários.
41. Qual a diferença entre responsabilidade do Estado por ato comissivo e omissivo?;"Comissivo: ação direta do agente; Omissivo: inação do Estado (ex: não prestar serviço de saúde)."
42. A responsabilidade por omissão é objetiva ou subjetiva?;Em regra, subjetiva, exigindo a prova da culpa na omissão (falha no dever de agir).
"43. O que é a ""teoria da omissão específica""?";É a teoria que exige que a omissão seja concreta (ex: não socorrer uma pessoa em perigo), gerando responsabilidade objetiva.
44. O Estado responde por atos de saúde (erro médico no SUS)?;Sim, objetivamente, se o serviço for prestado por agente público ou conveniado.
45. O Estado responde por erro médico em hospital público?;Sim, objetivamente, aplicando a teoria do risco administrativo.
46. O Estado responde por atos de ensino (escola pública)?;Sim, por danos causados a alunos, com base na responsabilidade objetiva.
47. O Estado responde por danos ambientais?;Sim, objetivamente, por ação ou omissão na fiscalização e gestão ambiental.
48. O Estado responde por danos causados por veículos oficiais?;Sim, objetivamente, se o motorista estiver a serviço.
49. O Estado responde por atos de polícia?;Sim, objetivamente, por atos lícitos ou ilícitos, desde que gerem dano ao particular (ex: tiroteio em abordagem).
50. O Estado responde por atos de guerra ou comoção civil?;Em regra, não, salvo se houver omissão ou culpa na prevenção.
"51. O que é a ""responsabilidade civil do Estado por ato legislativo""?";É excepcional, ocorrendo quando a lei cria um sacrifício especial a um grupo (ex: desapropriação indireta).
"52. O que é a ""desapropriação indireta""?";É quando o Estado invade ou usa a propriedade particular sem a devida indenização, gerando responsabilidade.
53. O Estado responde por atos judiciais no erro judiciário?;Sim, nos termos do art. 5º, LXXV, da CF, para erro judiciário e prisão além do tempo.
"54. O que é o ""erro judiciário"" para fins de responsabilidade?";É a condenação injusta ou a prisão ilegal, que gera direito à indenização.
55. O Estado responde por atos do Ministério Público?;Sim, pelos atos de seus membros, no exercício de suas funções.
56. O Estado responde por atos de notários e registradores?;Sim, pelos danos causados no exercício da função, mas com regresso (Lei 8.935/94).
"57. O que é a ""responsabilidade civil do Estado por danos nucleares""?";É regida pelo risco integral, com indenização independentemente de culpa.
58. O Estado responde por danos de acidentes de trânsito causados por veículos públicos?;Sim, objetivamente, se o veículo estiver a serviço.
"59. O que é o ""dano reflexo"" (ou ricochete)?";É o dano sofrido por terceiro, indiretamente, em razão do dano à vítima direta (ex: família do falecido).
60. O Estado responde por danos reflexos?;Sim, se houver nexo causal (ex: pensão aos dependentes de vítima fatal).
61. Qual a tese do STF sobre a responsabilidade do Estado por atos de militares?;O STF já decidiu que o Estado responde objetivamente por atos de militares em serviço.
"62. O que é a ""cláusula de reserva do possível"" na responsabilidade do Estado?";É a tese de que o Estado só pode indenizar se houver recursos, mas não é aceita para afastar a responsabilidade.
63. O Estado pode ser condenado a indenizar por danos morais coletivos?;Sim, em ações civis públicas, por violação a interesses difusos (ex: meio ambiente).
"64. O que é a ""responsabilidade civil do Estado por danos decorrentes de greve""?";O Estado responde se houver omissão no dever de garantir a ordem e os serviços essenciais.
65. O Estado responde por omissão na segurança pública?;Sim, se comprovada falha específica (ex: falta de policiamento em área de risco).
"66. O que é a ""teoria do risco criado""?";O Estado responde pelo risco que sua atividade cria para a sociedade.
"67. O que é a ""teoria da culpa administrativa""?";É a teoria subjetiva, que exige a prova de culpa do agente, minoritária no Brasil.
68. A responsabilidade do Estado por atos de terceiros é objetiva?;Não, salvo se houver omissão específica do Estado (ex: fuga de preso por falta de vigilância).
69. O Estado responde por danos de queimadas em áreas de sua responsabilidade?;Sim, se houver omissão na fiscalização ou combate.
"70. O que é a ""responsabilidade civil do Estado por danos causados por software ou sistemas públicos""?";Responde, se o sistema público causar dano ao usuário (ex: erro em sistema de cadastro).
71. O Estado responde por atos de administradores públicos (gestão)?;Sim, por atos de gestão, objetivamente.
"72. O que é a ""responsabilidade do Estado por atos de fiscalização""?";Responde se houver omissão ou falha na fiscalização que cause dano (ex: fiscalização de alimentos).
73. O Estado responde por danos causados por obras públicas?;Sim, objetivamente, se a obra causar dano a terceiros (ex: desabamento).
"74. O que é o ""dano ambiental"" na responsabilidade do Estado?";É o dano ao meio ambiente, com responsabilidade objetiva (art. 225, CF).
75. O Estado responde por danos decorrentes de desastres naturais?;Não, se for caso fortuito, mas responde se houve omissão na prevenção.
"76. O que é a ""culpa in eligendo"" na responsabilidade do Estado?";É a culpa na escolha do agente, aplicável na teoria subjetiva.
"77. O que é a ""culpa in vigilando"" na responsabilidade do Estado?";É a culpa na fiscalização do agente.
78. O Estado responde por danos causados por seus agentes em atividade privada?;Não, se não estiverem a serviço da Administração.
79. O Estado responde por atos de agentes públicos no exterior?;Sim, por atos de diplomatas ou militares em missão oficial, conforme o direito internacional.
"80. O que é a ""responsabilidade internacional do Estado""?";É a responsabilidade do Estado perante outros Estados ou organismos internacionais, por violação de tratados.
"81. O que é a ""actio de in rem verso"" contra o Estado?";É a ação de enriquecimento ilícito, que pode ser usada contra o Estado quando houver vantagem injusta.
82. O Estado pode ser responsabilizado por atos de seus órgãos independentes (ex: TCU)?;Sim, pelos atos administrativos de seus membros.
"83. O que é a ""imunidade do Estado"" no direito internacional?";É a prerrogativa de não ser processado em tribunal estrangeiro, salvo exceções (ex: atos comerciais).
84. O Estado responde por danos causados por seus agentes em estado de necessidade?;Sim, se o ato foi lícito, mas gerou dano (ex: destruição de propriedade para salvar vidas).
"85. O que é a ""responsabilidade por ato lícito""?";É a indenização por danos causados por uma ação legal, mas que onera o particular (ex: desapropriação).
86. O Estado responde por danos causados por exercício regular de direito?;Em regra, não, salvo se gerar sacrifício especial (ex: zoneamento que inviabiliza propriedade).
"87. O que é o ""dano à imagem"" do Estado?";O Estado pode ser condenado por danos morais se ofender a imagem de uma pessoa.
"88. O que é a ""responsabilidade do Estado por danos a presos""?";O Estado responde por danos a presos (ex: agressões, falta de assistência) objetivamente.
89. O Estado responde por suicídio de preso?;Sim, se comprovada omissão na vigilância (custódia).
"90. O que é a ""responsabilidade do Estado por danos a menores sob sua guarda""?";Responde por atos de suas instituições (ex: abrigos).
91. O Estado responde por danos decorrentes de vacinação obrigatória?;Em regra, não, salvo se houver dano anormal ou culpa na aplicação.
"92. O que é a ""indenização por danos morais na responsabilidade do Estado""?";É a compensação por sofrimento, dor ou abalo à honra.
93. O valor da indenização por dano moral contra o Estado é fixado por qual critério?;Pelo juiz, com base na proporcionalidade e razoabilidade, considerando o porte do dano e a capacidade econômica do Estado.
94. O Estado pode ser condenado a pagar danos morais coletivos?;Sim, em ações de interesse difuso, mas o valor é destinado a fundo.
"95. O que é a ""responsabilidade do Estado por danos ao patrimônio histórico""?";Responde por omissão na preservação do patrimônio, se comprovada culpa.
96. O Estado responde por danos causados por seus agentes em campanhas eleitorais?;Não, se estiverem em atividade partidária (fora do serviço público).
"97. O que é a ""responsabilidade do Estado por danos de transporte público""?";Responde objetivamente por acidentes em transporte público (concedido ou direto).
98. O Estado pode invocar a falta de recursos para não indenizar?;Não, a responsabilidade é objetiva, salvo as excludentes.
"99. O que é a ""prescrição da pretensão indenizatória contra o Estado""?";É o prazo de 5 anos, contado do fato, para a vítima ajuizar a ação (art. 1º do Decreto 20.910/32).
100. Qual a tese do STF sobre a aplicação do Código de Defesa do Consumidor ao Estado?;O STF entende que o Estado responde objetivamente, e o CDC aplica-se aos serviços públicos, quando houver relação de consumo.
;
;
;
Qual é o regime jurídico dos servidores públicos civis da União?;A Lei 8.112/1990 (Regime Jurídico Único).
2. O que é a estabilidade do servidor público?;É a garantia de permanência no serviço público após 3 anos de efetivo exercício (estágio probatório), só perdendo o cargo por sentença judicial ou processo administrativo.
3. Quais são os requisitos para a estabilidade?;Aprovação em concurso público e 3 anos de efetivo exercício (art. 41, CF).
4. O servidor estável pode ser demitido?;Sim, por sentença judicial transitada em julgado ou mediante processo administrativo disciplinar (PAD) com ampla defesa.
5. O que é a avaliação de desempenho no estágio probatório?;É a avaliação periódica do servidor durante os 3 anos iniciais, para confirmar sua aptidão.
6. Quais são os direitos básicos do servidor público (art. 7º da CF)?;Salário mínimo, irredutibilidade de vencimentos, férias, licenças, aposentadoria, etc.
7. Qual o direito à licença-prêmio (ou licença para capacitação)?;É a licença de 3 meses a cada 5 anos de serviço, para aperfeiçoamento (art. 87, Lei 8.112).
8. Qual a duração da licença à gestante?;120 dias (art. 7º, XVIII, CF).
9. Qual a duração da licença-paternidade?;5 dias (art. 7º, XIX, CF), prorrogáveis por 15 dias em programa de paternidade.
10. O servidor tem direito a adicional de férias?;Sim, 1/3 a mais que o vencimento (art. 7º, XVII, CF).
11. O que é a licença para tratar de interesses particulares?;É a licença sem vencimentos, por até 3 anos, a critério da Administração.
12. O que é a licença por motivo de doença em pessoa da família?;É a licença de até 30 dias, com remuneração, para acompanhar familiar doente.
13. O que é a licença por motivo de acidente em serviço?;É a licença com remuneração integral, até a recuperação ou aposentadoria.
14. O servidor tem direito a adicional por tempo de serviço?;Sim, como o quinquênio (5 anos = 5% adicional) ou triênio, previstos em leis específicas.
15. O que é a gratificação natalina (13º salário)?;É o pagamento de 1/12 avos por mês trabalhado, devido ao servidor.
16. O servidor pode acumular cargos públicos?;Sim, apenas nos casos previstos no art. 37, XVI, da CF: 2 cargos de professor, 1 técnico + 1 professor, ou 2 profissionais da saúde.
17. O que é o teto remuneratório para servidores?;É o limite máximo de remuneração, que é o subsídio dos Ministros do STF (art. 37, XI).
18. Quais são os deveres do servidor público (art. 116, Lei 8.112)?;Lealdade, assiduidade, pontualidade, obedecer ordens legais, preservar o patrimônio público, etc.
19. O servidor deve manter sigilo sobre informações?;Sim, sobre assuntos confidenciais, sob pena de responsabilidade.
20. O servidor pode recusar a prestar informações ao cidadão?;Não, salvo quando o sigilo for imposto por lei.
21. O que é o direito de greve do servidor público?;É assegurado, mas deve ser exercido nos termos da lei específica (Lei 7.783/89, com adaptações).
22. O servidor tem direito à livre associação sindical?;Sim, é garantido pela CF (art. 37, VI).
23. O que é a irredutibilidade de vencimentos?;É a garantia de que os vencimentos do servidor não podem ser reduzidos (art. 37, XV, CF).
24. O que é a aposentadoria do servidor?;É o benefício previdenciário após o cumprimento de tempo de contribuição e idade.
25. Quais são os tipos de aposentadoria na Lei 8.112?;Aposentadoria por invalidez, voluntária (por idade e tempo) e compulsória (aos 75 anos).
;
Responsabilidades do Servidor Público;
Pergunta (Front);Resposta Simples (Back)
26. O servidor responde por quais esferas de responsabilidade?;Responsabilidade civil, administrativa e penal (podem ser cumuladas).
27. O que é a responsabilidade civil do servidor?;É o dever de indenizar o Estado ou terceiros por danos causados no exercício da função (ação regressiva).
28. O que é a responsabilidade administrativa do servidor?;É a decorrente de infrações funcionais, punível com sanções disciplinares.
29. O que é a responsabilidade penal do servidor?;É a decorrente de crimes contra a Administração Pública (ex: peculato, corrupção).
30. As responsabilidades administrativa, civil e penal são independentes?;Sim, podem ser aplicadas cumulativamente, sem prejuízo umas das outras.
"31. O que é o ""abandono de cargo""?";É a ausência do servidor por mais de 30 dias consecutivos, sem justificativa.
"32. O que é a ""inassiduidade habitual""?";É a falta ao serviço de forma reiterada, sem justificativa, que pode levar à demissão.
"33. O que é o ""descumprimento de deveres funcionais""?";É a violação de qualquer dever previsto na Lei 8.112 (ex: insubordinação).
34. O servidor pode ser responsabilizado por atos de improbidade?;Sim, pela Lei 8.429/1992.
35. A demissão do servidor é uma sanção administrativa?;Sim, é a sanção mais grave, aplicada após PAD.
"36. O que é a ""suspensão"" do servidor?";É a sanção de afastamento por até 90 dias, com perda de vencimentos.
"37. O que é a ""advertência"" do servidor?";É a sanção leve, aplicada por escrito, por faltas leves.
"38. O que é a ""repreensão"" (ou censura)?";É a sanção intermediária, aplicada por faltas de maior gravidade.
"39. O que é a ""destituição de função comissionada""?";É a perda do cargo de confiança, sem perda do cargo efetivo.
"40. O que é a ""demissão"" do servidor estável?";É a perda do cargo, por sentença judicial ou PAD, com transito em julgado.
"41. O que é a ""cassação de aposentadoria""?";É a perda do benefício previdenciário, se comprovada falta grave anterior.
;
Improbidade Administrativa (Lei 8.429/1992);
Pergunta (Front);Resposta Simples (Back)
42. O que é improbidade administrativa?;É a conduta desonesta do agente público (ou de particular) que atenta contra os princípios da Administração ou causa dano ao erário.
43. Qual a lei que rege a improbidade administrativa?;Lei 8.429/1992, alterada pela Lei 14.230/2021.
44. Quais são os tipos de improbidade administrativa?;"(1) Atos que importam enriquecimento ilícito; (2) Atos que causam prejuízo ao erário; (3) Atos que atentam contra os princípios da Administração."
45. O que é o enriquecimento ilícito na improbidade?;É o aumento patrimonial do agente sem justa causa, decorrente de sua função.
46. O que é o prejuízo ao erário na improbidade?;É o dano financeiro ao patrimônio público, por ação ou omissão.
47. O que é a violação aos princípios da Administração na improbidade?;É a conduta que ofende a legalidade, moralidade, impessoalidade, etc., sem dano direto ou enriquecimento.
48. Quem pode ser sujeito ativo de improbidade?;Agente público (servidor, político) ou particular que induza, concorra ou se beneficie.
49. Quais são as sanções pela improbidade?;Perda de bens, ressarcimento ao erário, suspensão dos direitos políticos, multa, proibição de contratar com o poder público.
50. A Lei de Improbidade exige dolo para a condenação?;A Lei 14.230/2021 exige dolo para todos os tipos de improbidade (não basta culpa).
51. A ação de improbidade pode ser ajuizada pelo Ministério Público?;Sim, o MP tem legitimidade para propor a ação.
52. Qual o prazo prescricional para a ação de improbidade?;8 anos (após a Lei 14.230/2021, contados do fato ou do término do mandato).
"53. O que é o ""ressarcimento ao erário"" na improbidade?";É a devolução do valor danificado ao Estado, com correção monetária.
54. A sanção de suspensão dos direitos políticos na improbidade é por quanto tempo?;De 3 a 14 anos, a depender da gravidade.
55. O particular que se beneficia da improbidade responde?;Sim, solidariamente com o agente público.
56. O acordo de não persecução cível (ANPC) é permitido na improbidade?;Sim, a Lei 14.230/2021 prevê o ANPC, com reparação do dano e aplicação de sanções.
"57. O que é a ""perda da função pública"" na improbidade?";É a destituição do cargo ou emprego público, como sanção.
58. A improbidade é crime?;Não, é ilícito administrativo e civil, mas pode gerar processo criminal separado.
59. A condenação por improbidade gera inelegibilidade?;Sim, pela Lei da Ficha Limpa (LC 64/90), por 8 anos.
60. Qual o rito do processo de improbidade?;Ação civil pública, com ampla defesa e contraditório.
;
Regime Disciplinar e Processo Administrativo Disciplinar (PAD);
;
61. O que é o regime disciplinar do servidor?;É o conjunto de regras que definem as obrigações, proibições e sanções aplicáveis ao servidor.
62. O que é o Processo Administrativo Disciplinar (PAD)?;É o procedimento formal para apurar faltas funcionais graves e aplicar sanções, com garantia de ampla defesa.
63. O PAD é obrigatório para quais sanções?;Para demissão, cassação de aposentadoria e destituição de cargo em comissão (art. 148, Lei 8.112).
64. Qual a lei que regula o PAD na União?;A Lei 8.112/1990, nos arts. 143 a 182.
65. O que é a sindicância?;É um procedimento preliminar, sumário, para apurar irregularidades de menor gravidade.
66. A sindicância pode resultar em PAD?;Sim, se for constatada infração grave.
67. Quais são as fases do PAD?;"(1) Instauração; (2) Inquérito (instrução); (3) Defesa; (4) Relatório; (5) Julgamento."
68. Quem pode instaurar o PAD?;A autoridade competente, por portaria, ou comissão designada.
69. O que é a comissão de inquérito no PAD?;É a comissão de 3 servidores estáveis que conduz a investigação.
70. O servidor acusado tem direito a advogado no PAD?;Sim, é garantida a ampla defesa e o contraditório (art. 5º, LV, CF).
71. Qual o prazo para a conclusão do PAD?;60 dias, prorrogáveis por mais 60 dias (art. 152).
"72. O que é o ""auto de infração"" no PAD?";É o documento que formaliza a acusação, com descrição dos fatos.
"73. O que é a ""citação"" no PAD?";É a comunicação formal ao servidor da instauração do processo, com prazo para defesa.
74. Qual o prazo para a defesa prévia no PAD?;10 dias (art. 154).
"75. O que é a ""instrução probatória"" no PAD?";É a fase de produção de provas: documentos, testemunhas, perícias.
76. O servidor pode produzir contraprovas?;Sim, tem o direito de apresentar suas provas.
"77. O que é o ""relatório final"" da comissão?";É o documento que resume os fatos, as provas e sugere a sanção ou a absolvição.
78. Quem julga o PAD?;A autoridade competente que instaurou o processo.
79. Se a autoridade julgar e aplicar sanção, cabe recurso?;Sim, em regra, à autoridade superior.
80. Quais são as sanções aplicáveis no PAD?;Advertência, suspensão, demissão, cassação de aposentadoria, etc.
81. O servidor pode ser afastado preventivamente durante o PAD?;Sim, por até 60 dias, para não atrapalhar as investigações.
"82. O que é o ""in dubio pro servidor"" no PAD?";É o princípio de que, na dúvida, decide-se a favor do servidor (interpretação favorável).
83. O PAD pode ser arquivado?;Sim, se a acusação for improcedente.
"84. O que é a ""prescrição"" da pretensão punitiva da Administração?";É o prazo de 5 anos para a Administração aplicar a sanção (art. 142, §1º).
85. A prescrição é contada de que data?;Da data do fato ou do conhecimento da autoridade.
86. A prescrição é interrompida por quais atos?;Pela instauração da sindicância ou do PAD.
"87. O que é a ""reabilitação"" do servidor?";É a declaração de que a sanção foi cumprida, após 5 anos de bom comportamento.
"88. O que é a ""graça"" ou ""indulto"" no âmbito disciplinar?";É o perdão da sanção, a critério do Chefe do Executivo, excepcionalmente.
89. O PAD para servidor em estágio probatório tem rito diferenciado?;Sim, pode ser mais célere e a sanção pode ser a exoneração.
"90. O que é a ""demissão por abandono de cargo""?";É a perda do cargo por ausência injustificada por 30 dias.
"91. O que é a ""demissão por inassiduidade habitual""?";É a perda do cargo por faltas reiteradas, após processo.
"92. O que é a ""exoneração"" do servidor?";É a dispensa do cargo (ex: a pedido, ou a critério da Administração, se não estável).
93. A exoneração é uma sanção disciplinar?;"Não, quando é a pedido; é sanção quando se trata de servidor não estável por mau desempenho."
94. O servidor aposentado pode ser submetido a PAD?;Sim, se a falta foi cometida antes da aposentadoria, para cassar o benefício.
"95. O que é o ""processo administrativo para apuração de falta grave""?";É o PAD propriamente dito.
96. O servidor denunciado tem direito a vista dos autos?;Sim, em qualquer fase do processo.
"97. O que é a ""notificação"" no PAD?";É a comunicação oficial de atos processuais.
98. A autoridade julgadora deve ser a mesma que instaurou o PAD?;Em regra, sim, salvo impedimento.
"99. O que é a ""sentença administrativa""?";É a decisão final do PAD, com a aplicação da sanção ou absolvição.
100. Qual a relação entre o PAD e a ação penal?;São independentes, podendo o servidor ser punido administrativamente antes ou depois da sentença penal.
;
;
;
Qual é a lei que institui o Regime Jurídico dos Servidores do Serviço Exterior Brasileiro?;A Lei nº 11.440, de 29 de dezembro de 2006.
2. A Lei 11.440/2006 revogou qual estatuto anterior?;Revogou a Lei nº 6.091, de 16 de agosto de 1974.
3. Quem são os servidores abrangidos pela Lei 11.440/2006?;Os integrantes da Carreira de Diplomata, do Serviço de Assistência Administrativa, e os de outros cargos a ela equiparados.
4. A Lei 11.440/2006 se aplica aos servidores do Itamaraty lotados no exterior?;Sim, aplica-se a todos os servidores do Serviço Exterior, no Brasil e no exterior.
5. Quais são as Carreiras do Serviço Exterior Brasileiro?;Carreira de Diplomata e Carreira de Oficial de Chancelaria (Serviço de Assistência Administrativa).
6. A Carreira de Diplomata é composta por quais classes?;Terceiro Secretário, Segundo Secretário, Primeiro Secretário, Conselheiro e Ministro.
7. A Carreira de Oficial de Chancelaria é composta por quais classes?;Oficial de Chancelaria, Primeiro Oficial de Chancelaria e Oficial Superior de Chancelaria.
8. Qual é o órgão máximo do Serviço Exterior Brasileiro?;O Ministério das Relações Exteriores (MRE).
9. Quem é a autoridade máxima do Serviço Exterior Brasileiro?;O Ministro de Estado das Relações Exteriores.
"10. O que é o ""Serviço Exterior Brasileiro""?";É o conjunto de órgãos e servidores do MRE que atuam na execução da política externa do Brasil.
11. O ingresso na Carreira de Diplomata se dá por qual forma?;Exclusivamente por concurso público de provas e títulos, com exigência de nível superior.
12. O ingresso na Carreira de Oficial de Chancelaria se dá por qual forma?;Exclusivamente por concurso público de provas e títulos, com exigência de nível médio (atualmente superior, conforme edital).
13. Qual o estágio probatório para os servidores do Serviço Exterior?;O período de 3 (três) anos de efetivo exercício, conforme art. 41 da CF, aplicável a todos.
14. A promoção na Carreira de Diplomata se dá por quais critérios?;Antiguidade e merecimento, alternadamente, salvo exceções legais.
15. A promoção na Carreira de Oficial de Chancelaria se dá por quais critérios?;Antiguidade e merecimento, alternadamente.
"16. O que é a ""promoção por merecimento""?";Baseia-se no desempenho, na avaliação funcional, na qualificação e na produtividade do servidor.
"17. O que é a ""promoção por antiguidade""?";Baseia-se no tempo de serviço na classe anterior, respeitando a ordem cronológica.
"18. O que é a ""avaliação de desempenho"" para os servidores do Serviço Exterior?";É o processo periódico para aferir a eficiência e a qualidade do trabalho, utilizado para a promoção por merecimento.
19. Quem é responsável pela avaliação dos servidores lotados no exterior?;O Chefe da Missão Diplomática ou da Repartição Consular.
"20. O que é a ""atividade externa"" do servidor do Serviço Exterior?";É o exercício de funções em postos no exterior (embaixadas, consulados, missões junto a organismos internacionais).
21. A movimentação para o exterior (lotação) é discricionária da Administração?;Sim, é ato da autoridade superior, baseado nas necessidades do serviço.
22. Os servidores do Serviço Exterior têm direito a visto diplomático?;Sim, eles e seus dependentes, para fins de exercício no exterior.
"23. O que é a ""ajuda de custo"" para servidores em trânsito?";É uma indenização paga para cobrir despesas de viagem e instalação, quando o servidor é removido de uma localidade para outra.
"24. O que é o ""adicional de serviço exterior""?";É uma vantagem pecuniária devida aos servidores lotados no exterior, para compensar as peculiaridades da vida no estrangeiro.
25. O servidor do Serviço Exterior tem direito a férias no exterior?;Sim, mas o gozo deve ser compatível com as necessidades do serviço.
26. Qual o prazo máximo para o servidor permanecer no exterior?;Em regra, 4 anos, prorrogável por igual período, a critério da Administração.
"27. O que é a ""remoção"" no Serviço Exterior?";É a movimentação do servidor de uma unidade para outra, no Brasil ou no exterior, com ou sem mudança de sede.
28. A remoção é ato voluntário do servidor?;Não, em regra é por interesse da Administração, mas pode ser a pedido.
29. O servidor pode recusar a remoção para o exterior?;A recusa pode configurar insubordinação, sujeitando-o a sanções administrativas, salvo justo motivo.
30. Quais são os deveres específicos dos servidores do Serviço Exterior?;Lealdade à política externa, sigilo, cortesia diplomática, zelo pela imagem do Brasil, e colaboração com a missão.
31. O servidor do Serviço Exterior pode exercer atividade política no exterior?;Deve manter discrição e não se envolver em política local, salvo atividades de representação autorizadas.
32. O servidor lotado no exterior está sujeito à legislação trabalhista local?;Não, rege-se pela Lei 11.440/2006 e pela legislação brasileira, inclusive nos aspectos disciplinares.
33. O servidor do Serviço Exterior tem direito à assistência médica no exterior?;Sim, mediante ressarcimento ou sistema de reembolso, conforme regulamentação.
34. O servidor do Serviço Exterior está sujeito ao regime de previdência do RPPS?;Sim, ao Regime Próprio de Previdência Social (RPPS) da União.
35. Qual o regime disciplinar aplicável aos servidores do Serviço Exterior?;O da Lei 8.112/1990 (para civis), com as adaptações específicas da Lei 11.440/2006.
36. A Lei 11.440/2006 prevê um rito especial para Processo Administrativo Disciplinar (PAD) no exterior?;Sim, com prazos adaptados e a possibilidade de composição da comissão com diplomatas.
37. O servidor pode ser demitido do Serviço Exterior por quebra de sigilo?;Sim, a violação do sigilo funcional é falta grave, passível de demissão.
"38. O que são as ""penas disciplinares"" aplicáveis?";Advertência, suspensão, destituição de função comissionada, demissão e cassação de aposentadoria.
39. Qual o prazo prescricional para a aplicação de sanções no Serviço Exterior?;O mesmo do art. 142 da Lei 8.112/1990: 5 anos, contados da data do fato.
40. O servidor do Serviço Exterior tem direito à greve?;Sim, mas com restrições por se tratar de serviço essencial (relações exteriores).
41. Qual é o sindicato representativo dos diplomatas?;O Sindicato Nacional dos Diplomatas (SINDIP).
42. O cargo de Diplomata pode ser ocupado por estrangeiro?;Não, exige-se nacionalidade brasileira para a Carreira de Diplomata.
43. O servidor do Serviço Exterior pode acumular cargo no exterior?;Não, salvo função de magistério ou acumulação autorizada.
"44. O que é a ""licença para capacitação"" no Serviço Exterior?";É a licença de até 3 meses a cada 5 anos, para aperfeiçoamento (art. 87, Lei 8.112).
45. O servidor do Serviço Exterior tem direito a adicional de férias (1/3)?;Sim, conforme art. 7º, XVII, da CF.
46. O servidor do Serviço Exterior pode ser exonerado a pedido?;Sim, a pedido, ou ex officio, se não estável.
"47. O que é a ""vacância"" do cargo do servidor?";É a situação de vazio do cargo, por exoneração, demissão, posse em outro cargo, ou morte.
48. O servidor do Serviço Exterior pode ser cedido a outro órgão?;Sim, mas excepcionalmente, desde que autorizado e com ônus para o cessionário.
"49. A Lei 11.440/2006 prevê o ""estágio de adaptação"" para o exterior?";Sim, para os servidores que se deslocam para postos no exterior, visando à ambientação.
50. Qual a forma de pagamento dos vencimentos no exterior?;Em moeda nacional, com conversão para moeda local, conforme regulamentação do MRE.
51. O servidor do Serviço Exterior está sujeito ao Código de Ética da Alta Administração?;Sim, aplicável a todos os servidores públicos federais.
"52. O que é a ""comissão de ética"" no MRE?";É o órgão responsável por apurar infrações éticas no âmbito do Ministério.
53. O servidor do Serviço Exterior pode receber presentes de autoridades estrangeiras?;Em regra, não, salvo os de cortesia, que devem ser incorporados ao acervo público.
"54. O que é o ""direito de representação"" do Diplomata?";É o direito de manifestar posições oficiais em nome do governo brasileiro, no exterior.
55. Os servidores do Serviço Exterior têm direito à promoção automática?;Não, a promoção exige preenchimento de vagas e avaliação por merecimento ou antiguidade.
56. O servidor pode ser promovido enquanto lotado no exterior?;Sim, a promoção pode ocorrer em qualquer lotação.
"57. O que é a ""reversão"" no Serviço Exterior?";É o retorno à atividade do servidor aposentado, excepcionalmente, a critério do Ministro.
"58. A Lei 11.440/2006 prevê o ""afastamento para estudo"" no exterior?";Sim, para cursos de especialização em relações internacionais, línguas ou áreas afins.
59. O servidor do Serviço Exterior pode ser removido a pedido para outro posto?;Sim, desde que haja vaga e interesse da Administração.
"60. O que é o ""princípio da não ingerência"" em relação ao servidor no exterior?";O servidor deve respeitar a soberania do país onde está lotado, não interferindo em assuntos internos.
61. O servidor do Serviço Exterior pode ser processado por autoridade estrangeira?;Em regra, goza de imunidade de jurisdição para atos funcionais (Convenção de Viena).
62. A imunidade diplomática se estende aos servidores do Serviço Exterior?;Sim, para os diplomatas credenciados, com base na Convenção de Viena sobre Relações Diplomáticas (1961).
63. Os oficiais de chancelaria têm imunidade diplomática?;Têm imunidade funcional limitada, conforme os tratados.
"64. O que é a ""carreira de apoio"" no Serviço Exterior?";São os cargos de nível intermediário, como os de Agente Administrativo, que não compõem a carreira de diplomata ou oficial de chancelaria.
65. A Lei 11.440/2006 fixa um quantitativo de cargos?;Sim, a lei define o número de cargos por classe, com atualização por ato do Poder Executivo.
66. O servidor do Serviço Exterior pode ter participação acionária em empresas?;Sim, mas deve observar o conflito de interesses (Lei 12.813/2013).
"67. O que é a ""Lei de Conflito de Interesses"" (Lei 12.813/2013) e como se aplica?";Aplica-se aos servidores, impedindo que usem a função para benefício privado.
68. O servidor do Serviço Exterior tem direito a auxílio-moradia no exterior?;Sim, sob a forma de ajuda de custo ou reembolso, conforme regulamento.
"69. O que é a ""auxílio-saúde"" no Serviço Exterior?";É a assistência à saúde, com reembolso de despesas médicas no exterior.
70. O servidor do Serviço Exterior pode trabalhar em missão internacional?;Sim, em organismos internacionais (ONU, OEA, etc.), com licença ou cedência.
71. A cedência para organismo internacional é remunerada?;Sim, com complementação de vencimentos, se o organismo pagar menos.
"72. O que é a ""licença para trato de interesses particulares"" no Serviço Exterior?";É a licença sem vencimentos, por até 3 anos, a critério da Administração.
73. O servidor do Serviço Exterior pode ser candidato a cargo eletivo no Brasil?;Sim, mas deve se afastar do cargo, se eleito.
"74. O que é a ""reintegração"" do servidor demitido?";É o retorno ao serviço, por decisão judicial ou administrativa, se a demissão foi anulada.
"75. O servidor do Serviço Exterior tem direito a ""ajuda de custo"" para instalação no exterior?";Sim, para cobrir despesas iniciais de mudança.
"76. O que é a ""remuneração"" do servidor no exterior?";É o vencimento básico acrescido de adicionais e indenizações específicas.
77. O servidor do Serviço Exterior pode ser punido por faltas cometidas no exterior?;Sim, a jurisdição disciplinar é do Brasil.
78. A Administração pode aplicar sanção disciplinar sem PAD para penas leves?;Sim, para advertência ou suspensão de até 30 dias, após sindicância sumária.
"79. O que é a ""cassação de aposentadoria"" no Serviço Exterior?";É a perda da aposentadoria por faltas graves cometidas antes da aposentadoria.
80. O servidor aposentado pode ser chamado de volta?;Sim, em casos excepcionais, por necessidade do serviço.
"81. A Lei 11.440/2006 prevê a ""perda do cargo"" por improbidade?";Sim, a improbidade é uma das causas de demissão.
82. O servidor do Serviço Exterior pode ser extraditado?;Em regra, não, pois goza de proteção diplomática, se for funcionário em missão.
"83. O que é a ""proteção diplomática"" ao servidor?";É a proteção que o Brasil dá a seus funcionários no exterior, inclusive contra atos arbitrários.
84. O servidor do Serviço Exterior tem direito à contagem de tempo no exterior para aposentadoria?;Sim, o tempo de serviço no exterior conta para aposentadoria e promoção.
"85. O que é a ""acumulação de encargos"" no Serviço Exterior?";É a atribuição de funções extras, sem remuneração adicional, a critério da chefia.
86. O servidor do Serviço Exterior pode exercer advocacia?;Não, é vedado o exercício de advocacia, exceto se no exterior, mas com restrições.
"87. O que é a ""assiduidade"" para o servidor no exterior?";É a frequência regular ao trabalho, obrigatória.
88. O servidor do Serviço Exterior tem jornada de trabalho fixa?;Sim, a jornada é a do MRE, com adaptação local.
"89. O servidor pode ser submetido a ""horário extraordinário"" no exterior?";Sim, com compensação ou pagamento de adicional, conforme a lei.
"90. A Lei 11.440/2006 prevê a ""licença-maternidade"" e ""paternidade""?";Sim, aplica-se a Lei 8.112, com os prazos constitucionais.
91. O servidor do Serviço Exterior pode adoçar? (SIC - adoção);Sim, tem os mesmos direitos da Lei 8.112.
"92. O que é a ""mobilidade funcional"" no Serviço Exterior?";É a possibilidade de o servidor exercer funções em diferentes postos.
"93. O servidor do Serviço Exterior pode ser ""desligado"" a pedido?";Sim, por exoneração a pedido.
"94. O que é a ""aposentadoria voluntária"" do diplomata?";É a aposentadoria por tempo de contribuição ou idade, conforme regras gerais do RPPS.
95. A aposentadoria do servidor do Serviço Exterior é integral?;Sim, se preencher os requisitos da CF (antes da EC 103/2019, para os antigos).
96. O servidor do Serviço Exterior está sujeito à EC 103/2019 (Reforma da Previdência)?;Sim, para os que ingressarem após a EC.
"97. O que é a ""complementação de aposentadoria"" no Serviço Exterior?";É o plano de previdência complementar (PGBL), para quem ingressar após a EC.
"98. O servidor do Serviço Exterior tem direito a ""auxílio-funeral""?";Sim, para seus dependentes.
99. Qual a relação da Lei 11.440/2006 com a Lei 8.112/1990?;A Lei 11.440 é uma lei especial que complementa a Lei 8.112 para o Serviço Exterior.
100. A Lei 11.440/2006 pode ser alterada por lei ordinária?;Sim, é lei ordinária, passível de alteração pelo processo legislativo comum.
;
O que são finanças públicas?;São o conjunto de atividades do Estado para arrecadar receitas e realizar despesas, visando atender às necessidades coletivas.
2. Quais são os três principais instrumentos de planejamento orçamentário no Brasil?;O Plano Plurianual (PPA), a Lei de Diretrizes Orçamentárias (LDO) e a Lei Orçamentária Anual (LOA).
3. O que é o PPA (Plano Plurianual)?;É a lei que estabelece as diretrizes, objetivos e metas da administração pública para um período de 4 anos (art. 165, §1º, CF).
4. Qual a vigência do PPA?;De 4 anos, coincidindo com o mandato do Chefe do Executivo (do segundo ano de um mandato ao primeiro do seguinte).
5. O que é a LDO (Lei de Diretrizes Orçamentárias)?;É a lei que orienta a elaboração da LOA, estabelecendo as metas e prioridades da administração para o exercício seguinte (art. 165, §2º).
6. A LDO é anual ou plurianual?;É anual, com vigência de 1 ano.
7. O que é a LOA (Lei Orçamentária Anual)?;É a lei que estima a receita e fixa a despesa do governo para um exercício financeiro (art. 165, §5º).
8. Qual a vigência da LOA?;1 ano (exercício financeiro).
9. Quem elabora os projetos orçamentários (PPA, LDO, LOA)?;O Poder Executivo (Presidente da República).
10. Quem aprecia e aprova os projetos orçamentários?;O Poder Legislativo (Congresso Nacional).
11. Qual é o princípio da universalidade orçamentária?;Todas as receitas e despesas devem constar na LOA (art. 2º da Lei 4.320/64).
12. Qual é o princípio da anualidade ou periodicidade?;O orçamento deve ser elaborado para um período de 1 ano (exercício financeiro).
13. Qual é o princípio da unidade ou totalidade?;O orçamento deve ser uno, contendo todas as receitas e despesas em um único documento (salvo exceções).
14. Qual é o princípio da exclusividade?;A LOA deve conter apenas matéria orçamentária, não podendo tratar de outros assuntos (art. 165, §8º).
15. Qual é o princípio do equilíbrio orçamentário?;As despesas não devem superar as receitas (embora a LRF admita déficit com metas de ajuste).
16. Qual é o princípio da não-afetação (ou não-vinculação) da receita?;As receitas não podem ser vinculadas a despesas específicas, salvo exceções constitucionais (art. 167, IV).
17. Qual é o princípio da publicidade?;O orçamento deve ser divulgado amplamente, garantindo transparência.
18. Qual é o princípio da transparência orçamentária?;Exige que o orçamento seja claro, acessível e com informações tempestivas (LC 101/2000).
19. Qual é o princípio da economicidade?;Exige a obtenção do melhor resultado com o menor custo possível.
20. O que é o exercício financeiro no Brasil?;O período de 1º de janeiro a 31 de dezembro de cada ano.
21. O que é a Lei de Responsabilidade Fiscal (LRF)?;É a Lei Complementar 101/2000, que estabelece normas de finanças públicas voltadas para a responsabilidade na gestão fiscal.
22. Qual o principal objetivo da LRF?;Garantir o equilíbrio das contas públicas, com planejamento, transparência e controle.
23. A LRF se aplica a quais entes?;União, Estados, DF e Municípios, e suas respectivas administrações direta e indireta.
"24. O que são os ""restos a pagar""?";São as despesas empenhadas, mas não pagas até o final do exercício (art. 36, LRF).
"25. O que são as ""despesas de exercícios anteriores""?";São despesas que não se processaram no exercício próprio, por atraso na liquidação.
"26. O que é o ""crédito adicional""?";É a autorização para aumentar a despesa orçamentária, por meio de créditos suplementares, especiais ou extraordinários.
27. O que é um crédito suplementar?;É aquele destinado a reforçar dotações orçamentárias já existentes.
28. O que é um crédito especial?;É aquele destinado a despesas para as quais não havia dotação orçamentária específica.
29. O que é um crédito extraordinário?;É aquele destinado a despesas imprevistas e urgentes (ex: calamidade pública), podendo ser aberto por Medida Provisória.
30. A abertura de créditos suplementares e especiais depende de autorização?;Sim, depende de autorização legislativa (Lei orçamentária ou MP) e indicação de fonte de recursos.
"31. O que é o ""superávit financeiro"" no orçamento?";É o saldo positivo de recursos de um exercício, que pode ser usado para abrir créditos adicionais.
"32. O que é a ""despesa obrigatória de caráter continuado""?";É a despesa corrente derivada de lei, que cria uma obrigação permanente para o Estado (art. 17, LRF).
"33. O que é a ""renúncia de receita"" (art. 14, LRF)?";É a concessão de benefícios fiscais (isenções, anistias, etc.) que reduzem a arrecadação, devendo ser compensada.
"34. O que são as ""metas fiscais"" na LRF?";São os objetivos de resultado primário, nominal e montante da dívida pública, estabelecidos na LDO.
"35. O que é o ""resultado primário"" do governo?";É a diferença entre receitas e despesas, excluindo os gastos com juros da dívida.
"36. O que é o ""resultado nominal"" do governo?";É o resultado primário ajustado pela variação cambial e pelos juros da dívida.
"37. O que é o ""limite de endividamento"" na LRF?";São os limites máximos para a dívida consolidada líquida da União, Estados e Municípios.
"38. O que é a ""dívida consolidada líquida""?";É o total das obrigações financeiras do ente, deduzidos os ativos financeiros.
"39. O que é a ""operação de crédito"" (art. 32, LRF)?";É a contratação de empréstimos ou financiamentos pelo ente público.
40. As operações de crédito devem constar no orçamento?;Sim, são autorizadas na LOA e devem respeitar os limites legais.
"41. O que é a ""regra de ouro"" do orçamento (art. 167, III)?";É a proibição de o Estado contrair operações de crédito para financiar despesas correntes, salvo exceções.
"42. O que é o ""excesso de despesa com pessoal"" na LRF?";É o gasto total com pessoal que ultrapassa os limites percentuais da receita corrente líquida (art. 19).
43. Quais são os limites de gasto com pessoal na LRF?;"União: 50% da RCL; Estados: 60%; Municípios: 60%."
"44. O que é a ""Receita Corrente Líquida"" (RCL)?";É o somatório das receitas tributárias, patrimoniais, etc., deduzidas as transferências constitucionais.
45. O que acontece se o ente ultrapassar o limite de gasto com pessoal?;Deve reduzir o gasto, sob pena de sanções, como a vedação de concessão de vantagens.
"46. O que é a ""despesa total com pessoal""?";É a soma dos gastos com ativos, inativos e pensionistas, incluindo encargos sociais.
"47. O que é o ""relatório de gestão fiscal"" (RGF)?";É o relatório quadrimestral que demonstra o cumprimento das metas fiscais e limites (art. 54, LRF).
"48. O que é o ""relatório resumido da execução orçamentária"" (RREO)?";É o relatório bimestral de execução orçamentária, com dados de receitas e despesas.
49. O Poder Legislativo pode alterar o orçamento durante a execução?;Sim, por meio de emendas parlamentares, dentro dos limites legais.
"50. O que são as ""emendas impositivas"" ao orçamento?";São emendas individuais de parlamentares que o Executivo é obrigado a executar (EC 86/2015).
51. Qual o percentual mínimo das emendas impositivas em relação à receita corrente líquida?;1,2% para emendas individuais e 1% para emendas de bancada.
52. As emendas impositivas devem ser destinadas a quais áreas?;Preferencialmente à saúde e à assistência social.
"53. O que é o ""orçamento participativo""?";É o mecanismo de participação popular na definição das prioridades orçamentárias.
"54. O que é a ""programação financeira e o cronograma de desembolso""?";É o plano de execução das despesas ao longo do exercício, para compatibilizar com a arrecadação.
"55. O que é o ""controle interno"" do orçamento?";É o controle realizado pelos órgãos de cada ente, para verificar a legalidade e eficiência dos gastos.
"56. O que é o ""controle externo"" do orçamento?";É o controle exercido pelo Poder Legislativo, com auxílio do Tribunal de Contas (art. 70, CF).
57. Qual a função do Tribunal de Contas da União (TCU)?;Fiscalizar as contas da União, julgar contas de administradores e emitir parecer sobre as contas do Presidente.
58. O TCU é um órgão do Executivo?;Não, é um órgão auxiliar do Poder Legislativo.
"59. O que é a ""prestação de contas"" do Presidente da República?";É o balanço anual da gestão fiscal, enviado ao Congresso para apreciação.
60. Qual o prazo para o Presidente enviar a prestação de contas ao Congresso?;Até 60 dias após a abertura da sessão legislativa (art. 84, XXIV, CF).
"61. O que é o ""déficit público""?";É o resultado negativo entre receitas e despesas públicas.
"62. O que é o ""superávit público""?";É o resultado positivo entre receitas e despesas.
"63. O que é a ""dívida pública mobiliária""?";É a dívida representada por títulos públicos (ex: Tesouro Direto).
"64. O que é a ""dívida pública consolidada""?";É a dívida de longo prazo, com prazo superior a 12 meses.
"65. O que é a ""dívida pública flutuante""?";É a dívida de curto prazo, como restos a pagar e operações de caixa.
"66. O que é a ""operação de crédito por antecipação de receita"" (ARO)?";É o empréstimo de curto prazo para cobrir insuficiência de caixa, vedado no último ano de mandato.
67. As AROs são permitidas?;Sim, mas com restrições (art. 38, LRF), e devem ser liquidadas no exercício.
"68. O que é o ""princípio da não-afetação"" da receita na LRF?";As receitas não podem ser vinculadas a órgãos ou despesas específicas, salvo exceções (art. 167, IV).
69. Quais são as exceções à não-afetação?;Vinculação para saúde, educação, repasses a fundos, etc.
"70. O que é o ""fundo de participação"" (FPM e FPE)?";São transferências constitucionais da União para Estados e Municípios.
"71. O que é a ""Lei Complementar 101/2000"" e a ""Lei 4.320/64""?";"A LRF é a lei de responsabilidade fiscal; a Lei 4.320/64 é a lei geral de finanças públicas (contabilidade)."
72. A Lei 4.320/64 foi revogada pela LRF?;Não, a Lei 4.320/64 permanece em vigor, com adaptações pela LRF.
"73. O que é a ""despesa pública""?";É o gasto do Estado para atender às necessidades coletivas (art. 11, Lei 4.320).
74. Quais são os estágios da despesa pública?;Empenho, liquidação e pagamento (art. 58, Lei 4.320).
"75. O que é o ""empenho"" da despesa?";É o ato que reserva o valor para pagamento futuro (art. 58, Lei 4.320).
"76. O que é a ""liquidação"" da despesa?";É a verificação do direito do credor, com a comprovação da entrega do bem/serviço.
"77. O que é o ""pagamento"" da despesa?";É a entrega do recurso financeiro ao credor (art. 62, Lei 4.320).
78. Quais são os estágios da receita pública?;Lançamento, arrecadação e recolhimento.
"79. O que é o ""lançamento"" da receita?";É o ato de identificar o crédito tributário (art. 39, Lei 4.320).
"80. O que é a ""arrecadação"" da receita?";É a entrega do dinheiro pelo contribuinte.
"81. O que é o ""recolhimento"" da receita?";É a transferência do dinheiro para a conta do Tesouro.
"82. O que é o ""crédito tributário""?";É o direito do Estado de cobrar o tributo, após o lançamento.
"83. O que é a ""prescrição"" do crédito tributário?";É a perda do direito de cobrar o tributo após 5 anos.
"84. O que é a ""decadência"" do crédito tributário?";É a perda do direito de constituir o crédito (lançamento) após 5 anos.
"85. O que é o ""Fundo de Garantia por Tempo de Serviço"" (FGTS) no orçamento?";É uma receita extraorçamentária, gerida pelo governo, mas não integra o orçamento fiscal.
"86. O que são as ""receitas correntes""?";São as receitas ordinárias, como tributos, contribuições, e transferências (art. 9, Lei 4.320).
"87. O que são as ""receitas de capital""?";São as receitas provenientes de alienação de bens, operações de crédito, etc. (art. 9, Lei 4.320).
"88. O que são as ""despesas correntes""?";São as despesas de manutenção da máquina pública (pessoal, material, serviços).
"89. O que são as ""despesas de capital""?";São as despesas com investimentos, inversões financeiras e amortização da dívida.
"90. O que é a ""regra do ouro"" do art. 167, III?";É a vedação de emissão de títulos para despesas correntes, salvo exceção de calamidade.
"91. O que é a ""disponibilidade de caixa"" para abertura de crédito adicional?";É a condição de haver recursos financeiros em caixa para cobrir o crédito.
"92. O que é o ""decreto de crédito extraordinário""?";É o ato do Presidente que abre crédito para situações emergenciais, sem necessidade de lei prévia.
93. O crédito extraordinário deve ser convertido em lei?;Sim, a MP deve ser apreciada pelo Congresso em até 60 dias.
"94. O que é a ""vedação de transposição, remanejamento ou transferência de recursos""?";É a regra de que não se pode alterar a destinação de dotações orçamentárias, salvo autorização (art. 167, VI).
"95. O que é o ""orçamento de investimento das estatais""?";É o orçamento das empresas estatais não dependentes, que não se integra à LOA (art. 165, §5º).
"96. O que são ""estatais dependentes""?";São aquelas que recebem recursos do Tesouro para suas despesas de pessoal ou custeio.
97. As estatais dependentes integram o orçamento fiscal?;Sim, suas despesas entram no orçamento fiscal.
"98. O que é o ""orçamento da seguridade social""?";É o orçamento que engloba as ações de saúde, previdência e assistência social (art. 195, CF).
99. O orçamento da seguridade social é integrado ao orçamento geral?;Sim, integra a LOA, mas com contabilidade própria.
100. Qual a finalidade principal das normas orçamentárias?;Planejar, controlar e executar as finanças públicas com responsabilidade, transparência e equilíbrio.
