Qual é a principal fonte formal do Direito Internacional Público, segundo o Estatuto da Corte Internacional de Justiça?;Os tratados internacionais.
Além dos tratados, quais são as outras fontes primárias do DIP?;Costume internacional e princípios gerais do direito.
O que é o soft law no contexto do Direito Internacional?;São instrumentos sem força vinculante obrigatória, como recomendações e declarações, mas que possuem relevância política e moral.
Qual é a diferença básica entre DIP e Direito Interno quanto à origem de suas normas?;O DIP é formado pela coordenação entre Estados soberanos, enquanto o Direito Interno emana de uma autoridade central (legislador) com poder de impor normas.
O que é a soberania estatal e qual sua relação com o DIP?;É a autoridade suprema de um Estado sobre seu território e população, sendo o princípio fundamental sobre o qual se assenta o DIP, que regula as relações entre soberanos.
O que se entende por monismo no debate sobre a relação entre DIP e Direito Interno?;É a teoria que defende a existência de uma única ordem jurídica, na qual o DIP e o Direito Interno são partes integrantes de um mesmo sistema.
O que se entende por dualismo no debate sobre a relação entre DIP e Direito Interno?;É a teoria que sustenta que DIP e Direito Interno são ordens jurídicas distintas e independentes, com diferentes fontes e objetos de regulação.
Qual é a principal consequência prática da adoção da teoria monista?;A possibilidade de aplicação direta das normas internacionais no ordenamento interno, sem a necessidade de um ato de internalização (transposição).
No Brasil, qual a teoria predominante na doutrina para explicar a relação entre DIP e Direito Interno?;O dualismo moderado, embora haja elementos de monismo, especialmente em matéria de direitos humanos.
Como um tratado internacional é incorporado ao ordenamento jurídico brasileiro?;Através de um Decreto Legislativo (aprovação no Congresso) e posterior Decreto Presidencial (promulgação e publicação).
Qual é o status hierárquico de um tratado internacional ordinário (não de direitos humanos) após sua incorporação no Brasil?;Lei ordinária, podendo ser revogado ou modificado por lei posterior, desde que haja denúncia do tratado.
Os tratados de direitos humanos, aprovados no Brasil pelo rito do art. 5º, §3º da CF, possuem qual status?;Status de emenda constitucional.
E os tratados de direitos humanos aprovados pelo rito ordinário (quórum simples), qual o seu status?;Supralegal, ou seja, acima das leis ordinárias, mas abaixo da Constituição.
O Decreto Presidencial que promulga um tratado é uma norma primária ou secundária?;É uma norma secundária, pois sua função é declarar a existência da norma internacional e ordenar seu cumprimento no plano interno.
O que ocorre em caso de conflito entre uma norma de tratado internacional (não de direitos humanos) e uma lei interna anterior?;A lei posterior revoga a anterior (se for incompatível), aplicando-se o critério cronológico, pois ambas têm status de lei ordinária.
E em caso de conflito entre uma norma de tratado internacional (não de direitos humanos) e uma lei interna posterior?;A lei posterior revoga o tratado no plano interno, mas o Estado continua obrigado internacionalmente, devendo denunciá-lo para se eximir da responsabilidade.
Qual é o princípio geral que rege a relação entre a Constituição e o Direito Internacional?;A Constituição é o fundamento de validade das normas internas, e o Estado, ao celebrar tratados, deve respeitar suas disposições constitucionais (reserva de Constituição).
Um tratado pode violar a Constituição Federal brasileira?;Não, pois sua incorporação exige a aprovação do Congresso Nacional, que só pode aprová-lo se for compatível com a Constituição.
O que é o controle de convencionalidade?;É o dever do juiz nacional de verificar se a lei interna é compatível com os tratados de direitos humanos dos quais o Estado é parte.
No Brasil, qual órgão é competente para celebrar tratados internacionais?;O Presidente da República, com a posterior aprovação do Congresso Nacional.
Qual é a função do Congresso Nacional no processo de formação dos tratados?;Aprovar o texto do tratado por meio de Decreto Legislativo, exercendo o controle político e jurídico.
O que é a denúncia de um tratado?;É o ato unilateral pelo qual um Estado manifesta sua intenção de se retirar de um tratado, encerrando sua vigência em relação a ele.
A denúncia de um tratado dispensa a aprovação do Congresso Nacional no Brasil?;Sim, pois é ato discricionário do Presidente, salvo se o tratado envolver matéria que exija aprovação legislativa.
O que é o pacta sunt servanda?;É o princípio basilar do DIP segundo o qual os tratados devem ser cumpridos de boa-fé pelos Estados partes.
O que é o rebus sic stantibus?;É a cláusula que permite a revisão ou extinção de um tratado se houver uma mudança fundamental nas circunstâncias que motivaram sua celebração.
Quais são os sujeitos de direito internacional público?;Os Estados, as organizações internacionais, a Santa Sé, e, em certos casos, os indivíduos e as empresas.
Os Estados federados (como os estados-membros da federação) são sujeitos de DIP?;Não, regra geral, apenas a União (Estado federal) possui personalidade jurídica internacional.
Qual a diferença entre Estado federal e confederação de Estados?;"No federalismo, há um Estado central com soberania e entes federados com autonomia; na confederação, os Estados-membros mantêm sua soberania e a união é precária."
Os Estados federados podem celebrar tratados internacionais?;Em regra, não, pois essa competência é privativa da União. Exceções ocorrem em matérias de sua competência, com autorização da União.
Qual o princípio do DIP que impede um Estado de invocar seu Direito Interno para descumprir um tratado?;O princípio da boa-fé e da responsabilidade internacional, consagrado no art. 27 da Convenção de Viena sobre o Direito dos Tratados.
O que é a responsabilidade internacional do Estado?;É a obrigação de reparar os danos causados por atos ilícitos internacionais praticados por seus órgãos ou agentes.
Quais são os elementos do ato ilícito internacional?;A violação de uma obrigação internacional e a atribuição do ato ao Estado.
O que são as cláusulas constitucionais de recepção automática?;São dispositivos que determinam a aplicação imediata de certas normas internacionais, sem necessidade de incorporação legislativa.
O Brasil adota a recepção automática para tratados?;Não, adota o sistema de incorporação legislativa (decreto legislativo e decreto presidencial).
O que é a imunidade de jurisdição do Estado estrangeiro?;É o princípio pelo qual um Estado não pode ser processado nos tribunais de outro Estado, salvo nas hipóteses de atos de gestão (teoria restritiva).
O DIP prevê a possibilidade de intervenção humanitária?;"É um tema controverso. A Carta da ONU prevê intervenção apenas com autorização do Conselho de Segurança, mas há doutrina que defende a ""responsabilidade de proteger""."
Qual a diferença entre ato de império e ato de gestão para fins de imunidade de jurisdição?;"Atos de império são os praticados no exercício da soberania (imunes); atos de gestão são os comerciais ou privados (não imunes)."
O que é o princípio da igualdade soberana dos Estados?;Todos os Estados são juridicamente iguais, independentemente de seu poder econômico ou militar.
Como o DIP trata a questão do reconhecimento de Estados?;É um ato político unilateral que declara a existência de um novo Estado, com efeitos jurídicos, mas não é constitutivo da personalidade internacional.
O que é a sucessão de Estados em matéria de tratados?;É a substituição de um Estado por outro na responsabilidade pelas relações internacionais de um território.
A Convenção de Viena de 1978 trata da sucessão de Estados em matéria de tratados. Qual a regra geral?;A regra é a da continuidade dos tratados, com exceções para tratados políticos ou vinculados à personalidade do Estado extinto.
No Brasil, qual a posição dos tratados em matéria tributária em relação à lei complementar?;Prevalece o tratado, pois a lei complementar não pode revogar tratado regularmente incorporado, conforme entendimento do STF.
O que é o jus cogens?;São normas imperativas de Direito Internacional geral, aceitas e reconhecidas pela comunidade internacional como inderrogáveis (ex.: proibição de genocídio).
Um tratado que viole uma norma de jus cogens é válido?;Não, é nulo de pleno direito.
O que é o direito de legação?;É o direito do Estado de enviar e receber agentes diplomáticos, sendo ativo (envio) e passivo (recebimento).
Os entes federados (estados e municípios) podem ter representações internacionais?;Podem ter escritórios de representação no exterior, mas sem caráter diplomático, apenas para promover interesses econômicos, culturais e turísticos.
O que é a Convenção de Viena sobre Relações Diplomáticas (1961)?;É o tratado que codifica as normas sobre a imunidade diplomática, inviolabilidade da sede da missão e privilégios dos agentes diplomáticos.
Um tratado não incorporado ao Direito Interno pode ser invocado perante o Judiciário brasileiro?;Não, pois não é norma jurídica interna, embora possa ser usado como fonte de interpretação.
"O que é a teoria da ""margem de apreciação nacional""?";É a doutrina que defere aos Estados certa discricionariedade na aplicação de normas internacionais de direitos humanos, considerando suas particularidades locais.
O Brasil é um Estado federalista ou unitário?;Federalista, com autonomia dos entes federados (União, Estados, DF e Municípios).
Qual é a competência da União em matéria de relações exteriores?;É privativa, conforme o art. 21, I, da CF/88.
Os Estados-membros podem legislar sobre relações exteriores?;Não, apenas sobre matérias de seu interesse, mas sempre respeitando a competência da União.
O que é o princípio da reciprocidade no DIP?;É a prática pela qual um Estado concede um tratamento a outro com base na expectativa de tratamento igualitário em troca.
A Constituição brasileira prevê a prevalência dos direitos humanos nas relações internacionais?;Sim, é um dos princípios das relações internacionais do Brasil (art. 4º, II).
"O que é a ""reserva de tratado""?";É uma declaração unilateral feita por um Estado ao assinar um tratado, com o objetivo de excluir ou modificar o efeito jurídico de certas disposições.
A reserva é admitida em tratados de direitos humanos?;Sim, mas não pode ser incompatível com o objeto e propósito do tratado.
Qual é a função da Corte Internacional de Justiça (CIJ)?;Julgar controvérsias jurídicas entre Estados e emitir opiniões consultivas sobre questões jurídicas.
As decisões da CIJ são vinculantes para o Brasil?;Sim, se o Brasil for parte no litígio. As opiniões consultivas não são vinculantes.
O que é a doutrina Calvo?;É a doutrina que defende que os estrangeiros devem ser tratados como nacionais, sem direito a proteção diplomática, e que suas disputas devem ser resolvidas pelos tribunais locais.
O que é a doutrina Drago?;É a doutrina que proíbe o uso da força para cobrança de dívidas contratuais de Estados.
Um ente federado pode ser demandado internacionalmente?;Não, a responsabilidade internacional é sempre do Estado federal (União), que responde por seus entes.
O que é a cláusula federal nos tratados?;É uma cláusula que limita a aplicação do tratado ao âmbito da competência da União, excluindo os entes federados.
No Brasil, a cláusula federal é comum?;Não, o Brasil entende que, ao ratificar um tratado, ele se aplica a todo o território nacional, incluindo estados e municípios.
Como o DIP trata a questão da proteção dos direitos humanos?;Há sistemas globais (ONU) e regionais (Europeu, Interamericano, Africano) de proteção, com tratados e cortes específicas.
O Brasil faz parte do Sistema Interamericano de Direitos Humanos?;Sim, é membro da OEA e reconhece a competência da Corte Interamericana de Direitos Humanos.
O que é o princípio do non-refoulement?;É a proibição de devolver um refugiado a um território onde sua vida ou liberdade esteja ameaçada.
O tratado tem aplicação imediata após a ratificação pelo Presidente, antes da promulgação?;Não, no Brasil, a promulgação e publicação são condições para sua vigência no plano interno.
"O que são as ""normas de ius cogens"" em matéria de Direito Internacional dos Direitos Humanos?";São proibições absolutas, como a tortura e a escravidão, que não podem ser derrogadas nem em estado de emergência.
A Constituição brasileira é rígida ou flexível?;Rígida, pois exige quórum qualificado para sua alteração.
Um tratado que verse sobre matéria de competência exclusiva dos Estados-membros pode ser celebrado pela União?;Sim, pois a competência para celebrar tratados é privativa da União, independentemente da matéria.
O que é o princípio da boa-fé no DIP?;É a presunção de que os Estados agem de maneira honesta e leal em suas relações internacionais, sendo fundamental para a estabilidade do sistema.
"O que é a ""teoria dos poderes implícitos"" no direito internacional?";É a doutrina que permite que um Estado ou organização internacional exerça poderes não expressamente previstos, mas necessários para o cumprimento de seus fins.
Qual é a posição do STF sobre a possibilidade de a lei interna revogar o tratado?;O STF já decidiu que a lei posterior revoga o tratado no plano interno, mas o Estado continua obrigado internacionalmente (ex: RE 80.004).
"O que é o ""diplomata"" e o ""cônsul""?";"Diplomata representa o Estado em relações políticas; cônsul atua em funções administrativas (vistos, assistência a nacionais) e econômicas."
A imunidade diplomática é absoluta?;Não, pode ser renunciada pelo Estado enviante e não se aplica a atos privados ou comerciais do diplomata.
"O que é o ""princípio da territorialidade"" no Direito Interno?";A lei penal e tributária, em regra, aplicam-se apenas dentro do território nacional.
Como o DIP trata a questão do asilo diplomático?;É o asilo concedido em missões diplomáticas, regulado por costumes e convenções regionais, como a Convenção de Havana (1928).
O Brasil é um Estado laico?;Sim, a CF/88 prevê a separação entre Estado e Igreja, mas permite a celebração de acordos com a Santa Sé (Concordata).
"O que é a ""responsabilidade objetiva"" do Estado no DIP?";É a responsabilidade que independe de culpa, baseada no risco da atividade, como no caso de danos causados por atividades espaciais.
Qual a diferença entre interpretação literal e teleológica de um tratado?;"A literal busca o sentido comum das palavras; a teleológica busca o objeto e propósito do tratado (art. 31 da CVDT)."
Um Estado pode invocar seu Direito Interno para justificar o não cumprimento de uma sentença da CIJ?;Não, a sentença é vinculante e a invocação do Direito Interno é vedada (art. 27 da CVDT).
"O que é o ""princípio da autodeterminação dos povos""?";É o direito de um povo de escolher seu próprio destino político, econômico e social, sem ingerência externa.
Os Municípios brasileiros têm competência para firmar acordos internacionais?;Sim, em matéria de interesse local, como irmandade de cidades, desde que com autorização da União.
"O que é o ""costume internacional"" e quais são seus elementos?";É uma prática geral e constante aceita como direito (elemento material e elemento subjetivo - opinio juris).
"O que é o ""princípio da primazia da norma mais favorável"" em direitos humanos?";É o princípio de que, em caso de conflito entre normas, deve-se aplicar aquela que melhor protege o ser humano.
Qual é a função do Decreto Legislativo no processo de internalização?;Aprovar o texto do tratado, autorizando o Presidente a ratificá-lo e promulgá-lo.
O Brasil já denunciou algum tratado de direitos humanos relevante?;Sim, denunciou a Convenção Americana de Direitos Humanos (Pacto de San José) em 1990, mas reingressou depois.
"O que é a ""ordem pública internacional""?";É o conjunto de princípios e valores fundamentais da comunidade internacional, que limita a autonomia dos Estados (ex.: jus cogens).
"Qual a diferença entre ""ratificação"" e ""adesão"" a um tratado?";"Ratificação é o ato final de um Estado que assinou o tratado; adesão é o ato de um Estado que não assinou, mas decide participar."
A adesão a um tratado dispensa a aprovação legislativa no Brasil?;Não, a adesão também depende de aprovação pelo Congresso Nacional.
"O que é o ""princípio da solução pacífica de controvérsias""?";É o princípio da Carta da ONU que obriga os Estados a resolverem suas disputas por meios pacíficos (negociação, mediação, arbitragem, etc.).
"Qual é a diferença entre ""mediação"" e ""conciliação"" no DIP?";"A mediação envolve um terceiro que auxilia as partes a chegar a um acordo; a conciliação envolve um terceiro que propõe uma solução, mas sem força vinculante."
A arbitragem internacional é vinculante?;Sim, a sentença arbitral é definitiva e obrigatória para as partes.
"O que é a ""Corte Permanente de Arbitragem""?";É uma instituição criada em 1899 para facilitar a arbitragem entre Estados, com sede em Haia.
A União Europeia é uma federação ou uma confederação?;É uma organização internacional sui generis com elementos de ambos, mas não é um Estado federal.
"O que é o ""princípio da subsidiariedade"" no direito da União Europeia?";É o princípio pelo qual a União só atua quando os Estados-membros não podem alcançar adequadamente os objetivos.
Como o DIP regula a utilização do espaço exterior?;Por meio de tratados, como o Tratado do Espaço Exterior (1967), que proíbe a apropriação nacional e a colocação de armas nucleares.
O Brasil tem programa espacial?;Sim, a Agência Espacial Brasileira (AEB) coordena as atividades espaciais, e o Brasil é signatário do Tratado do Espaço.
"O que é o ""princípio da prevenção"" no Direito Internacional Ambiental?";É a obrigação de os Estados prevenirem danos ambientais significativos além de suas fronteiras.
O Brasil é signatário do Acordo de Paris sobre o clima?;Sim, e o ratificou em 2016, comprometendo-se a reduzir as emissões de gases de efeito estufa.
Qual o papel da Organização Mundial do Comércio (OMC) no DIP?;É o fórum para negociação de acordos comerciais e solução de controvérsias em matéria de comércio internacional.
"O que é a ""cláusula de nação mais favorecida"" (NMF) na OMC?";É a cláusula que garante que qualquer vantagem concedida a um país seja estendida a todos os membros da OMC.
"Qual é a diferença entre ""tratado bilateral"" e ""tratado multilateral""?";"Bilateral envolve dois Estados; multilateral envolve três ou mais Estados."
"O que é um ""tratado-contrato"" e um ""tratado-lei""?";"Tratado-contrato cria obrigações recíprocas entre poucos Estados; tratado-lei estabelece normas gerais de direito internacional."
A Constituição Federal prevê a possibilidade de o Brasil se submeter a tribunais internacionais?;Sim, exige aprovação por quórum qualificado (art. 5º, §3º, para direitos humanos) ou por maioria absoluta (art. 49, I, para outros casos).
;
Em qual artigo da Constituição Federal estão elencados os princípios que regem o Brasil nas relações internacionais?;Art. 4º da CF/88.
Quantos são os princípios fundamentais das relações internacionais do Brasil?;Dez princípios.
Qual é o primeiro princípio previsto no art. 4º da CF/88?;Independência nacional.
O que significa o princípio da independência nacional?;É a afirmação da soberania do Brasil, vedando qualquer subordinação ou ingerência externa em seus assuntos internos.
Qual é o segundo princípio do art. 4º?;Prevalência dos direitos humanos.
O que significa a prevalência dos direitos humanos nas relações internacionais do Brasil?;O Brasil pauta sua política externa pelo respeito e promoção dos direitos humanos, colocando a pessoa humana no centro das decisões.
Qual é o terceiro princípio do art. 4º?;Autodeterminação dos povos.
O que significa o princípio da autodeterminação dos povos?;É o direito de cada povo escolher livremente seu regime político, seu desenvolvimento econômico e social, sem interferência externa.
Qual é o quarto princípio do art. 4º?;Não-intervenção.
O que significa o princípio da não-intervenção?;O Brasil não deve intervir nos assuntos internos de outros Estados, nem tolerar intervenção em seus próprios assuntos.
Qual é o quinto princípio do art. 4º?;Igualdade entre os Estados.
O que significa a igualdade entre os Estados?;Todos os Estados são juridicamente iguais, independentemente de seu tamanho, poderio econômico ou militar.
Qual é o sexto princípio do art. 4º?;Defesa da paz.
O que significa o princípio da defesa da paz?;O Brasil deve atuar pela solução pacífica de controvérsias e pela manutenção da paz internacional, repudiando a guerra.
Qual é o sétimo princípio do art. 4º?;Solução pacífica dos conflitos.
"Qual a diferença entre ""defesa da paz"" e ""solução pacífica dos conflitos""?";"A defesa da paz é um objetivo geral; a solução pacífica é o meio específico para alcançá-lo, utilizando negociação, mediação, arbitragem, etc."
Qual é o oitavo princípio do art. 4º?;Repúdio ao terrorismo e ao racismo.
O que significa o repúdio ao terrorismo e ao racismo?;O Brasil condena veementemente essas práticas em todas as suas formas, tanto no plano interno quanto no internacional.
Qual é o nono princípio do art. 4º?;Cooperação entre os povos para o progresso da humanidade.
O que significa a cooperação entre os povos para o progresso da humanidade?;O Brasil deve atuar em parceria com outros Estados para promover o desenvolvimento econômico, social e tecnológico global.
Qual é o décimo princípio do art. 4º?;Concessão de asilo político.
O que significa o princípio da concessão de asilo político?;O Brasil reconhece o direito de conceder refúgio a estrangeiros perseguidos por motivos políticos, em sua tradição humanitária.
Todos os princípios do art. 4º são taxativos ou meramente exemplificativos?;"A doutrina majoritária considera que são exemplificativos, pois a CF/88 usa a expressão ""reger-se-á"" e não ""reger-se-á apenas""."
O princípio da independência nacional se confunde com o princípio da soberania?;São conceitos próximos, mas a soberania é mais ampla (poder supremo interno), enquanto a independência foca na ausência de subordinação externa.
O princípio da não-intervenção é absoluto?;Não. Há exceções admitidas pelo DIP, como intervenção humanitária autorizada pelo Conselho de Segurança da ONU, mas o Brasil é tradicionalmente rigoroso em seu cumprimento.
"Qual a relação entre a ""prevalência dos direitos humanos"" e o princípio da não-intervenção?";Há uma tensão clássica: a defesa dos direitos humanos pode justificar, em tese, alguma forma de preocupação internacional com violações internas, relativizando a não-intervenção.
"O Brasil adota a ""responsabilidade de proteger"" (R2P)?";"O Brasil defende o conceito de ""responsabilidade ao proteger"", uma variação que enfatiza a prevenção e o respeito à soberania, evitando intervenções militares."
O princípio da autodeterminação dos povos se aplica a movimentos separatistas internos?;Aplica-se apenas a povos sob dominação colonial ou ocupação estrangeira, não a grupos dentro de um Estado soberano (como regra geral).
Como o princípio da igualdade entre os Estados se manifesta na prática?;No voto igualitário na Assembleia Geral da ONU e no princípio de que todo Estado tem um voto, independentemente de seu poder.
O princípio da defesa da paz impede o Brasil de participar de operações de paz da ONU?;Não. O Brasil participa de missões de paz, que são voltadas para a manutenção e restauração da paz, não para a guerra.
"O que é a ""solução pacífica dos conflitos"" na prática diplomática brasileira?";O Brasil prioriza a negociação direta, a mediação, a conciliação e a arbitragem, evitando o uso da força ou ameaças.
O repúdio ao racismo no art. 4º tem implicações na política externa brasileira?;Sim, o Brasil condena regimes ou políticas discriminatórias e apoia tratados internacionais contra a discriminação racial.
"O que significa ""cooperação para o progresso da humanidade"" em termos concretos?";Inclui a cooperação técnica, científica, tecnológica, cultural e econômica, especialmente com países em desenvolvimento (cooperação Sul-Sul).
A concessão de asilo político é um direito do Estado ou do indivíduo?;É uma faculdade do Estado (ato discricionário), mas que deve ser exercida em consonância com o princípio humanitário.
Qual é a principal diferença entre asilo político e refúgio?;O asilo é concedido por motivos políticos (perseguição política) e o refúgio por motivos de perseguição por raça, religião, nacionalidade, etc. (conceito mais amplo).
O princípio da não-intervenção impede o Brasil de fazer críticas a violações de direitos humanos no exterior?;Impede intervenções coercitivas, mas não a crítica diplomática, que é legítima e frequente na política externa brasileira.
O Brasil pode fazer sanções econômicas a outros países com base em seus princípios?;Sim, desde que em conformidade com o DIP, como as sanções aprovadas pelo Conselho de Segurança da ONU, ou de forma unilateral, mas com base em seus princípios.
Os princípios do art. 4º são cláusulas pétreas?;Em parte, sim. A independência nacional, os direitos humanos e o princípio federativo são considerados cláusulas pétreas, mas a doutrina discute quais deles se enquadram.
Qual a hierarquia dos princípios do art. 4º entre si?;"Não há hierarquia constitucional entre eles; todos são igualmente fundamentais e devem ser harmonizados na prática."
O princípio da autodeterminação dos povos pode justificar a independência de um território?;Sim, no contexto de descolonização. Mas o Brasil é tradicionalmente contrário a movimentos separatistas internos.
O Brasil já invocou o princípio da não-intervenção para se opor a ações externas?;Sim, historicamente, o Brasil usou esse princípio para se opor a intervenções na América Latina e em outras regiões.
"O que é a ""diplomacia presidencial"" e como ela se relaciona com os princípios do art. 4º?";É a atuação direta do Presidente nas relações externas, que deve sempre pautar-se pelos princípios constitucionais, sob pena de desvio de finalidade.
O princípio da defesa da paz está relacionado ao desarmamento?;Indiretamente, sim. O Brasil defende o desarmamento nuclear e a não proliferação, como forma de promover a paz.
O repúdio ao terrorismo no art. 4º é um princípio absoluto ou comporta exceções?;É absoluto para o Brasil. O país condena o terrorismo em todas as suas formas, sem qualquer relativização.
Como o princípio da cooperação entre os povos se reflete na atuação do Brasil na OMC?;Na defesa de um sistema comercial mais justo, com tratamento especial e diferenciado para países em desenvolvimento.
O asilo político concedido pelo Brasil é de caráter territorial ou diplomático?;Ambos. O Brasil concede asilo territorial (no país) e asilo diplomático (em missões brasileiras no exterior), sendo este último típico da tradição latino-americana.
O princípio da igualdade entre os Estados é formal ou material?;É formal (igualdade jurídica), mas o Brasil defende também a igualdade material (redução de assimetrias) em fóruns como o G77.
"A ""defesa da paz"" impede o Brasil de ter um programa nuclear com fins militares?";Sim, o Brasil renunciou ao programa nuclear militar e aderiu ao TNP (Tratado de Não Proliferação Nuclear), em linha com esse princípio.
O princípio da solução pacífica dos conflitos exige que o Brasil evite qualquer tipo de sanção?;Não, sanções são admitidas, desde que não envolvam uso da força, como embargo econômico ou suspensão de relações diplomáticas.
"O que significa ""repúdio ao racismo"" na prática da política externa brasileira?";O Brasil apoia ativamente a Década Internacional de Afrodescendentes e condena publicamente países com políticas discriminatórias.
A concessão de asilo político é um ato vinculado ou discricionário do Presidente?;É um ato político discricionário do Presidente da República, mas que deve observar os tratados internacionais dos quais o Brasil é parte.
Os princípios do art. 4º são aplicáveis apenas à atuação externa do Executivo ou também ao Legislativo e Judiciário?;Aplicam-se a todos os Poderes, pois vinculam o Estado brasileiro como um todo em sua atuação internacional.
"Qual a diferença entre ""não-intervenção"" e ""ingerência"" nos assuntos internos?";"Intervenção é um ato mais grave, com uso de força ou coerção; ingerência é uma influência ou pressão política, que também é vedada."
O Brasil pode adotar medidas unilaterais de retorsão contra outro Estado?;Sim, desde que não violem os princípios do art. 4º, como a não-intervenção e a solução pacífica, e sejam proporcionais.
O princípio da autodeterminação dos povos se choca com o princípio da integridade territorial?;Sim, há uma tensão histórica, mas o DIP e a prática brasileira priorizam a integridade territorial dos Estados existentes.
"Como o princípio da ""cooperação para o progresso da humanidade"" se relaciona com a Agenda 2030?";O Brasil se comprometeu com os Objetivos de Desenvolvimento Sustentável (ODS) como forma de cooperar para o desenvolvimento global.
"O princípio da ""defesa da paz"" está expressamente ligado ao repúdio à guerra de agressão?";Sim, o Brasil condena a guerra de agressão e atua pela prevenção de conflitos armados.
O repúdio ao terrorismo inclui o combate ao financiamento do terrorismo?;Sim, o Brasil adota medidas internas e coopera internacionalmente para coibir o financiamento ao terrorismo.
Qual a origem histórica do princípio da não-intervenção na política externa brasileira?;Remonta ao século XIX, com a Doutrina Monroe (defensiva) e ao século XX, com a Doutrina Calvo e a Doutrina Drago.
O princípio da igualdade entre os Estados permite que um Estado tenha mais votos em organizações internacionais?;Não, a regra é um voto por Estado, mas há exceções como o Conselho de Segurança da ONU (voto de membros permanentes) e o FMI (voto ponderado).
O Brasil defende a reforma do Conselho de Segurança com base em qual princípio?;Com base na igualdade entre os Estados e na representatividade, defendendo um assento permanente para a América Latina.
"O princípio da ""concessão de asilo político"" é uma tradição jurídica ou política no Brasil?";Ambas. É uma tradição política consolidada e também uma norma jurídica prevista no art. 4º e em tratados.
O Brasil pode conceder asilo a um cidadão de um país com o qual mantém relações diplomáticas?;Sim, o asilo é concedido independentemente do estado das relações diplomáticas, desde que presentes os requisitos.
"O princípio da ""solução pacífica dos conflitos"" é uma opção ou uma obrigação para o Brasil?";É uma obrigação constitucional. O Brasil deve, em todas as circunstâncias, buscar soluções pacíficas.
Como o princípio da não-intervenção se aplica à atuação do Brasil no Mercosul?;O Mercosul tem decisões supranacionais, mas o Brasil sempre ressalva sua soberania e não-intervenção nos assuntos internos de seus parceiros.
"O princípio da ""defesa da paz"" está relacionado ao papel do Brasil na Minustah (Haiti)?";Sim, a participação na Minustah foi justificada pela defesa da paz e pela cooperação humanitária, dentro dos princípios do art. 4º.
"O que significa ""diplomacia ativa e altiva"", expressão usada em governos recentes?";É uma interpretação da política externa que enfatiza a independência nacional e a defesa dos interesses brasileiros sem subordinação.
"O princípio da ""autodeterminação dos povos"" impede o Brasil de apoiar sanções econômicas unilaterais?";Sim, o Brasil é contrário a sanções unilaterais que afetem a autodeterminação e o desenvolvimento de outros povos.
"A ""prevalência dos direitos humanos"" prevalece sobre os demais princípios em caso de conflito?";Não há hierarquia, mas em casos de grave violação, o princípio dos direitos humanos pode relativizar a não-intervenção.
O princípio do repúdio ao racismo já foi usado para justificar a ruptura de relações diplomáticas?;Historicamente, o Brasil rompeu relações com regimes de segregação racial, como a África do Sul durante o apartheid.
"O que significa ""cooperação Sul-Sul"" no contexto do princípio da cooperação entre os povos?";É a cooperação técnica, econômica e política entre países em desenvolvimento, buscando o progresso comum.
O asilo político pode ser concedido a militares ou agentes de inteligência estrangeiros?;Sim, desde que a perseguição seja por motivos políticos, mas o Brasil observa o DIP e sua tradição de não concessão a criminosos comuns.
O princípio da não-intervenção é uma limitação à atuação do Brasil na OEA?;Sim, o Brasil sempre atuou na OEA com respeito à soberania dos Estados membros, opondo-se a intervenções.
"A ""defesa da paz"" inclui o princípio do desarmamento nuclear?";Sim, o Brasil é signatário do TNP e defende a criação de zonas livres de armas nucleares.
"O princípio da ""solução pacífica dos conflitos"" se aplica a disputas comerciais?";Sim, o Brasil utiliza a OMC para resolver disputas comerciais, evitando medidas unilaterais de retaliação.
"Como o princípio da ""igualdade entre os Estados"" se relaciona com a atuação do Brasil nas Nações Unidas?";O Brasil defende que todos os Estados tenham igualdade de participação nos processos decisórios da ONU.
O repúdio ao terrorismo é um princípio absoluto ou relativo?;"Absoluto. O Brasil não faz distinção entre ""bons"" e ""maus"" terroristas."
"O princípio da ""cooperação entre os povos"" pode justificar a participação do Brasil em missões de paz?";Sim, a cooperação para o progresso da humanidade inclui a manutenção da paz e da segurança internacional.
A concessão de asilo político é um ato que pode ser delegado a um embaixador?;O embaixador pode decidir sobre asilo diplomático in loco, mas a decisão final sobre o asilo territorial é do Presidente.
O princípio da não-intervenção impede o Brasil de atuar como mediador em conflitos internos de outros países?;Não, a mediação é um ato consensual e não-interventivo, desde que aceita pelas partes.
"A ""prevalência dos direitos humanos"" é um princípio que se aplica apenas a cidadãos estrangeiros?";Aplica-se a todas as pessoas, independentemente de nacionalidade, sendo um princípio universal.
"O Brasil já utilizou o princípio da ""autodeterminação dos povos"" para reconhecer a independência de Kosovo?";Não, o Brasil não reconheceu a independência de Kosovo, alegando o respeito à integridade territorial da Sérvia.
"O que é a ""Doutrina do Bom Vizinho"" e sua relação com os princípios do art. 4º?";É uma política de não-intervenção e cooperação nas Américas, que se alinha com os princípios de não-intervenção e defesa da paz.
"O princípio da ""defesa da paz"" se choca com a participação do Brasil em alianças militares?";O Brasil não participa de alianças militares ofensivas, mas de acordos de defesa defensivos, como o Tlatelolco.
"O princípio da ""solução pacífica dos conflitos"" inclui a arbitragem internacional?";Sim, a arbitragem é um dos meios pacíficos previstos e o Brasil já a utilizou em disputas territoriais.
O repúdio ao racismo no art. 4º está ligado à defesa da democracia?;Indiretamente, pois o racismo é incompatível com os valores democráticos e de igualdade.
"O princípio da ""cooperação entre os povos"" é aplicado na ajuda humanitária internacional?";Sim, o Brasil contribui com ajuda humanitária a países em situação de desastre ou conflito, como forma de cooperação.
O asilo político pode ser concedido a um perseguido por delitos comuns?;Não, o asilo só se justifica para perseguição política, não para crimes comuns.
O princípio da não-intervenção impede o Brasil de denunciar violações de direitos humanos na ONU?;Não, pois denúncias formais e discussões multilaterais não são consideradas intervenção, mas exercício da cooperação.
"Qual a relação entre a ""independência nacional"" e a ""autodeterminação dos povos""?";Ambos protegem a soberania, mas o primeiro é voltado ao Brasil, enquanto o segundo é voltado a todos os povos.
O Brasil pode intervir militarmente em outro país com base no princípio da defesa da paz?;Não, a defesa da paz exige o uso de meios pacíficos. A intervenção militar só seria legítima com autorização da ONU.
O princípio da igualdade entre os Estados impede que o Brasil tenha assento permanente no Conselho de Segurança?;Não, a busca por um assento permanente é baseada na defesa da representatividade e da igualdade material.
O repúdio ao terrorismo está ligado à cooperação em inteligência com outros países?;Sim, o Brasil coopera em inteligência para combater o terrorismo, sempre respeitando a soberania e os direitos humanos.
"O princípio da ""cooperação para o progresso"" é uma das bases da política externa brasileira para a África?";Sim, a cooperação técnica com países africanos é um pilar da política externa brasileira.
A concessão de asilo político é um direito do perseguido ou uma faculdade do Estado?;É uma faculdade do Estado brasileiro, que pode concedê-lo ou não, dentro de seu poder discricionário.
O princípio da não-intervenção é uma limitação à atuação do Brasil em tribunais internacionais?;Não, a submissão a tribunais internacionais é voluntária e não viola a não-intervenção.
"A ""defesa da paz"" é um princípio que se aplica apenas a conflitos internacionais ou também internos?";Aplica-se a ambos, pois conflitos internos podem afetar a paz internacional.
"O princípio da ""solução pacífica"" é compatível com a imposição de sanções econômicas?";Sim, sanções econômicas são consideradas medidas pacíficas, desde que não envolvam uso da força.
O repúdio ao racismo é um princípio que fundamenta a atuação do Brasil na ONU?;Sim, o Brasil é ativo na promoção de políticas de combate ao racismo e à discriminação racial.
"O princípio da ""cooperação entre os povos"" está previsto no art. 4º como um objetivo ou como um meio?";É um princípio autônomo, que orienta a atuação brasileira para o desenvolvimento global.
O asilo político é uma prática comum entre os países latino-americanos?;Sim, é uma tradição na América Latina, regulada por convenções como a de Havana e de Caracas.
O princípio da não-intervenção é absoluto ou deve ser interpretado à luz dos direitos humanos?;Deve ser interpretado de forma harmônica, mas historicamente o Brasil o tem aplicado de forma rigorosa.
"A ""independência nacional"" é um princípio que se renova com a globalização?";Sim, a independência nacional é adaptada à globalização, defendendo a soberania em meio à interdependência.
"O princípio da ""defesa da paz"" está relacionado ao desarmamento químico e biológico?";Sim, o Brasil aderiu às convenções que proíbem armas químicas e biológicas.
"O princípio da ""solução pacífica"" é uma inovação da CF/88 ou já existia?";Já existia na tradição diplomática brasileira, mas foi constitucionalizado em 1988.
O repúdio ao terrorismo é um princípio que fundamenta a participação do Brasil no GCTF (Fórum Global de Combate ao Terrorismo)?;Sim, o Brasil é membro do GCTF e atua no combate ao terrorismo com base nesse princípio.
"O princípio da ""cooperação entre os povos"" é uma obrigação ou uma faculdade?";É uma obrigação constitucional que orienta a atuação do Brasil, devendo ser buscada ativamente.
A concessão de asilo político é um ato que pode ser revisto pelo Judiciário?;Em regra, o asilo é ato político do Executivo, mas o Judiciário pode controlar sua legalidade formal.
;
Qual é a principal diferença ontológica entre o DIP e o Direito Internacional Privado?;O DIP rege relações entre sujeitos soberanos (Estados e OIs), enquanto o DIPriv rege relações privadas com elemento estrangeiro (pessoas, empresas).
Qual é a lei brasileira que contém as normas centrais de Direito Internacional Privado?;A Lei de Introdução às Normas do Direito Brasileiro (LINDB), antiga LICC.
A LINDB é uma lei de DIP ou de Direito Interno?;É uma lei interna (Direito Interno) que contém normas de Direito Internacional Privado.
Qual é o objeto central do Direito Internacional Privado?;Determinar qual lei é aplicável a relações jurídicas que envolvam mais de um ordenamento jurídico (conflito de leis no espaço).
O DIP e o DIPriv tratam da mesma matéria?;"Não. O DIP trata de relações interestatais; o DIPriv trata de relações privadas internacionais, sendo matérias distintas, mas complementares."
Qual é o principal conflito que o DIPriv busca resolver?;O conflito de leis no espaço, ou seja, qual lei nacional deve reger uma relação jurídica com conexão internacional.
A LINDB é aplicável apenas a relações envolvendo estrangeiros no Brasil?;Não, aplica-se a toda relação jurídica com elemento de estrangeiria, envolvendo brasileiros ou estrangeiros, dentro ou fora do Brasil.
Qual o artigo da LINDB que trata da lei aplicável à capacidade civil das pessoas?;Art. 7º da LINDB.
Segundo o art. 7º da LINDB, qual lei rege a capacidade civil?;A lei do país do domicílio da pessoa.
O que determina o art. 8º da LINDB sobre bens?;Que a lei do país onde estiverem situados os bens (lex rei sitae) rege sua propriedade e posse.
Qual lei rege as obrigações, segundo a LINDB?;A lei do país onde se constituírem (art. 9º), aplicando-se a lei do local da obrigação (lex loci obligationis).
O que prevê o art. 9º, §2º, da LINDB sobre a forma dos atos jurídicos?;Que a forma é regida pela lei do país onde o ato for praticado (locus regit actum).
Qual é a lei aplicável à sucessão por morte, segundo a LINDB?;A lei do país do domicílio do falecido (art. 10), se não houver disposição em contrário.
O que é o princípio da lex loci celebrationis?;É o princípio pelo qual a lei do local da celebração rege a validade formal do ato.
O que é a lex loci executionis?;É a lei do local onde a obrigação deve ser executada, aplicável ao cumprimento da prestação.
Qual lei rege a prova dos atos jurídicos, conforme a LINDB?;A lei do país onde se realiza a prova (art. 12), admitindo-se os meios de prova locais.
O que a LINDB dispõe sobre a capacidade para suceder?;A sucessão é regida pela lei do domicílio do autor da herança, inclusive quanto à capacidade (art. 10).
Qual é a regra geral da LINDB para o casamento (arts. 7º, §4º e 11)?;"A capacidade para casar é regida pela lei do domicílio do nubente; a forma, pela lei do local da celebração."
O que é o princípio da lex rei sitae?;É a aplicação da lei do local onde se encontra a coisa (bem) para questões de propriedade e posse.
Qual é a regra da LINDB para as sociedades (pessoas jurídicas)?;A existência e o funcionamento das sociedades são regidos pela lei do país onde forem constituídas (art. 11).
A LINDB admite a aplicação de lei estrangeira que ofenda a soberania nacional?;Não, o art. 17 veda a aplicação de lei estrangeira que ofenda a soberania, a ordem pública e os bons costumes.
"O que é a ""ordem pública"" no contexto do DIPriv brasileiro?";É o conjunto de valores e princípios fundamentais da sociedade brasileira, que impede a aplicação de lei estrangeira incompatível.
O que é a reserva de ordem pública (ou exceção de ordem pública)?;É o mecanismo pelo qual o juiz brasileiro recusa a aplicação de lei estrangeira que viole os princípios fundamentais do ordenamento interno.
Qual a consequência da aplicação da exceção de ordem pública?;O juiz não aplica a lei estrangeira ofensiva e substitui pela lei interna brasileira.
O art. 9º da LINDB adota qual critério para obrigações?;O critério da lex loci obligationis (lei do local onde se constituiu a obrigação).
O art. 7º da LINDB é uma norma de conexão objetiva ou subjetiva?;É objetiva, pois conecta a capacidade ao domicílio, um elemento geográfico.
"O que é a ""qualificação"" no DIPriv?";É o processo de classificação jurídica de uma situação fática para determinar a norma de conexão aplicável.
"A LINDB adota a teoria da ""escolha da lei"" (autonomia da vontade) para contratos?";A LINDB não tem regra expressa, mas a doutrina e a jurisprudência admitem a autonomia da vontade, desde que não afete a ordem pública.
"Qual é a diferença entre ""domicílio"" e ""residência"" para fins da LINDB?";"Domicílio é o local onde a pessoa estabelece sua residência com ânimo definitivo (art. 76 CC); residência é o local de moradia eventual."
A lei estrangeira é aplicada no Brasil como fato ou como norma?;É aplicada como norma jurídica, mas o juiz brasileiro pode exigir prova de seu conteúdo (art. 14 da LINDB).
Quem deve provar o conteúdo da lei estrangeira no processo judicial brasileiro?;A parte que alega o direito estrangeiro (art. 14, caput, da LINDB).
Se o juiz não conhecer a lei estrangeira, como procede?;Pode determinar a prova, valendo-se de pareceres, testemunhas ou informação de autoridades estrangeiras, ou aplicar a lei brasileira.
"O que é a ""remissão"" (ou reenvio) no DIPriv?";É a hipótese em que a norma de conexão do foro remete a uma lei estrangeira que, por sua vez, remete de volta à lei do foro (reenvio).
A LINDB aceita o reenvio?;Não, o art. 16 da LINDB veda expressamente o reenvio, determinando que se aplique a lei estrangeira tal como ela é, sem remissões.
Qual a exceção à vedação do reenvio na LINDB?;"Não há exceção expressa. O art. 16 é categórico: ""quando a lei estrangeira remeter à lei brasileira, não se aplicará""."
"O que é o ""reenvio de segundo grau""?";É quando a lei estrangeira remete a uma terceira lei, e esta remete de volta ao foro. A LINDB veda qualquer reenvio.
Qual é o princípio que veda o reenvio na LINDB?;O princípio da aplicação direta da lei estrangeira, sem consideração de suas remissões.
O art. 15 da LINDB trata de quê?;Da aplicação da lei estrangeira quando houver conflito entre normas de países diferentes.
O que determina o art. 15 da LINDB sobre a lei estrangeira?;Que a lei estrangeira deve ser aplicada segundo seu próprio sistema, ou seja, com a interpretação que lhe dá o país de origem.
"A LINDB distingue entre ""ordem pública interna"" e ""ordem pública internacional""?";"Não, a lei fala apenas em ""ordem pública"" (art. 17), mas a doutrina distingue a ordem pública interna da internacional, sendo esta última mais restrita."
"O que é a ""ordem pública internacional"" no DIPriv?";É o núcleo duro de princípios fundamentais que nenhuma lei estrangeira pode violar, sob pena de recusa de aplicação.
Qual é a regra da LINDB para a capacidade das pessoas jurídicas de direito público estrangeiro?;O art. 11, §2º, dispõe que as pessoas jurídicas de direito público estrangeiro se regem pela lei do seu país de origem.
O que o art. 12 da LINDB dispõe sobre a prova?;Que a prova dos atos jurídicos é regida pela lei do país onde se realiza, mas o juiz pode exigir forma específica.
Qual é a lei aplicável à legitimidade para suceder, segundo a LINDB?;A lei do país do domicílio do falecido, abrangendo a legitimidade ativa (herdeiros) e passiva (devedores).
O art. 8º da LINDB se aplica a bens móveis e imóveis?;Sim, a regra da lex rei sitae aplica-se tanto a bens móveis quanto imóveis.
Para bens móveis em trânsito, qual lei se aplica?;A LINDB não tem regra específica, mas a doutrina aplica a lei do local de destino, ou a lei do proprietário.
"O que é a ""lex fori""?";É a lei do foro (local onde a ação é proposta), que rege o processo e as regras de procedimento.
A LINDB se aplica a todo o território nacional?;Sim, é uma lei federal que se aplica a todo o Brasil.
Qual a relação da LINDB com os tratados internacionais de DIPriv?;"A LINDB é lei geral; os tratados (ex.: Convenção de Haia) prevalecem sobre ela por serem normas especiais."
O Brasil é signatário da Convenção de Haia sobre a lei aplicável à compra e venda internacional?;Sim, o Brasil aderiu à Convenção de Haia de 1955 sobre a lei aplicável à compra e venda internacional de mercadorias.
"O que é a ""Convenção de Haia"" no contexto do DIPriv?";São tratados multilaterais que estabelecem normas uniformes de conflito de leis em matéria civil, comercial e processual.
A LINDB admite a aplicação de lei estrangeira com base na reciprocidade?;"Não há exigência de reciprocidade para aplicação da lei estrangeira no art. 14; a reciprocidade é matéria de DIP."
"O que é o ""princípio da aplicação imediata da lei do foro""?";É a regra de que as normas de ordem pública e as leis de polícia do foro são aplicáveis independentemente da lei estrangeira.
"Quais são as ""leis de polícia"" (lois de police)?";São normas imperativas do foro que, por sua natureza, devem ser aplicadas a todas as relações, independentemente da lei aplicável.
A LINDB prevê leis de polícia?;Não expressamente, mas a doutrina e a jurisprudência reconhecem sua existência.
O art. 10 da LINDB trata da sucessão legítima e testamentária?;Sim, o art. 10 abrange tanto a sucessão legítima quanto a testamentária.
Qual lei rege a capacidade para testar, segundo a LINDB?;A lei do domicílio do testador (art. 10, §1º).
O que o art. 10, §2º, da LINDB dispõe sobre a sucessão de bens situados no Brasil?;Que a sucessão de bens de estrangeiros situados no Brasil será regida pela lei brasileira em benefício do cônjuge e filhos brasileiros.
"O que é o ""princípio da proteção do cônjuge e filhos brasileiros""?";É a regra do art. 10, §2º, que garante aos herdeiros brasileiros a aplicação da lei brasileira para bens situados no Brasil.
A LINDB distingue entre bens situados no Brasil e no exterior para a sucessão?;Sim, para o estrangeiro, a sucessão de bens no Brasil rege-se pela lei brasileira, se houver herdeiros brasileiros.
"O que é a ""sucessão mista""?";É a sucessão que envolve bens situados em mais de um país. A LINDB aplica a lei do domicílio, com a exceção do §2º do art. 10.
Qual a regra para o divórcio e separação judicial com elemento estrangeiro?;A LINDB remete ao Código Civil, que adota a regra da lei do domicílio do cônjuge demandante (art. 1.538 do CC).
A capacidade para se casar é regida pela lei do domicílio ou da nacionalidade?;Pela lei do domicílio, conforme o art. 7º, §4º, da LINDB.
O art. 7º, §4º, da LINDB excepciona a regra da capacidade?;Sim, permite que o nubente, se não tiver domicílio no Brasil, possa casar-se no Brasil com a lei do seu país de origem.
Qual é a regra geral para a nacionalidade no DIPriv?;A nacionalidade é determinada pela lei de cada Estado (direito interno), não pela LINDB.
A LINDB trata de nacionalidade?;Não, a nacionalidade é matéria de direito constitucional e de DIP, regulada pela lei de imigração e pelo Código Civil.
"O que é a ""condição jurídica do estrangeiro"" na LINDB?";A LINDB não tem capítulo específico, mas o art. 7º trata da capacidade, que é igual para brasileiros e estrangeiros.
O estrangeiro pode invocar lei estrangeira em juízo no Brasil?;Sim, desde que prove seu conteúdo, nos termos do art. 14 da LINDB.
Qual é a regra da LINDB para a guarda de menores com elemento estrangeiro?;Não há regra específica, aplica-se a Convenção de Haia sobre os aspectos civis do sequestro internacional de crianças.
"A LINDB prevê a cláusula de ""adaptação"" ou ""transplante"" de institutos?";Não, a LINDB é silente, mas a doutrina admite a adaptação para compatibilizar institutos de sistemas estrangeiros.
"O que é o ""princípio da mais favorável"" no DIPriv?";É a escolha da lei que melhor favorece a parte hipossuficiente, como em relações de consumo ou trabalho.
A LINDB adota o princípio da lei mais favorável?;Não expressamente, mas a doutrina e o CDC (Código de Defesa do Consumidor) o admitem.
Qual a relação entre a LINDB e o CDC em matéria de DIPriv?;O CDC é lei especial e, no que tange ao consumidor, prevalece sobre a LINDB, aplicando-se a lei mais favorável ao consumidor.
"O art. 9º da LINDB fala em ""obrigação"" ou em ""contrato""?";"Fala em ""obrigação"", abrangendo tanto contratos quanto atos unilaterais e responsabilidade civil."
A lei do local da constituição da obrigação (lex loci obligationis) se aplica a contratos entre ausentes?;Sim, a obrigação se constitui no local da proposta, ou no local da aceitação, dependendo da teoria adotada.
Qual é a teoria adotada pela LINDB para a formação dos contratos?;A LINDB não é clara, mas a doutrina majoritária adota a teoria da recepção (local onde a aceitação é recebida) ou a teoria da expedição.
O art. 13 da LINDB trata de quê?;Da determinação do dia inicial e final dos prazos legais.
O art. 13 da LINDB tem relação com DIPriv?;Não diretamente, é norma geral de direito intertemporal e de contagem de prazos.
"O que é a ""lex mercatoria"" no contexto do DIPriv?";São usos e costumes do comércio internacional, que podem ser aplicados a contratos internacionais independentemente de lei estatal.
A LINDB admite a aplicação da lex mercatoria?;Não há previsão, mas a arbitragem internacional a utiliza com frequência, com base na autonomia da vontade.
"Qual é a diferença entre ""norma de conflito"" e ""norma material"" na LINDB?";"Norma de conflito designa a lei aplicável (ex.: art. 7º); norma material resolve diretamente o mérito (ex.: regras de capacidade)."
A LINDB contém normas de conflito ou normas materiais?;Principalmente normas de conflito (indiretas), mas também algumas normas materiais, como o art. 17 (ordem pública).
O que o art. 18 da LINDB dispõe sobre a aplicação da lei estrangeira?;O art. 18 trata da aplicação da lei estrangeira quando houver dúvida sobre seu conteúdo, permitindo ao juiz pedir informações.
Qual é a relação entre a LINDB e o Código de Processo Civil para a prova da lei estrangeira?;O CPC complementa a LINDB, estabelecendo procedimentos para a prova da lei estrangeira (art. 376 do CPC).
A LINDB é aplicável no processo arbitral?;Sim, o árbitro também deve observar as regras de conflito da LINDB, salvo se as partes escolherem outro critério.
"O que é o ""princípio da territorialidade"" na LINDB?";É a aplicação da lei brasileira a fatos ocorridos no território nacional, como regra geral de soberania.
"O que é o ""princípio da extraterritorialidade"" na LINDB?";É a possibilidade de aplicação da lei brasileira a fatos ocorridos no exterior, em certas hipóteses (ex.: art. 10, §2º).
A LINDB se aplica a relações de direito do trabalho com elemento estrangeiro?;Sim, subsidiariamente, mas a CLT tem regras próprias de conflito (art. 651 da CLT).
Qual é a regra da CLT para contratos de trabalho internacionais?;Aplica-se a lei do local da prestação de serviços, salvo se o empregado for brasileiro e a empresa for brasileira (art. 651).
"A LINDB prevê a ""cláusula de exceção""?";Não, mas a doutrina a defende para afastar a norma de conexão em casos excepcionais.
"O que é a ""cláusula de exceção"" no DIPriv?";É um mecanismo que permite ao juiz afastar a norma de conexão se, no caso concreto, ela conduzir a uma solução inadequada.
Qual a influência do DIP sobre a LINDB?;O DIP influencia a LINDB na definição de conceitos como soberania, ordem pública e reciprocidade.
A LINDB é uma lei do Direito Internacional Público?;Não, é uma lei interna de Direito Internacional Privado, que não cria obrigações interestatais.
"Como a LINDB trata a ""nacionalidade"" das pessoas jurídicas?";Pela lei do país onde forem constituídas (art. 11), que determina sua nacionalidade para fins de DIPriv.
A LINDB é aplicável a relações de direito penal internacional?;Não, o direito penal internacional é matéria de DIP e de leis penais internas (art. 7º do CP).
Qual a finalidade da LINDB no sistema jurídico brasileiro?;Estabelecer as regras de aplicação das leis no tempo, no espaço e a solução de conflitos de leis no espaço.
A LINDB é uma lei ordinária ou complementar?;É uma lei ordinária (Decreto-Lei nº 4.657/1942), com força de lei ordinária.
A LINDB pode ser alterada por medida provisória?;Sim, por ser lei ordinária, pode ser alterada por MP, desde que observados os requisitos constitucionais.
"O que significa a expressão ""Lei de Introdução às Normas do Direito Brasileiro""?";É a lei que contém as normas introdutórias e gerais sobre a aplicação das leis, incluindo as de direito internacional privado.
;
Qual é a diferença fundamental entre DIP e Direito Internacional Privado?;"O DIP rege relações entre sujeitos soberanos (Estados e organizações internacionais); o DIPriv rege relações jurídicas privadas com elemento de estrangeiria (pessoas físicas e jurídicas)."
Qual é a principal lei brasileira que contém normas de Direito Internacional Privado?;A Lei de Introdução às Normas do Direito Brasileiro (LINDB) – antiga Lei de Introdução ao Código Civil (LICC).
A LINDB é uma norma de Direito Internacional Público ou de Direito Interno?;É uma norma de Direito Interno, que contém regras de Direito Internacional Privado.
Qual é o objeto principal do Direito Internacional Privado?;Solucionar conflitos de leis no espaço, determinando qual ordenamento jurídico é aplicável a relações privadas internacionais.
O DIP e o DIPriv se confundem em algum ponto?;Não, são ramos autônomos, mas se relacionam na medida em que o DIP pode influenciar a aplicação do DIPriv (ex.: tratados).
Qual o artigo da LINDB que estabelece a regra geral sobre a lei aplicável à capacidade civil?;Art. 7º da LINDB.
Segundo o art. 7º da LINDB, qual lei rege a capacidade da pessoa?;A lei do país do domicílio da pessoa.
O que determina o art. 8º da LINDB sobre bens?;Que a propriedade e a posse de bens são regidas pela lei do país onde estiverem situados (lex rei sitae).
Qual lei rege as obrigações, conforme a LINDB?;A lei do país onde se constituírem (art. 9º – lex loci obligationis).
O que dispõe o art. 9º, §2º, da LINDB sobre a forma dos atos jurídicos?;Que a forma é regida pela lei do país onde o ato for praticado (locus regit actum).
Qual é a lei aplicável à sucessão por morte, segundo a LINDB?;A lei do país do domicílio do falecido (art. 10).
O que é o princípio da lex rei sitae?;É a aplicação da lei do local onde se encontra o bem para reger sua propriedade e posse.
O que é o princípio da lex loci obligationis?;É a aplicação da lei do local onde a obrigação foi constituída.
O que é o princípio do locus regit actum?;É a aplicação da lei do local onde o ato jurídico foi praticado para reger sua forma.
Segundo a LINDB, qual lei rege a prova dos atos jurídicos?;A lei do país onde se realiza a prova (art. 12).
O que a LINDB dispõe sobre a capacidade para casar?;A capacidade para casar é regida pela lei do domicílio do nubente (art. 7º, §4º).
Qual a regra da LINDB para a forma do casamento?;A forma do casamento é regida pela lei do local da celebração (art. 11, caput).
Qual lei rege a existência e o funcionamento das pessoas jurídicas, segundo a LINDB?;A lei do país onde forem constituídas (art. 11).
O que é a exceção (ou reserva) de ordem pública?;É o mecanismo que impede a aplicação de lei estrangeira que ofenda a soberania, a ordem pública e os bons costumes (art. 17).
Qual a consequência da aplicação da exceção de ordem pública?;O juiz recusa a lei estrangeira ofensiva e aplica a lei brasileira.
O art. 17 da LINDB veda a aplicação de lei estrangeira em quais situações?;Quando ofender a soberania nacional, a ordem pública ou os bons costumes.
A LINDB aceita o reenvio (remissão)?;Não, o art. 16 veda expressamente o reenvio.
O que é o reenvio no DIPriv?;É a hipótese em que a norma de conflito do foro remete a uma lei estrangeira, e esta remete de volta ao foro ou a uma terceira lei.
O que determina o art. 16 da LINDB sobre o reenvio?;Que, quando a lei estrangeira remeter à lei brasileira, não se aplica a lei estrangeira, aplicando-se a lei brasileira.
O reenvio de segundo grau é admitido pela LINDB?;Não, a vedação do art. 16 é absoluta, alcançando qualquer reenvio.
Quem deve provar o conteúdo da lei estrangeira no processo judicial brasileiro?;A parte que a invoca (art. 14 da LINDB).
Se o juiz não conhecer a lei estrangeira, o que ele pode fazer?;Pode determinar a prova do seu teor, ouvindo testemunhas ou solicitando informações às autoridades estrangeiras.
O art. 15 da LINDB determina que a lei estrangeira deve ser aplicada como?;Segundo seu próprio sistema, ou seja, com a interpretação que lhe dá o país de origem.
A LINDB adota o critério da nacionalidade ou do domicílio como fator de conexão?;Adota o critério do domicílio como regra geral (art. 7º).
Qual é a exceção à regra do domicílio no art. 7º da LINDB?;O §4º permite que o nubente se case no Brasil pela lei do seu país de origem, se não tiver domicílio no Brasil.
O que a LINDB dispõe sobre a sucessão de bens de estrangeiros situados no Brasil?;Que será regida pela lei brasileira em benefício do cônjuge e filhos brasileiros (art. 10, §2º).
Qual a finalidade da regra do art. 10, §2º, da LINDB?;Proteger o cônjuge e os filhos brasileiros do de cujus, garantindo-lhes a aplicação da lei brasileira.
A LINDB distingue entre bens móveis e imóveis para a sucessão?;Não, a regra do art. 10 é geral, mas a exceção do §2º aplica-se a quaisquer bens situados no Brasil.
O que são as leis de polícia (lois de police) no DIPriv?;São normas imperativas do foro que se aplicam a todas as relações, independentemente da lei estrangeira.
A LINDB prevê expressamente as leis de polícia?;Não expressamente, mas a doutrina e a jurisprudência as reconhecem.
Qual a relação entre a LINDB e os tratados internacionais de DIPriv?;Os tratados prevalecem sobre a LINDB por serem normas especiais (ex.: Convenções de Haia).
O Brasil é signatário da Convenção de Haia sobre a lei aplicável à compra e venda internacional?;Sim, aderiu à Convenção de Haia de 1955.
O que é a Convenção de Haia no contexto do DIPriv?;São tratados multilaterais que uniformizam regras de conflito de leis em matéria civil, comercial e processual.
O que significa o princípio da lex fori?;É a aplicação da lei do foro (local do juízo) para questões processuais e de ordem pública.
A LINDB é uma lei ordinária ou complementar?;É uma lei ordinária (Decreto-Lei nº 4.657/1942), com status de lei ordinária.
A LINDB pode ser alterada por medida provisória?;Sim, por ser lei ordinária, pode ser alterada por MP, desde que observados os requisitos constitucionais.
Qual o artigo da LINDB que trata da determinação do dia inicial dos prazos?;Art. 13, que não tem relação direta com DIPriv, mas é norma geral de direito intertemporal.
"O que é a ""qualificação"" no DIPriv?";É o processo de classificação da situação jurídica para determinar qual norma de conexão será aplicada.
A LINDB adota a autonomia da vontade para contratos internacionais?;Não há regra expressa, mas a doutrina e a jurisprudência a admitem, desde que não ofenda a ordem pública.
O que é a lex mercatoria?;São usos e costumes do comércio internacional, aplicáveis a contratos internacionais independentemente de lei estatal.
A LINDB admite a aplicação da lex mercatoria?;Não há previsão, mas é aceita na arbitragem internacional com base na autonomia da vontade.
Qual é a regra da LINDB para a capacidade das pessoas jurídicas de direito público estrangeiro?;Regem-se pela lei do seu país de origem (art. 11, §2º).
O art. 12 da LINDB, ao tratar da prova, exige que forma específica?;Não, permite que a prova seja feita pelos meios admitidos no país onde se realiza, mas o juiz pode exigir forma específica.
"O que é a ""ordem pública internacional""?";É o núcleo de princípios fundamentais do foro que não pode ser violado por lei estrangeira, sendo mais restrita que a ordem pública interna.
A LINDB adota a reciprocidade como condição para aplicação de lei estrangeira?;Não, o art. 14 não exige reciprocidade para aplicação da lei estrangeira.
O que a LINDB dispõe sobre a legitimidade para suceder?;A lei do domicílio do falecido rege a legitimidade dos herdeiros e sucessores (art. 10).
Qual lei rege a capacidade para testar, segundo a LINDB?;A lei do domicílio do testador (art. 10, §1º).
A LINDB se aplica a relações de direito do trabalho com elemento estrangeiro?;Subsidiariamente, mas a CLT tem regras próprias (art. 651).
Qual a regra do art. 651 da CLT para contratos de trabalho internacionais?;Aplica-se a lei do local da prestação de serviços, salvo se o empregado for brasileiro e a empresa for brasileira.
"O que é a ""cláusula de exceção"" no DIPriv?";É um mecanismo que permite ao juiz afastar a norma de conexão se, no caso concreto, ela conduzir a solução inadequada.
A LINDB prevê a cláusula de exceção?;Não expressamente, mas é defendida pela doutrina.
"O que é a ""adaptação"" no DIPriv?";É a técnica de compatibilizar institutos de diferentes sistemas jurídicos para aplicar a lei estrangeira de forma coerente.
A LINDB trata da adaptação?;Não, a lei é silente, mas a doutrina a admite.
Qual a diferença entre normas de conflito e normas materiais na LINDB?;"Normas de conflito indicam a lei aplicável; normas materiais resolvem diretamente o mérito da questão."
A LINDB contém principalmente normas de conflito ou normas materiais?;Principalmente normas de conflito (indiretas).
O que o art. 18 da LINDB estabelece sobre a lei estrangeira?;Que, em caso de dúvida sobre seu conteúdo, o juiz pode pedir informações às autoridades do país estrangeiro.
Qual a relação entre a LINDB e o Código de Processo Civil na prova da lei estrangeira?;O CPC complementa a LINDB, prevendo procedimentos específicos (art. 376 do CPC).
A LINDB é aplicável no processo arbitral?;Sim, o árbitro deve observar as regras de conflito da LINDB, salvo convenção em contrário.
O que é o princípio da territorialidade na LINDB?;É a aplicação da lei brasileira a fatos ocorridos no território nacional.
O que é o princípio da extraterritorialidade na LINDB?;É a aplicação da lei brasileira a fatos ocorridos no exterior, em certas hipóteses (ex.: art. 10, §2º).
A LINDB se aplica a relações de direito penal internacional?;Não, o direito penal internacional é regido pelo Código Penal (art. 7º) e por tratados.
Qual a influência do DIP sobre a LINDB?;O DIP influencia a LINDB na definição de conceitos como soberania, ordem pública e reciprocidade.
A LINDB é uma lei do Direito Internacional Público?;Não, é uma lei interna de Direito Internacional Privado.
Como a LINDB trata a nacionalidade das pessoas jurídicas?;Pela lei do país onde forem constituídas (art. 11), que determina sua nacionalidade.
"O que é a ""condição jurídica do estrangeiro"" na LINDB?";A LINDB não tem capítulo específico, mas o art. 7º iguala a capacidade de brasileiros e estrangeiros.
O estrangeiro pode invocar lei estrangeira em juízo no Brasil?;Sim, desde que prove seu conteúdo, nos termos do art. 14.
Qual é a regra da LINDB para a guarda de menores com elemento estrangeiro?;Não há regra específica, aplica-se a Convenção de Haia sobre sequestro internacional de crianças.
A LINDB prevê o princípio da lei mais favorável?;Não expressamente, mas o CDC o adota para relações de consumo.
Qual a relação entre a LINDB e o Código de Defesa do Consumidor?;O CDC é lei especial e prevalece sobre a LINDB, aplicando a lei mais favorável ao consumidor.
O art. 9º da LINDB se aplica a contratos ou apenas a obrigações em geral?;Aplica-se a obrigações em geral, abrangendo contratos, atos unilaterais e responsabilidade civil.
A lei do local da constituição da obrigação se aplica a contratos entre ausentes?;Sim, a obrigação se constitui no local da proposta ou da aceitação, conforme a teoria adotada.
Qual teoria de formação de contratos é adotada pela LINDB?;A LINDB não é clara, mas a doutrina majoritária adota a teoria da recepção ou da expedição.
O que determina o art. 13 da LINDB?;A forma de contar os prazos legais (inclusão e exclusão de dias), sem relação direta com DIPriv.
"O que é a ""lex loci celebrationis""?";É a lei do local da celebração, aplicável à forma do ato (art. 9º, §2º).
"O que é a ""lex loci executionis""?";É a lei do local da execução da obrigação, aplicável ao cumprimento da prestação.
"A LINDB adota a teoria da ""escolha da lei"" para contratos internacionais?";Não há regra expressa, mas a doutrina e a jurisprudência admitem a autonomia da vontade.
Qual é a regra da LINDB para a capacidade da mulher casada?;A LINDB não distingue, pois a CF/88 igualou os direitos entre homens e mulheres.
O que a LINDB dispõe sobre a prova da lei estrangeira?;Que a parte deve prová-la, e o juiz pode determinar as providências necessárias (art. 14).
A LINDB se aplica a relações de direito marítimo internacional?;Sim, subsidiariamente, mas há leis especiais (ex.: Código Comercial e tratados).
"O que é a ""lex domicilii""?";É a lei do domicílio da pessoa, adotada pela LINDB como regra geral de conexão.
"O que é a ""lex nationalis""?";É a lei da nacionalidade, critério adotado por alguns países, mas não pela LINDB (que adota o domicílio).
Qual a diferença entre domicílio e residência na LINDB?;"Domicílio é o local com ânimo definitivo (art. 76 do CC); residência é a moradia eventual."
O art. 10 da LINDB se aplica à sucessão de estrangeiro no Brasil?;Sim, aplica-se a sucessão de estrangeiros, com a ressalva do §2º para herdeiros brasileiros.
O que a LINDB dispõe sobre a sucessão de brasileiro no exterior?;A lei do domicílio do falecido rege a sucessão, mas os bens no exterior seguem a lei local.
"A LINDB prevê a figura do ""juiz natural"" para aplicação da lei estrangeira?";Não, o juiz brasileiro é competente para aplicar a lei estrangeira, se for o juízo do foro.
"O que é a ""teoria do estatuto pessoal"" no DIPriv?";É a aplicação da lei pessoal (domicílio ou nacionalidade) para reger o estado e a capacidade da pessoa.
A LINDB adota a teoria do estatuto pessoal?;Sim, através do domicílio (art. 7º).
"O que é a ""teoria do estatuto real""?";É a aplicação da lei da situação do bem (lex rei sitae) para reger os direitos reais.
A LINDB adota a teoria do estatuto real?;Sim, pelo art. 8º.
Qual a importância do art. 15 da LINDB para a interpretação da lei estrangeira?;Determina que a lei estrangeira seja interpretada de acordo com o sistema jurídico do país de origem.
A LINDB pode ser suspensa em caso de guerra?;Em tese, sim, por força de tratados ou decisões políticas, mas não há previsão expressa.
"O que é a ""eficácia da lei estrangeira"" no Brasil?";A lei estrangeira tem eficácia no Brasil quando aplicada por uma norma de conflito da LINDB.
A LINDB é aplicada pelo STJ ou pelo STF?;Pelo STJ, que é a corte responsável pela uniformização da interpretação da lei federal, incluindo a LINDB.
Qual a relação entre a LINDB e a Lei de Migração (Lei 13.445/2017)?;A Lei de Migração regula a entrada e permanência de estrangeiros, enquanto a LINDB regula a lei aplicável às relações privadas.
"O que é o ""princípio da integração"" no DIPriv?";É a busca por uma aplicação harmônica da lei estrangeira com o sistema do foro.
A LINDB é uma lei de ordem pública?;Em parte, sim, especialmente as normas que protegem a soberania e a ordem pública.
A LINDB é aplicável a relações envolvendo a Fazenda Pública?;Sim, no que couber, pois é norma geral de aplicação das leis.
"O que é o ""conflito móvel"" no DIPriv?";É a mudança da norma de conexão (ex.: domicílio) ao longo do tempo, alterando a lei aplicável.
A LINDB trata do conflito móvel?;Não expressamente, mas a doutrina e a jurisprudência aplicam a regra do art. 12, sobre a prova, para resolver.
Qual a finalidade última da LINDB em matéria de DIPriv?;Estabelecer segurança jurídica nas relações privadas internacionais, determinando qual lei deve reger cada situação.
;
;
Quais são os elementos constitutivos do Estado segundo o DIP?;Território, população (povo), governo soberano e capacidade para entrar em relações com outros Estados.
"Qual é a diferença entre ""Estado"" e ""Nação"" no DIP?";"Estado é entidade política e jurídica soberana; Nação é comunidade cultural, histórica e linguística, que pode ou não ter um Estado próprio."
Como se dá o surgimento de um novo Estado?;Por meios como: descolonização, desmembramento (secessão), fusão (unificação) ou anexação (incorporação).
"O que é a ""secessão"" no contexto de surgimento de Estados?";É a separação de uma parte do território de um Estado para formar um novo Estado (ex.: Sudão do Sul).
"O que é a ""descolonização"" como forma de surgimento de Estados?";É o processo pelo qual uma colônia ou território dependente alcança a independência, em conformidade com o princípio da autodeterminação dos povos.
"O que é a ""fusão"" de Estados?";É a união de dois ou mais Estados para formar um novo Estado, com a extinção dos anteriores (ex.: Tanzânia).
"O que é a ""incorporação"" (anexação) de um Estado?";É a absorção de um Estado por outro, com a extinção do primeiro (ex.: anexação de estados germânicos pela Prússia).
"O que é a ""separação"" (desmembramento) de um Estado?";É a divisão de um Estado em dois ou mais novos Estados, com a extinção do Estado original (ex.: Tchecoslováquia).
A independência de um território depende do reconhecimento para existir?;Não, a existência do Estado é um fato (critério declarativo), mas o reconhecimento tem efeitos políticos e jurídicos importantes.
Qual a diferença entre a teoria constitutiva e a declarativa do reconhecimento de Estados?;"A constitutiva afirma que o reconhecimento cria o Estado; a declarativa afirma que o reconhecimento apenas constata sua existência preexistente."
Qual teoria prevalece atualmente no DIP sobre o reconhecimento de Estados?;A teoria declarativa, consagrada na Convenção de Montevidéu (1933) e na prática internacional.
"O que é a ""sucessão de Estados""?";É a substituição de um Estado por outro na responsabilidade pelas relações internacionais de um território.
Qual a principal Convenção que regula a sucessão de Estados em matéria de tratados?;A Convenção de Viena sobre Sucessão de Estados em Matéria de Tratados (1978).
Qual a regra geral da Convenção de Viena de 1978 sobre a sucessão em tratados?;A regra geral é a da continuidade (tabula rasa) para novos Estados independentes, salvo exceções.
"O que significa a regra da ""tabula rasa"" na sucessão de Estados?";O novo Estado não herda automaticamente os tratados do Estado predecessor, salvo se manifestar vontade em contrário.
Há exceções à regra da tabula rasa na sucessão de Estados?;Sim, tratados de direitos humanos, fronteiriços e de natureza territorial são considerados continuados.
O que ocorre com os tratados bilaterais do Estado predecessor na sucessão?;Eles não são automaticamente transmitidos, podendo ser renegociados ou denunciados.
E os tratados multilaterais na sucessão de Estados?;O novo Estado pode aderir, se o tratado assim permitir, ou manifestar continuidade.
O que ocorre com os bens, arquivos e dívidas do Estado predecessor na sucessão?;Devem ser repartidos de forma equitativa, por acordo entre as partes ou por arbitragem.
A sucessão de Estados afeta a nacionalidade dos indivíduos?;Sim, geralmente os habitantes do território sucedido adquirem a nacionalidade do novo Estado.
"O que é a ""sucessão de Governos"" e como ela se diferencia da sucessão de Estados?";É a substituição do governo de um mesmo Estado (ex.: golpe, revolução), sem alteração da personalidade jurídica do Estado.
O reconhecimento de um novo governo é obrigatório?;Não, é ato político discricionário de cada Estado.
Qual a diferença entre reconhecimento de Estado e reconhecimento de Governo?;"O reconhecimento de Estado atesta a existência de uma nova entidade soberana; o de Governo atesta a legitimidade das autoridades que dirigem um Estado já existente."
"O que é a ""doutrina Tobar"" sobre reconhecimento de governos?";Defende que o reconhecimento só deve ocorrer quando o novo governo for constitucional e democraticamente eleito.
"O que é a ""doutrina Estrada"" sobre reconhecimento de governos?";Defende a não necessidade de reconhecimento explícito, bastando a manutenção ou não das relações diplomáticas.
O Brasil adota a doutrina Estrada ou a Tobar?;O Brasil, historicamente, adotou uma postura próxima à doutrina Estrada, evitando julgar a legitimidade de governos.
"O que é o ""reconhecimento tácito"" de um Estado?";Ocorre quando um Estado pratica atos que indicam a aceitação do novo Estado, como a celebração de um tratado bilateral.
"O que é o ""reconhecimento expresso"" de um Estado?";É o reconhecimento declarado formalmente por meio de ato unilateral ou bilateral.
Um Estado pode reconhecer um Estado ou governo sem estabelecer relações diplomáticas?;Sim, reconhecimento e estabelecimento de relações diplomáticas são atos distintos.
O reconhecimento de um governo tem efeitos retroativos?;Em geral, sim, os efeitos retroagem à data em que o governo assumiu o poder.
Qual é a base jurídica para a extinção de um Estado?;A extinção pode ocorrer por dissolução, fusão, incorporação ou desmembramento, sempre por acordo ou força.
"O que é a ""dissolução"" de um Estado?";É o desaparecimento do Estado, com seus territórios dando origem a novos Estados (ex.: Tchecoslováquia).
"O que é a ""incorporação"" forçada (anexação) e é lícita no DIP?";"É a tomada de um Estado por outro pela força; é ilícita, salvo se houver consentimento ou como medida de autodefesa."
A anexação é reconhecida pela comunidade internacional?;Em regra, não, sendo considerada nula (ex.: anexação de Kuwait pelo Iraque em 1990).
"O que é a ""soberania"" no DIP?";É a autoridade suprema de um Estado sobre seu território e população, sendo um atributo essencial da personalidade internacional.
A soberania é absoluta ou relativa no DIP contemporâneo?;É relativa, pois é limitada pelo DIP, pelos tratados e pelo princípio da coexistência pacífica.
"O que é o ""princípio da soberania permanente sobre os recursos naturais""?";É o direito de todo Estado de explorar seus próprios recursos naturais, conforme a Carta da ONU e Resoluções da AGNU.
A soberania se aplica ao espaço aéreo, marítimo e terrestre?;Sim, a soberania do Estado estende-se ao território terrestre, ao espaço aéreo sobrejacente e ao mar territorial.
Qual a extensão do mar territorial, segundo o DIP?;Até 12 milhas marítimas contadas da linha de base, conforme a Convenção da ONU sobre o Direito do Mar (CNUDM).
O que é a zona econômica exclusiva (ZEE) e qual sua relação com a soberania?;É uma área além do mar territorial (até 200 milhas), onde o Estado tem direitos exclusivos de exploração, mas não soberania plena.
"O que são os ""direitos fundamentais dos Estados"" no DIP?";São o direito à existência, à autodefesa, à igualdade jurídica, à soberania e ao livre desenvolvimento.
"O que é o ""direito à existência"" do Estado?";É o direito do Estado de preservar sua integridade territorial e independência política.
"O que é o ""direito à autodefesa"" no DIP?";É o direito de um Estado de usar a força para repelir um ataque armado, previsto no art. 51 da Carta da ONU.
O direito à autodefesa é individual ou coletivo?;Ambos. Individual (autodefesa própria) e coletivo (em auxílio a outro Estado atacado).
"O que é o ""direito à igualdade jurídica"" dos Estados?";É o princípio de que todos os Estados são iguais perante o DIP, independentemente de seu poder.
"Quais são os ""deveres fundamentais dos Estados""?";Respeitar a soberania alheia, cumprir os tratados, solucionar controvérsias pacificamente e não intervir nos assuntos internos de outros.
"O que é o ""dever de não intervenção""?";É a obrigação de não intervir, direta ou indiretamente, nos assuntos internos ou externos de outro Estado.
"O que é o ""dever de cooperação internacional""?";É a obrigação de cooperar com outros Estados para a manutenção da paz, segurança e desenvolvimento.
"O que é a ""imunidade de soberania"" (imunidade de jurisdição)?";É a proteção que um Estado estrangeiro tem contra processos em tribunais de outro Estado, limitada a atos de império.
A soberania de um Estado pode ser limitada por tratados?;Sim, a soberania é limitada pela vontade do próprio Estado ao celebrar tratados (ex.: UE, Mercosul).
"O que é a ""sucessão de Estados em matéria de dívidas""?";É a questão de qual Estado arcará com as dívidas do Estado predecessor. A regra geral é a repartição equitativa.
As dívidas pessoais do governo deposto são herdadas pelo novo governo?;Não, o novo governo não herda dívidas contraídas para oprimir o povo (dívidas odiosas).
"O que são as ""dívidas odiosas"" e qual sua relevância na sucessão?";"São dívidas contraídas por regimes ditatoriais sem benefício para a população; não são herdadas pelo novo governo."
O reconhecimento de um Estado é um ato unilateral ou bilateral?;É um ato unilateral, mas pode ser feito de forma expressa ou tácita.
O reconhecimento de um Estado é condição para sua participação em organizações internacionais?;Em regra, sim, pois a admissão depende de aprovação dos membros (ex.: ONU).
"Qual a diferença entre ""reconhecimento de Governo"" e ""aprovação de credenciais diplomáticas""?";"O reconhecimento é ato político; a aprovação de credenciais é ato formal de recebimento de um representante."
"O que é o ""governo no exílio"" no DIP?";É um governo que se refugia em outro país durante a ocupação militar de seu território, sendo reconhecido como legítimo.
O reconhecimento de um governo no exílio é comum no DIP?;É excepcional, mas ocorre em casos de ocupação ilegal (ex.: governo polonês no exílio em Londres).
"O que é o ""princípio da efetividade"" no reconhecimento de governos?";É a doutrina que defende o reconhecimento de um governo que exerce controle efetivo sobre o território, independentemente de sua legitimidade.
"O que é o ""princípio da legitimidade democrática"" no reconhecimento de governos?";É a defesa de que o reconhecimento deve depender da origem democrática do governo.
"A sucessão de Estados pode ocorrer por meio de ""incorporação voluntária""?";Sim, quando um Estado decide se incorporar a outro por acordo mútuo (ex.: Alemanha Oriental e Ocidental).
O que ocorre com os tratados de direitos humanos na sucessão de Estados?;Tendem a ser continuados, em respeito à proteção dos direitos humanos (natureza peremptória).
"O que é a ""teoria da continuidade"" na sucessão de Estados?";Defende que o novo Estado continua a personalidade jurídica do predecessor, herdando todos os direitos e obrigações.
"O que é a ""teoria da descontinuidade"" na sucessão de Estados?";Defende que o novo Estado tem personalidade nova, não herdando automaticamente os tratados do predecessor.
Qual teoria é aplicável a um Estado recém-independente?;A teoria da descontinuidade (tabula rasa) é a regra, conforme a Convenção de Viena de 1978.
"O que é a ""sucessão de Estados em matéria de bens"" e como é feita?";É a transferência de bens públicos do predecessor para o sucessor, repartindo-os de forma justa.
A sucessão de Estados em matéria de bens é regida por qual princípio?;Pelo princípio da repartição equitativa, com base na localização dos bens e sua relação com o território.
O que acontece com os arquivos do Estado predecessor?;Devem ser repartidos, e o novo Estado tem direito à parte referente ao seu território.
O reconhecimento de um novo governo pode ser condicionado?;Sim, alguns Estados condicionam o reconhecimento a reformas políticas ou respeito aos direitos humanos.
"O que é o ""reconhecimento de beligerância""?";É o reconhecimento de que um grupo insurgente em guerra civil é um beligerante, com direitos e deveres sob o DIP.
O reconhecimento de beligerância é comum na prática?;É raro, pois implica a aplicação do DIP humanitário ao conflito interno.
"O que é o ""reconhecimento de insurreição""?";É o reconhecimento de que um movimento insurgente tem certa organização, mas sem lhe conferir status de beligerante.
O reconhecimento de um Estado pode ser retirado?;Sim, o reconhecimento pode ser retirado (retroativo), mas é um ato político grave e raro.
"O que é a ""soberania externa"" e a ""soberania interna""?";"A interna é o poder supremo dentro do território; a externa é a independência nas relações com outros Estados."
A soberania é um conceito absoluto ou funcional?;É funcional, pois o Estado a exerce em função dos direitos e deveres previstos no DIP.
"O que é o ""princípio da integridade territorial""?";É a proteção contra a desmembração de um Estado por meios coercitivos ou unilaterais.
O princípio da integridade territorial se contrapõe ao da autodeterminação?;Sim, há tensão. O DIP resolve preferindo a integridade, salvo casos de descolonização ou opressão grave.
"O que é a ""sucessão de Estados em matéria de responsabilidade internacional""?";O novo Estado não herda, em regra, a responsabilidade por atos ilícitos do predecessor, salvo se houver assunção.
A sucessão de Estados afeta a nacionalidade das empresas e pessoas jurídicas?;Sim, elas podem passar a ter a nacionalidade do novo Estado, se lá estiverem sediadas.
"O que é o ""reconhecimento constitutivo"" de um novo Estado?";É a teoria de que o reconhecimento é o ato que cria o Estado no plano internacional.
Por que a teoria constitutiva é criticada?;Porque viola o princípio da igualdade soberana, dando poder discricionário excessivo aos Estados reconhecedores.
O reconhecimento de um Estado é um ato jurídico ou político?;É predominantemente político, mas com efeitos jurídicos significativos.
O reconhecimento de um governo é um ato vinculado ou discricionário?;É discricionário, pois cada Estado decide conforme seus interesses e princípios.
"O que é a ""doutrina Stimson""?";É a doutrina que nega o reconhecimento de aquisições territoriais obtidas pela força (ex.: Manchúria, 1932).
A doutrina Stimson é aplicada atualmente?;Sim, é incorporada à Carta da ONU, que veda a aquisição de território pela ameaça ou uso da força.
"O que é a ""sucessão de Estados em matéria de tratados de fronteiras""?";Os tratados de fronteiras são considerados continuados (permanentes), independentemente da sucessão.
Por que os tratados de fronteiras são continuados?;Porque criam uma situação territorial objetiva que não pode ser alterada pela sucessão.
"O que é o ""princípio do uti possidetis juris""?";É o princípio pelo qual as fronteiras coloniais são mantidas como fronteiras dos novos Estados independentes.
O princípio do uti possidetis juris é aplicado na América Latina?;Sim, foi adotado pelos Estados latino-americanos após a independência e é também usado na África.
"O que é a ""extinção de um Estado por desaparição de seus elementos""?";Se o Estado perde seu território, população ou governo efetivo, ele pode se extinguir.
O Estado pode ser extinto pela perda de sua soberania?;Sim, se for totalmente subjugado e incorporado a outro Estado.
"O que é o ""governo de fato"" (de facto) e o ""governo de direito"" (de jure)?";"De facto exerce controle efetivo; de jure é reconhecido como legítimo, mesmo sem controle total."
O reconhecimento de um governo de facto pode se transformar em de jure?;Sim, quando o governo consolida seu controle e adquire legitimidade.
"O que é a ""sucessão de Estados em matéria de participação em organizações internacionais""?";"O novo Estado não herda automaticamente a vaga; deve solicitar admissão, conforme o ato constitutivo da OI."
A sucessão de Estados afeta a titularidade de embaixadas e missões diplomáticas?;Sim, o novo Estado pode reivindicar os bens e arquivos das missões situadas em seu território.
"O que é a ""responsabilidade do Estado por atos de seus órgãos""?";O Estado responde internacionalmente pelos atos de seus órgãos, mesmo que eles ajam ultra vires.
"O que é a ""soberania alimentar""?";É o direito de um Estado de definir suas próprias políticas agrícolas e alimentares, protegendo sua segurança alimentar.
"O que é o ""princípio da boa-fé"" nas relações entre Estados?";É a obrigação de cumprir os compromissos internacionais de maneira honesta e leal.
A sucessão de Estados em matéria de dívidas é automática?;Não, é necessário um acordo ou a aplicação de regras de repartição equitativa.
"O que é o ""reconhecimento de um Estado por silêncio""?";Ocorre quando um Estado, sem manifestação formal, age como se o novo Estado existisse (ex.: tratados).
O reconhecimento de um novo governo implica o reconhecimento de seus atos jurídicos?;Sim, os atos praticados pelo governo reconhecido são considerados válidos retroativamente.
;
O que é o território do Estado no Direito Internacional Público?;É o espaço geográfico sobre o qual o Estado exerce sua soberania de forma exclusiva, compreendendo o solo, o subsolo, o espaço aéreo e as águas interiores.
Quais são os elementos que compõem o território de um Estado?;O território terrestre, o mar territorial, o espaço aéreo sobrejacente e o subsolo.
Qual é a base jurídica da soberania territorial do Brasil?;A Constituição Federal de 1988, que estabelece a integridade do território nacional como princípio fundamental.
Como o território brasileiro é definido constitucionalmente?;O art. 18 da CF/88 organiza o território em União, Estados, Distrito Federal e Municípios, todos autônomos.
Qual é o princípio que rege a formação do território brasileiro desde o período colonial?;O princípio do uti possidetis juris, herdado do Direito Internacional da América Latina.
O que significa o princípio do uti possidetis juris aplicado ao Brasil?;Significa que as fronteiras do Brasil foram consolidadas com base na posse efetiva e nos limites administrativos coloniais, reconhecidos internacionalmente.
O Brasil é um país de formação territorial contínua ou descontínua?;Contínua, pois seu território é um bloco único e ininterrupto na América do Sul.
Qual é a extensão territorial total do Brasil?;Cerca de 8,5 milhões de km² (8.510.820,623 km²).
O território brasileiro é dividido em quantos Estados?;26 Estados e o Distrito Federal.
Qual é a lei que trata da divisão territorial do Brasil?;A Lei Complementar de nº 91/1938 e a Lei nº 5.449/1968 estabelecem os limites interestaduais.
"O que são as ""terras devolutas"" no Brasil?";São terras públicas que não estão sob domínio privado ou de uso específico, pertencentes à União ou aos Estados.
Qual é a competência da União sobre o território nacional?;Zelar pela integridade territorial, organizar a divisão territorial e administrar os bens da União.
O Brasil já perdeu território em algum conflito internacional?;Sim, a atual faixa de fronteira com o Uruguai foi perdida em favor da Argentina, e o atual estado do Acre foi adquirido posteriormente.
Qual foi o principal tratado que definiu as fronteiras do Brasil com a Argentina?;O Tratado de 1895, que resolveu a Questão de Palmas (arbitragem do Presidente Grover Cleveland).
Qual foi o tratado que definiu a fronteira entre Brasil e Bolívia?;O Tratado de Petrópolis (1903), que anexou o Acre ao Brasil.
O que foi a Questão do Amapá (ou Contestado Franco-Brasileiro)?;Foi uma disputa territorial entre Brasil e França pela região do Amapá, resolvida pela arbitragem da Suíça (1900), que deu a região ao Brasil.
Qual foi o acordo que resolveu a Questão do Oiapoque?;A arbitragem de Genebra (1900), que definiu o rio Oiapoque como limite entre Brasil e Guiana Francesa.
Como foram definidas as fronteiras do Brasil com a Guiana Inglesa?;Pela arbitragem italiana (1904), que deu a região de Pirara à Inglaterra.
Qual foi o Tratado que definiu a fronteira do Brasil com o Paraguai?;O Tratado de 1872 e a arbitragem do Presidente dos EUA, Grover Cleveland (1895), sobre a região do Rio Apa.
Qual é o marco histórico da consolidação das fronteiras brasileiras?;A definição de todas as fronteiras terrestres até 1909, com exceção da região do Acre (1903) e do Amapá (1900).
O Brasil tem fronteiras com quantos países?;10 países (todos da América do Sul, exceto Chile e Equador).
Quais são os países que fazem fronteira com o Brasil?;Guiana Francesa, Suriname, Guiana, Venezuela, Colômbia, Peru, Bolívia, Paraguai, Argentina e Uruguai.
Qual é a extensão total das fronteiras terrestres brasileiras?;Cerca de 16.886 km de extensão.
Qual é a extensão do litoral brasileiro?;Cerca de 7.491 km.
O Brasil tem reivindicações territoriais no exterior?;Sim, o Brasil reivindica a soberania sobre a Ilha de Trindade e o Arquipélago de Martim Vaz, e a extensão da plataforma continental.
"O que é a ""Amazônia Azul""?";É a denominação brasileira para as águas jurisdicionais brasileiras e a plataforma continental, incluindo o mar territorial e a ZEE.
O Brasil possui ilhas oceânicas?;Sim, como o Arquipélago de Fernando de Noronha, Atol das Rocas, Ilha de Trindade, Arquipélago de Martim Vaz e São Pedro e São Paulo.
Qual a situação de Fernando de Noronha?;Pertence ao Estado de Pernambuco, mas é administrado por um distrito estadual específico.
Qual é o estatuto do Atol das Rocas?;É uma reserva biológica federal, pertencente ao Rio Grande do Norte.
"O que é a ""plataforma continental"" brasileira?";É o leito e subsolo das áreas submarinas adjacentes ao litoral, que se estendem até o bordo da margem continental.
O Brasil possui plataforma continental além das 200 milhas?;Sim, a Comissão de Limites da Plataforma Continental da ONU reconheceu a extensão da plataforma brasileira para além das 200 milhas.
Qual a importância da Amazônia no território brasileiro?;A Amazônia Legal corresponde a mais de 60% do território nacional e é essencial para a soberania e segurança.
"O que é a ""Amazônia Legal""?";É uma região definida por lei, abrangendo os Estados da Amazônia e parte do Mato Grosso e Maranhão, para fins de planejamento.
A Amazônia é propriedade da União?;A maior parte das terras da Amazônia é da União, incluindo as faixas de fronteira.
"O que é a ""faixa de fronteira"" no Brasil?";É uma zona de até 150 km de largura ao longo das fronteiras terrestres, considerada essencial para a segurança nacional.
Qual é a competência da União sobre a faixa de fronteira?;A União tem competência exclusiva para dispor sobre terras na faixa de fronteira (art. 20, §2º da CF).
O Brasil já recorreu à arbitragem internacional para resolver disputas territoriais?;Sim, várias vezes (ex.: Questão de Palmas, Amapá, Pirara).
"O que é a ""Questão de Palmas""?";Foi uma disputa territorial entre Brasil e Argentina pela região das Missões, resolvida pela arbitragem do Presidente dos EUA, Grover Cleveland, em 1895.
"O que foi a ""Questão do Acre""?";Foi a disputa entre Brasil e Bolívia pela região do Acre, rica em borracha, resolvida pelo Tratado de Petrópolis (1903).
O que determina o Tratado de Petrópolis (1903)?;A anexação do Acre ao Brasil, com a indenização de 2 milhões de libras e a construção da Estrada de Ferro Madeira-Mamoré.
Qual foi a arbitragem que resolveu a Questão do Amapá?;A arbitragem do governo suíço, em 1900, que deu a região ao Brasil.
Como foi resolvida a Questão do Oiapoque com a França?;Pela arbitragem de Genebra (1900), que definiu o rio Oiapoque como limite.
Qual foi a disputa territorial com a Guiana Inglesa?;A Questão de Pirara, resolvida pela arbitragem do governo italiano (1904), que deu a região à Inglaterra.
"O que é o ""princípio da continuidade"" na formação do território?";Defende que o território de um Estado deve ser contínuo, sem enclaves, para facilitar o exercício da soberania.
O Brasil possui enclaves ou exclaves?;Não, o território brasileiro é contínuo, sem enclaves.
"O que são os ""rios internacionais"" e sua relação com o território?";São rios que atravessam ou fazem fronteira com mais de um Estado (ex.: Amazonas, Paraná), e seu uso é regulado por tratados.
Qual é o regime jurídico dos rios de fronteira no Brasil?;São rios internacionais, com livre navegação para os Estados ribeirinhos, conforme o princípio da liberdade de navegação.
"O que é o ""Tratado de Itaipu"" e sua relação com o território?";É o tratado entre Brasil e Paraguai (1973) para a construção da usina hidrelétrica de Itaipu, no rio Paraná, com regras de soberania compartilhada.
O Brasil tem disputas territoriais ativas?;"Atualmente, há uma disputa com o Uruguai sobre a ""Ilha Brasileira"" no rio Quaraí, mas é de baixa intensidade."
"O que é o ""Arquipélago de São Pedro e São Paulo""?";É um pequeno grupo de rochas no Atlântico, pertencente ao Brasil, com uma estação científica.
"O que é a ""Ilha de Trindade""?";É uma ilha oceânica brasileira, a 1.200 km de Vitória (ES), com uma base da Marinha.
Como o Brasil exerce sua soberania sobre as ilhas oceânicas?;Por meio da presença militar e científica, e pela delimitação da ZEE e da plataforma continental.
"O que são as ""águas interiores"" no território brasileiro?";São os rios, lagos, canais e baías situados dentro do território, sob soberania exclusiva do Brasil.
Qual é a diferença entre mar territorial e ZEE?;"O mar territorial (12 milhas) é plenamente soberano; a ZEE (até 200 milhas) é de exploração econômica, mas não de soberania plena."
O Brasil reivindica a ampliação do mar territorial?;Sim, reivindicou 200 milhas de mar territorial na década de 1970, mas a CNUDM definiu 12 milhas.
O Brasil é signatário da Convenção da ONU sobre o Direito do Mar (CNUDM)?;Sim, ratificou a CNUDM em 1988.
Como o Brasil delimita sua ZEE?;Pela Lei nº 8.617/1993, que define a ZEE brasileira entre 12 e 200 milhas.
"O que é a ""plataforma continental estendida"" e o Brasil a possui?";"É a plataforma além das 200 milhas; o Brasil possui e teve sua proposta aprovada pela ONU em 2007."
Qual a importância estratégica do território brasileiro na América do Sul?;O Brasil é o maior país da América do Sul e tem fronteiras com quase todos os países da região.
"O Brasil é um país ""continental"" ou ""transcontinental""?";É um país continental, pois ocupa a maior parte da América do Sul.
Qual é a maior extensão do território brasileiro no sentido norte-sul?;Cerca de 4.394 km.
Qual é a maior extensão leste-oeste do território brasileiro?;Cerca de 4.319 km.
Quais são os pontos extremos do Brasil?;"Norte: Monte Caburaí (RR); Sul: Arroio Chuí (RS); Leste: Ponta do Seixas (PB); Oeste: Serra Contamana (AC)."
"O que são os ""tratados de limites"" no Brasil?";São instrumentos diplomáticos que definem as fronteiras com os países vizinhos.
O primeiro tratado de limites do Brasil foi com qual país?;Com a Espanha, o Tratado de Tordesilhas (1494), que não era de limites, mas de divisão do mundo.
Qual foi o primeiro tratado de limites efetivo do Brasil?;O Tratado de Madri (1750), entre Portugal e Espanha, que fixou as fronteiras com base no uti possidetis.
O que foi o Tratado de Madri (1750)?;Foi um acordo que definiu as fronteiras entre as colônias portuguesas e espanholas na América do Sul, com base no princípio do uti possidetis.
O que foi o Tratado de Santo Ildefonso (1777)?;Foi um tratado que redefiniu as fronteiras entre Portugal e Espanha, anulando parcialmente o Tratado de Madri.
O que foi o Tratado de Badajoz (1801)?;Foi um tratado que fixou as fronteiras entre Portugal e Espanha, após a Guerra das Laranjas.
Qual é a importância histórica do Tratado de Tordesilhas para o Brasil?;Estabeleceu a divisão do mundo entre Portugal e Espanha, dando origem à porção ocidental do Brasil.
"O que foi a ""Questão do Rincão"" com o Uruguai?";Foi uma disputa territorial pela região do Rincão de Artigas, resolvida por arbitragem.
Qual foi a arbitragem que resolveu a Questão do Rincão?;A arbitragem do Presidente dos EUA, em 1895, que deu a região ao Uruguai.
"O que é a ""Ilha de Caripi"" no contexto territorial?";É uma ilha fluvial no rio Amazonas, em disputa com a Venezuela.
A disputa da Ilha de Caripi já foi resolvida?;Ainda é uma disputa de baixa intensidade, sem definição clara.
"O que são os ""rios de fronteira seca""?";São rios que não servem como limite natural, e a fronteira é definida por marcos geodésicos.
O Brasil utiliza marcos geodésicos para suas fronteiras?;Sim, muitos trechos de fronteira são definidos por marcos geodésicos acordados com os vizinhos.
"O que é a ""Comissão Mista de Limites""?";É um órgão bilateral entre Brasil e um país vizinho para manutenção e demarcação de fronteiras.
Qual é o órgão brasileiro responsável pela demarcação de fronteiras?;A Comissão Brasileira de Demarcação de Limites (CB), do Ministério das Relações Exteriores.
A União pode dispor sobre o território sem a anuência dos Estados?;Não, qualquer alteração territorial depende de lei complementar e da consulta aos Estados envolvidos (art. 18, §3º da CF).
"O que é o ""domínio eminente"" da União sobre o território?";É a supremacia da União sobre todo o território nacional, especialmente para fins de defesa e integridade.
"O que são as ""terras indígenas"" e sua relação com o território?";São terras ocupadas por povos indígenas, que são bens da União de uso especial (art. 231 da CF).
As terras indígenas são parte do território nacional?;Sim, são áreas dentro do território brasileiro, sob soberania do Brasil.
"O que é a ""soberania sobre o espaço aéreo"" no Brasil?";O Brasil tem soberania plena sobre o espaço aéreo, regulado pelo Código Brasileiro de Aeronáutica.
"O Brasil adota o princípio da ""liberdade de voo"" para aeronaves civis?";Sim, mas sujeita à regulamentação da OACI e a acordos bilaterais.
"O que é o ""espaço aéreo brasileiro"" e sua extensão?";É a coluna de ar sobre o território e o mar territorial, onde o Brasil exerce soberania.
O Brasil tem reservas sobre a passagem de satélites e sondas espaciais?;Não, o espaço exterior é livre, conforme o Tratado do Espaço Exterior (1967).
"O que é o ""subsolo"" no território brasileiro?";É a camada abaixo do solo, rica em minérios e petróleo, de propriedade da União (art. 20, IX da CF).
A exploração de petróleo na plataforma continental é regulada por qual lei?;Pela Lei do Petróleo (Lei nº 9.478/1997), que reserva à União a concessão de exploração.
"O que é a ""Zona de Fronteira"" no Brasil?";É uma faixa de 150 km de largura, definida pela Lei nº 6.634/1979, sujeita a restrições.
A Zona de Fronteira tem restrições à propriedade estrangeira?;Sim, a propriedade de imóveis rurais na faixa de fronteira é restrita a brasileiros (art. 190 da CF).
O Brasil possui a maior fronteira com qual país?;Com a Bolívia, com cerca de 3.423 km de extensão.
O Brasil possui a menor fronteira com qual país?;Com a Guiana Francesa, com cerca de 730 km.
"O que é o ""Tratado de Cooperação Amazônica""?";É um tratado entre Brasil e países amazônicos (OTCA), que promove a cooperação para o desenvolvimento sustentável da Amazônia.
A OTCA (Organização do Tratado de Cooperação Amazônica) tem relação com o território?;Sim, reúne os países da Bacia Amazônica para discutir a soberania e o uso sustentável da região.
O Brasil reconhece a soberania plena sobre a Amazônia?;Sim, a Amazônia é território nacional, e o Brasil defende sua soberania, especialmente na faixa de fronteira.
"O que é o ""SIVAM"" e sua relação com o território?";É o Sistema de Vigilância da Amazônia, criado para monitorar o espaço aéreo e terrestre na Amazônia.
O SIVAM está ligado à soberania brasileira na Amazônia?;Sim, é um sistema de defesa e monitoramento da soberania na região amazônica.
O Brasil já teve conflitos armados por questões territoriais?;Sim, a Guerra do Acre (1902-1903) foi um conflito entre Brasil e Bolívia pela região do Acre.
A Guerra do Acre foi uma guerra formal?;Não, foi um conflito armado de baixa intensidade, com forças civis e militares brasileiras.
"O que foi a ""Revolução Acreana""?";Foi um movimento de colonos brasileiros na região do Acre, que proclamou a independência da região antes da anexação ao Brasil.
Qual foi o tratado que encerrou a Questão do Acre?;O Tratado de Petrópolis (1903), com mediação do Barão de Rio Branco.
Quem foi o principal responsável pela consolidação das fronteiras brasileiras?;O Barão de Rio Branco (José Maria da Silva Paranhos Júnior), como Ministro das Relações Exteriores.
"O que é a ""política de fronteiras"" do Barão de Rio Branco?";Foi a política de solução pacífica das disputas territoriais, por meio de arbitragens e negociações.
O Brasil possui tratados de limites com todos os vizinhos?;Sim, todas as fronteiras terrestres estão delimitadas por tratados vigentes.
Qual é o princípio constitucional que garante a integridade territorial?;A defesa da paz e a não-intervenção (art. 4º, IV e VI), que impedem a perda territorial.
;
Qual a diferença entre povo, população e nação?;"Povo é o conjunto de nacionais de um Estado; população é o total de habitantes (nacionais e estrangeiros); nação é a comunidade cultural e histórica."
O que é nacionalidade, em sentido jurídico?;É o vínculo jurídico-político que liga um indivíduo a um Estado, gerando direitos e deveres recíprocos.
Quais são os critérios para a aquisição da nacionalidade originária?;O jus sanguinis (descendência) e o jus soli (território de nascimento).
O Brasil adota, predominantemente, qual critério para nacionalidade originária?;O jus soli, mas com elementos de jus sanguinis (CF, art. 12, I).
Segundo o art. 12, I, da CF, quem é brasileiro nato?;Os nascidos na República Federativa do Brasil, ainda que de pais estrangeiros, desde que não estejam a serviço de seu país.
O filho de pai ou mãe brasileira nascido no exterior é brasileiro nato?;"Sim, se o pai ou mãe estiver a serviço do Brasil no exterior; ou, se não estiver, pode ser registrado em repartição brasileira."
Qual a diferença entre brasileiro nato e naturalizado?;"O nato adquire a nacionalidade pelo nascimento; o naturalizado a adquire por ato voluntário após atender aos requisitos legais."
Qual é o prazo de residência para o estrangeiro requerer a naturalização ordinária no Brasil?;4 anos de residência ininterrupta no Brasil, segundo a Lei de Migração (Lei 13.445/2017).
O prazo de residência para naturalização é reduzido para algumas pessoas?;Sim, para 1 ano para quem tenha filho ou cônjuge brasileiro, ou 2 anos para os originários de países de língua portuguesa.
O que é a naturalização extraordinária (ou quinzenária)?;É a concedida a estrangeiro que tenha residido no Brasil por mais de 15 anos ininterruptos, sem condenação penal.
A naturalização é um direito ou uma faculdade do Estado?;É uma faculdade do Estado, que pode concedê-la ou negá-la, dentro dos requisitos legais.
O que é a perda da nacionalidade brasileira?;É a extinção do vínculo de nacionalidade por determinadas causas previstas na CF e na lei.
Quais são as causas de perda da nacionalidade previstas no art. 12, §4º, da CF?;A aquisição de outra nacionalidade, salvo nos casos de reconhecimento de nacionalidade originária ou imposição de naturalização.
Qual é a hipótese de perda da nacionalidade por decreto do Presidente?;A perda por aquisição de outra nacionalidade voluntária, após processo administrativo.
A perda da nacionalidade brasileira é definitiva?;Não, pode ser reavida (reaquisição) por ação judicial ou administrativa.
Como se dá a reaquisição da nacionalidade brasileira?;Por ação rescisória ou por processo administrativo no Ministério da Justiça, conforme a Lei de Migração.
O que é a dupla nacionalidade?;É a situação em que uma pessoa possui, simultaneamente, a nacionalidade de dois Estados.
O Brasil admite a dupla nacionalidade?;Sim, em caráter excepcional, nas hipóteses previstas no art. 12, §4º, da CF.
Em quais casos o Brasil admite a dupla nacionalidade sem perda da brasileira?;Quando a outra nacionalidade for originária (ex.: filho de brasileiro no exterior) ou quando for imposta por lei estrangeira.
O que é a polipatria (múltipla nacionalidade)?;É a situação de uma pessoa que possui mais de duas nacionalidades.
O que é a apatridia (ou heimatlos)?;É a situação de uma pessoa que não possui nenhuma nacionalidade (apátrida).
O Brasil é signatário da Convenção sobre o Estatuto dos Apátridas (1954)?;Sim, o Brasil é signatário e adota medidas para reduzir a apatridia.
O que é a Convenção para Reduzir os Casos de Apatridia (1961)?;É um tratado que estabelece regras para evitar que pessoas fiquem sem nacionalidade.
Um apátrida no Brasil tem direitos?;Sim, tem direitos fundamentais, mas não o direito de votar e ser votado (restrito a brasileiros).
O que é a proteção diplomática?;É o direito do Estado de proteger seus nacionais no exterior, quando seus direitos forem violados por outro Estado.
O Estado brasileiro tem o dever de proteger seus nacionais no exterior?;Sim, é um dever constitucional e uma prerrogativa do DIP, previsto no art. 4º, II da CF.
O que pode fazer o cônsul brasileiro em caso de prisão de um brasileiro no exterior?;Visitar o preso, prestar assistência jurídica e garantir que seus direitos processuais sejam respeitados.
"O que é o ""direito de petição"" do brasileiro no exterior?";É o direito de dirigir-se às autoridades consulares para solicitar auxílio ou proteção.
O brasileiro no exterior está sujeito à lei local?;Sim, deve obedecer às leis do país onde se encontra, mas o Brasil pode intervir diplomaticamente em caso de violação grave.
O que é a extradição?;É o ato formal pelo qual um Estado entrega uma pessoa a outro Estado para ser julgada ou cumprir pena.
A extradição no Brasil é regulada por qual norma?;Pela CF (art. 5º, LI e LII), pelo Decreto-Lei 394/1938 e por tratados internacionais.
Quem pode ser extraditado do Brasil?;"Estrangeiros podem ser extraditados; brasileiros natos, não; brasileiros naturalizados, apenas em certos casos."
Brasileiro naturalizado pode ser extraditado?;Sim, por crime comum praticado antes da naturalização ou por tráfico ilícito de entorpecentes (art. 5º, LI, CF).
Brasileiro nato pode ser extraditado?;Não, é vedado pela CF (art. 5º, LI).
A extradição é admitida por motivos políticos?;Não, o Brasil não extradita por crimes políticos (art. 5º, LII, CF).
Quais são os requisitos para a extradição passiva (concedida pelo Brasil)?;Dupla tipicidade, cominação de pena privativa de liberdade, e ausência de prescrição.
O que é o princípio da dupla tipicidade na extradição?;O fato deve ser crime tanto no Estado requerente quanto no Brasil.
A extradição depende de tratado ou pode ser por promessa de reciprocidade?;Pode ser por tratado ou, na ausência, por promessa de reciprocidade (art. 76 da Lei 13.445/2017).
"O que é a ""extradição ativa"" (solicitada pelo Brasil)?";É a solicitação do Brasil a outro Estado para entregar uma pessoa que cometeu crime aqui.
"O que é o ""princípio da especialidade"" na extradição?";O extraditado só pode ser processado pelo crime que fundamentou a extradição, não por outros.
A extradição pode ser denegada se houver risco de tortura?;Sim, o STF já decidiu que a extradição deve ser negada se houver fundado risco de tortura.
"O que é o ""asilo político"" (ou asilo territorial)?";É a proteção concedida por um Estado a um estrangeiro perseguido por motivos políticos em seu país de origem.
O asilo político é um direito do asilado ou um ato do Estado?;É um ato discricionário do Estado (faculdade) concedido em caráter humanitário.
"O que é o ""asilo diplomático""?";É a concessão de asilo em missão diplomática, consular ou em navio de guerra, típico da tradição latino-americana.
O Brasil concede asilo diplomático?;Sim, é uma prática tradicional, com base na Convenção de Havana (1928) e na Convenção de Caracas (1954).
A Convenção de Caracas (1954) trata do que?;Da uniformização das regras sobre asilo diplomático e territorial entre os Estados americanos.
O asilo diplomático é um direito do Estado que concede ou do asilado?;É uma faculdade do Estado concedente, que pode ou não concedê-lo.
"O que é o ""asilo interno"" (ou territorial, propriamente dito)?";É a concessão de proteção dentro do território do Estado asilante, ao estrangeiro que nele ingressa.
O asilo político se confunde com o refúgio?;"Não, o asilo é para perseguição política; o refúgio para perseguição por raça, religião, nacionalidade, etc."
Qual a principal diferença entre asilo e refúgio no Brasil?;"O asilo é ato discricionário do Executivo; o refúgio é um direito do solicitante, regulado pela Lei 9.474/1997."
O estrangeiro no Brasil tem direitos fundamentais garantidos pela CF?;Sim, a CF estende os direitos fundamentais a todos, brasileiros e estrangeiros (art. 5º, caput).
O estrangeiro pode exercer cargos públicos no Brasil?;Não, salvo exceções em lei (ex.: professor universitário), pois é privativo de brasileiro nato ou naturalizado.
O estrangeiro tem direito de votar no Brasil?;Não, o voto é restrito a brasileiros, conforme o art. 14 da CF.
O estrangeiro pode ser proprietário de imóveis rurais na faixa de fronteira?;Não, é vedado pela CF e pela Lei 5.709/1971, salvo exceções.
O estrangeiro tem direito ao exercício de profissões regulamentadas?;Sim, desde que atenda aos requisitos legais e de residência (ex.: OAB, Conselho de Medicina).
O estrangeiro pode ser expulso do Brasil?;Sim, por ato do Ministério da Justiça, em caso de atentado à segurança nacional ou prática de crime.
A expulsão se diferencia da extradição?;Sim, a expulsão é a retirada de um estrangeiro do território nacional, sem pedido de outro Estado.
A expulsão é uma medida administrativa ou judicial?;Administrativa, mas pode ser judicializada para controle de legalidade.
"O que é a ""deportação"" no Brasil?";É a retirada do estrangeiro do território nacional, quando ele entra ou permanece de forma irregular.
A deportação é uma pena?;Não, é uma medida administrativa de controle migratório, não uma sanção penal.
"O que é o ""visto"" e sua relação com a situação do estrangeiro?";É a autorização de entrada e permanência no Brasil, concedida pela autoridade consular.
O estrangeiro tem direito ao devido processo legal no Brasil?;Sim, a CF garante o devido processo legal a todos, incluindo estrangeiros (art. 5º, LIV).
"O que é a ""condição jurídica do estrangeiro"" no Brasil?";É o conjunto de direitos, deveres e restrições aplicáveis ao estrangeiro, regulado pela Lei de Migração.
O estrangeiro residente no Brasil pode ser obrigado a se alistar no serviço militar?;Não, o serviço militar é obrigatório apenas para brasileiros.
O estrangeiro pode ser juiz no Brasil?;Não, a carreira de magistrado é privativa de brasileiro nato ou naturalizado.
O estrangeiro pode ser diplomata brasileiro?;Não, a carreira diplomática é privativa de brasileiro nato (art. 12, §3º).
"O que é a ""naturalização"" de um estrangeiro?";É o ato de adquirir a nacionalidade brasileira por vontade própria, após cumprir requisitos legais.
A naturalização é uma forma de aquisição derivada?;Sim, pois depende de um ato voluntário do estrangeiro e do Estado brasileiro.
O naturalizado tem os mesmos direitos que o nato?;Sim, com exceções (ex.: Presidente, diplomata, cargos de confiança do STF).
Quais cargos são privativos de brasileiro nato?;Presidente, Vice-presidente, Ministro do STF, diplomata, oficial das Forças Armadas, etc.
O naturalizado pode perder a nacionalidade por crime contra o Estado?;Não, a perda da nacionalidade não é pena criminal, mas pode haver perda por aquisição de outra nacionalidade.
"O que é a ""reaquisição da nacionalidade"" e como ocorre?";É a recuperação da nacionalidade brasileira, após sua perda, por ação judicial ou administrativa.
A reaquisição da nacionalidade é automática?;Não, depende de requerimento e decisão administrativa ou judicial.
O brasileiro que perdeu a nacionalidade pode reavê-la se adquirir outra?;Sim, em determinados casos, desde que comprovado o vínculo com o Brasil.
"O que é a ""nacionalidade suprimida""?";É a perda da nacionalidade por ato do Estado, sem consentimento do nacional (ex.: por naturalização forçada).
O Brasil reconhece a nacionalidade de filhos de brasileiros nascidos no exterior?;Sim, mediante registro em repartição consular ou, posteriormente, por ação judicial.
O registro de nascimento de brasileiro no exterior é feito onde?;Nos consulados ou embaixadas brasileiras, conforme a Lei de Registro Público.
O brasileiro no exterior tem direito à assistência consular?;Sim, o consulado é a representação do Brasil que deve prestar assistência a seus nacionais.
A assistência consular inclui a defesa em juízo?;Sim, o cônsul pode indicar advogados e acompanhar o processo, mas não atua como advogado.
"O que é o ""passaporte"" e quem tem direito a ele?";É o documento de viagem, emitido pelo Brasil, que identifica o nacional no exterior.
O estrangeiro tem direito a passaporte brasileiro?;Não, passaporte é privativo de nacional brasileiro.
"O que é a ""Carteira de Identidade"" para estrangeiros?";É o Registro Nacional Migratório (RNM), documento que identifica o estrangeiro no Brasil.
O estrangeiro pode ser processado por crime cometido no exterior?;Sim, se estiver no Brasil e houver tratado de extradição, ou se o crime for de competência da Justiça Federal.
"O que é a ""lei penal no espaço"" e sua relação com o estrangeiro?";A lei penal brasileira pode ser aplicada a crime cometido por estrangeiro no exterior, se os requisitos do art. 7º do CP forem atendidos.
O estrangeiro pode ser sujeito de direitos políticos no Brasil?;Não, apenas os brasileiros natos ou naturalizados podem exercer direitos políticos.
O estrangeiro pode participar de partidos políticos?;Não, a filiação partidária é restrita a brasileiros.
"O que é a ""nacionalidade honorífica""?";É uma honraria concedida a estrangeiros por relevantes serviços ao Brasil, sem efeitos jurídicos de nacionalidade.
O asilo político no Brasil é uma tradição constitucional?;Sim, é um princípio do art. 4º, X, da CF (concessão de asilo político).
O asilo pode ser concedido a um estrangeiro que já tenha cometido crime comum?;Não, o asilo não se concede a criminosos comuns, apenas a perseguidos políticos.
"O que é o ""estatuto do apátrida"" no Brasil?";É a condição de quem não tem nacionalidade, e a Lei de Migração regula seus direitos e deveres.
O apátrida no Brasil pode ser naturalizado?;Sim, com prazos reduzidos, pela Lei de Migração.
A extradição pode ser negada se o extraditando for apátrida?;Sim, o STF já decidiu que a extradição de apátrida é vedada, pois viola o direito à nacionalidade.
"O que é o ""princípio da não-devolução"" (non-refoulement)?";É a proibição de devolver uma pessoa a um país onde ela possa sofrer perseguição (aplicável a refugiados e asilados).
O Brasil aplica o princípio do non-refoulement?;Sim, é aplicado tanto para refugiados quanto para asilados políticos.
"O que é a ""extradição de brasileiro naturalizado por crime de tráfico""?";O art. 5º, LI, permite a extradição de naturalizado por tráfico ilícito de entorpecentes.
"O que é a ""extradição de estrangeiro por crime político""?";É vedada, conforme o art. 5º, LII, da CF.
"O que é o ""julgamento por tribunal de exceção"" e sua relação com o estrangeiro?";É vedado pela CF, e o estrangeiro tem direito a um juízo natural.
O estrangeiro pode adquirir a nacionalidade brasileira por casamento?;Sim, a Lei de Migração prevê a naturalização de cônjuge de brasileiro com prazos reduzidos.
"O que é a ""nacionalidade originária"" e ""derivada""?";"Originária é a de nascimento; derivada é a adquirida por naturalização."
A nacionalidade brasileira é uma cláusula pétrea?;Sim, a perda da nacionalidade é restrita, sendo uma garantia individual (art. 5º, XLVI).
"O que é a ""dupla nacionalidade"" por imposição legal?";Ocorre quando a lei do país de nascimento impõe a nacionalidade, mesmo para filhos de brasileiros (ex.: EUA).
O brasileiro que adquire outra nacionalidade por imposição perde a brasileira?;Não, pois a CF (art. 12, §4º) excepciona a perda.
"O que é a ""nacionalidade primária"" e ""secundária""?";"Primária é a originária; secundária é a adquirida por naturalização."
O estrangeiro tem direito à assistência jurídica gratuita no Brasil?;Sim, se comprovar insuficiência de recursos, como qualquer brasileiro.
"O que é a ""cartilha do cidadão brasileiro no exterior""?";É um guia produzido pelo Itamaraty com orientações sobre direitos e serviços consulares.
;
;
O que é jurisdição no Direito Internacional Público?;É o poder do Estado de aplicar suas leis a pessoas, bens e fatos, com base em sua soberania territorial e pessoal.
Quais são os fundamentos da jurisdição estatal?;Os princípios da territorialidade, personalidade (nacionalidade), proteção (segurança), universalidade e passiva da personalidade.
O que é o princípio da territorialidade da jurisdição?;O Estado exerce jurisdição sobre todos os fatos ocorridos dentro de seu território.
O que é o princípio da personalidade (nacionalidade) ativa?;O Estado exerce jurisdição sobre seus nacionais, onde quer que estejam (ex.: crimes de brasileiros no exterior).
O que é o princípio da proteção (real ou de segurança)?;O Estado exerce jurisdição sobre atos que atentem contra sua segurança ou interesses, mesmo que cometidos no exterior.
O que é o princípio da universalidade?;Permite que qualquer Estado julgue crimes que afetam a comunidade internacional (ex.: pirataria, genocídio).
O que é o princípio da personalidade passiva?;O Estado exerce jurisdição com base na nacionalidade da vítima (ex.: crime contra um brasileiro no exterior).
O Brasil adota o princípio da personalidade passiva?;"Sim, o Código Penal brasileiro (art. 7º, II, ""b"") admite a aplicação da lei brasileira a crimes contra brasileiro no exterior."
O que são as imunidades no DIP?;São privilégios e garantias concedidos a Estados estrangeiros, agentes diplomáticos e consulares, para garantir o livre exercício de suas funções.
Qual a diferença entre imunidade de jurisdição e imunidade de execução?;"A imunidade de jurisdição impede o processo; a imunidade de execução impede a penhora ou cumprimento forçado de sentença."
O que é a imunidade do Estado estrangeiro?;É a proteção contra a jurisdição dos tribunais de outro Estado, baseada no princípio da igualdade soberana (par in parem non habet imperium).
A imunidade do Estado é absoluta ou restritiva?;Atualmente, é restritiva: imunidade para atos de império (jure imperii) e não para atos de gestão (jure gestionis).
O que são atos de império (jure imperii)?;São atos praticados no exercício da soberania estatal (ex.: atos militares, legislativos).
O que são atos de gestão (jure gestionis)?;São atos de natureza comercial ou privada (ex.: contratos de compra e venda).
O Brasil adota a teoria restritiva ou absoluta da imunidade?;A teoria restritiva, conforme jurisprudência do STF e tratados internacionais.
O que é a imunidade diplomática?;É o conjunto de privilégios e imunidades concedidos aos agentes diplomáticos, previsto na Convenção de Viena sobre Relações Diplomáticas (1961).
Quais são os agentes diplomáticos que gozam de imunidade?;Chefes de missão, conselheiros, secretários, adidos e seus familiares, desde que não sejam nacionais do Estado acreditado.
A imunidade diplomática é absoluta?;Sim, para atos oficiais e pessoais do diplomata, mas pode ser renunciada pelo Estado acreditante.
O diplomata pode ser processado por crimes no Estado acreditado?;Não, goza de imunidade penal absoluta, salvo renúncia do Estado enviante.
O diplomata goza de imunidade civil e administrativa?;Sim, com exceções para ações reais sobre bens particulares, sucessões e atividades profissionais fora de suas funções.
Os familiares do diplomata gozam de imunidade?;Sim, desde que não sejam nacionais do Estado acreditado.
O funcionário consular goza da mesma imunidade que o diplomata?;Não, a imunidade consular é mais restrita, aplicando-se apenas a atos oficiais (Convenção de Viena sobre Relações Consulares - 1963).
O cônsul pode ser preso no Estado acreditado?;Sim, por crime grave, mas com comunicação imediata ao consulado e ao Estado de origem.
O que é a inviolabilidade da sede da missão diplomática?;É a proteção absoluta do local, que não pode ser adentrado sem consentimento do chefe da missão.
A sede da missão diplomática é inviolável mesmo em caso de incêndio?;Sim, a inviolabilidade é absoluta, e as autoridades locais não podem entrar sem autorização.
O que é a inviolabilidade dos arquivos e documentos diplomáticos?;São invioláveis em qualquer lugar, sob qualquer circunstância.
O que é a imunidade de jurisdição dos Estados perante a Corte Internacional de Justiça?;A CIJ só tem jurisdição se o Estado aceitar expressamente, por tratado ou declaração.
O que é a responsabilidade internacional do Estado?;É a obrigação de reparar os danos causados por atos ilícitos internacionais praticados por seus órgãos ou agentes.
Quais são os elementos do ato ilícito internacional?;A violação de uma obrigação internacional e a atribuição do ato ao Estado.
Quando o ato é atribuível ao Estado?;Quando praticado por órgão do Estado, agente público ou pessoa que atue sob suas instruções.
O Estado responde por atos de seus órgãos mesmo que ultra vires?;Sim, se agirem na qualidade de órgãos do Estado, independentemente de terem excedido suas competências.
"O que é a ""falta de diligência"" do Estado na responsabilidade internacional?";É a omissão do Estado em prevenir ou reprimir atos de particulares que causem danos a estrangeiros.
O que é o esgotamento dos recursos internos?;É a condição para que um Estado exerça a proteção diplomática: o indivíduo deve ter tentado todos os recursos judiciais locais.
O que é a proteção diplomática?;É o direito do Estado de proteger seu nacional no exterior, quando seus direitos forem violados por outro Estado.
A proteção diplomática é um direito do indivíduo ou do Estado?;É um direito do Estado (discricionário), que pode ou não exercê-lo em favor do nacional.
"O que é a ""doutrina Calvo""?";Defende que os estrangeiros devem se submeter aos tribunais locais, sem proteção diplomática, recebendo o mesmo tratamento que os nacionais.
"O que é a ""doutrina Drago""?";Proíbe o uso da força para cobrança de dívidas contratuais de Estados.
"O que é a ""cláusula Calvo""?";É uma cláusula contratual pela qual o estrangeiro renuncia à proteção diplomática de seu país.
A cláusula Calvo é válida no DIP?;"É controversa; o Estado pode exercer a proteção diplomática mesmo havendo cláusula, pois é direito do Estado."
"O que é a ""responsabilidade por danos a estrangeiros""?";É a obrigação do Estado de indenizar estrangeiros por danos causados por seus órgãos ou por falta de proteção adequada.
"O que é a ""nacionalidade do reclamo"" na proteção diplomática?";O Estado só pode proteger o nacional que tiver sua nacionalidade no momento do dano e no momento da reclamação.
"O que é a ""justiça negada"" (denial of justice)?";É a recusa ou omissão do Judiciário local em prover justiça ao estrangeiro, ensejando proteção diplomática.
"O que é a ""responsabilidade do Estado por atos de particulares""?";O Estado é responsável se não agiu com a devida diligência para prevenir ou punir atos lesivos a estrangeiros.
"O que é a ""responsabilidade internacional objetiva""?";É a responsabilidade que independe de culpa, baseada no risco da atividade (ex.: atividades espaciais nucleares).
"O que é a ""responsabilidade por danos ao meio ambiente""?";O Estado é responsável por danos ambientais significativos além de suas fronteiras, com base no princípio da prevenção.
Quais são as formas de reparação no DIP?;Restituição (restitutio in integrum), indenização, satisfação (pedido de desculpas, honras) e garantias de não repetição.
O que é a restitutio in integrum?;É a restituição ao estado anterior, recompondo a situação jurídica e material anterior ao dano.
"O que é a ""satisfação"" como forma de reparação?";É a compensação por danos morais, como pedido de desculpas, homenagens ou punição dos culpados.
"O que é a ""responsabilidade por fato lícito""?";O Estado pode ser responsabilizado por danos causados por atividades lícitas, como expropriação, com direito a indenização.
"O que é a ""arbitragem"" na solução de disputas sobre responsabilidade?";É um meio de solução pacífica pelo qual as partes submetem a controvérsia a um tribunal arbitral.
O Brasil já foi condenado por um tribunal internacional?;Sim, por exemplo, no caso de expropriação da companhia de eletricidade de São Paulo, na arbitragem com a Itália.
"O que é a ""culpa"" na responsabilidade internacional?";A responsabilidade é objetiva, mas a culpa pode ser relevante para a determinação da reparação.
"O que é a ""força maior"" como excludente de responsabilidade?";É um evento imprevisível e irresistível que torna impossível o cumprimento da obrigação.
"O que é o ""estado de necessidade"" como excludente?";É a situação em que o Estado age para proteger um interesse essencial, mas viola uma obrigação internacional.
"O que é a ""legítima defesa"" como excludente de responsabilidade?";É o uso da força em resposta a um ataque armado, previsto no art. 51 da Carta da ONU.
"O que é a ""contramedida"" no DIP?";É uma medida de retaliação lícita, tomada por um Estado em resposta a um ato ilícito de outro, para obrigá-lo a cumprir suas obrigações.
As contramedidas são ilícitas?;Sim, mas a ilicitude é excluída se forem proporcionais e tomadas como resposta a um ato ilícito prévio.
"O que é a ""proteção diplomática coletiva""?";É o exercício da proteção diplomática por um grupo de Estados em favor de seus nacionais.
"O que é a ""proteção diplomática de pessoas jurídicas""?";O Estado pode proteger uma empresa de sua nacionalidade, com base no local da sede ou do controle efetivo.
"O que é a ""nacionalidade efetiva"" para proteção de pessoas jurídicas?";É o critério do siège social (sede real) ou do controle acionário, conforme a jurisprudência da CIJ.
"O que são os ""privilégios e imunidades das organizações internacionais""?";São garantias concedidas a OIs, como a ONU, para o livre exercício de suas funções, previstas em tratados.
Qual é a convenção que regula as imunidades da ONU?;A Convenção sobre Privilégios e Imunidades das Nações Unidas (1946).
Os funcionários da ONU gozam de imunidade?;Sim, para atos praticados no exercício de suas funções.
"O que é a ""jurisdição universal""?";É a competência de qualquer Estado para julgar crimes contra o direito internacional (ex.: genocídio, crimes de guerra).
O Brasil adota a jurisdição universal?;Sim, em certos casos, como a criminalização do genocídio e da tortura, independentemente do local do crime.
"O que é a ""extradição"" e sua relação com a jurisdição?";É o ato pelo qual um Estado entrega uma pessoa a outro para julgamento ou cumprimento de pena, como forma de cooperar na jurisdição penal.
"O que é a ""ordem de prisão internacional"" (Mandado Vermelho da Interpol)?";É uma solicitação para localizar e prender provisoriamente uma pessoa para fins de extradição.
"O que é a ""cooperação jurídica internacional""?";É a assistência entre Estados em matéria penal, civil e administrativa (ex.: cartas rogatórias).
"O que são as ""cartas rogatórias""?";São pedidos de um juiz a outro país para a prática de atos processuais (citação, prova, etc.).
As cartas rogatórias tramitam pelo STJ no Brasil?;Sim, o STJ é o órgão competente para homologar cartas rogatórias oriundas do exterior.
"O que é a ""homologação de sentença estrangeira""?";É o ato pelo qual o STJ confere validade a uma sentença proferida no exterior para produzir efeitos no Brasil.
"O que é a ""imunidade parlamentar"" no DIP?";Não é um conceito de DIP, mas sim de direito interno, relativa a parlamentares nacionais.
"O que é a ""imunidade de soberania"" aplicada a navios de guerra?";Navios de guerra estrangeiros gozam de imunidade de jurisdição em águas territoriais de outros Estados.
"O que é a ""imunidade de aeronaves militares""?";Aeronaves militares estrangeiras são imunes à jurisdição do Estado sobrevoado, salvo em caso de perigo.
"O que é a ""cláusula compromissória"" em matéria de jurisdição?";É a cláusula em um tratado que prevê a submissão de controvérsias a um tribunal internacional.
O Brasil reconhece a jurisdição da Corte Interamericana de Direitos Humanos?;Sim, desde 1998, com reservas sobre certos artigos da Convenção Americana.
"O que é a ""jurisdição penal internacional""?";É a exercida por tribunais internacionais, como o Tribunal Penal Internacional (TPI), para julgar crimes internacionais.
O Brasil é membro do Tribunal Penal Internacional?;Sim, ratificou o Estatuto de Roma em 2002.
O TPI tem jurisdição sobre crimes de agressão, genocídio, crimes contra a humanidade e crimes de guerra?;Sim.
"O que é a ""competência ratione materiae"" da CIJ?";É a competência para julgar questões jurídicas entre Estados, previstas no Estatuto da CIJ.
"O que é a ""competência ratione personae"" da CIJ?";A CIJ julga apenas Estados, não indivíduos ou organizações.
"O que é a ""exceção de incompetência"" em matéria de jurisdição?";É a arguição de que o tribunal não tem jurisdição para julgar o caso.
"O que é a ""imunidade de jurisdição dos chefes de Estado""?";Chefes de Estado em exercício gozam de imunidade absoluta perante tribunais estrangeiros, por atos oficiais e privados.
A imunidade do Chefe de Estado é vitalícia?;Não, após o término do mandato, a imunidade se limita a atos oficiais (funcionais).
"O que é a ""imunidade dos ministros de Relações Exteriores""?";Gozam de imunidade absoluta enquanto em exercício, por atos oficiais e privados.
"O que é a ""imunidade de ex-chefes de Estado por crimes internacionais""?";Não há imunidade para crimes internacionais (genocídio, crimes de guerra, contra a humanidade), segundo o DIP.
"O que é a ""proteção diplomática por violação de direitos humanos""?";O Estado pode exercer proteção diplomática se o nacional tiver seus direitos humanos violados no exterior.
"O que é a ""responsabilidade internacional por violação de tratados""?";O Estado é responsável se violar uma obrigação prevista em um tratado, devendo reparar o dano.
"O que é o ""princípio da boa-fé"" na proteção diplomática?";O Estado deve agir de boa-fé ao exercer a proteção, sem abusos ou fins políticos.
"O que é a ""negociação"" como meio de solução de controvérsias?";É o diálogo direto entre os Estados para resolver uma disputa, sem intervenção de terceiros.
"O que são os ""bons ofícios"" e a ""mediação""?";São meios pelos quais um terceiro facilita a comunicação entre as partes (bons ofícios) ou propõe soluções (mediação).
"O que é a ""conciliação"" no DIP?";É um procedimento em que uma comissão investiga os fatos e propõe uma solução, sem força vinculante.
"O que é a ""inquérito"" (ou comissão de inquérito)?";É a investigação de fatos por uma comissão internacional para esclarecer a controvérsia.
"O que é a ""arbitragem"" e como se difere da conciliação?";"A arbitragem é vinculante; a conciliação não é."
"O que é a ""jurisdição obrigatória"" da CIJ?";A CIJ tem jurisdição obrigatória para Estados que aceitaram sua cláusula facultativa de jurisdição.
O Brasil aceitou a jurisdição obrigatória da CIJ?;Sim, por meio de declaração em 1948, com reservas.
"O que é a ""reserva"" à jurisdição da CIJ?";É a exclusão de certas matérias da jurisdição do tribunal, feita pelo Estado ao aceitar sua competência.
"O que é a ""imunidade de organizações internacionais"" e sua base jurídica?";Baseia-se em tratados (ex.: Convenção de 1946) e no princípio da necessidade funcional.
"O que é a ""responsabilidade internacional por atos de empresas privadas""?";O Estado não responde diretamente, mas pode ser responsabilizado por falta de diligência.
"O que é o ""esgotamento de recursos internos"" na proteção diplomática?";A vítima deve ter utilizado todos os recursos judiciais do Estado violador antes da proteção diplomática.
O esgotamento de recursos internos é dispensado em alguns casos?;Sim, quando os recursos são ineficazes, inexistentes ou há recusa de justiça.
"O que é a ""recusa de justiça"" (denial of justice)?";É a recusa do judiciário local em julgar o caso, ou a demora excessiva, ensejando proteção diplomática.
"O que é a ""responsabilidade do Estado por atos de seus agentes consulares""?";O Estado é responsável por atos ilícitos de seus cônsules, mesmo que ultra vires.
"O que é a ""responsabilidade do Estado por atos de seus agentes diplomáticos""?";Idem, o Estado responde pelos atos de seus diplomatas, com base no princípio da atribuição.
"O que é a ""cláusula de nação mais favorecida"" em matéria de jurisdição?";É uma cláusula que garante que um estrangeiro receba tratamento não menos favorável que o de outros estrangeiros.
"O que é a ""imunidade de execução"" de bens de Estado estrangeiro?";Bens usados para fins públicos (militares, culturais, etc.) são imunes à penhora.
A imunidade de execução é absoluta?;Não, bens usados para fins comerciais podem ser penhorados.
;
Quem são os sujeitos clássicos do Direito Internacional Público?;Os Estados soberanos.
Além dos Estados, quais são os outros sujeitos de DIP reconhecidos?;As organizações internacionais, a Santa Sé, o Comitê Internacional da Cruz Vermelha (CICV), os indivíduos (em certa medida) e os movimentos de libertação nacional.
"O que caracteriza um ""sujeito especial"" de DIP?";É uma entidade que possui personalidade jurídica internacional limitada, restrita a certas funções ou fins específicos.
A personalidade jurídica internacional é sempre plena?;Não, pode ser parcial ou funcional, como no caso das OIs e do CICV.
As organizações internacionais são sujeitos de DIP?;"Sim, possuem personalidade jurídica internacional, conforme a opinião consultiva da CIJ no caso ""Bernadotte"" (1949)."
Qual é a base da personalidade jurídica das organizações internacionais?;O tratado que as cria (ato constitutivo) e sua capacidade de agir no plano internacional.
A ONU é um sujeito de DIP?;Sim, é a principal organização internacional com personalidade jurídica plena para seus fins.
A ONU pode demandar e ser demandada perante tribunais internacionais?;Sim, desde que autorizada por seu ato constitutivo.
Qual é o sujeito especial mais antigo do DIP?;A Santa Sé, que possui personalidade jurídica internacional desde tempos imemoriais.
A Santa Sé é a mesma coisa que o Vaticano?;"Não. A Santa Sé é a instituição religiosa e jurídica da Igreja Católica; o Vaticano é o território onde ela exerce sua soberania."
A Santa Sé tem assento na ONU?;Sim, como Estado observador permanente, não como membro pleno.
A Ordem de Malta é um sujeito de DIP?;Sim, é um sujeito sui generis, com personalidade internacional limitada a funções humanitárias e sem território próprio.
A Ordem de Malta tem status de observador na ONU?;Sim, possui status de observador na Assembleia Geral da ONU.
O Comitê Internacional da Cruz Vermelha (CICV) é um sujeito de DIP?;Sim, é uma associação de direito suíço, mas com personalidade internacional reconhecida para fins humanitários.
Qual é a base da personalidade do CICV no DIP?;Os tratados de Genebra (1949) e seus Protocolos Adicionais reconhecem seu papel e lhe conferem direitos e deveres.
O CICV pode celebrar acordos com Estados?;Sim, pode celebrar acordos de sede e de cooperação humanitária.
Os indivíduos são sujeitos de DIP?;Sim, de forma limitada. São titulares de direitos (ex.: direitos humanos) e deveres (ex.: crimes internacionais).
Quando o indivíduo se tornou sujeito de DIP?;A partir do século XX, com o reconhecimento dos direitos humanos e do direito penal internacional.
O indivíduo pode demandar um Estado perante uma corte internacional?;Sim, em certos sistemas regionais (ex.: Corte Interamericana de Direitos Humanos) e no sistema da ONU.
O indivíduo pode ser julgado por tribunais internacionais?;Sim, pelo Tribunal Penal Internacional (TPI) e por tribunais ad hoc (ex.: Tribunal de Nuremberg).
"O que são os ""movimentos de libertação nacional""?";São grupos que lutam pela autodeterminação de povos sob dominação colonial ou ocupação estrangeira.
Os movimentos de libertação nacional são sujeitos de DIP?;Sim, de forma limitada, reconhecidos pela ONU e pela OUA (União Africana).
Qual é o exemplo clássico de movimento de libertação nacional?;A OLP (Organização para a Libertação da Palestina), que tem status de observador na ONU.
A OLP tem personalidade internacional plena?;Não, tem personalidade limitada, principalmente para fins de negociação e representação política.
As empresas multinacionais são sujeitos de DIP?;Não, regra geral. São sujeitos de direito interno e, em certos casos, têm direitos e deveres previstos em tratados (ex.: investimentos).
As empresas podem ser responsabilizadas internacionalmente?;Não diretamente, mas podem ser responsabilizadas por tribunais internos ou por mecanismos de arbitragem.
Os povos são sujeitos de DIP?;Sim, no contexto do direito à autodeterminação, são titulares de direitos coletivos.
"O que é a ""personalidade jurídica internacional das OIs""?";É a capacidade de uma OI de ter direitos e deveres internacionais, celebrar tratados e gozar de imunidades.
A UE é um sujeito de DIP?;Sim, a União Europeia possui personalidade jurídica internacional plena para seus fins, podendo celebrar tratados.
A UE tem assento na ONU?;Sim, como observador, mas não como membro pleno.
O Mercosul tem personalidade jurídica internacional?;Sim, tem personalidade internacional prevista no Tratado de Assunção (1991) e no Protocolo de Ouro Preto (1994).
O Mercosul pode celebrar tratados com terceiros?;Sim, desde que autorizado por seus Estados-membros.
A OTAN (Organização do Tratado do Atlântico Norte) é sujeito de DIP?;Sim, é uma organização internacional com personalidade jurídica para fins de defesa coletiva.
"O que é o ""status de observador"" na ONU?";É um status conferido a entidades (ex.: Santa Sé, OLP, UE) para participar dos debates, mas sem direito a voto.
"O que é o ""reconhecimento de uma organização internacional""?";É o ato pelo qual os Estados membros ou terceiros aceitam sua personalidade e capacidade internacional.
A personalidade de uma OI é objetiva ou subjetiva?;É subjetiva (depende do reconhecimento pelos Estados), mas pode se tornar objetiva se for uma organização universal.
A personalidade da ONU é objetiva?;Sim, a CIJ afirmou que a ONU tem personalidade objetiva, erga omnes.
"O que é o ""direito de legação"" das OIs?";É a capacidade de enviar e receber missões diplomáticas, embora limitada.
As OIs gozam de imunidade de jurisdição?;Sim, geralmente prevista em seus tratados constitutivos ou em acordos de sede.
A União Postal Universal (UPU) é um sujeito de DIP?;Sim, é uma OI com personalidade jurídica, embora técnica.
A Organização Mundial da Saúde (OMS) é sujeito de DIP?;Sim, pode celebrar tratados e acordos internacionais.
O Fundo Monetário Internacional (FMI) e o Banco Mundial são sujeitos de DIP?;Sim, são organizações internacionais especializadas com personalidade jurídica.
Os Estados podem delegar soberania a uma OI?;Sim, como na UE, onde há cessão de competências soberanas.
"O que é a ""sucessão de organizações internacionais""?";É a substituição de uma OI por outra, com transferência de funções e tratados (ex.: ONU sucedeu a Liga das Nações).
A Liga das Nações era sujeito de DIP?;Sim, era uma organização internacional com personalidade jurídica.
"O que é o ""Comitê Internacional da Cruz Vermelha"" (CICV) e qual sua função?";É uma instituição humanitária que atua em conflitos armados, protegendo vítimas e promovendo o DIP humanitário.
O CICV é uma organização não governamental (ONG)?;É uma instituição sui generis, com base no direito suíço, mas com personalidade internacional.
A Federação Internacional das Sociedades da Cruz Vermelha e do Crescente Vermelho é sujeito de DIP?;Sim, mas com personalidade mais limitada que o CICV.
"Os ""povos indígenas"" são sujeitos de DIP?";Em certa medida, sim, como titulares de direitos coletivos, especialmente na Declaração da ONU sobre os Direitos dos Povos Indígenas.
"O que é a ""personalidade jurídica dos povos indígenas"" no DIP?";É o reconhecimento de seu direito à autodeterminação interna, à terra e à cultura.
"As ""minorias nacionais"" são sujeitos de DIP?";São protegidas por tratados, mas não são sujeitos plenos, exceto como parte de um povo.
"Os ""Estados federados"" são sujeitos de DIP?";Em regra, não. Apenas o Estado federal (União) tem personalidade internacional, salvo exceções.
Os estados-membros da Alemanha (Länder) têm personalidade internacional?;Limitada, em certas matérias, com autorização do governo federal.
Os cantões suíços são sujeitos de DIP?;Não, a Suíça é um Estado federal, e os cantões não têm personalidade internacional.
"O que é a ""personalidade jurídica dos territórios não autônomos""?";São territórios que não alcançaram a independência, mas têm personalidade internacional limitada, como a Guiné-Bissau antes da independência.
"A ""Cidade do Vaticano"" é um sujeito de DIP?";Sim, é o território onde a Santa Sé exerce sua soberania, sendo um Estado.
A Santa Sé e o Vaticano são a mesma coisa?;"Não, a Santa Sé é a entidade jurídica; o Vaticano é o território."
"O ""Soberano Militar e Hospitalário da Ordem de São João de Jerusalém"" (Ordem de Malta) tem território?";Não, é uma ordem religiosa sem território, mas com personalidade internacional.
A Ordem de Malta tem relações diplomáticas com outros Estados?;Sim, mantém relações diplomáticas com mais de 100 Estados.
"O que é o ""reconhecimento de uma organização internacional""?";É o ato pelo qual os Estados aceitam a personalidade da OI e sua capacidade de agir.
"As ""comissões internacionais de controle"" são sujeitos de DIP?";Sim, em certos casos, como as comissões de controle de armamentos, com personalidade limitada.
"O que é um ""sujeito internacional sui generis""?";É uma entidade que não se enquadra perfeitamente nas categorias tradicionais (ex.: Ordem de Malta).
"Os ""agentes internacionais"" (como enviados especiais) são sujeitos de DIP?";Não, são representantes de sujeitos, não sujeitos em si.
"O ""indivíduo"" pode ser considerado sujeito de DIP no direito penal internacional?";Sim, como sujeito passivo (vítima) e ativo (criminoso) de crimes internacionais.
"O que é o ""Tribunal Penal Internacional"" (TPI) e sua relação com os indivíduos?";É um tribunal que julga indivíduos por crimes de guerra, crimes contra a humanidade, genocídio e agressão.
O TPI é um sujeito de DIP?;Sim, é uma organização internacional com personalidade jurídica.
"Os ""tribunais penais internacionais ad hoc"" (ex.: TPI para a ex-Iugoslávia) são sujeitos de DIP?";Sim, são organizações internacionais com personalidade limitada.
"O que é a ""responsabilidade internacional do indivíduo""?";O indivíduo pode ser responsabilizado diretamente por crimes internacionais, independentemente de seu Estado.
"O que é a ""imprescritibilidade dos crimes internacionais""?";São crimes que não prescrevem, como o genocídio e os crimes contra a humanidade.
"Os ""refugiados"" são sujeitos de DIP?";São titulares de direitos (ex.: non-refoulement), mas não são sujeitos plenos.
O Alto Comissariado das Nações Unidas para os Refugiados (ACNUR) é um sujeito de DIP?;Sim, é uma organização internacional com personalidade jurídica.
"As ""ONGs"" têm personalidade jurídica internacional?";Não, regra geral. São sujeitos de direito interno, mas podem ter status consultivo na ONU.
"O que é o ""status consultivo"" da ONU para ONGs?";É a capacidade de participar de reuniões do ECOSOC, sem direito a voto.
O Greenpeace é um sujeito de DIP?;Não, é uma ONG, mas pode influenciar o DIP e participar de conferências.
"A ""Anistia Internacional"" é sujeito de DIP?";Não, é uma ONG, mas com atuação relevante no campo dos direitos humanos.
"Os ""Estados observadores"" na ONU são sujeitos de DIP?";Sim, são Estados com personalidade plena, mas sem direito a voto na AGNU.
A Palestina é um Estado observador na ONU?;Sim, desde 2012, tem status de Estado observador não membro.
A Palestina tem personalidade internacional plena?;Não, é um Estado parcialmente reconhecido, com personalidade limitada.
O Kosovo é um sujeito de DIP?;É um território com reconhecimento limitado, considerado sujeito por alguns Estados, mas não pela maioria.
A República de Chipre do Norte é um sujeito de DIP?;Não, é um território não reconhecido, sem personalidade internacional plena.
"O que é a ""secessão"" e sua relação com os sujeitos de DIP?";A secessão cria novos Estados, que devem ser reconhecidos para se tornarem sujeitos plenos.
"A ""Catalunha"" é sujeito de DIP?";Não, é uma região da Espanha, sem personalidade internacional.
"A ""Escócia"" é sujeito de DIP?";Não, é parte do Reino Unido, sem personalidade internacional.
"O ""Tibete"" é sujeito de DIP?";É uma região da China, sem personalidade internacional reconhecida.
"O que é a ""personalidade jurídica internacional das províncias"" na Argentina?";As províncias argentinas não têm personalidade internacional, apenas o Estado federal.
"O ""Canadá"" é um Estado federal; suas províncias têm personalidade internacional?";Limitada, em certas matérias, com autorização do governo federal.
"O que é a ""soberania limitada"" de alguns sujeitos?";É a capacidade reduzida de exercer direitos internacionais, como no caso de Estados sob tutela.
"Os ""territórios administrados pela ONU"" são sujeitos de DIP?";Sim, têm personalidade limitada, como a antiga Administração Transitória da ONU em Timor-Leste (UNTAET).
"A ""UNTAET"" (Timor-Leste) era um sujeito de DIP?";Sim, era uma administração internacional com personalidade para governar o território.
"O que é a ""personalidade jurídica das organizações financeiras internacionais""?";O FMI, o Banco Mundial e o BID têm personalidade internacional para seus fins.
"O que é o ""Banco Interamericano de Desenvolvimento"" (BID)?";É uma OI regional com personalidade jurídica, focada no desenvolvimento da América Latina.
"O que é a ""Organização Internacional do Trabalho"" (OIT)?";É uma OI com personalidade jurídica, que estabelece normas trabalhistas internacionais.
A OIT é um sujeito de DIP?;Sim, tem personalidade internacional.
"Os ""sindicatos"" são sujeitos de DIP?";Não, são sujeitos de direito interno, mas podem participar de órgãos da OIT.
"O que é a ""personalidade jurídica das comunidades religiosas"" no DIP?";Limitada, apenas a Santa Sé e a Ordem de Malta têm personalidade internacional.
"O ""Dalai Lama"" e o governo tibetano no exílio são sujeitos de DIP?";Não, não são reconhecidos internacionalmente.
"O que é o ""governo no exílio"" e sua personalidade?";É um governo que perdeu o controle de seu território, mas pode ser reconhecido como sujeito limitado (ex.: governo polonês em Londres).
O governo no exílio pode celebrar tratados?;Em regra, não, salvo se for reconhecido como o governo legítimo.
"A ""Liga Árabe"" é sujeito de DIP?";Sim, é uma organização internacional regional com personalidade jurídica.
"A ""União Africana"" é sujeito de DIP?";Sim, é uma organização internacional com personalidade para seus fins.
"A ""Organização dos Estados Americanos"" (OEA) é sujeito de DIP?";Sim, é uma OI regional com personalidade jurídica.
;
;
ual o rol das fontes formais do DIP segundo o art. 38 do Estatuto da CIJ?;Tratados internacionais, costume internacional, princípios gerais de direito, jurisprudência e doutrina (como meios subsidiários).
Qual é a principal fonte do DIP na contemporaneidade?;Os tratados internacionais, em razão de sua precisão e crescente codificação.
O que é um tratado internacional?;É um acordo formal celebrado por escrito entre sujeitos de DIP, regido pelo DIP, com o objetivo de produzir efeitos jurídicos.
Qual a Convenção que codifica o direito dos tratados?;A Convenção de Viena sobre o Direito dos Tratados (1969), em vigor desde 1980.
"O que é o ""costume internacional""?";É uma prática geral e constante aceita como direito (opinio juris sive necessitatis), sendo fonte não escrita do DIP.
Quais são os dois elementos constitutivos do costume internacional?;O elemento material (prática geral e constante) e o elemento subjetivo (convicção de obrigatoriedade – opinio juris).
"O que são os ""princípios gerais de direito"" como fonte do DIP?";São princípios comuns aos grandes sistemas jurídicos do mundo, utilizados para preencher lacunas (ex.: boa-fé, coisa julgada).
A jurisprudência é fonte formal do DIP?;É fonte subsidiária, segundo o art. 38 do Estatuto da CIJ, auxiliando na determinação das regras de direito.
A doutrina é fonte formal do DIP?;É fonte subsidiária, sendo a opinião dos publicistas mais qualificados, utilizada como meio auxiliar.
"O que são os ""atos unilaterais dos Estados"" como fonte do DIP?";São declarações formais de um Estado que produzem efeitos jurídicos internacionais sem necessidade de concordância de outro (ex.: promessa, renúncia).
O ato unilateral vincula o Estado que o pratica?;Sim, desde que seja feito de forma pública, clara e com intenção de se obrigar (ex.: promessa de não construir mísseis).
"O que é a ""notificação"" como ato unilateral?";É a comunicação formal de um ato ou intenção a outro Estado, com efeitos jurídicos.
"O que é a ""protesto"" no DIP?";É a manifestação formal de um Estado contra um ato de outro, para preservar seus direitos.
"A ""renúncia"" (waiver) é um ato unilateral?";Sim, é a abdicação voluntária de um direito internacional, produzindo efeitos jurídicos.
Os atos das organizações internacionais são fontes do DIP?;Sim, especialmente as resoluções vinculantes (ex.: Resoluções do Conselho de Segurança da ONU).
As resoluções da Assembleia Geral da ONU são vinculantes?;Em regra, são recomendações (não vinculantes), mas podem refletir o direito costumeiro ou criar obrigações para os membros em certos casos.
"O que é a ""soft law""?";São instrumentos sem força vinculante, mas com relevância política e moral, que podem evoluir para direito costumeiro (ex.: Declaração Universal dos Direitos Humanos).
A soft law é fonte formal do DIP?;Não, mas é uma fonte material relevante, influenciando a formação do direito.
"O que são as ""obrigações erga omnes""?";São obrigações devidas por um Estado à comunidade internacional como um todo (ex.: proibição de genocídio).
"O que são as ""normas imperativas"" ou jus cogens?";São normas aceitas e reconhecidas pela comunidade internacional como inderrogáveis, não podendo ser afastadas por tratados (ex.: proibição da escravidão).
Um tratado que viole o jus cogens é válido?;Não, é nulo de pleno direito, conforme o art. 53 da Convenção de Viena de 1969.
Qual a diferença entre jus cogens e obrigações erga omnes?;"Jus cogens é a qualidade da norma (inderrogável); erga omnes é o efeito da obrigação (devida a todos). Toda norma de jus cogens gera obrigações erga omnes."
"O que é a ""analogia"" no DIP?";É a aplicação de uma regra a um caso não previsto, com base em semelhança com outro caso regulado.
A analogia é fonte formal do DIP?;Não, é um método de integração, permitido na ausência de fontes primárias.
"O que é a ""equidade"" no DIP?";É a aplicação da justiça do caso concreto, podendo ser usada como fundamento de decisão, se as partes concordarem.
A equidade pode ser usada pela CIJ?;Sim, desde que as partes concordem (ex aequo et bono), conforme o art. 38, §2º, do Estatuto da CIJ.
"O que são os ""atos de organizações internacionais"" como fontes?";São decisões, resoluções e recomendações adotadas por OIs, que podem ser vinculantes ou não.
As resoluções do Conselho de Segurança da ONU são vinculantes para todos os membros?;Sim, nos termos do art. 25 da Carta da ONU.
As resoluções da Assembleia Geral podem ser vinculantes?;Em geral não, mas podem ser vinculantes para questões internas da ONU (ex.: orçamento).
"O que é um ""acordo executivo"" (executive agreement) no DIP?";É um tratado celebrado pelo Chefe do Executivo, sem a aprovação do Legislativo, para matérias de sua competência exclusiva.
Os acordos executivos são válidos no DIP?;Sim, pois o DIP não exige um procedimento interno específico para a validade de um tratado.
No Brasil, os acordos executivos são admitidos?;Sim, em matérias que não exijam aprovação legislativa (ex.: acordos de cooperação técnica simples).
A jurisprudência da CIJ vincula os Estados?;As decisões da CIJ vinculam apenas as partes no caso concreto, mas têm grande autoridade como meio auxiliar.
"O que é o ""precedente"" no DIP?";Não há o princípio do stare decisis no DIP, mas as decisões da CIJ são frequentemente seguidas.
A doutrina é fonte de direito no Brasil?;"No plano interno, não é fonte formal; no DIP, é meio auxiliar, conforme o art. 38 da CIJ."
"O que é a ""incorporação de fontes extraconvencionais"" ao direito brasileiro?";É a recepção de normas consuetudinárias e princípios gerais do DIP pelo ordenamento interno, sem necessidade de incorporação formal.
O costume internacional é automaticamente incorporado no Brasil?;Sim, como regra geral, o costume internacional é aplicado automaticamente no Brasil, sem necessidade de ato de internalização.
Os princípios gerais do DIP são aplicados no Brasil?;Sim, como fonte supletiva, desde que não contrariem a Constituição.
O jus cogens é aplicado no Brasil?;Sim, como norma imperativa de DIP, prevalece sobre qualquer tratado ou lei interna.
A soft law tem efeitos no direito brasileiro?;Não tem força vinculante, mas pode ser usada como parâmetro interpretativo e político.
"O que é um ""tratado-contrato"" e um ""tratado-lei""?";"Tratado-contrato cria obrigações recíprocas entre poucos Estados; tratado-lei estabelece normas gerais de direito internacional."
Os tratados-lei são fontes formais de DIP?;Sim, e podem gerar costumes se adotados por muitos Estados.
"O que é a ""codificação"" do DIP?";É o processo de transformar o costume em tratado escrito, realizado pela Comissão de Direito Internacional (CDI) da ONU.
A Convenção de Viena de 1969 é um exemplo de codificação?;Sim, codifica o direito consuetudinário dos tratados.
"O que são as ""cláusulas de não vinculação"" em um tratado?";São cláusulas que permitem a um Estado não se obrigar a certa parte do tratado (reservas).
"O que é a ""reserva"" a um tratado?";É uma declaração unilateral feita por um Estado ao ratificar um tratado, excluindo ou modificando seus efeitos.
As reservas são admitidas em tratados de direitos humanos?;Sim, desde que não sejam incompatíveis com o objeto e propósito do tratado.
"O que é a ""interpretação de tratados"" e qual a regra geral?";É a busca do sentido do tratado, regida pelo art. 31 da Convenção de Viena: interpretação de boa-fé, segundo o sentido comum e o objeto e propósito.
A interpretação autêntica é aquela feita por quem?;Pelas próprias partes do tratado, por meio de acordos ou protocolos adicionais.
"O que é a ""interpretação evolutiva"" dos tratados?";É a interpretação que considera a evolução do DIP e das circunstâncias, sem necessidade de alteração do texto.
"O que é a ""aplicação provisória"" de um tratado?";É a aplicação antes da entrada em vigor, conforme o art. 25 da Convenção de Viena.
"O que é a ""entrada em vigor"" de um tratado?";É o momento em que o tratado começa a produzir efeitos, conforme o número de ratificações previsto.
"O que é a ""denúncia"" de um tratado?";É a retirada unilateral de um Estado de um tratado, conforme as regras do próprio tratado ou do art. 56 da CVDT.
"O que é a ""nulidade"" de um tratado?";É a invalidade do tratado por vícios (ex.: coação, erro, violação do jus cogens), conforme os arts. 46 a 53 da CVDT.
"O que é a ""extinção"" de um tratado?";O fim da vigência do tratado por cumprimento, denúncia, revogação, ou superveniência de norma de jus cogens.
"O que é o ""princípio da boa-fé"" na aplicação das fontes?";É a obrigação de cumprir os tratados e os costumes de maneira honesta e leal (pacta sunt servanda).
O que é o pacta sunt servanda?;É o princípio basilar do DIP segundo o qual os tratados devem ser cumpridos de boa-fé pelas partes.
O que é o rebus sic stantibus?;É a cláusula que permite a revisão ou extinção de um tratado se houver mudança fundamental nas circunstâncias.
O costume internacional pode modificar um tratado?;Sim, se houver prática posterior incompatível e opinio juris, pode-se formar um novo costume.
"O que é o ""tratado posterior"" e sua relação com o anterior?";O tratado posterior prevalece sobre o anterior, no que for incompatível, se as partes forem as mesmas (art. 30 da CVDT).
Como se resolve o conflito entre tratado e costume?;Pelo critério da especialidade (lex specialis) e da posterioridade (lex posterior).
"O que é a ""hierarquia das fontes"" no DIP?";Não há hierarquia rígida, mas o jus cogens está no topo. Tratados, costumes e princípios gerais estão no mesmo plano.
As resoluções da ONU podem criar obrigações para Estados não membros?;Em regra, não, mas podem refletir costume internacional, vinculando todos.
"O que é a ""doutrina dos publicistas"" no DIP?";São os escritos de autores renomados, citados como meio subsidiário para a determinação das regras de direito.
A doutrina pode ser fonte de criação de normas?;Sim, influencia a formação do costume e a interpretação de tratados.
"O que é a ""jurisprudência internacional"" e sua função?";São as decisões dos tribunais internacionais, que auxiliam na interpretação e formação do DIP.
As decisões da Corte Interamericana vinculam o Brasil?;Sim, o Brasil é membro e deve cumprir as sentenças da Corte IDH.
"O que são os ""atos jurídicos vinculantes"" da UE?";São regulamentos, diretivas e decisões, que têm força normativa direta nos Estados-membros.
Os regulamentos da UE são fontes de DIP?;Sim, são normas de direito derivado da União Europeia, com efeitos internacionais.
"O que é o ""direito derivado"" das organizações internacionais?";São as normas produzidas por uma OI com base em seu tratado constitutivo (ex.: resoluções, regulamentos).
"O que é o ""direito originário"" das organizações internacionais?";É o tratado constitutivo da organização, que estabelece sua estrutura e competências.
"O que é a ""incorporação do DIP costumeiro"" no Brasil?";Ocorre automaticamente, pois o costume é fonte direta do DIP, aplicado pelo Judiciário.
Os princípios gerais do DIP são incorporados no Brasil?;Sim, como normas supletivas, para preencher lacunas do direito interno.
O jus cogens é incorporado no Brasil com qual hierarquia?;Acima da Constituição? A doutrina majoritária entende que o jus cogens prevalece sobre qualquer norma interna, inclusive a CF.
A soft law pode ser usada pelo STF?;Sim, como argumento de autoridade e para interpretação de direitos fundamentais.
"O que é a ""analogia"" no DIP brasileiro?";É a aplicação de normas de DIP a casos não previstos, com base na semelhança.
A equidade pode ser usada pelo juiz brasileiro?;Sim, nas hipóteses legais (ex.: arbitragem) ou quando as partes concordarem.
"O que são os ""acordos de cavalheiros""?";São entendimentos políticos não escritos, sem força jurídica, classificados como soft law.
Os acordos de cavalheiros são fontes do DIP?;Não, não são fontes formais, pois não criam obrigações jurídicas.
"O que é a ""declaração interpretativa"" de um tratado?";É uma declaração unilateral que busca esclarecer o sentido de uma disposição, sem modificar seus efeitos.
A declaração interpretativa se distingue da reserva?;"Sim, a reserva modifica efeitos; a declaração interpretativa apenas esclarece."
"O que é a ""cláusula da nação mais favorecida"" (NMF)?";É uma cláusula que garante a um Estado o mesmo tratamento concedido a outro em um tratado comercial.
A cláusula NMF é uma fonte de direito?;É uma cláusula contratual prevista em tratados, não uma fonte autônoma.
"O que é o ""princípio da primazia do direito internacional"" no Brasil?";Não é absoluto, mas há posições que defendem a supremacia do DIP em matéria de direitos humanos.
A incorporação de um tratado no Brasil exige decreto legislativo e decreto executivo?;Sim, conforme o art. 84, VIII, e o art. 49, I, da CF.
O Decreto de promulgação é uma fonte de direito no Brasil?;É uma norma de direito interno que formaliza a incorporação do tratado.
O tratado não incorporado no Brasil pode ser invocado em juízo?;Não, pois não é norma interna, mas pode ser usado como fonte de interpretação.
"O que é a ""teoria da incorporação automática"" do DIP no Brasil?";É a tese de que os tratados, uma vez ratificados, são automaticamente aplicáveis, sem necessidade de decreto.
O STF adota a teoria da incorporação automática?;Não, adota o sistema de incorporação legislativa (decreto legislativo + decreto executivo).
"O que é a ""transformação"" do DIP em direito interno?";É a técnica de adaptação das normas internacionais por meio de lei interna.
"O que é a ""recepção"" do DIP no direito interno?";É a aplicação direta da norma internacional, sem transformação em lei interna.
O Brasil adota a transformação ou a recepção?;Adota a transformação para tratados (por meio de decreto) e a recepção para costumes.
"O que é o ""controle de convencionalidade"" no Brasil?";É o dever do juiz de verificar a compatibilidade da lei interna com os tratados de direitos humanos.
As normas de jus cogens são objeto de controle de convencionalidade?;Sim, prevalecem sobre qualquer lei interna.
"O que é o ""diálogo de fontes"" no DIP?";É a interação entre diferentes fontes (tratados, costumes, princípios) para uma aplicação harmônica.
"O que é a ""argumentação de princípios"" no DIP?";É o uso de princípios gerais para justificar decisões quando as fontes primárias são omissas.
A equidade pode suprir lacunas no DIP?;Sim, se as partes concordarem ou se o juiz for autorizado a decidir ex aequo et bono.
"O que é a ""codificação costumeira"" no DIP?";É a transformação de regras consuetudinárias em texto escrito, por meio de tratados.
A CDI (Comissão de Direito Internacional) tem papel na codificação?;Sim, é o órgão da ONU responsável por estudar e codificar o DIP.
"O que é a ""lex lata"" e a ""lex ferenda"" no DIP?";"Lex lata é o direito vigente; lex ferenda é o direito que se deseja criar."
A soft law pode se tornar lex lata?;Sim, por meio da formação de costume ou de tratado.
"O que é o ""princípio da precaução"" como fonte de DIP?";É um princípio geral (ambiental) que orienta a ação preventiva, mesmo sem certeza científica.
O princípio da precaução é fonte formal do DIP?;Não é fonte formal, mas é princípio geral aplicado em tratados ambientais.
"A ""jurisprudência da Corte de Haia"" é fonte do DIP?";É fonte subsidiária, servindo como meio auxiliar para a determinação do direito.
;
;
Qual é o princípio fundamental da Carta da ONU sobre solução de controvérsias?;A obrigação de resolver controvérsias internacionais por meios pacíficos, sem ameaça ou uso da força (art. 2º, §3º).
Quais são os meios diplomáticos (políticos) de solução pacífica?;Negociação, bons ofícios, mediação, investigação (inquérito) e conciliação.
Quais são os meios jurisdicionais (jurídicos) de solução pacífica?;Arbitragem e meios judiciais (Corte Internacional de Justiça e outros tribunais).
O que é a negociação direta?;É o meio mais simples, pelo qual as partes dialogam diretamente para resolver a controvérsia, sem a intervenção de terceiros.
A negociação é um meio obrigatório antes de outros meios?;Não, mas é o meio primário e recomendado pela Carta da ONU.
O que são os bons ofícios?;É a intervenção de um terceiro que facilita a comunicação entre as partes, sem propor soluções.
Os bons ofícios se distinguem da mediação?;"Sim, na mediação, o terceiro propõe soluções; nos bons ofícios, apenas aproxima as partes."
O que é a mediação?;É a intervenção de um terceiro que, com o consentimento das partes, propõe soluções para a controvérsia.
O mediador tem poder de impor uma solução?;Não, sua função é facilitar o acordo, sem força vinculante.
O que é a investigação (inquérito)?;É a apuração dos fatos por uma comissão imparcial, para esclarecer a controvérsia e facilitar a solução.
A investigação produz uma decisão vinculante?;Não, apenas estabelece os fatos, que podem ser usados em negociações posteriores.
O que é a conciliação?;É um procedimento em que uma comissão investiga os fatos e propõe uma solução (recomendação) às partes.
A recomendação da conciliação é vinculante?;Não, a conciliação é um meio político, com recomendações não obrigatórias.
Qual a diferença entre mediação e conciliação?;"A mediação é mais flexível e o terceiro atua como facilitador; a conciliação envolve uma comissão que propõe uma solução formal."
O que é a arbitragem?;É um meio jurisdicional pelo qual as partes submetem a controvérsia a um tribunal arbitral, cuja decisão (laudo) é vinculante.
A arbitragem é um meio judicial ou extrajudicial?;É um meio jurisdicional, mas não judicial (não integra o Poder Judiciário).
Qual a base jurídica da arbitragem no DIP?;A Convenção de Haia de 1899 e 1907 e a Convenção de Viena sobre Sucessão de Estados (para tratados).
"O que é o ""compromisso arbitral""?";É o acordo pelo qual as partes submetem uma controvérsia existente à arbitragem.
"O que é a ""cláusula compromissória""?";É a cláusula prevista em um tratado, pela qual as partes se comprometem a submeter futuras controvérsias à arbitragem.
O laudo arbitral tem força de coisa julgada?;Sim, é definitivo e vinculante para as partes, sem possibilidade de recurso, salvo anulação por vícios.
O Brasil já recorreu à arbitragem em disputas territoriais?;Sim, como na Questão de Palmas (arbitragem de Grover Cleveland) e na Questão do Amapá (arbitragem da Suíça).
O que é a Corte Internacional de Justiça (CIJ)?;É o principal órgão judicial da ONU, com sede em Haia, criado pela Carta da ONU (1945) e seu Estatuto.
Quais são as funções da CIJ?;Julgar controvérsias jurídicas entre Estados (contencioso) e emitir opiniões consultivas (consultivo).
Quem pode ser parte em um processo contencioso na CIJ?;Apenas Estados (sujeitos de DIP).
A CIJ tem jurisdição obrigatória para todos os Estados?;Não, apenas para os que aceitaram sua jurisdição, por declaração facultativa (art. 36, §2º, do Estatuto).
O Brasil aceitou a jurisdição obrigatória da CIJ?;Sim, por meio de declaração em 1948, com algumas reservas.
Como um Estado pode submeter um caso à CIJ?;Por notificação de acordo especial, por cláusula compromissória em tratado ou por declaração de aceitação da jurisdição obrigatória.
A sentença da CIJ é vinculante?;Sim, para as partes no litígio, e é definitiva (art. 59 do Estatuto).
A CIJ pode julgar casos envolvendo organizações internacionais?;Não, apenas Estados, salvo em opiniões consultivas.
"O que é a ""exceção preliminar"" na CIJ?";É a arguição de que a Corte não tem jurisdição ou que o pedido é inadmissível.
A CIJ pode conceder medidas provisórias (cautelares)?;Sim, para preservar os direitos das partes enquanto o mérito não é julgado (art. 41 do Estatuto).
A CIJ julga com base em quê?;Nos tratados, costumes, princípios gerais, jurisprudência e doutrina (art. 38 do Estatuto).
"O que é a ""competência consultiva"" da CIJ?";É a emissão de opiniões consultivas sobre questões jurídicas, a pedido da AGNU, do CS ou de outras OIs autorizadas.
As opiniões consultivas da CIJ são vinculantes?;Não, são consultivas, mas têm grande autoridade e influência no DIP.
"O que são os ""tribunais arbitrais ad hoc""?";São tribunais criados especificamente para julgar uma controvérsia, dissolvendo-se após o laudo.
O que é a Corte Permanente de Arbitragem (CPA)?;É uma instituição com sede em Haia, criada em 1899, que facilita a arbitragem, disponibilizando uma lista de árbitros.
A CPA é um tribunal ou uma instituição?;"É uma instituição, não um tribunal; oferece estrutura para arbitragens."
"O que é o ""Tribunal Internacional do Direito do Mar"" (TIDM)?";É um tribunal sediado em Hamburgo, criado pela CNUDM (1982), que julga disputas sobre o direito do mar.
O TIDM julga apenas Estados?;Sim, Estados-partes da CNUDM, e também entidades como a Autoridade Internacional dos Fundos Marinhos.
O Brasil reconhece a jurisdição do TIDM?;Sim, como parte da CNUDM.
"O que são os ""tribunais internacionais de direitos humanos""?";São cortes regionais (Corte Interamericana, Corte Europeia, Corte Africana) que julgam violações de direitos humanos.
A Corte Interamericana de Direitos Humanos (CIDH) tem jurisdição sobre o Brasil?;Sim, desde 1998, com reconhecimento da competência contenciosa.
As sentenças da Corte IDH são vinculantes para o Brasil?;Sim, e devem ser cumpridas pelo Estado brasileiro.
"O que é o ""Tribunal Penal Internacional"" (TPI)?";É um tribunal permanente, com sede em Haia, que julga indivíduos por genocídio, crimes contra a humanidade, crimes de guerra e agressão.
O TPI julga Estados ou indivíduos?;Indivíduos (pessoas físicas).
O Brasil é membro do TPI?;Sim, ratificou o Estatuto de Roma em 2002.
"O que é o ""Princípio da Complementaridade"" do TPI?";O TPI só atua quando os Estados não querem ou não podem julgar os crimes.
"O que são os ""tribunais penais internacionais ad hoc""?";Foram criados para julgar crimes específicos (ex.: TPI para a ex-Iugoslávia e para Ruanda).
"O que é a ""Corte de Justiça da União Europeia""?";É o tribunal da UE, que julga questões de direito comunitário, com sede em Luxemburgo.
A Corte da UE julga Estados-membros?;Sim, por descumprimento de obrigações comunitárias.
"O que é o ""Mecanismo de Solução de Controvérsias"" da OMC?";É o sistema da OMC para resolver disputas comerciais entre membros, com painéis e órgão de apelação.
O Brasil participa ativamente do sistema da OMC?;Sim, é um dos maiores usuários do sistema de solução de controvérsias.
"O que é a ""prática diplomática brasileira"" em solução de controvérsias?";O Brasil prioriza a negociação, a mediação e a arbitragem, com forte tradição pacifista e legalista.
O Brasil tem tradição em arbitragem?;Sim, desde o Império, com a arbitragem na Questão de Palmas (1895) e outras.
O Brasil já foi parte em casos perante a CIJ?;Sim, em casos como o litígio sobre o Lago de Constança (não contencioso) e outros.
"O que é a ""Questão de Palmas"" (1895) para a prática brasileira?";Foi uma arbitragem bem-sucedida (com o Presidente dos EUA) que consolidou a fronteira com a Argentina.
"O que é a ""Questão do Amapá"" (1900) para a prática brasileira?";Foi uma arbitragem com a França (Suíça), que deu o Amapá ao Brasil.
"O que é a ""Questão de Pirara"" (1904) para a prática brasileira?";Foi uma arbitragem com a Guiana Inglesa (Itália), que deu a região à Inglaterra.
O Brasil já usou a mediação para resolver conflitos?;Sim, como na mediação na Guerra do Peru e Equador (1941) e em outros conflitos regionais.
O Brasil é signatário da Convenção de Haia de 1907 sobre arbitragem?;Sim, e participa da Corte Permanente de Arbitragem (CPA).
"O que é a ""Cláusula Calvo"" e sua relação com a arbitragem?";A Cláusula Calvo veda a proteção diplomática, preferindo a solução local, mas não impede a arbitragem.
"O que é o ""Tratado de Itaipu"" e sua arbitragem?";Prevê arbitragem para questões de interpretação, embora nunca tenha sido utilizada.
"O Brasil tem adotado a ""arbitragem de investimentos"" (ICSID)?";Sim, o Brasil é signatário da Convenção de Washington (ICSID) desde 2002.
O que é o Centro Internacional para Arbitragem de Disputas sobre Investimentos (ICSID)?;É um órgão do Banco Mundial que arbitra disputas entre investidores e Estados.
O Brasil tem aderido a tratados de investimento com cláusulas de arbitragem?;Sim, e também tem firmado acordos de cooperação e facilitação de investimentos (ACFIs).
"O que são os ""painéis de investigação"" na OMC?";São grupos de especialistas que apuram os fatos em disputas comerciais.
"O que é o ""Órgão de Apelação"" da OMC?";É o tribunal de apelação do sistema da OMC, que revisa as decisões dos painéis.
A CIJ pode julgar casos de direitos humanos?;"Não diretamente, pois julga Estados; mas pode analisar violações de tratados de direitos humanos."
"O que é a ""exceção de coisa julgada"" na CIJ?";A decisão da CIJ é definitiva e não pode ser revista, salvo por novo fato superveniente.
"O que é a ""intervenção de terceiros"" na CIJ?";Um Estado pode intervir em um caso se tiver interesse jurídico na decisão (art. 62 do Estatuto).
A CIJ pode julgar casos envolvendo países que não aceitaram sua jurisdição?;Sim, se o fizerem por acordo especial (compromisso).
"O que é o ""princípio da solução pacífica"" na CF/88?";Está no art. 4º, VII, como princípio das relações internacionais do Brasil.
A prática diplomática brasileira prefere a solução política ou jurídica?;O Brasil combina ambas, mas tem forte tradição jurídica e arbitral.
O Brasil já atuou como mediador em conflitos na América do Sul?;Sim, como na crise entre Peru e Equador (1995) e entre Colômbia e Equador (2008).
"O que é a ""Comissão de Conciliação"" no DIP?";É um órgão criado para investigar e propor soluções, sem força vinculante.
"O que é a ""Comissão de Inquérito"" no DIP?";É um órgão para apurar os fatos de uma controvérsia, sem propor solução.
"O que é a ""Corte de Arbitragem Desportiva"" (CAS)?";É um tribunal que julga disputas esportivas, com sede em Lausanne.
A CAS é um tribunal internacional?;Sim, é um tribunal arbitral com sede na Suíça, reconhecido pelo DIP.
O Brasil já recorreu à CAS?;Sim, em disputas envolvendo atletas e confederações esportivas.
"O que é o ""Tribunal de Justiça da Comunidade dos Países de Língua Portuguesa""?";Não é um tribunal judicial, mas um órgão consultivo da CPLP.
"O Brasil participa da ""Corte Centro-Americana de Justiça""?";Não, pois é uma corte regional da América Central, da qual o Brasil não faz parte.
"O que é a ""Corte Europeia de Direitos Humanos""?";É um tribunal regional que julga violações da Convenção Europeia de Direitos Humanos.
O Brasil não faz parte da Corte Europeia (obviamente), mas sua jurisprudência influencia?;Sim, como fonte de interpretação.
"O que é a ""Corte Africana de Direitos Humanos e dos Povos""?";É o tribunal regional da África, criado pela União Africana.
O Brasil pode usar a jurisprudência da Corte Africana?;Como argumento de autoridade, sim.
"O que é a ""arbitragem de Estado a Estado"" no DIP?";É a arbitragem entre dois Estados sobre uma controvérsia qualquer, prevista em tratado.
"O que é a ""arbitragem entre investidor e Estado"" (ISDS)?";É a arbitragem permitida por tratados de investimento, pela qual o investidor demanda o Estado.
O Brasil é signatário da Convenção de Nova York sobre arbitragem?;Sim, ratificou a Convenção de Nova York (1958) sobre reconhecimento de sentenças arbitrais.
"O que é a ""lex arbitri"" na arbitragem internacional?";É a lei que rege o procedimento arbitral, geralmente a do local da arbitragem.
"O que é o ""laudo arbitral"" e sua execução no Brasil?";É a decisão do árbitro, que pode ser executada no Brasil após homologação pelo STJ.
A CIJ pode emitir opiniões consultivas a pedido de ONGs?;Não, apenas a pedido de órgãos da ONU e OIs autorizadas.
"O que é a ""Resolução 377 (V)"" da ONU (""União pela Paz"")?";Permite que a AGNU atue quando o CS está paralisado, incluindo recomendações de medidas.
O CS da ONU pode recomendar meios de solução pacífica?;Sim, nos termos do art. 36 da Carta.
O CS pode impor uma solução?;Sim, se a controvérsia for uma ameaça à paz, o CS pode determinar medidas (art. 39 e 41).
"O que é a ""investigação in loco"" na ONU?";São missões de apuração de fatos, como a comissão sobre o conflito na Síria.
O Brasil já participou de missões de mediação da ONU?;Sim, como na mediação no Timor-Leste (UNTAET) e no Haiti (MINUSTAH).
"O que é a ""solução pacífica no âmbito da OEA""?";A OEA tem procedimentos próprios, como a Comissão Interamericana de Direitos Humanos.
O Brasil já usou a OEA para solução de controvérsias?;Sim, como no caso da usina de Itaipu com o Paraguai (embora não contencioso).
"O que é o ""Mercosul"" e sua solução de controvérsias?";O Mercosul tem o Protocolo de Olivos (2002) para solução de controvérsias comerciais.
O Brasil já usou o sistema do Mercosul?;Sim, em disputas comerciais com Argentina e Uruguai.
"O que é o ""Tribunal Permanente de Revisão"" do Mercosul?";É o órgão de apelação do sistema de solução de controvérsias do Mercosul, sediado em Assunção.
"O que é a ""Carta de Bogotá"" (1948)?";É o tratado que estabelece procedimentos para a solução pacífica de controvérsias na OEA.
O Brasil é signatário da Carta de Bogotá?;Sim, e a utiliza como base para solução de controvérsias na região.
"O que é a ""arbitragem na OMC"" e como funciona?";É um sistema de painéis e apelação para disputas comerciais, com prazos rígidos.
"O que é a ""Corte Internacional de Arbitragem da CCI""?";É um tribunal arbitral da Câmara de Comércio Internacional, focado em disputas comerciais privadas.
A CCI é um tribunal de DIP?;Não, é de arbitragem comercial, mas pode envolver Estados em contratos.
"O que é a ""arbitragem de Haia"" (CPA)?";É a arbitragem realizada sob os auspícios da Corte Permanente de Arbitragem de Haia.
"A CIJ tem uma ""Câmara de Procedimento Sumário""?";Sim, prevista no art. 29 do Estatuto, para julgar casos de forma mais rápida.
"O que é a ""exceção de não comparecimento"" na CIJ?";O Estado pode não comparecer, mas a Corte pode julgar o caso.
A CIJ pode julgar casos ex aequo et bono?;Sim, se as partes concordarem (art. 38, §2º).
;
;
 que é uma organização internacional (OI)?;É uma associação voluntária de Estados, criada por tratado, com personalidade jurídica internacional, para alcançar objetivos comuns.
Quais são os elementos constitutivos de uma OI?;Base em tratado, membros (Estados), órgãos permanentes, vontade própria e objetivos comuns.
As OIs têm personalidade jurídica internacional?;"Sim, conforme a CIJ no caso ""Bernadotte"" (1949), as OIs têm personalidade para seus fins."
Como os atos de uma OI são incorporados ao direito brasileiro?;Depende da natureza do ato: tratados (por decreto legislativo e decreto executivo) e resoluções (por ato interno, se vinculantes).
Resoluções vinculantes da ONU (ex.: CS) são incorporadas no Brasil?;Sim, devem ser cumpridas pelo Brasil, mas carecem de ato interno para execução direta.
Resoluções não vinculantes (AGNU) têm força no Brasil?;Não, são recomendações, mas podem orientar a interpretação e a política externa.
A ONU foi criada em 1945 por qual tratado?;Pela Carta das Nações Unidas, assinada em São Francisco em 26 de junho de 1945.
Qual é o principal órgão deliberativo da ONU?;A Assembleia Geral (AGNU), composta por todos os Estados-membros.
Quantos membros tem a Assembleia Geral da ONU?;193 Estados-membros.
Qual é o órgão executivo da ONU?;O Conselho de Segurança (CS), com 15 membros (5 permanentes e 10 rotativos).
Quem são os membros permanentes do Conselho de Segurança?;EUA, Rússia, China, Reino Unido e França.
"O que é o ""direito de veto"" no Conselho de Segurança?";É o poder de um membro permanente de bloquear qualquer resolução não procedimental.
Qual é a função do Secretariado-Geral da ONU?;É o órgão administrativo, chefiado pelo Secretário-Geral, responsável pela execução das decisões.
Quem é o atual Secretário-Geral da ONU?;António Guterres (Portugal).
Qual é a função do ECOSOC da ONU?;O Conselho Econômico e Social coordena as atividades econômicas e sociais da ONU.
O que é o Conselho de Direitos Humanos da ONU (CDH)?;É o órgão intergovernamental responsável por promover e proteger os direitos humanos.
Qual é o principal órgão judicial da ONU?;A Corte Internacional de Justiça (CIJ), com sede em Haia.
A CIJ é um órgão da ONU?;Sim, é o principal órgão judicial da ONU.
"O que é a ""Carta da ONU""?";É o tratado constitutivo da ONU, que estabelece seus princípios, órgãos e competências.
A Carta da ONU é superior a outros tratados?;Sim, seu art. 103 estabelece que as obrigações da Carta prevalecem sobre outros tratados.
Quais são os propósitos da ONU?;Manter a paz e segurança internacional, desenvolver relações amigáveis, cooperar para resolver problemas e ser um centro harmonizador.
O Brasil é membro fundador da ONU?;Sim, participou da Conferência de São Francisco e assinou a Carta em 1945.
O Brasil já foi membro do Conselho de Segurança?;Sim, várias vezes como membro não permanente.
O Brasil é membro do Conselho de Direitos Humanos da ONU?;Sim, já foi eleito e faz parte do órgão em vários períodos.
"O que são as ""Agências Especializadas"" da ONU?";São organizações autônomas vinculadas à ONU por acordos, com funções técnicas específicas (ex.: OMS, FAO, UNESCO).
Quais são as principais Agências Especializadas?;OMS, FAO, UNESCO, OIT, FMI, Banco Mundial, OACI, OMI, UPU, UIT, OMM, OMPI, UNIDO, etc.
A OMS (Organização Mundial da Saúde) é uma agência da ONU?;Sim, é uma agência especializada sediada em Genebra.
A UNESCO é uma agência da ONU?;Sim, a Organização das Nações Unidas para a Educação, a Ciência e a Cultura.
A FAO (Organização para Alimentação e Agricultura) é da ONU?;Sim, é uma agência especializada com sede em Roma.
O FMI e o Banco Mundial são agências da ONU?;Sim, são agências especializadas do sistema ONU.
A OIT (Organização Internacional do Trabalho) é uma agência da ONU?;Sim, é uma das mais antigas agências, com sede em Genebra.
O que é a OEA (Organização dos Estados Americanos)?;É a organização regional do continente americano, criada pela Carta da OEA (1948, Bogotá).
A OEA tem sede em que cidade?;Washington, D.C., EUA.
A OEA é uma organização política ou técnica?;É política, mas também tem funções técnicas (direitos humanos, desenvolvimento).
Quais são os princípios da OEA?;Soberania, não-intervenção, solução pacífica de controvérsias, solidariedade e democracia.
O Brasil é membro da OEA?;Sim, é membro fundador da OEA.
O que é a Carta Democrática Interamericana?;É um documento da OEA (assinado em Lima, 2001) que estabelece a democracia como condição de validade dos governos.
A Carta Democrática Interamericana tem força vinculante?;Sim, permite sanções (inclusive suspensão) a Estados que sofram ruptura democrática.
Quais são os mecanismos da Carta Democrática Interamericana?;Visitas de missões, recomendações, e a suspensão do Estado da OEA em caso de ruptura.
O Brasil já apoiou a aplicação da Carta Democrática Interamericana?;Sim, em casos como a crise em Honduras (2009) e na Venezuela.
"O que é o ""Mercosul"" e sua natureza jurídica?";É uma organização internacional regional, com personalidade jurídica, criada pelo Tratado de Assunção (1991).
O Mercosul tem órgãos permanentes?;Sim: Conselho do Mercado Comum (CMC), Grupo Mercado Comum (GMC) e Comissão de Comércio.
O que é a UNASUL (União de Nações Sul-Americanas)?;Foi uma organização regional criada em 2008, mas atualmente encontra-se em desuso e enfraquecida.
A UNASUL tinha personalidade jurídica?;Sim, mas sua vigência foi prejudicada por divergências políticas.
O que é o PROSUR?;É uma organização regional criada em 2019 como alternativa à UNASUL, focada em cooperação política.
O que é a ALADI (Associação Latino-Americana de Integração)?;É uma organização regional criada pelo Tratado de Montevidéu (1980), focada na integração comercial.
A ALADI tem personalidade jurídica?;Sim, e é um organismo intergovernamental com sede em Montevidéu.
O Brasil é membro da ALADI?;Sim, é membro fundador.
O que é o SELA (Sistema Econômico Latino-Americano)?;É uma organização regional para a cooperação econômica, criada em 1975.
O Brasil participa do SELA?;Sim, como membro ativo.
O que é a CPLP (Comunidade dos Países de Língua Portuguesa)?;É uma organização internacional de cooperação, criada em 1996, que reúne países lusófonos.
A CPLP tem personalidade jurídica?;Sim, com sede em Lisboa.
O que é a OTCA (Organização do Tratado de Cooperação Amazônica)?;É uma organização regional para a cooperação amazônica, criada pelo Tratado de Cooperação Amazônica (1978).
O Brasil é membro da OTCA?;Sim, é um dos fundadores.
"O que é a ""Comunidade Andina""?";É uma organização regional da América do Sul (Bolívia, Colômbia, Equador, Peru), focada na integração econômica.
O Brasil é membro da Comunidade Andina?;Não, é apenas observador.
"O que é a ""OCDE"" (Organização para a Cooperação e Desenvolvimento Econômico)?";É uma organização internacional de países desenvolvidos, criada em 1961, com sede em Paris.
O Brasil é membro da OCDE?;Não, mas está em processo de adesão.
"O que é o ""G20""?";É um fórum internacional de cooperação econômica entre os 20 maiores economias do mundo.
O G20 é uma organização internacional?;Não, é um fórum sem personalidade jurídica.
O Brasil é membro do G20?;Sim, é membro fundador.
"O que é o ""BRICS""?";É um agrupamento de países (Brasil, Rússia, Índia, China, África do Sul) sem personalidade jurídica formal.
O BRICS é uma organização internacional?;Não, é um fórum de cooperação.
"O que é a ""AIEA"" (Agência Internacional de Energia Atômica)?";É uma agência da ONU que promove o uso pacífico da energia nuclear, com sede em Viena.
O Brasil é membro da AIEA?;Sim, e é signatário do TNP (Tratado de Não Proliferação Nuclear).
Como os atos da ONU são incorporados no Brasil?;"As resoluções do CS são vinculantes e devem ser cumpridas; as da AG são recomendações."
A incorporação de uma resolução do CS exige decreto no Brasil?;Para ter eficácia interna, sim, é necessário ato do Executivo ou decreto legislativo.
O STF já aplicou resolução da ONU diretamente?;Sim, em casos de direitos humanos e sanções internacionais.
"O que é o ""decreto de promulgação"" de um ato internacional?";É o ato do Presidente que incorpora um tratado ao direito brasileiro.
O Decreto de promulgação tem força de lei?;Sim, após a publicação, o tratado passa a ter força de lei ordinária.
As resoluções da AGNU podem ser incorporadas como costume?;Sim, se reiteradas e aceitas, podem formar costume internacional.
"O que é o ""direito comparado"" no contexto do DIP?";É o estudo comparativo dos sistemas jurídicos internos, usado como ferramenta para interpretar o DIP.
O direito comparado é fonte do DIP?;Não, mas auxilia na identificação de princípios gerais de direito.
O Brasil utiliza o direito comparado em sua prática internacional?;Sim, especialmente na elaboração de tratados e na harmonização legislativa.
"O que é o ""Tratado de Assunção"" (1991)?";É o tratado que criou o Mercosul, assinado por Brasil, Argentina, Uruguai e Paraguai.
O Mercosul tem personalidade jurídica internacional?;Sim, conforme o Protocolo de Ouro Preto (1994).
O Mercosul pode celebrar tratados com terceiros?;Sim, desde que autorizado pelos Estados-partes.
"O que é o ""Protocolo de Olivos"" (2002)?";É o protocolo do Mercosul que estabelece o sistema de solução de controvérsias.
"O que é o ""Parlamento do Mercosul"" (Parlasul)?";É o órgão legislativo do Mercosul, com sede em Montevidéu.
"O que é a ""Comissão de Comércio do Mercosul""?";É o órgão que administra a política comercial comum do Mercosul.
"O que é o ""Fundo de Convergência Estrutural do Mercosul"" (FOCEM)?";É um fundo para reduzir assimetrias entre os membros do Mercosul.
O Brasil é o maior contribuinte do FOCEM?;Sim, o Brasil contribui com a maior parte dos recursos.
"O que é a ""Carta da OEA"" e sua estrutura?";É o tratado constitutivo da OEA, assinado em Bogotá em 1948, que estabelece seus órgãos e princípios.
A OEA tem um sistema de solução de controvérsias?;Sim, com base na Carta de Bogotá e em tratados regionais.
"O que é a ""Comissão Interamericana de Direitos Humanos"" (CIDH)?";É um órgão da OEA que promove e protege os direitos humanos nas Américas.
A CIDH é um tribunal?;Não, é uma comissão que recebe petições e emite recomendações.
"O que é a ""Corte Interamericana de Direitos Humanos""?";É o tribunal da OEA, sediado em San José, Costa Rica, que julga casos de violações de direitos humanos.
O Brasil reconhece a competência da Corte IDH?;Sim, desde 1998.
"O que são as ""medidas provisórias"" da Corte IDH?";São medidas cautelares para proteger direitos em casos de extrema urgência.
A OEA pode suspender um Estado-membro?;Sim, com base na Carta Democrática Interamericana.
"O que é a ""Conferência de Havana"" (1928)?";Foi uma conferência pan-americana que tratou de asilo diplomático e codificação do DIP.
"O que é o ""Sistema Interamericano de Direitos Humanos""?";É o conjunto de órgãos (CIDH e Corte IDH) e tratados que protegem os direitos humanos nas Américas.
"O que é o ""TNP"" (Tratado de Não Proliferação Nuclear)?";É um tratado internacional para evitar a proliferação de armas nucleares, do qual o Brasil é signatário.
O TNP é um tratado da ONU?;Sim, é um tratado multilateral negociado no âmbito da ONU.
"O que é a ""OPAQ"" (Organização para a Proibição de Armas Químicas)?";É uma OI que implementa a Convenção sobre Armas Químicas, com sede em Haia.
O Brasil é membro da OPAQ?;Sim.
"O que é a ""CTBTO"" (Organização do Tratado de Proibição Completa de Testes Nucleares)?";É a organização responsável pelo verificação do tratado de proibição de testes nucleares.
O Brasil assinou o CTBT (Tratado de Proibição Completa de Testes Nucleares)?;Sim, assinou e ratificou.
"O que é a ""Convenção de Viena sobre Relações Diplomáticas"" (1961)?";É um tratado multilateral que codifica as normas sobre imunidades diplomáticas.
"O que é a ""Convenção de Viena sobre Relações Consulares"" (1963)?";É o tratado que regula as funções e imunidades consulares.
O Brasil ratificou a Convenção de Viena sobre Relações Diplomáticas?;Sim.
"O que é a ""Convenção de Montevidéu"" (1933)?";É um tratado que consagrou o princípio da não-intervenção e o critério declarativo do reconhecimento de Estados.
"O que é a ""Convenção de Caracas"" (1954)?";É um tratado que regula o asilo diplomático na América Latina.
;
;
O que é o Direito da Integração Regional?;É o ramo do Direito que estuda os processos de integração entre Estados, com a criação de normas e instituições comuns, visando a cooperação e a formação de mercados e espaços políticos integrados.
Qual é o marco fundacional do MERCOSUL?;O Tratado de Assunção, assinado em 26 de março de 1991, por Brasil, Argentina, Paraguai e Uruguai.
Qual é a natureza jurídica do Tratado de Assunção?;É um tratado internacional de direito público, que constitui uma organização internacional com personalidade jurídica.
O MERCOSUL possui personalidade jurídica de direito internacional?;Sim, a personalidade jurídica do MERCOSUL foi expressamente reconhecida pelo Protocolo de Ouro Preto (1994).
O que é o Protocolo de Ouro Preto?;É o protocolo adicional ao Tratado de Assunção, assinado em 1994, que instituiu a estrutura institucional definitiva do MERCOSUL e lhe conferiu personalidade jurídica.
Quais são os Estados Partes fundadores do MERCOSUL?;Brasil, Argentina, Paraguai e Uruguai.
Quando e como a Venezuela aderiu ao MERCOSUL?;A Venezuela aderiu em 2012, mas sua adesão foi suspensa em 2016, e atualmente ela está suspensa, sem direitos e obrigações.
Qual é o protocolo que trata da adesão de novos membros ao MERCOSUL?;O Protocolo de Adesão, que faz parte do Tratado de Assunção.
A Bolívia está em processo de adesão plena ao MERCOSUL?;Sim, a Bolívia é um Estado Parte em processo de adesão (adesão em curso).
Quais são os Estados Associados ao MERCOSUL?;Chile, Colômbia, Equador, Peru, Guiana e Suriname.
Qual é a estrutura institucional do MERCOSUL, conforme o Protocolo de Ouro Preto?;É composta pelo Conselho do Mercado Comum (CMC), Grupo Mercado Comum (GMC), Comissão de Comércio do MERCOSUL (CCM), Comissão Parlamentar Conjunta, Foro Consultivo Econômico-Social e Secretaria Administrativa.
Qual é o órgão superior do MERCOSUL, responsável pela condução política do processo de integração?;O Conselho do Mercado Comum (CMC).
Como é composto o Conselho do Mercado Comum (CMC)?;É composto pelos Ministros das Relações Exteriores e pelos Ministros da Economia (ou equivalentes) de cada Estado Parte.
Qual é a função do Grupo Mercado Comum (GMC)?;É o órgão executivo do MERCOSUL, responsável por implementar as decisões do CMC e coordenar a integração econômica.
Como é composto o Grupo Mercado Comum (GMC)?;É composto por quatro membros titulares e quatro suplentes de cada país, indicados pelos respectivos Ministérios das Relações Exteriores e da Economia.
Qual é a função da Comissão de Comércio do MERCOSUL (CCM)?;É o órgão técnico que zela pela aplicação dos instrumentos de política comercial comum, como a Tarifa Externa Comum (TEC).
Qual é a função da Secretaria Administrativa do MERCOSUL?;É o órgão de apoio técnico e administrativo, com sede em Montevidéu, Uruguai.
O que é a Comissão Parlamentar Conjunta do MERCOSUL?;É o órgão de representação dos Parlamentos nacionais, com função consultiva e de acompanhamento do processo de integração.
O que é o Parlamento do MERCOSUL (Parlasul)?;É o órgão legislativo do MERCOSUL, criado em 2005, com sede em Montevidéu, que substituiu a Comissão Parlamentar Conjunta, com funções deliberativas e de controle.
O Foro Consultivo Econômico-Social tem função deliberativa?;Não, é um órgão consultivo, que representa os setores econômicos e sociais.
Quais são os principais instrumentos normativos do MERCOSUL?;As Decisões (do CMC), Resoluções (do GMC), Diretrizes (da CCM) e Recomendações (da CCM).
As Decisões do CMC são vinculantes para os Estados Partes?;Sim, as Decisões do CMC são obrigatórias e devem ser incorporadas aos ordenamentos jurídicos nacionais.
"O que são as ""normas do MERCOSUL"" e qual sua hierarquia?";São as Decisões, Resoluções e Diretrizes, que, uma vez internalizadas, passam a integrar o ordenamento jurídico dos Estados Partes.
Como as normas do MERCOSUL são incorporadas ao direito brasileiro?;Da mesma forma que os tratados internacionais: por meio de Decreto Legislativo (aprovação) e Decreto Presidencial (promulgação).
Uma norma do MERCOSUL (ex.: Decisão) tem efeito direto no Brasil?;Sim, após a sua incorporação formal, ela passa a ter força de lei no país.
Qual é a posição hierárquica das normas do MERCOSUL no direito brasileiro?;Têm status de lei ordinária, equiparando-se a um tratado internacional ordinário.
Há possibilidade de uma norma do MERCOSUL ter status supralegal ou constitucional?;Não, a menos que seja uma norma de direitos humanos, mas, em regra, o STF considera que as normas do MERCOSUL têm status de lei ordinária.
Qual é o sistema de solução de controvérsias do MERCOSUL?;Atualmente, é regido pelo Protocolo de Olivos (2002), que substituiu o sistema anterior do Protocolo de Brasília (1991).
Qual é a principal característica do Protocolo de Olivos?;Ele estabelece um sistema em dois níveis: negociações diretas e, se necessário, recurso ao Órgão de Solução de Controvérsias.
Qual é o órgão máximo do sistema de solução de controvérsias do MERCOSUL?;O Tribunal Permanente de Revisão (TPR), sediado em Assunção, Paraguai.
O Tribunal Permanente de Revisão (TPR) tem função de apelação?;Sim, suas decisões são finais e vinculantes, e podem revisar os laudos dos Tribunais Arbitrais Ad Hoc.
Qual é o prazo para um Estado Parte recorrer ao Tribunal Permanente de Revisão?;O prazo é de 15 dias úteis após a notificação do laudo arbitral, contados da data de sua comunicação.
O que acontece se um Estado Parte não cumprir uma decisão do Tribunal Permanente de Revisão?;O Estado prejudicado pode aplicar medidas compensatórias ou sanções, autorizadas pelo TPR.
Quais são as fases do procedimento no Protocolo de Olivos?;"1) Negociações diretas; 2) Intervenção do Grupo Mercado Comum (GMC) e, se não resolvido, 3) Arbitragem ad hoc e, em caso de recurso, 4) Tribunal Permanente de Revisão."
Uma parte pode recorrer da decisão do TPR para outro órgão?;Não, as decisões do TPR são definitivas, vinculantes e sem possibilidade de recurso.
O Órgão de Solução de Controvérsias pode aplicar medidas provisórias?;Sim, o Tribunal Arbitral ou o TPR podem determinar medidas cautelares para evitar danos irreparáveis.
"O que são os ""laudos arbitrais"" no MERCOSUL?";São as decisões proferidas pelos tribunais arbitrais ad hoc, que julgam os casos de primeira instância.
O Brasil já foi parte em controvérsias no âmbito do MERCOSUL?;Sim, o Brasil já foi demandado e já demandou outros Estados Partes em diversos casos.
Quais são alguns exemplos de controvérsias relevantes do MERCOSUL?;"Os casos de ""Pneus Remoldados"" (Brasil x Uruguai), ""Têxteis"" (Brasil x Argentina), ""Aves"" (Brasil x Argentina)."
O que diz o Protocolo de Olivos sobre o cumprimento das decisões?;O Estado Parte deve cumprir a decisão, e se não cumprir, o Estado prejudicado pode, após autorização, adotar medidas compensatórias.
A jurisprudência dos tribunais do MERCOSUL é vinculante?;Não há o princípio do stare decisis, mas as decisões têm força persuasiva e contribuem para a uniformização da interpretação das normas do bloco.
"O que é a ""integração regional"" no contexto do MERCOSUL?";É o processo de harmonização de políticas econômicas e jurídicas entre os Estados Partes, visando à formação de um mercado comum.
Quais são os estágios da integração regional?;Zona de Livre Comércio, União Aduaneira, Mercado Comum, União Econômica e Monetária, e Integração Política.
Em qual estágio de integração o MERCOSUL se encontra atualmente?;O MERCOSUL é uma União Aduaneira incompleta (ou em consolidação), com a Tarifa Externa Comum (TEC), mas com muitas exceções e assimetrias.
O que é a Tarifa Externa Comum (TEC) do MERCOSUL?;É a alíquota de importação comum para produtos de terceiros países, aplicada pelos Estados Partes.
A TEC é uniforme para todos os produtos?;Não, há exceções (listas de exceções) para cada país, o que torna a união aduaneira imperfeita.
Qual é a importância da TEC para o MERCOSUL?;É o principal instrumento da União Aduaneira, fundamental para a política comercial comum.
"O que é o ""Código Aduaneiro do MERCOSUL""?";É um conjunto de normas que harmoniza os procedimentos aduaneiros entre os Estados Partes, com base no Protocolo de Ouro Preto.
"O que é o ""princípio da complementaridade"" no MERCOSUL?";É a ideia de que os países do bloco devem complementar suas economias, promovendo a especialização produtiva.
"O que é a ""cláusula de salvaguarda"" no MERCOSUL?";São medidas que um Estado Parte pode adotar para proteger sua indústria nacional contra um aumento súbito de importações, em conformidade com as regras da OMC.
"O que é a ""integração produtiva"" no MERCOSUL?";É a busca pela complementação de cadeias produtivas entre os países do bloco, promovendo investimentos e comércio intrabloco.
"O que são as ""Zonas Francas"" no âmbito do MERCOSUL?";São áreas com regimes aduaneiros especiais, como a Zona Franca de Manaus, que possuem tratamento diferenciado dentro do bloco.
O MERCOSUL tem um regime de origem comum?;Sim, o MERCOSUL adota um regime de origem para produtos que circulam no bloco, com regras específicas para evitar desvios de comércio.
"O que é o ""Regime de Origem do MERCOSUL""?";É o conjunto de regras que determinam quando um produto é considerado originário do MERCOSUL para gozar das preferências tarifárias intrabloco.
Qual é a relação entre o MERCOSUL e a ALADI (Associação Latino-Americana de Integração)?;O MERCOSUL é um acordo de integração mais profundo, mas ambos coexistem e são compatíveis, com o MERCOSUL se baseando no Tratado de Montevidéu (1980).
A ALADI é uma organização internacional?;Sim, é uma organização intergovernamental que promove a integração regional.
"O que é o ""Acordo de Complementação Econômica"" (ACE) no âmbito da ALADI?";São acordos bilaterais ou regionais para a liberalização comercial, como os firmados entre o MERCOSUL e seus Estados Associados.
O MERCOSUL firmou acordos com outros blocos?;Sim, com a União Europeia (UE) (acordo em princípio), com a Aliança do Pacífico (em negociação), e com países como Israel, Egito, etc.
O MERCOSUL possui um fundo de convergência estrutural?;Sim, o FOCEM (Fundo de Convergência Estrutural do MERCOSUL), criado para reduzir as assimetrias entre os Estados Partes.
Como funciona o FOCEM?;O FOCEM financia projetos de infraestrutura, desenvolvimento produtivo e social nos países de menor desenvolvimento relativo (Paraguai e Uruguai, principalmente).
Qual é a importância do FOCEM para a integração?;Reduz as disparidades econômicas e fortalece a coesão do bloco.
A Venezuela está suspensa do MERCOSUL?;Sim, desde 2016, com base no Protocolo de Ushuaia (1998), que prevê a cláusula democrática, por violação da ordem democrática no país.
O que é o Protocolo de Ushuaia (1998)?;É um protocolo que estabelece a cláusula democrática no MERCOSUL, condicionando a participação no bloco ao respeito à democracia.
A cláusula democrática do MERCOSUL já foi acionada?;Sim, contra o Paraguai (2012) e contra a Venezuela (2016), com a suspensão dos países.
O MERCOSUL tem um mecanismo de monitoramento da democracia?;O Protocolo de Ushuaia prevê a atuação do CMC e consultas aos Parlamentos para avaliar a situação democrática.
"O que é o ""Protocolo de Olivos"" e sua relação com o Protocolo de Brasília?";O Protocolo de Olivos (2002) aperfeiçoou o sistema de solução de controvérsias, substituindo o Protocolo de Brasília (1991), criando o Tribunal Permanente de Revisão.
Qual é a principal inovação do Protocolo de Olivos?;A criação de uma instância revisora (TPR) e a possibilidade de medidas compensatórias.
"O que são as ""medidas compensatórias"" no MERCOSUL?";São ações, como a suspensão de preferências tarifárias, que um Estado Parte pode tomar contra outro que não cumpriu uma decisão do tribunal.
O MERCOSUL possui um sistema de solução de controvérsias para pessoas físicas e jurídicas?;Não, o sistema é apenas entre Estados Partes. Pessoas privadas devem recorrer aos tribunais nacionais, que podem aplicar as normas do bloco.
O cidadão pode invocar o direito do MERCOSUL diretamente no Brasil?;Sim, se a norma do MERCOSUL tiver sido incorporada, ela tem status de lei interna e pode ser invocada.
A jurisprudência do TPR influencia a interpretação das normas do MERCOSUL no Brasil?;Sim, os tribunais brasileiros podem usar a jurisprudência do TPR como fonte de interpretação, mas não estão vinculados.
Qual é a relação entre o MERCOSUL e a OMC?;O MERCOSUL é um acordo regional compatível com as regras da OMC (art. XXIV do GATT).
O MERCOSUL notifica seus acordos à OMC?;Sim, para garantir a conformidade com as regras do comércio mundial.
"O que é a ""norma de aplicação direta"" no MERCOSUL?";É a norma que, uma vez incorporada, dispensa a edição de uma lei de execução no Brasil, podendo ser aplicada imediatamente.
A maioria das normas do MERCOSUL tem aplicação direta?;"Depende do conteúdo; as que criam direitos e obrigações para os Estados Partes exigem incorporação."
"O que é o ""princípio da primazia do direito comunitário"" no MERCOSUL?";Não é tão forte quanto na União Europeia, mas há o princípio de que as normas do bloco devem ser aplicadas de forma prevalente sobre as leis nacionais, desde que incorporadas.
O STJ (Superior Tribunal de Justiça) tem competência para julgar questões sobre o MERCOSUL?;Sim, o STJ é o tribunal responsável pela uniformização da interpretação do direito federal, incluindo as normas do MERCOSUL.
O STF já se manifestou sobre a hierarquia das normas do MERCOSUL?;Sim, em diversos casos, o STF reiterou que as normas do MERCOSUL têm status de lei ordinária (ADI 2.909, entre outras).
Há um projeto de integração política no MERCOSUL?;Sim, a criação do Parlasul e a busca por uma cidadania do MERCOSUL (passaporte, livre circulação) são passos nessa direção.
"O que é o ""Acordo de Residência"" do MERCOSUL?";É um acordo que permite a residência legal e o trabalho para nacionais dos Estados Partes e Associados, com visto simplificado.
O Brasil já internalizou o Acordo de Residência do MERCOSUL?;Sim, e ele é aplicado para facilitar a imigração de nacionais do bloco.
"O que é o ""Fórum de Consulta e Concertação Política"" do MERCOSUL?";É um espaço para coordenação política entre os Estados Partes, com a participação dos Ministros das Relações Exteriores.
O MERCOSUL possui uma Carta de Direitos Humanos?;O MERCOSUL adotou uma Declaração Sociolaboral e vários protocolos sobre direitos humanos, mas não uma carta única, sendo um tema em desenvolvimento.
"O que é a ""Zona de Livre Comércio"" no MERCOSUL?";É o estágio inicial de integração, onde os produtos circulam sem tarifas intrabloco.
A Zona de Livre Comércio é plena no MERCOSUL?;Ainda há exceções, como a lista de exceções à TEC, mas, em grande medida, funciona.
"O que é o ""Protocolo de Montevidéu"" sobre serviços?";É um protocolo que visa a liberalização do comércio de serviços no MERCOSUL, em negociação.
O MERCOSUL tem uma política agrícola comum?;Não há uma política agrícola comum, mas há coordenação em algumas áreas.
"O que é a ""Câmara de Comércio do MERCOSUL""?";Não é um órgão oficial, mas uma entidade privada que promove o comércio no bloco.
"Qual é a importância da ""livre circulação de pessoas"" no MERCOSUL?";Facilita o trânsito de cidadãos, fomentando o turismo e a integração cultural.
O MERCOSUL tem um fundo social?;Não, mas o FOCEM financia projetos sociais.
Qual é a posição do Brasil no MERCOSUL?;O Brasil é o maior país do bloco, com a maior economia, exercendo papel de liderança e influência.
O MERCOSUL é uma organização supranacional?;Não, é uma organização intergovernamental. As decisões são tomadas por consenso dos Estados, sem supranacionalidade.
"O que é a ""supranacionalidade"" e por que o MERCOSUL não a tem?";A supranacionalidade implica que as decisões dos órgãos do bloco prevalecem sobre as leis nacionais. No MERCOSUL, as normas dependem da incorporação por cada Estado.
O MERCOSUL está em crise?;O bloco passa por desafios, com divergências políticas e econômicas, mas mantém sua estrutura e acordos básicos.
"O que é a ""Cúpula do MERCOSUL""?";São as reuniões semestrais dos Chefes de Estado e de Governo, que tomam as decisões políticas mais importantes.
O MERCOSUL tem um hino ou símbolos oficiais?;"Sim, possui uma bandeira e um lema (""Nosso Norte é o Sul""), mas não tem hino oficial."
;
;
;
Qual é a regra geral da Carta da ONU sobre o uso da força?;É proibido o uso da força ou ameaça da força contra a integridade territorial ou independência política de qualquer Estado (art. 2º, §4º).
Quais são as exceções à proibição do uso da força na Carta da ONU?;A legítima defesa (art. 51) e as ações autorizadas pelo Conselho de Segurança (Capítulo VII).
O que é a legítima defesa no DIP?;É o direito inerente de um Estado de usar a força para repelir um ataque armado, até que o Conselho de Segurança tome as medidas necessárias (art. 51).
A legítima defesa pode ser preventiva?;A doutrina e a prática são controversas. A maioria entende que a legítima defesa só é cabível após um ataque armado efetivo.
"O que é a ""segurança coletiva"" na Carta da ONU?";É o sistema pelo qual a agressão a um Estado é considerada uma ameaça à paz de todos, e o CS pode autorizar ações coletivas (Capítulo VII).
O Conselho de Segurança pode autorizar o uso da força?;Sim, nos termos do Capítulo VII, se houver ameaça à paz, ruptura da paz ou ato de agressão (art. 39).
Quais são as medidas do Capítulo VII da Carta da ONU?;Medidas provisórias, sanções não militares (art. 41) e ações militares (art. 42).
"O que são as ""operações de manutenção da paz"" (peacekeeping)?";São missões da ONU, com consentimento das partes, para manter a paz, monitorar cessar-fogo e apoiar a implementação de acordos.
As operações de paz são autorizadas pelo Capítulo VI ou VII?;Podem ser autorizadas com base em ambos, dependendo do mandato.
"O que são as operações de ""imposição da paz"" (peace enforcement)?";São operações militares autorizadas pelo CS para impor a paz, geralmente com uso da força, sob o Capítulo VII.
"O que é o ""princípio da responsabilidade de proteger"" (R2P)?";É a doutrina que defende que a comunidade internacional tem o dever de proteger populações contra genocídio, crimes de guerra e crimes contra a humanidade.
A R2P autoriza intervenções unilaterais?;Não, a intervenção deve ser autorizada pelo Conselho de Segurança da ONU.
A prática diplomática brasileira sobre o uso da força é qual?;O Brasil defende a solução pacífica, o multilateralismo e a autorização do CS para o uso da força.
O Brasil já participou de operações de paz da ONU?;Sim, como a UNEF (Suez), ONUC (Congo), MINUSTAH (Haiti) e UNIFIL (Líbano).
O Brasil liderou qual missão de paz?;A MINUSTAH (Haiti), sob o comando brasileiro de 2004 a 2017.
"O que é a ""Cláusula Democrática"" no âmbito da OEA e do MERCOSUL?";É a previsão de suspensão do Estado-membro em caso de ruptura da ordem democrática.
O Brasil apoia a aplicação da cláusula democrática?;Sim, como no caso de Honduras (2009) e Venezuela (2016).
O que é o desarmamento no DIP?;É o processo de redução ou eliminação de armamentos, especialmente os de destruição em massa.
O que é a não proliferação nuclear?;É o esforço para evitar a disseminação de armas nucleares, com base no TNP (Tratado de Não Proliferação Nuclear).
O Brasil é signatário do TNP?;Sim, ratificou o TNP em 1998, mas como país não nuclear.
O que é o Tratado de Tlatelolco?;É o tratado que criou a zona livre de armas nucleares na América Latina e no Caribe, assinado em 1967.
O Brasil é signatário do Tratado de Tlatelolco?;Sim, e é uma das bases da política nuclear brasileira.
O que é a AIEA (Agência Internacional de Energia Atômica)?;É a agência da ONU que promove o uso pacífico da energia nuclear e realiza inspeções de salvaguardas.
O Brasil tem acordo de salvaguardas com a AIEA?;Sim, e permite inspeções para garantir o uso pacífico de seu programa nuclear.
O que é o controle de armas?;São acordos e medidas para limitar o desenvolvimento, produção ou uso de determinados armamentos.
O Brasil apoia o Tratado sobre o Comércio de Armas (ATT)?;Sim, o Brasil é signatário do ATT (2013) e defende o controle do comércio internacional de armas.
O que é o terrorismo internacional?;É o uso da violência contra civis, com fins políticos, por grupos não estatais, com alcance transnacional.
O Brasil condena o terrorismo?;Sim, é um princípio das relações internacionais (art. 4º, VIII, da CF) e o repúdio ao terrorismo é absoluto.
O Brasil tem legislação antiterrorismo?;Sim, a Lei nº 13.260/2016 tipifica o terrorismo no Brasil.
O Brasil participa de cooperação internacional contra o terrorismo?;Sim, por meio da ONU, GCTF (Fórum Global de Combate ao Terrorismo) e acordos bilaterais.
"O que é a ""resolução 1373"" do CS da ONU?";É a resolução que obriga todos os Estados a adotarem medidas para combater o financiamento do terrorismo.
O Brasil adota as recomendações do GAFI (Grupo de Ação Financeira)?;Sim, para prevenir a lavagem de dinheiro e o financiamento do terrorismo.
"O que é a ""força de paz"" da ONU e como ela se distingue da ""força de imposição""?";"A força de paz é neutral, sem uso da força (exceto em autodefesa); a força de imposição age com força militar para restaurar a paz."
O Brasil já enviou tropas para missões de imposição da paz?;Não, o Brasil atua apenas em missões de paz tradicionais, com autorização do CS.
"O que é o ""direito humanitário"" e sua relação com o uso da força?";É o conjunto de regras que protege pessoas em conflitos armados, limitando os meios e métodos de guerra.
O Brasil é signatário das Convenções de Genebra?;Sim, e respeita o Direito Internacional Humanitário (DIH).
"O que é o ""combate ao terrorismo"" no âmbito da ONU?";A ONU tem a Estratégia Global de Combate ao Terrorismo (2006), com pilares de prevenção, combate e cooperação.
"O Brasil é membro do ""GCTF"" (Fórum Global de Combate ao Terrorismo)?";Sim, e atua em seus grupos de trabalho.
"O que é o ""Programa de Ação para a Prevenção, Combate e Eliminação do Comércio Ilícito de Armas Pequenas e Leves""?";É um programa da ONU que busca controlar o tráfico de armas leves, apoiado pelo Brasil.
"O que é a ""mineração anti-pessoal"" e a posição do Brasil?";O Brasil é signatário da Convenção de Ottawa (1997), que proíbe o uso de minas terrestres.
"O Brasil já utilizou a ""responsabilidade de proteger"" em sua diplomacia?";"O Brasil defendeu o conceito de ""responsabilidade ao proteger"" (R2P com ênfase na prevenção)."
"O que é a ""responsabilidade ao proteger"" (RwP)?";É a proposta brasileira que enfatiza a prevenção, a não intervenção e o respeito à soberania.
"O que é o ""Tratado de Não Proliferação Nuclear"" (TNP)?";É um tratado que busca evitar a proliferação de armas nucleares, com base em três pilares: não proliferação, desarmamento e uso pacífico.
O Brasil defende o desarmamento nuclear?;Sim, e defende a eliminação total das armas nucleares.
"O que são as ""zonas livres de armas nucleares""?";São regiões onde a produção e o uso de armas nucleares são proibidos, como a América Latina (Tlatelolco).
O Brasil apoia a criação de novas zonas livres de armas nucleares?;Sim, como no Oriente Médio.
"O que é a ""Conferência de Desarmamento"" em Genebra?";É o fórum multilateral para negociações de desarmamento, do qual o Brasil participa.
"O Brasil defende a ""não proliferação"" apenas ou também o ""desarmamento""?";Ambos, com ênfase no desarmamento nuclear completo.
"O que é o ""combate ao tráfico de armas"" no Brasil?";O Brasil tem legislação específica (Estatuto do Desarmamento - Lei 10.826/2003) e coopera internacionalmente.
"O que é a ""Resolução 1540"" do CS da ONU?";Obriga os Estados a impedir que atores não estatais adquiram armas de destruição em massa.
O Brasil cumpre a Resolução 1540?;Sim, com legislação de controle de exportação de materiais sensíveis.
"O que é a ""Agenda de Paz"" da ONU (1992)?";É um documento que propôs mecanismos para a manutenção da paz, incluindo operações de paz.
"O Brasil contribui com a ""paz"" por meio de mediação?";Sim, o Brasil é conhecido por sua mediação em conflitos como o Peru x Equador (1995) e o Haiti.
"O que é a ""Convenção sobre Armas Biológicas"" (1972)?";É um tratado que proíbe o desenvolvimento e uso de armas biológicas. O Brasil é signatário.
"O que é a ""Convenção sobre Armas Químicas"" (1993)?";É um tratado que proíbe a produção e uso de armas químicas. O Brasil é signatário e membro da OPAQ.
O Brasil tem um programa nuclear pacífico?;Sim, com a Eletronuclear e as usinas de Angra, sob a supervisão da CNEN (Comissão Nacional de Energia Nuclear).
O Brasil enriquece urânio?;Sim, para fins pacíficos (combustível nuclear), com inspeções da AIEA.
"O Brasil é membro do ""Grupo de Fornecedores Nucleares"" (NSG)?";Sim, como país não nuclear, mas com capacidade tecnológica.
"O que é o ""Tratado de Proibição de Testes Nucleares"" (CTBT)?";É o tratado que proíbe testes nucleares. O Brasil assinou e ratificou.
"O que é a ""CTBTO"" (Organização do Tratado de Proibição de Testes Nucleares)?";É a organização responsável pela verificação do CTBT.
O Brasil tem estações de monitoramento da CTBTO?;Sim, para detectar explosões nucleares.
"O que é a ""Agência Brasileiro-Argentina de Contabilidade e Controle de Materiais Nucleares"" (ABACC)?";É uma agência binacional que verifica o uso pacífico de materiais nucleares, com acordo com a AIEA.
O Brasil apoia a ABACC?;Sim, é uma das bases da confiança nuclear na região.
"O que é a ""Corte Internacional de Justiça"" e sua atuação sobre o uso da força?";A CIJ pode julgar casos sobre o uso da força, como no caso Nicarágua x EUA (1986).
"O que é a ""legítima defesa coletiva""?";É o direito de um Estado de ajudar outro Estado atacado, com base no art. 51.
O Brasil já invocou a legítima defesa coletiva?;Não, o Brasil não utiliza o uso da força como instrumento de política externa.
"O que é a ""Cláusula de não intervenção"" da OEA?";É o princípio da não intervenção em assuntos internos dos Estados americanos, reforçado na Carta da OEA.
O Brasil sempre defendeu a não intervenção?;Sim, historicamente, é um dos pilares da diplomacia brasileira.
"O que é a ""Operação de Paz"" da ONU?";É uma missão multilateral, autorizada pelo CS, para manter a paz, com tropas de países voluntários.
O Brasil tem participado de missões de paz da ONU no século XXI?;Sim, no Haiti, Líbano, República Centro-Africana, Chipre, etc.
"O que é a ""MINUSTAH""?";Foi a missão de estabilização da ONU no Haiti (2004-2017), liderada pelo Brasil.
"O que é a ""UNIFIL""?";A força da ONU no Líbano, da qual o Brasil participa com tropas navais.
O Brasil contribui com tropas ou com observadores militares para as missões de paz?;Ambos, com tropas, observadores e policiais.
"O que é a ""política de defesa nacional"" do Brasil?";É a política que estabelece as diretrizes para a defesa do Brasil, com ênfase na defesa territorial e na paz.
O Brasil possui armas nucleares?;Não, a CF/88 proíbe a utilização de energia nuclear para fins não pacíficos.
"O Brasil já assinou o ""Tratado de Proibição de Armas Nucleares"" (TPAN - 2017)?";O Brasil assinou, mas ainda não ratificou.
"O que é a ""Convenção de Ottawa"" (1997)?";É a convenção que proíbe o uso, produção e transferência de minas antipessoal. O Brasil é signatário.
O Brasil já usou a força militar em conflitos internacionais?;Historicamente, o Brasil usou a força na Guerra do Paraguai e na Segunda Guerra Mundial, mas nunca agressivamente.
O Brasil é um país pacifista?;Sim, a defesa da paz e a solução pacífica são princípios constitucionais e tradição diplomática.
"O que é o ""Conselho de Segurança"" e qual seu papel no uso da força?";É o órgão da ONU que decide sobre a manutenção da paz, podendo autorizar o uso da força.
O Brasil defende a reforma do Conselho de Segurança?;Sim, para torná-lo mais representativo, com um assento permanente para a América Latina (o Brasil).
"O que é o ""Princípio da Complementaridade"" no TPI?";O TPI só atua quando os Estados não podem ou não querem julgar crimes internacionais.
O TPI julga o terrorismo?;Não, o TPI não tem jurisdição sobre o terrorismo internacional como crime autônomo, mas pode julgar crimes de guerra que envolvam atos terroristas.
"O que é a ""Resolução 2249"" do CS sobre o terrorismo?";É a resolução que autoriza medidas contra o Estado Islâmico, mas não é uma autorização explícita de uso da força.
O Brasil apoia as resoluções do CS sobre terrorismo?;Sim, o Brasil vota favoravelmente e implementa as sanções.
"O que é o ""Combate ao financiamento do terrorismo"" no Brasil?";O Brasil tem o COAF (Conselho de Controle de Atividades Financeiras) para combater a lavagem de dinheiro e o financiamento.
O Brasil coopera com a Interpol para combater o terrorismo?;Sim, ativamente.
"O que é a ""Agenda de Não Proliferação"" do Brasil?";O Brasil defende o uso pacífico da energia nuclear e a não proliferação, com salvaguardas da AIEA.
"O Brasil assinou o ""Acordo de Salvaguardas"" com a AIEA?";Sim, e permite inspeções para garantir o uso pacífico.
"O que é a ""Zona de Paz e Cooperação do Atlântico Sul"" (ZPCAS)?";É uma iniciativa brasileira, com a ONU, para desnuclearizar e promover a cooperação no Atlântico Sul.
O Brasil é signatário da ZPCAS?;Sim, e atua para que a região seja livre de armas nucleares.
"O que é a ""política externa brasileira"" para o Oriente Médio?";O Brasil tem atuação equilibrada, defendendo a paz e a solução de dois Estados para a Palestina.
O Brasil condena o terrorismo no Oriente Médio?;Sim, e tem cooperado com a comunidade internacional.
"O que é a ""Declaração de Princípios"" sobre o uso da força?";Não é um documento específico, mas o Brasil defende a legalidade e a autorização do CS.
"O Brasil é signatário da ""Convenção de Palermo"" sobre crime organizado?";Sim, e isso inclui o combate ao terrorismo e ao tráfico de armas.
"O Brasil participa da ""Força-Tarefa Conjunta"" contra o terrorismo?";Não há força-tarefa específica, mas o Brasil coopera em inteligência.
"O que é a ""NAVFOR"" (Força Naval da ONU) no Líbano?";É a força naval da UNIFIL, da qual o Brasil participa com navios de guerra.
O Brasil já teve soldados mortos em missões de paz?;Sim, na MINUSTAH e na UNIFIL, com baixas brasileiras.
"O que é a ""Resolução 1325"" do CS sobre mulheres, paz e segurança?";É a resolução que destaca o papel das mulheres na prevenção de conflitos e na paz. O Brasil apoia.
O Brasil tem uma política de gênero nas missões de paz?;Sim, promove a participação feminina nas Forças Armadas e em missões de paz.
"O que é o ""Princípio da Não Proliferação"" na prática brasileira?";O Brasil cumpre rigorosamente, mantendo um programa nuclear apenas para fins pacíficos.
"O que é o ""Controle de Armamentos Convencionais"" no Brasil?";O Brasil é signatário do Tratado sobre Comércio de Armas (ATT) e regula a exportação de armas.
"O que é a ""Declaração de Paz"" no contexto sul-americano?";O Brasil defende a América do Sul como uma zona de paz, sem conflitos armados.
;
O que é o Direito Internacional dos Direitos Humanos (DIDH)?;É o ramo do Direito Internacional que estabelece normas para a proteção da dignidade da pessoa humana, obrigando os Estados a respeitar, proteger e garantir direitos fundamentais.
Qual é a principal diferença entre o DIDH e o Direito Internacional Humanitário (DIH)?;O DIDH protege a pessoa em tempos de paz (e também em guerra, em certos aspectos), enquanto o DIH se aplica especificamente a conflitos armados.
"O que significa a ""exigibilidade"" dos direitos humanos?";É a possibilidade de exigir judicial ou administrativamente o cumprimento de um direito, por meio de mecanismos nacionais ou internacionais.
Os direitos humanos são todos exigíveis da mesma forma?;"Não, os direitos civis e políticos são de exigibilidade imediata; os direitos econômicos, sociais e culturais são de implementação progressiva."
"O que é o princípio da ""proibição do retrocesso"" no DIDH?";É o princípio que veda a adoção de medidas que reduzam o nível de proteção de um direito já conquistado.
"O que é o ""controle de convencionalidade""?";É o dever do juiz nacional de verificar se a lei interna é compatível com os tratados de direitos humanos dos quais o Estado é parte.
O Brasil adota o controle de convencionalidade?;Sim, o STF e o STJ reconhecem o dever de controlar a convencionalidade das leis.
Quais são os principais tratados de direitos humanos ratificados pelo Brasil?;O Pacto Internacional sobre Direitos Civis e Políticos, o Pacto Internacional sobre Direitos Econômicos, Sociais e Culturais, a Convenção Americana de Direitos Humanos, a Convenção contra a Tortura, etc.
O Brasil ratificou a Convenção Americana de Direitos Humanos (Pacto de San José)?;Sim, ratificou em 1992.
Qual é o status hierárquico dos tratados de direitos humanos aprovados pelo rito do art. 5º, §3º, da CF?;Têm status de emenda constitucional.
E os tratados de direitos humanos aprovados pelo rito ordinário (quórum simples)?;Têm status de norma supralegal, acima das leis ordinárias, mas abaixo da Constituição.
O art. 5º, §3º, da CF foi introduzido por qual emenda?;Pela Emenda Constitucional nº 45/2004.
Qual é a regra de incorporação de tratados de direitos humanos no Brasil?;Aprovação por Decreto Legislativo (com quórum qualificado ou simples) e promulgação por Decreto Presidencial.
Os tratados de direitos humanos têm aplicação imediata no Brasil?;Sim, após a incorporação, são autoaplicáveis, salvo se dependerem de regulamentação.
O que é o sistema global de proteção dos direitos humanos?;É o sistema da ONU, baseado na Carta da ONU e em tratados universais, como os Pactos de 1966.
O que é o sistema interamericano de direitos humanos?;É o sistema regional da OEA, composto pela Comissão Interamericana de Direitos Humanos (CIDH) e pela Corte Interamericana de Direitos Humanos (Corte IDH).
A Comissão Interamericana de Direitos Humanos (CIDH) é um órgão da OEA?;Sim, é um órgão da OEA, com sede em Washington, D.C.
Qual é a função da CIDH?;Receber petições, investigar violações, emitir recomendações e levar casos à Corte IDH.
A Corte Interamericana de Direitos Humanos tem sede em qual cidade?;San José, Costa Rica.
O Brasil reconhece a competência contenciosa da Corte IDH?;Sim, desde 1998.
As sentenças da Corte IDH são vinculantes para o Brasil?;Sim, e devem ser cumpridas pelo Estado brasileiro.
"O que é a ""exceção de prévio esgotamento dos recursos internos""?";É a condição para que uma petição seja admitida na CIDH ou na Corte IDH: a vítima deve ter tentado todos os recursos judiciais internos.
Em que casos o esgotamento dos recursos internos é dispensado?;Quando há demora injustificada, quando os recursos são ineficazes ou quando há recusa de justiça.
"O que é o ""Sistema de Petições Individual"" da ONU?";É o mecanismo pelo qual indivíduos podem apresentar queixas de violações de direitos humanos a comitês de tratados (ex.: Comitê de Direitos Humanos).
O Brasil aceita o sistema de petições individuais do Protocolo Facultativo ao Pacto dos Direitos Civis e Políticos?;Sim, ratificou o Protocolo Facultativo em 1992.
"O que é o ""Comitê de Direitos Humanos"" da ONU?";É o órgão de especialistas que monitora a implementação do Pacto Internacional sobre Direitos Civis e Políticos.
O Comitê de Direitos Humanos pode receber petições de indivíduos?;Sim, se o Estado tiver aceito o Protocolo Facultativo.
"O que é o ""Conselho de Direitos Humanos"" da ONU?";É um órgão intergovernamental da ONU, com sede em Genebra, criado em 2006 para substituir a Comissão de Direitos Humanos.
O Conselho de Direitos Humanos é composto por quantos membros?;47 Estados-membros, eleitos pela Assembleia Geral da ONU.
O Brasil é membro do Conselho de Direitos Humanos da ONU?;Sim, já foi eleito e faz parte em vários mandatos.
"O que são os ""Órgãos de Tratados"" (Treaty Bodies) da ONU?";São comitês de especialistas independentes que monitoram a implementação dos tratados de direitos humanos (ex.: Comitê contra a Tortura, Comitê sobre a Eliminação da Discriminação Racial).
O Brasil se submete ao exame periódico dos órgãos de tratados?;Sim, apresenta relatórios periódicos aos comitês.
"O que é a ""Revisão Periódica Universal"" (RPU) da ONU?";É um mecanismo do Conselho de Direitos Humanos que avalia a situação dos direitos humanos em todos os Estados-membros da ONU.
O Brasil já passou pela RPU?;Sim, em ciclos regulares.
"O que é a ""Convenção contra a Tortura"" da ONU?";É o tratado que define e proíbe a tortura, ratificado pelo Brasil.
O Brasil tem um mecanismo nacional de prevenção à tortura?;Sim, criado pela Lei nº 12.847/2013 (Mecanismo Nacional de Prevenção e Combate à Tortura).
"O que é a ""Convenção sobre a Eliminação de Todas as Formas de Discriminação Racial"" (CERD)?";É o tratado que combate a discriminação racial, ratificado pelo Brasil.
"O que é a ""Convenção sobre a Eliminação de Todas as Formas de Discriminação contra a Mulher"" (CEDAW)?";É o tratado que combate a discriminação contra a mulher, ratificado pelo Brasil.
O Brasil ratificou o Protocolo Facultativo à CEDAW?;Sim, o que permite petições individuais ao Comitê da CEDAW.
"O que é a ""Convenção sobre os Direitos da Criança"" (CDC)?";É o tratado mais ratificado do mundo, que protege os direitos das crianças. O Brasil o ratificou.
O Brasil ratificou os Protocolos Facultativos à CDC?;Sim, sobre a participação de crianças em conflitos armados e sobre a venda de crianças.
"O que é a ""Convenção sobre os Direitos das Pessoas com Deficiência"" (CDPD)?";É o tratado que protege os direitos das pessoas com deficiência. O Brasil ratificou com status constitucional (EC 45/2004).
"O que é a ""Convenção Interamericana para Prevenir e Punir a Tortura""?";É um tratado do sistema interamericano, ratificado pelo Brasil.
"O que é a ""Convenção Interamericana sobre o Desaparecimento Forçado de Pessoas""?";É um tratado do sistema interamericano, ratificado pelo Brasil.
O Brasil já foi condenado pela Corte IDH?;"Sim, em casos como o ""Ximenes Lopes"" (2006), ""Gomes Lund"" (Guerrilha do Araguaia - 2010) e ""Favela Nova Brasília"" (2017)."
"O que é a ""sentença de reparação"" da Corte IDH?";É a decisão que determina indenização, medidas de satisfação e garantias de não repetição ao Estado.
O Brasil cumpre as sentenças da Corte IDH?;"O Brasil tem cumprido, mas com atrasos em alguns casos, como no caso ""Gomes Lund""."
"O que é a ""Comissão de Anistia"" no Brasil e sua relação com a Corte IDH?";"A Comissão de Anistia foi criada para reparar vítimas da ditadura, mas foi questionada pela Corte IDH no caso ""Gomes Lund""."
"O que é a ""Lei de Anistia"" (Lei 6.683/1979) e sua relação com o DIDH?";"A Lei de Anistia foi objeto de controvérsia, sendo considerada incompatível com a Convenção Americana pela Corte IDH (caso ""Gomes Lund"")."
O STF já declarou a Lei de Anistia constitucional?;Sim, na ADPF 153 (2010), mas a Corte IDH a considerou incompatível com o DIDH.
"O que é o ""princípio da indivisibilidade dos direitos humanos""?";Todos os direitos humanos (civis, políticos, econômicos, sociais e culturais) são interdependentes e de igual importância.
"O que é o ""princípio da universalidade dos direitos humanos""?";Os direitos humanos são aplicáveis a todas as pessoas, sem distinção de nacionalidade, raça, sexo, etc.
"O que é o ""princípio da complementaridade"" entre sistemas de proteção?";Os sistemas global e regional são complementares, podendo a vítima recorrer a ambos.
O Brasil pode ser responsabilizado internacionalmente por violação de direitos humanos?;Sim, no âmbito da ONU (Comitês) e do Sistema Interamericano (Corte IDH).
"O que é a ""medida cautelar"" da CIDH?";É uma medida urgente solicitada pela CIDH a um Estado para evitar danos irreparáveis a pessoas.
O Brasil cumpre as medidas cautelares da CIDH?;Em geral, sim, embora haja críticas em alguns casos.
"O que é o ""Relatório de País"" da CIDH?";É um relatório que analisa a situação dos direitos humanos em um país, como o relatório sobre o Brasil.
"O que é o ""Comitê contra a Tortura"" da ONU?";É o órgão que monitora a implementação da Convenção contra a Tortura.
O Brasil apresenta relatórios ao Comitê contra a Tortura?;Sim, periodicamente.
"O que é o ""Comitê sobre os Direitos da Criança"" da ONU?";É o órgão que monitora a implementação da Convenção sobre os Direitos da Criança.
O Brasil apresenta relatórios ao Comitê sobre os Direitos da Criança?;Sim.
"O que é o ""Comitê sobre a Eliminação da Discriminação contra a Mulher"" (CEDAW)?";É o órgão que monitora a implementação da CEDAW.
O Brasil apresenta relatórios ao CEDAW?;Sim.
"O que é o ""Protocolo de São Salvador""?";É o Protocolo Adicional à Convenção Americana sobre Direitos Econômicos, Sociais e Culturais, ratificado pelo Brasil.
O Protocolo de São Salvador trata de quais direitos?;Direitos ao trabalho, à saúde, à educação, à seguridade social, etc.
Os direitos econômicos, sociais e culturais são justiciáveis no Sistema Interamericano?;Sim, mas com a exigência de esgotamento de recursos internos e a observação do princípio da progressividade.
"O que é a ""Declaração Americana dos Direitos e Deveres do Homem"" (1948)?";É um documento da OEA, anterior à Convenção Americana, que também é fonte de direitos.
A Declaração Americana é juridicamente vinculante?;Sim, para os membros da OEA, como interpretação da Carta da OEA.
"O que é a ""Carta Democrática Interamericana"" (2001) e sua relação com os direitos humanos?";Ela estabelece que a democracia é essencial para a proteção dos direitos humanos.
"O que é o ""direito à verdade"" no DIDH?";É o direito das vítimas e da sociedade de conhecer a verdade sobre violações de direitos humanos.
"O que é o ""direito à reparação integral"" no DIDH?";É o direito da vítima a ser reparada de forma integral (material e moral), com medidas de satisfação.
"O que é a ""imprescritibilidade dos crimes contra a humanidade""?";São crimes que não prescrevem, como o genocídio e a tortura.
O Brasil aplica a imprescritibilidade?;A CF prevê a imprescritibilidade para o racismo e a ação de grupos armados, mas não para outros crimes contra a humanidade.
"O que é a ""jurisprudência da Corte IDH"" e sua influência no Brasil?";A jurisprudência da Corte IDH é usada pelo STF como fonte interpretativa, especialmente em direitos humanos.
O STF já aplicou a jurisprudência da Corte IDH?;Sim, em diversos casos, como no direito ao esquecimento e na prisão civil do depositário infiel.
"O que é a ""prisão civil do depositário infiel"" e a posição do STF?";O STF, com base na Convenção Americana, decidiu pela ilegalidade da prisão civil do depositário infiel (Súmula Vinculante 25 e 26).
"O que é o ""princípio da não-devolução"" (non-refoulement) no DIDH?";É a proibição de devolver uma pessoa a um país onde ela possa sofrer perseguição, tortura ou violação de direitos.
O Brasil aplica o princípio do non-refoulement?;Sim, para refugiados e asilados, com base na Lei de Refúgio (9.474/1997).
"O que é a ""Lei de Refúgio"" no Brasil (Lei 9.474/1997)?";É a lei que implementa a Convenção de 1951 sobre o Estatuto dos Refugiados e define o procedimento de refúgio.
O Brasil concede refúgio com base em quais fundamentos?;Perseguição por raça, religião, nacionalidade, grupo social ou opiniões políticas, ou violação grave de direitos humanos.
"O que é o ""Comitê Nacional para os Refugiados"" (CONARE)?";É o órgão brasileiro que decide sobre os pedidos de refúgio.
O Brasil é signatário da Convenção de 1951 sobre o Estatuto dos Refugiados?;Sim, e ratificou o Protocolo de 1967.
"O que é o ""Direito Internacional dos Refugiados""?";É o ramo do DIP que protege pessoas que fogem de perseguição, com base no princípio do non-refoulement.
"O que é o ""Acesso à Justiça"" no DIDH?";É o direito de toda pessoa a um recurso efetivo perante os tribunais nacionais, previsto na Convenção Americana.
"O que é o ""Princípio da Efetividade"" no DIDH?";As normas de direitos humanos devem ser interpretadas de forma a garantir a maior proteção possível à vítima.
"O que é o ""Princípio da Interpretação Pro Homine""?";É a regra de que, em caso de dúvida, a interpretação deve ser a mais favorável à pessoa humana.
O STF adota o princípio pro homine?;Sim, em matéria de direitos humanos.
"O que é a ""Corte Interamericana de Direitos Humanos"" e sua composição?";É composta por 7 juízes, eleitos pela Assembleia Geral da OEA, com mandato de 6 anos.
O Brasil já teve um juiz na Corte IDH?;Sim, vários juízes brasileiros, como Antônio Augusto Cançado Trindade.
"O que é a ""Opinião Consultiva"" da Corte IDH?";É a interpretação da Convenção Americana ou de outros tratados, solicitada pelos Estados ou pela OEA.
As opiniões consultivas da Corte IDH são vinculantes?;Não são vinculantes, mas têm grande autoridade interpretativa.
"O que é a ""Convenção de Belém do Pará"" (1994)?";É a Convenção Interamericana para Prevenir, Punir e Erradicar a Violência contra a Mulher, ratificada pelo Brasil.
"O que é a ""Convenção de Palermo"" (2003)?";É a Convenção da ONU contra o Crime Organizado Transnacional, que inclui protocolos sobre tráfico de pessoas, ratificada pelo Brasil.
"O Brasil tem um ""Plano Nacional de Direitos Humanos""?";Sim, o PNDH (em várias versões) é um programa do governo federal para a promoção de direitos.
O PNDH tem força de lei?;Não, é um programa de governo, mas orienta a política pública.
"O que é o ""Sistema de Informação sobre Direitos Humanos"" no Brasil?";É o sistema que reúne dados sobre violações e políticas de direitos humanos
;
O que é o Direito Internacional Humanitário (DIH)?;É o ramo do Direito Internacional que limita os meios e métodos de guerra, protegendo pessoas que não participam ou deixaram de participar das hostilidades.
Qual é a principal diferença entre o DIH e o Direito Internacional dos Direitos Humanos (DIDH)?;"O DIH aplica-se exclusivamente em situações de conflito armado; o DIDH aplica-se em tempos de paz e de guerra, mas com regras específicas para cada contexto."
Quais são os dois ramos principais do DIH?;"O ""Direito de Genebra"" (proteção às vítimas) e o ""Direito de Haia"" (meios e métodos de guerra)."
Quais são os tratados fundamentais do DIH?;As quatro Convenções de Genebra de 1949 e seus Protocolos Adicionais I (conflitos internacionais) e II (conflitos não internacionais) de 1977.
O que são as Convenções de Genebra de 1949?;São quatro tratados que protegem: feridos e doentes em campanha (I), feridos e náufragos no mar (II), prisioneiros de guerra (III) e civis (IV).
O Brasil ratificou as Convenções de Genebra e seus Protocolos Adicionais?;Sim, ratificou as quatro Convenções de 1949 e os Protocolos I e II de 1977.
O que é o Protocolo Adicional I de 1977?;Aplica-se a conflitos armados internacionais, protegendo as vítimas e regulando a condução das hostilidades.
O que é o Protocolo Adicional II de 1977?;Aplica-se a conflitos armados não internacionais de alta intensidade, protegendo as vítimas.
O Brasil é signatário do Protocolo Adicional III de 2005?;Sim, o Protocolo III cria um emblema distintivo adicional (o cristal vermelho).
"O que é o princípio da ""distinção"" no DIH?";Obriga as partes em conflito a distinguir entre combatentes e civis, e entre objetos militares e civis, dirigindo os ataques apenas contra os primeiros.
"O que é o princípio da ""proporcionalidade"" no DIH?";Proíbe ataques em que os danos civis previstos sejam excessivos em relação à vantagem militar concreta esperada.
"O que é o princípio da ""necessidade militar""?";Permite o uso da força apenas na medida necessária para alcançar um objetivo militar legítimo.
"O que são ""combatentes"" no DIH?";São membros das forças armadas de uma parte em conflito, que têm o direito de participar diretamente das hostilidades.
"O que são ""civis"" no DIH?";"São todas as pessoas que não são combatentes; gozam de proteção geral contra os perigos das operações militares."
"O que é o ""estatuto de prisioneiro de guerra"" (POW)?";É a condição jurídica dos combatentes capturados, que gozam de proteção contra maus-tratos e têm direito a tratamento humanitário.
As forças armadas irregulares (milícias, voluntários) têm direito ao estatuto de prisioneiro de guerra?;Sim, se preencherem os requisitos de comando responsável, distintivo fixo, porte ostensivo de armas e respeito ao DIH.
"O que é o ""combatente ilegal"" (ou ""combatente desleal"")?";É aquele que participa das hostilidades sem observar o DIH, podendo não ter direito ao estatuto de prisioneiro de guerra.
"O que é um ""objeto militar"" no DIH?";É qualquer bem que, por sua natureza, localização ou uso, contribua para a ação militar.
"O que é um ""objeto civil"" no DIH?";São todos os bens que não são objetos militares, sendo protegidos contra ataques.
"O que é a ""proibição de armas desumanas""?";O DIH proíbe armas que causem sofrimento desnecessário ou sejam indiscriminadas (ex.: armas químicas, biológicas, minas antipessoal).
O Brasil é signatário da Convenção de Ottawa (1997) sobre minas antipessoal?;Sim, proíbe o uso, produção e transferência de minas terrestres antipessoal.
O Brasil é signatário da Convenção sobre Munições Cluster (2008)?;Sim, proíbe o uso de bombas de fragmentação (cluster bombs).
O que é o Comitê Internacional da Cruz Vermelha (CICV)?;É uma instituição humanitária neutra e independente, com mandato para proteger e assistir vítimas de conflitos armados, com base nas Convenções de Genebra.
O CICV é um sujeito de Direito Internacional?;Sim, tem personalidade jurídica internacional limitada para fins humanitários.
"O que são os ""atos de hostilidade"" no DIH?";São ações ofensivas ou defensivas que envolvem o uso da força contra o inimigo.
"O que é a ""ocupação militar"" no DIH?";É a situação em que um território é colocado sob a autoridade efetiva de uma força armada inimiga, com regras específicas de proteção da população.
Quais são as obrigações do Estado ocupante?;Manter a ordem pública, respeitar as leis locais, garantir o abastecimento e a saúde da população e proteger os bens culturais.
"O que é a ""proibição de represálias contra civis"" no DIH?";As represálias (atos ilícitos em resposta a atos ilícitos) são proibidas quando dirigidas contra civis ou bens civis.
"O que é o ""crime de guerra"" no Direito Internacional Penal?";São violações graves do DIH, como ataques deliberados a civis, tortura de prisioneiros e uso de armas proibidas.
O Tribunal Penal Internacional (TPI) tem jurisdição sobre crimes de guerra?;Sim, o TPI julga indivíduos por crimes de guerra, crimes contra a humanidade, genocídio e crime de agressão.
"O que é o ""Princípio da Complementaridade"" do TPI?";O TPI só atua quando os Estados nacionais não podem ou não querem julgar os crimes.
"O que é o ""genocídio"" no Direito Internacional Penal?";É a intenção de destruir, no todo ou em parte, um grupo nacional, étnico, racial ou religioso.
O Brasil é signatário da Convenção para a Prevenção e Repressão do Crime de Genocídio (1948)?;Sim, e a incorporou ao direito interno.
"O que é o ""Direito Internacional dos Refugiados""?";É o ramo do DIP que protege pessoas que fogem de perseguição ou de violência generalizada, com base no princípio do non-refoulement.
Qual é o tratado fundamental do Direito Internacional dos Refugiados?;A Convenção de 1951 sobre o Estatuto dos Refugiados, complementada pelo Protocolo de 1967.
O Brasil ratificou a Convenção de 1951 e o Protocolo de 1967?;Sim, ratificou ambos os instrumentos.
O que é o princípio do non-refoulement?;É a proibição de devolver um refugiado a um país onde sua vida ou liberdade esteja ameaçada.
O princípio do non-refoulement é absoluto?;Sim, é uma norma de jus cogens e não admite exceções, mesmo em caso de ameaça à segurança nacional.
"Quem é considerado um ""refugiado"" sob a Convenção de 1951?";Toda pessoa que, temendo ser perseguida por motivos de raça, religião, nacionalidade, grupo social ou opinião política, se encontra fora de seu país e não pode ou não quer regressar.
A Convenção de 1951 tem uma cláusula de exclusão?;Sim, exclui pessoas que cometeram crimes de guerra, crimes contra a paz ou crimes contra a humanidade.
"O que são os ""refugiados de fato"" (ou deslocados ambientais)?";São pessoas que fogem de desastres naturais ou mudanças climáticas, mas não se enquadram na definição clássica de refugiado da Convenção de 1951.
"O que é o ""refúgio"" no direito brasileiro?";É o instituto que concede proteção a estrangeiros que sofrem perseguição em seu país de origem, com base na Lei 9.474/1997.
O Brasil concede refúgio com base em quais fundamentos?;Perseguição por raça, religião, nacionalidade, grupo social ou opiniões políticas, ou violação grave de direitos humanos.
Qual é a lei brasileira que regula o refúgio?;A Lei nº 9.474/1997, que implementa a Convenção de 1951 e o Protocolo de 1967.
Qual é o órgão brasileiro responsável por decidir os pedidos de refúgio?;O Comitê Nacional para os Refugiados (CONARE), vinculado ao Ministério da Justiça.
O CONARE é composto por quais órgãos?;Representantes do Ministério da Justiça, Itamaraty, Ministério do Trabalho, Advocacia-Geral da União, Polícia Federal e organizações da sociedade civil.
O pedido de refúgio no Brasil pode ser feito em qualquer ponto de fronteira?;Sim, o estrangeiro pode solicitar refúgio na fronteira ou dentro do território nacional.
O refugiado tem direito a documento de identidade no Brasil?;Sim, recebe uma carteira de identidade provisória e, após a decisão favorável, um documento de identidade de estrangeiro.
O refugiado no Brasil tem direito à reunião familiar?;Sim, a Lei 9.474/1997 prevê a reunião familiar para cônjuges, ascendentes, descendentes e dependentes.
O refugiado no Brasil pode trabalhar?;Sim, tem direito ao exercício de atividade remunerada, desde que obtenha a carteira de trabalho.
O refugiado pode ser expulso ou deportado do Brasil?;Não, o princípio do non-refoulement impede a devolução a país onde haja risco de perseguição.
"O que é a ""perda do status de refugiado""?";Ocorre quando o refugiado obtém proteção de outro país, ou quando as circunstâncias que motivaram o refúgio deixam de existir.
"O que é a ""cessação"" do status de refugiado?";É o fim da condição de refugiado, por ato do CONARE, quando os motivos da perseguição desaparecem.
O Brasil reconhece o refúgio para pessoas vítimas de violência generalizada (refúgio humanitário)?;"Sim, a Lei 9.474/1997 inclui a ""violação grave de direitos humanos"" como fundamento, o que permite o refúgio humanitário."
O Brasil tem programas de interiorização de refugiados?;Sim, o CONARE promove a interiorização para integrar refugiados em diferentes regiões do país.
"O que é a ""apátrida"" no Direito Internacional?";É a pessoa que nenhum Estado considera como seu nacional (não tem nacionalidade).
O Brasil é signatário da Convenção sobre o Estatuto dos Apátridas (1954)?;Sim, e também da Convenção para Reduzir os Casos de Apatridia (1961).
O Brasil tem um procedimento para reconhecimento da apatridia?;Sim, a Lei de Migração (13.445/2017) prevê o procedimento para reconhecimento da condição de apátrida.
"O que é o ""asilo político"" e como se diferencia do refúgio?";"O asilo é concedido a perseguidos políticos, geralmente com base em ato discricionário do Estado; o refúgio é um direito do solicitante, com base em critérios objetivos."
O Brasil concede asilo diplomático?;Sim, é uma tradição brasileira, com base na Convenção de Havana (1928) e na Convenção de Caracas (1954).
O asilo diplomático é concedido em missões diplomáticas?;Sim, o asilo diplomático é concedido em embaixadas, consulados ou navios de guerra.
"O que é a ""Convenção de Caracas"" (1954)?";É um tratado que regulamenta o asilo diplomático e territorial na América Latina.
"O que é o ""asilo territorial"" ou ""asilo político"" propriamente dito?";É a proteção concedida a um estrangeiro que ingressa no território do Estado asilante, por perseguição política.
O Brasil pode conceder asilo a um perseguido por crime comum?;Não, o asilo é apenas para perseguição política, não para delitos comuns.
"O que é o ""Direito Internacional dos Conflitos Armados""?";É sinônimo de Direito Internacional Humanitário (DIH).
O DIH se aplica a conflitos armados não internacionais (guerras civis)?;Sim, o Protocolo II de 1977 e o art. 3º comum das Convenções de Genebra aplicam-se a conflitos não internacionais.
O que é o art. 3º comum às Convenções de Genebra?;É a base do DIH para conflitos não internacionais, garantindo tratamento humano a todos os que não participam das hostilidades.
"O que são as ""violações graves"" do DIH?";São infrações que constituem crimes de guerra, sujeitas à jurisdição universal.
O Brasil tem legislação interna para punir crimes de guerra?;Sim, o Código Penal Militar prevê a punição de crimes de guerra, e o Brasil coopera com o TPI.
"O que é a ""jurisdição universal"" para crimes de guerra?";É a competência de qualquer Estado para julgar crimes de guerra, independentemente do local do crime ou da nacionalidade do criminoso.
O Brasil adota a jurisdição universal?;Sim, em certos casos, como a tortura e o genocídio, com base em tratados.
"O que é a ""proibição da escravidão"" no DIH?";A escravidão é proibida em qualquer circunstância, sendo uma norma de jus cogens.
"O que é a ""proteção de bens culturais"" no DIH?";O DIH protege os bens culturais (monumentos, obras de arte, arquivos) contra ataques e pilhagem, com base na Convenção de Haia de 1954.
O Brasil é signatário da Convenção de Haia de 1954 para a Proteção de Bens Culturais?;Sim.
"O que é a ""Zona Desmilitarizada"" no DIH?";É uma área onde as partes em conflito concordam em não realizar operações militares, para proteger civis ou facilitar a assistência humanitária.
"O que é a ""assistência humanitária"" no DIH?";É o fornecimento de alimentos, água, medicamentos e abrigo a populações civis em conflito, com base no princípio da humanidade.
O CICV tem um papel fundamental na assistência humanitária?;Sim, é o principal ator humanitário em conflitos, com base no DIH.
"O que é a ""responsabilidade de proteger"" (R2P) e sua relação com o DIH?";A R2P defende a intervenção para proteger populações de genocídio e crimes de guerra, mas deve ser autorizada pelo Conselho de Segurança da ONU.
"O Brasil defende o conceito de ""responsabilidade ao proteger""?";Sim, o Brasil propôs esse conceito como uma ênfase na prevenção e no respeito à soberania, em contraste com a R2P.
"O que é o ""Tribunal Penal Internacional para a ex-Iugoslávia"" (TPII)?";Foi um tribunal ad hoc criado pela ONU para julgar crimes de guerra na ex-Iugoslávia, encerrado em 2017.
"O que é o ""Tribunal Penal Internacional para Ruanda"" (TPIR)?";Foi um tribunal ad hoc criado pela ONU para julgar crimes de guerra e genocídio em Ruanda, encerrado em 2015.
O Brasil cooperou com os tribunais ad hoc?;Sim, em termos de cooperação jurídica, como a extradição de acusados.
"O que é a ""Corte Internacional de Justiça"" (CIJ) e sua atuação em conflitos?";A CIJ pode julgar Estados por violações do DIH, como no caso Nicarágua x EUA (1986).
"O que é a ""Comissão de Inquérito"" da ONU para conflitos armados?";São comissões criadas para investigar violações do DIH e dos direitos humanos em conflitos específicos (ex.: Síria).
O Brasil apoia a criação de comissões de inquérito?;Sim, vota favoravelmente no Conselho de Direitos Humanos.
"O que é o ""princípio da humanidade"" no DIH?";É o princípio que exige que as pessoas sejam tratadas com humanidade em todas as circunstâncias, mesmo em conflitos.
"O que é o ""princípio da necessidade"" no DIH?";A violência só pode ser usada na medida necessária para alcançar um objetivo militar legítimo.
"O que é o ""princípio da proibição de sofrimento desnecessário""?";Proíbe o uso de armas ou métodos que causem sofrimento excessivo, sem utilidade militar.
"O que são os ""combatentes ilegítimos"" no DIH?";São combatentes que não respeitam as leis da guerra, como os terroristas, que podem ser privados do estatuto de prisioneiro de guerra.
O Brasil tem uma doutrina militar sobre o DIH?;Sim, as Forças Armadas brasileiras incluem o DIH em seus manuais de campanha.
"O que é a ""Operação de Paz"" da ONU e sua relação com o DIH?";As operações de paz têm mandatos que incluem a proteção de civis e o respeito ao DIH, especialmente nas missões de imposição da paz.
O Brasil já aplicou o DIH em suas operações de paz?;Sim, como na MINUSTAH, com respeito às regras de engajamento e proteção de civis.
"O que é a ""mediação humanitária"" no DIH?";São negociações para permitir a passagem de ajuda humanitária ou a evacuação de feridos, com base no DIH.
O Brasil atua como mediador humanitário?;Sim, o Brasil tem atuado em mediações para facilitar a paz e a assistência humanitária.
"O que é a ""Declaração de Viena"" sobre refugiados (1993)?";É uma declaração que reafirma o princípio do non-refoulement e a importância da proteção internacional.
O Brasil participou da Conferência de Viena sobre Refugiados?;Sim, e adotou os princípios da declaração.
"O que é a ""Agência da ONU para Refugiados"" (ACNUR)?";É a agência da ONU que lidera a proteção internacional de refugiados e deslocados.
O ACNUR atua no Brasil?;Sim, com um escritório em Brasília e cooperação com o CONARE.
"O que é o ""Programa de Reassentamento de Refugiados"" no Brasil?";É um programa do CONARE para acolher refugiados de países em conflito, como a Síria.
O Brasil recebe refugiados sírios?;Sim, o Brasil tem um programa especial para acolher refugiados sírios.
"O que é o ""visto humanitário"" no Brasil?";É um visto concedido a pessoas em situação de vulnerabilidade, como deslocados por conflitos, com base na Lei de Migração.
O visto humanitário é o mesmo que o refúgio?;"Não, o refúgio é um status jurídico; o visto humanitário é uma autorização de entrada para situações de emergência."
"O que é a ""Lei de Migração"" (Lei 13.445/2017) e sua relação com o refúgio?";A Lei de Migração substituiu o Estatuto do Estrangeiro e integra o refúgio como um dos institutos de proteção.
"O que é a ""política de acolhimento de refugiados"" no Brasil?";O Brasil tem uma política de acolhimento humanitário, com acesso a direitos e serviços públicos.
;
;
;
O que é o Direito Penal Internacional (DPI)?;É o ramo do Direito Internacional que estabelece crimes de competência da comunidade internacional, atribuindo responsabilidade penal direta a indivíduos.
Qual é a diferença entre o DPI e o Direito Internacional Humanitário (DIH)?;"O DIH regula a conduta em conflitos armados; o DPI pune os indivíduos que violam o DIH e outros crimes internacionais."
Quais são os quatro núcleos de crimes do Estatuto de Roma do TPI?;Genocídio, crimes contra a humanidade, crimes de guerra e crime de agressão.
O que é o genocídio no DPI?;É a intenção de destruir, no todo ou em parte, um grupo nacional, étnico, racial ou religioso, mediante atos como assassinato, lesão grave, etc.
O que são os crimes contra a humanidade?;São atos generalizados ou sistemáticos contra uma população civil, como assassinato, tortura, escravidão, desaparecimento forçado, etc.
O que são os crimes de guerra?;São violações graves das leis e costumes aplicáveis em conflitos armados, como ataques a civis, uso de armas proibidas e maus-tratos a prisioneiros.
O que é o crime de agressão?;É o planejamento, preparação, início ou execução de um ato de agressão, por um Estado, contra a soberania de outro, com gravidade suficiente.
O crime de agressão foi incluído no Estatuto de Roma por qual emenda?;Pela Emenda de Kampala (2010), mas sua jurisdição só foi ativada em 2018.
Quais são os princípios fundamentais do DPI?;Legalidade (nullum crimen sine lege), irretroatividade, responsabilidade penal individual, imprescritibilidade e jurisdição universal.
O princípio da legalidade no DPI exige lei anterior?;Sim, o crime deve estar previsto em lei (tratado ou costume) antes da prática do ato.
O que é a responsabilidade penal individual no DPI?;Os indivíduos (e não os Estados) são responsabilizados criminalmente por crimes internacionais, mesmo se agindo como agentes de Estado.
O que é a imprescritibilidade dos crimes internacionais?;Crimes como genocídio e crimes contra a humanidade não prescrevem, podendo ser julgados a qualquer tempo.
O que é a jurisdição universal?;É a competência de qualquer Estado para julgar crimes internacionais, independentemente do local do crime ou da nacionalidade do criminoso.
O Brasil adota a jurisdição universal para crimes internacionais?;Sim, em certos casos, como tortura e genocídio, com base em tratados e na legislação interna.
Quais são os princípios de jurisdição penal no DPI?;Territorialidade, personalidade ativa (nacionalidade), personalidade passiva (vítima), real (proteção) e universal.
O que são os tribunais penais internacionais?;São tribunais criados para julgar indivíduos por crimes internacionais, podendo ser permanentes (TPI) ou ad hoc.
Quais foram os primeiros tribunais penais internacionais da história moderna?;Os Tribunais de Nuremberg (1945-1946) e de Tóquio (1946-1948), criados após a Segunda Guerra Mundial.
Qual foi a base jurídica dos Tribunais de Nuremberg e Tóquio?;Foram criados por acordos entre as potências aliadas, com base em leis e costumes de guerra existentes.
Qual foi a principal inovação dos Tribunais de Nuremberg e Tóquio?;Estabeleceram a responsabilidade penal individual por crimes contra a paz, crimes de guerra e crimes contra a humanidade.
O que são os tribunais penais internacionais ad hoc?;São tribunais criados para julgar crimes em conflitos específicos, com duração limitada (ex.: TPI ex-Iugoslávia e TPI Ruanda).
Qual é o Tribunal Penal Internacional para a ex-Iugoslávia (TPII)?;Foi um tribunal ad hoc criado pela ONU em 1993 para julgar crimes de guerra na ex-Iugoslávia.
Qual é o Tribunal Penal Internacional para Ruanda (TPIR)?;Foi um tribunal ad hoc criado pela ONU em 1994 para julgar o genocídio em Ruanda.
"O que são os ""tribunais híbridos"" ou ""mistas""?";São tribunais com participação internacional e nacional, como o Tribunal Especial para Serra Leoa e as Câmaras Extraordinárias do Camboja.
O Brasil participou da criação de algum tribunal híbrido?;Não diretamente, mas apoia a criação de mecanismos de justiça internacional.
O que é o Mecanismo Residual Internacional para Tribunais Penais (MIRTP)?;É um órgão da ONU que assumiu as funções remanescentes do TPII e do TPIR após seu encerramento.
O que é o Tribunal Penal Internacional (TPI)?;É um tribunal penal permanente, com sede em Haia, criado pelo Estatuto de Roma (1998), para julgar indivíduos por genocídio, crimes contra a humanidade, crimes de guerra e agressão.
O Estatuto de Roma entrou em vigor em que data?;Em 1º de julho de 2002, após a 60ª ratificação.
O Brasil ratificou o Estatuto de Roma?;Sim, em 2002, por meio do Decreto Legislativo 112/2002.
Quantos Estados são membros do TPI atualmente?;Cerca de 124 Estados (em 2024).
O TPI tem jurisdição sobre Estados que não ratificaram o Estatuto?;Em regra, não, mas pode julgar nacionais de Estados não membros se o crime ocorrer em território de Estado membro.
Qual é a sede do TPI?;Haia, Países Baixos.
O TPI é um órgão da ONU?;Não, é uma organização internacional independente, com um acordo de relacionamento com a ONU.
Qual é a composição do TPI?;18 juízes, eleitos pela Assembleia dos Estados Partes, com mandato de 9 anos.
Quem é o Procurador do TPI?;É um funcionário independente, eleito pela Assembleia dos Estados Partes, responsável por investigar e processar crimes.
Qual é o princípio da complementaridade no TPI?;O TPI só atua quando os Estados nacionais não podem ou não querem julgar os crimes (incapacidade ou falta de vontade).
"O que significa ""incapacidade"" do Estado no princípio da complementaridade?";Quando o sistema judiciário nacional está colapsado ou não tem condições de processar o acusado.
"O que significa ""falta de vontade"" do Estado no princípio da complementaridade?";Quando o Estado realiza um processo meramente formal para proteger o acusado, ou há demora injustificada.
O TPI pode julgar crimes cometidos por nacionais de Estados não membros?;Sim, se o crime ocorreu no território de um Estado membro ou se o caso for encaminhado pelo Conselho de Segurança da ONU.
O Conselho de Segurança da ONU pode encaminhar casos ao TPI?;Sim, nos termos do art. 13 do Estatuto de Roma, o CS pode encaminhar situações ao TPI.
O TPI tem jurisdição sobre crimes cometidos antes da entrada em vigor do Estatuto?;Não, o Estatuto não é retroativo (art. 24).
O TPI pode julgar menores de 18 anos?;Não, o Estatuto prevê que o TPI não tem jurisdição sobre pessoas com menos de 18 anos à época do crime.
Quais são as penas previstas no Estatuto de Roma?;Reclusão por até 30 anos, prisão perpétua, e multa, além de confisco de bens.
O TPI pode aplicar a pena de morte?;Não, o Estatuto de Roma não prevê a pena de morte.
O TPI tem competência para julgar o crime de agressão?;Sim, desde a ativação da jurisdição em 2018, mas com condições (ex.: necessidade de decisão do CS ou da AGNU).
"O que é a ""Emenda de Kampala"" (2010)?";Foi a emenda que definiu o crime de agressão e estabeleceu as condições para sua jurisdição no TPI.
O Brasil ratificou a Emenda de Kampala?;Sim, o Brasil ratificou a emenda sobre a agressão em 2020.
Quais são os órgãos do TPI?;A Presidência, as Divisões de Primeira Instância e de Apelação, o Gabinete do Procurador e a Secretaria.
Como é o processo no TPI?;O Procurador investiga, apresenta um requerimento de abertura de instrução, o juiz de instrução confirma as acusações, e o caso vai a julgamento.
O TPI pode emitir mandados de prisão?;Sim, e os Estados partes têm a obrigação de cooperar para prender e entregar o acusado.
O TPI pode julgar o acusado à revelia?;Não, o TPI exige a presença do acusado em julgamento.
O TPI tem uma Câmara de Apelação?;Sim, a decisão da Câmara de Primeira Instância pode ser apelada para a Câmara de Apelação.
As decisões do TPI são finais e vinculantes?;Sim, para as partes no processo, e os Estados partes devem cumprir as sentenças.
O TPI pode julgar casos de terrorismo?;Não, o terrorismo não está incluído no Estatuto de Roma, mas atos terroristas podem ser considerados crimes contra a humanidade em certas circunstâncias.
O TPI tem um Fundo de Reparação para as Vítimas?;Sim, o Fundo Fiduciário para as Vítimas foi criado para fornecer reparações às vítimas de crimes do TPI.
O Brasil já foi investigado pelo TPI?;Não, o Brasil nunca foi objeto de investigação formal, embora tenha havido comunicações sobre a situação na Amazônia.
O TPI investiga crimes ambientais?;Não diretamente, mas pode considerar crimes ambientais como crimes contra a humanidade ou crimes de guerra (ex.: destruição ambiental).
"O que é o ""crime de ecocídio"" e sua relação com o TPI?";O ecocídio é um crime proposto (destruição ambiental) para ser incluído no Estatuto de Roma, mas ainda não foi aprovado.
Qual a relação entre o TPI e o Tribunal Internacional de Justiça (CIJ)?;"A CIJ julga Estados; o TPI julga indivíduos. São tribunais distintos, ambos em Haia."
O TPI tem acordo de cooperação com a ONU?;Sim, o TPI tem um acordo de relacionamento com a ONU, assinado em 2004.
Os Estados partes são obrigados a cooperar com o TPI?;Sim, nos termos do Estatuto de Roma, devem cooperar com investigações e processos.
O TPI pode solicitar a prisão de um chefe de Estado em exercício?;Sim, não há imunidade para os crimes do Estatuto, mesmo para chefes de Estado (art. 27).
O que é o art. 27 do Estatuto de Roma?;Estabelece que o cargo oficial de uma pessoa (inclusive Chefe de Estado) não a isenta de responsabilidade penal.
"O que é a ""imunidade funcional"" e sua relação com o TPI?";A imunidade funcional (por atos oficiais) não se aplica aos crimes do TPI, mas a imunidade pessoal (chefes de Estado em visita) pode ser levantada pelo Estado de origem.
O TPI já condenou chefes de Estado?;Sim, em casos como o de Charles Taylor (Libéria) e o de Laurent Gbagbo (Costa do Marfim).
"O que é a ""cooperação internacional"" com o TPI?";É a obrigação dos Estados de prender e entregar acusados, fornecer provas e testemunhas, e cumprir as sentenças.
O Brasil já entregou algum acusado ao TPI?;Não, o Brasil não entregou ninguém ao TPI até o momento.
O TPI pode julgar cidadãos brasileiros por crimes cometidos no Brasil?;Sim, se o Brasil não puder ou não quiser julgar, e o crime for de competência do TPI.
O TPI já abriu investigação sobre a Venezuela?;Sim, o TPI abriu investigação sobre a Venezuela por crimes contra a humanidade.
O TPI investiga crimes na Ucrânia?;Sim, o TPI abriu investigação sobre a situação na Ucrânia, inclusive contra autoridades russas.
O TPI investigou crimes em Darfur (Sudão)?;Sim, o CS encaminhou a situação de Darfur ao TPI, que emitiu mandados contra altos funcionários sudaneses.
"O que são as ""medidas de proteção"" do TPI?";São medidas para proteger vítimas e testemunhas contra riscos, como a ocultação de identidade.
"O TPI tem uma ""Unidade de Apoio às Vítimas""?";Sim, a Seção de Participação e Reparação das Vítimas.
"O que é a ""entrega voluntária"" ao TPI?";Quando o acusado se entrega voluntariamente ao tribunal, sem necessidade de prisão coercitiva.
O TPI tem competência para crimes de tráfico de drogas?;Não, o tráfico de drogas não está no Estatuto de Roma.
O TPI pode julgar crimes de pirataria?;Não, a pirataria é crime de direito internacional consuetudinário, mas não está no Estatuto de Roma.
"O que são os ""crimes de guerra"" no TPI?";São violações graves das Convenções de Genebra e outras regras do DIH, incluindo ataques a civis, uso de armas proibidas, etc.
O TPI pode julgar crimes cometidos por empresas (pessoas jurídicas)?;Não, o TPI julga apenas pessoas físicas (art. 25 do Estatuto).
"O que é a ""participação criminosa"" no TPI?";O indivíduo pode ser responsabilizado por ter cometido, ordenado, solicitado ou contribuído para um crime.
"O que é a ""excludente de responsabilidade"" no TPI?";Causas como legítima defesa, coação, estado de necessidade e erro de fato podem excluir a responsabilidade.
O TPI segue o princípio do nullum crimen sine lege?;Sim, os crimes devem estar previstos no Estatuto ou no DIP consuetudinário.
O TPI adota o princípio do ne bis in idem (não dupla persecução)?;Sim, o indivíduo não pode ser julgado novamente pelo TPI ou por um tribunal nacional pelo mesmo crime.
O TPI pode arquivar um caso?;Sim, o Procurador pode arquivar se não houver base razoável para uma investigação.
O TPI tem competência para revisar suas sentenças?;Sim, há um procedimento de revisão em caso de novas provas.
O TPI pode emitir uma sentença de absolvição?;Sim, se não houver provas suficientes para condenação.
"O que é a ""cooperação dos Estados não partes"" com o TPI?";Não são obrigados, mas podem cooperar voluntariamente ou por decisão do CS da ONU.
O Brasil tem legislação de implementação do Estatuto de Roma?;Sim, a Lei 11.838/2005 dispõe sobre a cooperação com o TPI.
O Brasil extradita para o TPI?;"Tecnicamente, é uma ""entrega"" ao TPI, não uma extradição, regida pela Lei 11.838/2005."
"O que é o ""princípio da não devolução"" para o TPI?";Não se aplica diretamente, mas os Estados não podem devolver uma pessoa ao TPI se houver risco de tortura.
O TPI é um tribunal substituto dos tribunais nacionais?;Não, é complementar (princípio da complementaridade).
O TPI já condenou alguém por crime de agressão?;Ainda não, pois a jurisdição sobre agressão foi ativada recentemente.
O TPI tem juízes brasileiros?;"Sim, a juíza Silvia Fernández de Gurmendi (argentina, não brasileira) foi presidente; juízes brasileiros já serviram no TPI."
Qual é a relação entre o TPI e a Corte Interamericana de Direitos Humanos?;"São tribunais distintos: a Corte IDH julga Estados; o TPI julga indivíduos."
O TPI pode julgar crimes de genocídio cometidos no Brasil?;Sim, se o Brasil não puder ou não quiser julgar.
"O que é a ""diligência de entrega"" ao TPI?";É o procedimento pelo qual o Brasil prende e entrega um acusado ao TPI.
O TPI pode solicitar a apreensão de bens de um acusado?;Sim, para garantir futuras reparações ou multas.
O TPI tem uma política de proteção a vítimas e testemunhas?;Sim, há uma Seção de Proteção a Vítimas e Testemunhas.
O TPI pode julgar crimes cometidos por menores de 18 anos?;Não, como já mencionado, o limite é 18 anos.
O TPI é financeiramente independente?;Sim, seu orçamento é aprovado pela Assembleia dos Estados Partes.
O Brasil é membro da Assembleia dos Estados Partes do TPI?;Sim, e participa de suas reuniões anuais.
O TPI pode julgar crimes de tráfico de pessoas?;Sim, se o tráfico de pessoas for considerado crime contra a humanidade.
"O TPI tem um ""fundo fiduciário"" para vítimas?";Sim, administrado por uma comissão independente.
O TPI pode julgar crimes de perseguição política?;Sim, se a perseguição for parte de um ataque generalizado contra uma população.
"O que é a ""denúncia"" ao TPI?";Qualquer pessoa, Estado ou organização pode enviar informações ao Procurador para iniciar uma investigação.
O TPI é soberano?;Sim, é uma organização internacional com personalidade jurídica e independência.
O TPI pode julgar o crime de apartheid?;Sim, o apartheid é considerado crime contra a humanidade.
O TPI pode julgar crimes de esterilização forçada?;Sim, como crime contra a humanidade.
"O TPI tem um ""Código de Conduta"" para seus juízes?";Sim, para garantir a imparcialidade e independência.
O TPI pode julgar crimes de recrutamento de crianças-soldado?;Sim, como crime de guerra.
"O TPI pode julgar o crime de ""perseguição por gênero""?";Sim, o Estatuto de Roma reconhece a perseguição por gênero como crime contra a humanidade.
;
;
O que é o Direito do Comércio Internacional?;É o ramo do Direito que regula as relações comerciais entre Estados, abrangendo as regras e princípios que disciplinam o comércio de bens, serviços e propriedade intelectual.
Qual é a principal organização internacional que regula o comércio mundial?;A Organização Mundial do Comércio (OMC), criada em 1995 pelo Acordo de Marraqueche.
A OMC sucedeu qual organização?;O GATT (Acordo Geral sobre Tarifas e Comércio), que existia desde 1947.
Qual é o principal objetivo da OMC?;Promover a liberalização do comércio internacional, reduzindo barreiras tarifárias e não tarifárias, e garantir um sistema comercial previsível e transparente.
Quantos membros tem a OMC atualmente?;Cerca de 164 membros (em 2024).
O Brasil é membro fundador da OMC?;Sim, o Brasil é membro da OMC desde sua criação em 1995.
Qual é a estrutura institucional da OMC?;A Conferência Ministerial (órgão supremo), o Conselho Geral, os Conselhos Específicos (para bens, serviços e TRIPS), comitês e o Secretariado.
Com que frequência a Conferência Ministerial da OMC se reúne?;A cada dois anos, no mínimo.
Qual é a função do Conselho Geral da OMC?;Gerir os assuntos correntes da OMC entre as Conferências Ministeriais e atuar como OSC (Órgão de Solução de Controvérsias) e como OEPC (Órgão de Exame de Políticas Comerciais).
"O que é o princípio da ""nação mais favorecida"" (NMF)?";É a cláusula que obriga um membro da OMC a conceder a todos os demais membros o mesmo tratamento vantajoso concedido a qualquer outro país.
"O que é o princípio do ""tratamento nacional""?";É a obrigação de não discriminar produtos importados em relação a produtos nacionais, uma vez que os primeiros tenham entrado no mercado interno.
O princípio da NMF é aplicável a todos os acordos da OMC?;Sim, é um princípio fundamental do GATT, do GATS e do TRIPS, com exceções previstas (ex.: acordos de integração regional).
O princípio do tratamento nacional é aplicável a bens, serviços e propriedade intelectual?;Sim, está previsto nos Acordos GATT (bens), GATS (serviços) e TRIPS (propriedade intelectual).
"O que é a ""cláusula de habilitação"" (Enabling Clause)?";É uma cláusula que autoriza tratamento diferenciado e mais favorável para países em desenvolvimento, como o Sistema Geral de Preferências (SGP).
Quais são os principais acordos da OMC sobre bens?;O GATT 1994, os Acordos sobre Agricultura, Têxteis e Vestuário (ATC - extinto), Medidas Sanitárias e Fitossanitárias (SPS), Barreiras Técnicas (TBT), Subsídios e Medidas Compensatórias, Antidumping, Salvaguardas, Investimentos (TRIMs) e Valoração Aduaneira.
O que é o Acordo GATT (1994)?;É o Acordo Geral sobre Tarifas e Comércio, que estabelece as regras básicas para o comércio de bens, incluindo a redução de tarifas e a proibição de restrições quantitativas.
O que é o Acordo GATS?;É o Acordo Geral sobre Comércio de Serviços, que regula o comércio internacional de serviços, com base em quatro modos de prestação.
Quais são os quatro modos de prestação de serviços no GATS?;Modo 1 (fornecimento transfronteiriço), Modo 2 (consumo no exterior), Modo 3 (presença comercial) e Modo 4 (presença de pessoas físicas).
O que é o Acordo TRIPS?;É o Acordo sobre Aspectos dos Direitos de Propriedade Intelectual Relacionados ao Comércio, que estabelece padrões mínimos de proteção à propriedade intelectual.
O que é o Acordo TRIMs?;É o Acordo sobre Medidas de Investimento Relacionadas ao Comércio, que proíbe certas medidas restritivas ao comércio, como a exigência de conteúdo local.
O que é o Acordo sobre Agricultura?;É o acordo que regula o comércio agrícola, com compromissos de redução de subsídios e acesso a mercados.
O que é o Acordo SPS (Medidas Sanitárias e Fitossanitárias)?;É o acordo que estabelece regras para a aplicação de medidas sanitárias e fitossanitárias, para proteger a saúde humana, animal e vegetal, baseadas em ciência.
O que é o Acordo TBT (Barreiras Técnicas)?;É o acordo que regula as barreiras técnicas ao comércio, como regulamentos técnicos, padrões e procedimentos de avaliação de conformidade, para evitar que sejam usados como restrições disfarçadas.
O que é o Acordo Antidumping?;É o acordo que regula a aplicação de medidas antidumping, que são direitos adicionais aplicados a importações a preços inferiores ao valor normal (dumping) que causam dano à indústria doméstica.
O que é o Acordo sobre Subsídios e Medidas Compensatórias?;É o acordo que regula os subsídios governamentais e as medidas compensatórias (direitos compensatórios) para neutralizar subsídios que causam dano à indústria doméstica.
O que é o Acordo sobre Salvaguardas?;É o acordo que regula a aplicação de medidas de salvaguarda, que são restrições temporárias às importações em caso de aumento súbito que cause dano grave à indústria doméstica.
O que é o Acordo sobre Valoração Aduaneira?;É o acordo que estabelece um sistema justo, uniforme e neutro para a determinação do valor aduaneiro das mercadorias.
O que é o Acordo sobre Inspeção Pré-Embarque?;É o acordo que regula a prática de inspeção pré-embarque de mercadorias por empresas privadas, para garantir que não seja usada como barreira comercial.
O que é o Acordo sobre Regras de Origem?;É o acordo que estabelece regras para a determinação da origem das mercadorias, para a aplicação de tarifas preferenciais ou medidas comerciais.
O que é o Entendimento sobre Solução de Controvérsias (DSU)?;"É o documento que estabelece as regras e procedimentos para a solução de controvérsias na OMC, conhecido como ""sistema de solução de controvérsias""."
O que é o Órgão de Solução de Controvérsias (OSC) da OMC?;É o órgão da OMC (que é o Conselho Geral reunido como OSC) que administra o sistema de solução de controvérsias.
Qual é a principal inovação do sistema da OMC em relação ao GATT?;A criação de um sistema de solução de controvérsias com prazos definidos e a proibição de bloqueio das decisões (consenso negativo).
Como funciona o sistema de solução de controvérsias da OMC?;"O sistema tem três etapas principais: 1) Consultas; 2) Painel (e apelação); e 3) Implementação e retaliação."
Qual é o prazo total para a solução de uma controvérsia na OMC?;Cerca de 15 meses, podendo se estender com a apelação.
"O que são as ""consultas"" no sistema da OMC?";É a primeira fase obrigatória, na qual as partes tentam chegar a um acordo amigável por negociação direta.
O que acontece se as consultas não tiverem sucesso?;A parte reclamante pode solicitar a constituição de um painel de especialistas para julgar o caso.
"O que são os ""painéis"" da OMC?";São grupos de três especialistas independentes que analisam o caso e emitem um relatório (laudo) sobre a conformidade da medida com os Acordos da OMC.
Como são escolhidos os membros de um painel da OMC?;São escolhidos por consenso entre as partes, ou, na falta, designados pelo Diretor-Geral da OMC.
"O que é o ""Órgão de Apelação"" da OMC?";É um órgão permanente de sete membros que revisa as decisões dos painéis, podendo confirmar, modificar ou reverter o laudo.
O Órgão de Apelação da OMC está funcionando atualmente?;Não, está paralisado desde dezembro de 2019, devido ao bloqueio de indicações de novos membros pelos EUA.
Qual é a situação atual do sistema de apelação da OMC?;"Está em crise, com membros buscando soluções alternativas (como o ""Acordo de Apelação Multipartidário"" - MPIA)."
"O que é o ""relatório do painel"" e quando ele é adotado?";É o laudo do painel, que é adotado pelo OSC a menos que haja consenso para rejeitá-lo (consenso negativo).
O relatório do painel é automaticamente adotado?;Sim, a menos que haja apelação ou consenso contrário no OSC.
"O que é o ""consenso negativo"" no OSC?";É a regra pela qual o relatório do painel é adotado a menos que todos os membros do OSC concordem em rejeitá-lo (o que é muito difícil).
"O que é a ""implementação"" da decisão na OMC?";O membro que perdeu deve implementar a recomendação do painel ou do Órgão de Apelação no prazo razoável.
O que acontece se o membro perdedor não implementar a decisão?;A parte vencedora pode solicitar autorização para aplicar medidas compensatórias (retaliação) contra o membro perdedor.
"O que são as ""medidas compensatórias"" (retaliação) na OMC?";São medidas, como a suspensão de concessões tarifárias, aplicadas pela parte vencedora contra o membro perdedor, autorizadas pelo OSC.
A retaliação na OMC pode ser cruzada (cross-retaliation)?;Sim, pode ser aplicada em diferentes setores (bens, serviços ou propriedade intelectual), se não for possível no mesmo setor.
"O que é a ""jurisprudência"" da OMC?";É o conjunto de decisões (laudos) dos painéis e do Órgão de Apelação, que servem como referência para a interpretação dos Acordos da OMC.
A jurisprudência da OMC é vinculante (stare decisis)?;Não formalmente, mas as decisões anteriores são seguidas consistentemente, criando uma prática consolidada.
O Brasil já foi parte em quantas controvérsias na OMC?;O Brasil é um dos membros mais ativos, tendo sido reclamante e reclamado em dezenas de casos.
O Brasil já venceu casos na OMC?;Sim, como o caso do algodão (Brasil x EUA) e o caso do açúcar (Brasil x UE).
O que é o caso do algodão (Brasil x EUA) na OMC?;Foi uma controvérsia em que o Brasil questionou os subsídios dos EUA ao algodão, vencendo em todas as instâncias.
O Brasil já sofreu retaliação autorizada pela OMC?;"Sim, em casos como o das ""Medidas Antidumping sobre Pneus Remoldados"" (UE x Brasil)."
"O que é o ""Acordo de Compras Governamentais"" (GPA)?";É um acordo plurilateral da OMC (não obrigatório para todos) que regula a abertura de compras governamentais à concorrência internacional.
O Brasil é signatário do GPA?;Não, o Brasil não aderiu ao GPA, mas está em processo de negociação para adesão.
"O que são os ""acordos plurilaterais"" na OMC?";São acordos que obrigam apenas os membros que os assinam, e não todos os membros (ex.: GPA).
"O que são os ""acordos multilaterais"" na OMC?";São acordos que obrigam todos os membros da OMC (ex.: GATT, GATS, TRIPS).
"O que é a ""Rodada Doha"" de negociações da OMC?";É a Rodada de negociações lançada em 2001, com o objetivo de promover o desenvolvimento, mas que está em impasse.
Por que a Rodada Doha está em impasse?;Por divergências entre países desenvolvidos e em desenvolvimento sobre subsídios agrícolas, acesso a mercados e outros temas.
"O que é o ""Pacote de Bali"" (2013)?";Foi um conjunto de acordos na Rodada Doha, incluindo o Acordo sobre Facilitação do Comércio (AFC).
O que é o Acordo sobre Facilitação do Comércio (AFC)?;É um acordo da OMC que visa simplificar e agilizar os procedimentos aduaneiros e de comércio.
O Brasil ratificou o Acordo sobre Facilitação do Comércio?;Sim, ratificou em 2016.
"O que é o ""Órgão de Exame de Políticas Comerciais"" (OEPC)?";É o órgão da OMC que realiza revisões periódicas das políticas comerciais dos membros.
Com que frequência o OEPC revisa a política comercial do Brasil?;A cada 4 anos (para países com grande participação no comércio mundial).
"O que é o ""Comitê de Agricultura"" da OMC?";É o comitê que monitora a implementação do Acordo sobre Agricultura.
"O que é o ""Comitê de Medidas Antidumping"" da OMC?";É o comitê que monitora a aplicação de medidas antidumping.
"O que é o ""Centro de Comércio Internacional"" (ITC)?";É uma agência conjunta da OMC e da UNCTAD, que apoia a competitividade das pequenas e médias empresas.
"O que é a ""UNCTAD"" e sua relação com a OMC?";A UNCTAD (Conferência das Nações Unidas sobre Comércio e Desenvolvimento) é um órgão da ONU que também trata de comércio e desenvolvimento, com enfoque mais amplo.
"O Brasil defende o ""tratamento especial e diferenciado"" para países em desenvolvimento?";Sim, é uma posição central da política comercial brasileira na OMC.
"O que é o ""Sistema Geral de Preferências"" (SGP)?";É um sistema pelo qual países desenvolvidos concedem tarifas preferenciais a produtos de países em desenvolvimento.
O Brasil é beneficiário do SGP?;O Brasil já foi beneficiário, mas atualmente não é elegível para todos os SGP, devido ao seu nível de desenvolvimento.
"O que é a ""Cláusula de Salvaguarda"" na OMC?";Permite que um membro imponha restrições temporárias a importações que causem dano grave à sua indústria.
O Brasil já aplicou salvaguardas na OMC?;Sim, em casos específicos, como na indústria de brinquedos.
"O que é o ""Acordo sobre Têxteis e Vestuário"" (ATC)?";Foi um acordo que eliminou o sistema de quotas para têxteis, encerrado em 2005.
O Brasil se beneficiou do ATC?;Sim, o Brasil exporta têxteis e se beneficiou da liberalização.
"O que é o ""Acordo sobre Tecnologia da Informação"" (ITA)?";É um acordo plurilateral da OMC que elimina tarifas sobre produtos de tecnologia da informação.
O Brasil é signatário do ITA?;Sim, o Brasil aderiu ao ITA.
"O que é o ""Acordo de Serviços Financeiros"" da OMC?";É um anexo do GATS que regula o comércio de serviços financeiros.
O Brasil adotou compromissos no âmbito do GATS?;Sim, com listas de compromissos específicos em serviços, incluindo financeiros, telecomunicações e profissionais.
"O que é o ""Acordo sobre Telecomunicações"" da OMC?";É um anexo do GATS que regula o comércio de serviços de telecomunicações.
"O Brasil é membro do ""Acordo sobre Telecomunicações""?";Sim, tem compromissos nesse setor.
"O que é o ""Mecanismo de Exame de Políticas Comerciais"" da OMC?";É o processo de revisão das políticas comerciais de cada membro, para garantir transparência.
"O Brasil já foi alvo de ""medidas compensatórias"" na OMC?";Sim, em casos como o do aço e do suco de laranja.
"O Brasil já aplicou ""medidas antidumping""?";Sim, o Brasil é um dos países que mais aplica medidas antidumping no mundo.
"O que é a ""determinação de dano"" no comércio internacional?";É a constatação de que as importações a preços subsidiados ou de dumping causam dano material à indústria doméstica.
"O que é o ""dumping""?";É a prática de exportar um produto a um preço inferior ao valor normal (preço praticado no mercado interno).
"O que é o ""subsídio"" no comércio internacional?";É um benefício financeiro concedido por um governo a uma empresa, que pode distorcer o comércio.
"O que são ""subsídios proibidos"" na OMC?";São subsídios vinculados a requisitos de exportação ou de conteúdo local, proibidos pelo Acordo SCM.
"O que são ""subsídios acionáveis"" na OMC?";São subsídios que podem ser contestados se causarem dano a outro membro.
"O que são ""subsídios não acionáveis"" na OMC?";Eram subsídios para pesquisa e desenvolvimento, mas essa categoria foi extinta.
O Brasil defende a reforma das regras de subsídios agrícolas na OMC?;Sim, o Brasil defende a redução dos subsídios agrícolas dos países desenvolvidos.
"O que é o ""Acordo de Marraqueche"" (1994)?";É o acordo que criou a OMC e inclui todos os acordos multilaterais e plurilaterais.
A OMC tem personalidade jurídica internacional?;Sim, tem personalidade jurídica e privilégios e imunidades.
O Diretor-Geral da OMC é quem atualmente?;Em 2024, a Diretora-Geral é Ngozi Okonjo-Iweala (Nigéria).
O Brasil apoiou a candidatura de Ngozi Okonjo-Iweala?;Sim, o Brasil apoiou a primeira mulher e primeira africana a liderar a OMC.
A OMC realiza Cúpulas Ministeriais?;Sim, a Conferência Ministerial é a principal reunião da OMC.
"O que foi a ""Conferência Ministerial de Seattle"" (1999)?";Foi uma conferência fracassada, marcada por protestos e falta de acordo sobre a nova rodada.
"O que foi a ""Conferência Ministerial de Cancún"" (2003)?";Foi uma conferência que também fracassou devido a divergências sobre agricultura.
"O que é o ""Acordo de Facilitação do Comércio"" (AFC) e qual sua importância?";Reduz a burocracia nas fronteiras, diminuindo custos e tempo para o comércio.
O Brasil implementou o AFC?;Sim, com a criação do Portal Único de Comércio Exterior.
"O que é o ""Órgão de Solução de Controvérsias"" (OSC) da OMC e sua relação com o Conselho Geral?";O OSC é o Conselho Geral da OMC reunido com uma competência específica: a solução de controvérsias.
"A OMC tem um sistema de ""arbitragem"" alternativo ao OSC?";Sim, o DSU prevê a arbitragem como meio alternativo de solução de controvérsias.
O Brasil já usou a arbitragem na OMC?;Sim, em alguns casos, como no litígio com a UE sobre pneus remoldados.
"O que é a ""integração regional"" na OMC?";A OMC permite acordos regionais (ex.: MERCOSUL) como exceção à cláusula NMF, desde que cumpram os requisitos do art. XXIV do GATT.
O MERCOSUL notifica seus acordos à OMC?;Sim, para garantir a conformidade com as regras da OMC.
"O que é a ""Declaração de Doha"" (2001)?";É a declaração que lançou a Rodada Doha, com foco no desenvolvimento.
O Brasil participa ativamente das negociações da Rodada Doha?;Sim, como membro do G20 (grupo de países em desenvolvimento) e do G33.
;
;
O que é o Direito Internacional do Meio Ambiente (DIMA)?;É o ramo do Direito Internacional que estabelece normas e princípios para a proteção do meio ambiente global, incluindo a prevenção da poluição, a conservação da biodiversidade e a gestão sustentável dos recursos naturais.
Quais são os princípios fundamentais do DIMA?;O princípio da prevenção, da precaução, do poluidor-pagador, da cooperação internacional, da informação e participação pública, e da responsabilidade comum, mas diferenciada.
O que é o princípio da prevenção no DIMA?;É a obrigação de prevenir danos ambientais significativos, adotando medidas para evitar a ocorrência de danos.
O que é o princípio da precaução?;É a obrigação de agir preventivamente, mesmo na ausência de certeza científica plena, quando houver ameaça de danos graves ou irreversíveis ao meio ambiente.
O que é o princípio do poluidor-pagador?;É o princípio que atribui ao poluidor o custo das medidas de prevenção, controle e reparação dos danos ambientais.
O que é o princípio da responsabilidade comum, mas diferenciada?;Reconhece que todos os Estados têm responsabilidade pela proteção ambiental, mas que os países desenvolvidos têm maior responsabilidade histórica e capacidade financeira e tecnológica.
O que é o princípio da cooperação internacional no DIMA?;É a obrigação dos Estados de cooperar entre si e com organizações internacionais para a proteção do meio ambiente.
O que é o princípio da informação e participação pública?;É o direito do público de ter acesso à informação ambiental e de participar dos processos decisórios que afetam o meio ambiente.
Qual é o principal tratado da ONU sobre mudança climática?;A Convenção-Quadro das Nações Unidas sobre Mudança do Clima (UNFCCC), adotada em 1992 (Rio-92).
O que é o Protocolo de Quioto (1997)?;É um tratado internacional que estabeleceu metas de redução de emissões de gases de efeito estufa para países desenvolvidos, para o período de 2008-2012.
O que é o Acordo de Paris (2015)?;É o acordo global sobre mudanças climáticas, adotado sob a UNFCCC, que estabelece o objetivo de limitar o aquecimento global a bem abaixo de 2°C, com esforços para 1,5°C.
O Brasil ratificou o Acordo de Paris?;Sim, o Brasil ratificou o Acordo de Paris em 2016.
"O que são as ""Contribuições Nacionalmente Determinadas"" (NDCs)?";São as metas de redução de emissões que cada país apresenta voluntariamente no âmbito do Acordo de Paris.
O que é o Protocolo de Montreal (1987)?;É o tratado internacional para a proteção da camada de ozônio, que estabelece a eliminação gradual de substâncias que destroem o ozônio (CFCs).
O Brasil é signatário do Protocolo de Montreal?;Sim, e cumpriu as metas de eliminação de CFCs.
O que é a Convenção sobre Diversidade Biológica (CDB - 1992)?;É o tratado da ONU que estabelece a conservação da biodiversidade, o uso sustentável de seus componentes e a repartição justa e equitativa dos benefícios.
O que é o Protocolo de Cartagena sobre Biossegurança (2000)?;É um protocolo à CDB que regula o movimento transfronteiriço de organismos vivos modificados (OGMs), com base no princípio da precaução.
O que é o Protocolo de Nagoya (2010)?;É um protocolo à CDB que regula o acesso a recursos genéticos e a repartição justa e equitativa dos benefícios derivados de sua utilização.
O Brasil ratificou o Protocolo de Nagoya?;Sim, o Brasil ratificou em 2020.
O que é a Convenção-Quadro das Nações Unidas sobre Mudança do Clima (UNFCCC)?;É o tratado que estabelece a estrutura para a cooperação internacional para combater a mudança climática, adotado em 1992.
O que é o Painel Intergovernamental sobre Mudanças Climáticas (IPCC)?;É o órgão científico da ONU que avalia a ciência da mudança climática, fornecendo relatórios para a UNFCCC.
O Brasil participa do IPCC?;Sim, com cientistas brasileiros.
O que é a Convenção de Estocolmo sobre Poluentes Orgânicos Persistentes (POPs - 2001)?;É o tratado que visa eliminar ou restringir a produção e uso de poluentes orgânicos persistentes (ex.: DDT, PCBs).
O Brasil ratificou a Convenção de Estocolmo?;Sim.
O que é a Convenção de Basileia sobre Controle de Movimentos Transfronteiriços de Resíduos Perigosos (1989)?;É o tratado que regula o movimento transfronteiriço de resíduos perigosos, proibindo sua exportação para países sem capacidade de manejo.
O Brasil é signatário da Convenção de Basileia?;Sim.
O que é a Convenção de Roterdã (1998)?;É o tratado que estabelece o procedimento de consentimento prévio informado (PIC) para a importação de produtos químicos e agrotóxicos perigosos.
O Brasil ratificou a Convenção de Roterdã?;Sim.
"O que é o princípio da ""responsabilidade ambiental internacional""?";É a obrigação de um Estado de reparar os danos ambientais causados a outro Estado ou à comunidade internacional, com base no DIMA.
O que é o Direito Internacional do Mar (DIM)?;É o ramo do Direito Internacional que regula o uso dos mares e oceanos, a delimitação de espaços marítimos, a navegação, a exploração de recursos e a proteção do ambiente marinho.
Qual é a principal convenção do Direito Internacional do Mar?;A Convenção das Nações Unidas sobre o Direito do Mar (CNUDM), adotada em 1982, em Montego Bay, Jamaica.
A CNUDM entrou em vigor em que data?;Em 16 de novembro de 1994.
O Brasil ratificou a CNUDM?;Sim, ratificou em 1988.
Quais são os espaços marítimos previstos na CNUDM?;Águas interiores, mar territorial, zona contígua, zona econômica exclusiva (ZEE), plataforma continental e alto-mar (áreas além da jurisdição nacional).
Qual é a largura do mar territorial, segundo a CNUDM?;Até 12 milhas marítimas a partir da linha de base.
O Brasil adota o limite de 12 milhas?;Sim, conforme a Lei nº 8.617/1993.
O que são as águas interiores?;São as águas situadas dentro da linha de base (ex.: baías, portos, rios), sob soberania plena do Estado costeiro.
O que é a zona contígua?;É uma zona adjacente ao mar territorial, que se estende até 24 milhas, onde o Estado pode exercer controle para prevenir infrações aduaneiras, fiscais, de imigração ou sanitárias.
O que é a Zona Econômica Exclusiva (ZEE)?;É uma zona que se estende até 200 milhas da linha de base, onde o Estado costeiro tem direitos exclusivos de exploração dos recursos naturais (vivos e não vivos), mas não soberania plena.
O Brasil possui uma ZEE de 200 milhas?;Sim, de acordo com a Lei nº 8.617/1993.
O que é a plataforma continental?;É o leito e o subsolo das áreas submarinas que se estendem além do mar territorial, até o bordo da margem continental, ou até 200 milhas.
O Brasil pode estender sua plataforma continental além das 200 milhas?;Sim, a CNUDM permite a extensão até 350 milhas, mediante comprovação científica. O Brasil obteve aprovação da ONU para sua extensão.
O que é o alto-mar?;São todas as partes do mar que não estão incluídas na ZEE, no mar territorial ou nas águas interiores de um Estado. É aberto a todos os Estados.
Quais são os princípios do alto-mar?;Liberdade de navegação, sobrevoo, pesca, pesquisa científica e instalação de cabos e dutos.
"O que é a ""Área"" (ou ""Patrimônio Comum da Humanidade"")?";É o leito do mar e seu subsolo além da plataforma continental (Área Internacional dos Fundos Marinhos). Seus recursos são patrimônio comum da humanidade.
Qual é a autoridade que regula a exploração da Área?;A Autoridade Internacional dos Fundos Marinhos (AIFM), com sede em Kingston, Jamaica.
O Brasil é membro da AIFM?;Sim.
O que é o Tribunal Internacional do Direito do Mar (TIDM)?;É um tribunal internacional sediado em Hamburgo, Alemanha, criado pela CNUDM para julgar disputas sobre a interpretação e aplicação da Convenção.
Quando o TIDM entrou em funcionamento?;Em 1996.
O Brasil reconhece a competência do TIDM?;Sim, como parte da CNUDM, o Brasil reconhece sua jurisdição.
O TIDM é composto por quantos juízes?;21 juízes independentes, eleitos pelos Estados-partes da CNUDM.
O TIDM pode julgar disputas entre Estados, entre Estados e empresas, e entre Estados e a AIFM?;Sim, tem competência para todos esses tipos de disputas.
O TIDM tem uma Câmara de Controvérsias dos Fundos Marinhos?;Sim, uma câmara especializada para disputas relacionadas à exploração da Área.
"O TIDM pode emitir ""medidas provisórias"" (cautelares)?";Sim, para preservar os direitos das partes e evitar danos ao ambiente marinho.
O TIDM pode julgar disputas sobre a delimitação de fronteiras marítimas?;Sim, se as partes concordarem, mas muitos Estados preferem a arbitragem para esses casos.
O TIDM tem competência para julgar disputas sobre a liberdade de navegação?;Sim, como no caso dos navios de guerra e da aplicação da CNUDM.
O TIDM já julgou casos envolvendo o Brasil?;Não, o Brasil não foi parte em nenhum caso contencioso no TIDM até o momento.
"O que é a ""arbitragem"" no DIM?";É um meio alternativo de solução de controvérsias previsto na CNUDM, que pode ser escolhido pelos Estados em vez do TIDM.
"O que é a ""Comissão de Limites da Plataforma Continental"" (CLPC)?";É uma comissão técnica da ONU que analisa as reivindicações dos Estados para a extensão da plataforma continental além das 200 milhas.
O Brasil apresentou sua reivindicação à CLPC?;Sim, e a CLPC aprovou a extensão da plataforma brasileira em 2007.
"O que é a ""poluição marinha"" no DIM?";É a introdução de substâncias ou energia no meio marinho que cause danos à vida marinha, à saúde humana ou às atividades marítimas.
Quais são as principais fontes de poluição marinha reguladas pela CNUDM?;Fontes terrestres, navios, atividades em alto-mar e depósito de resíduos.
"O que é a ""Convenção MARPOL""?";É a Convenção Internacional para a Prevenção da Poluição por Navios, que estabelece regras para evitar a poluição operacional e acidental dos navios.
O Brasil é signatário da MARPOL?;Sim.
"O que é a ""Zona Especialmente Sensível"" (ZESS)?";É uma área marítima que, por sua importância ecológica, científica ou cultural, recebe proteção especial contra a poluição por navios.
"O que é a ""Área Marinha Protegida"" (AMP) em alto-mar?";São áreas designadas em alto-mar para a conservação da biodiversidade, com base na CNUDM e em outros acordos.
O que é o Tratado de Proibição de Testes Nucleares (CTBT) e sua relação com o DIM?;O CTBT proíbe testes nucleares, incluindo os realizados no mar, contribuindo para a proteção do ambiente marinho.
"O que é o ""Tratado da Antártida"" (1959) e sua relação com o DIM?";É o tratado que desmilitariza a Antártida e a declara como reserva natural, dedicada à paz e à ciência, protegendo o ambiente antártico.
O Brasil é parte do Tratado da Antártida?;Sim, o Brasil aderiu em 1975.
"O que é a ""Convenção de Londres"" sobre depósito de resíduos no mar (1972)?";É a convenção que regula o depósito de resíduos no mar, proibindo o depósito de materiais perigosos.
O Brasil ratificou a Convenção de Londres?;Sim.
"O que é a ""pesca internacional"" e sua regulação?";A pesca em alto-mar é regulada pela CNUDM e por organizações regionais de pesca (RFMOs), que estabelecem quotas e limites.
"O que é a ""Comissão Internacional para a Conservação dos Atuns do Atlântico"" (ICCAT)?";É uma RFMO que regula a pesca de atum no Atlântico, da qual o Brasil é membro.
"O que é a ""Comissão para a Conservação dos Recursos Vivos Marinhos Antárticos"" (CCRVMA)?";É a organização que regula a pesca na Antártida, da qual o Brasil é membro.
"O que é o ""princípio da conservação"" no DIM?";É a obrigação de conservar os recursos vivos marinhos e evitar sua sobreexploração.
"O que é a ""poluição por plásticos"" no DIM?";É uma preocupação crescente, com a ONU e a OMI discutindo a regulamentação do uso de plásticos no mar.
O Brasil tem políticas para combater a poluição marinha por plásticos?;Sim, o Brasil aderiu à Campanha Mares Limpos da ONU.
"O que é o ""Acordo de Pesca no Alto Mar"" (1995)?";É um acordo da ONU que implementa as disposições da CNUDM sobre a conservação e gestão de stocks de peixes altamente migratórios.
O Brasil ratificou o Acordo de Pesca no Alto Mar?;Sim.
"O que é a ""navegação"" no DIM?";É o direito de passagem dos navios pelos espaços marítimos, com regras específicas para passagem inocente, trânsito e arquipelágico.
"O que é a ""passagem inocente"" no mar territorial?";É o direito de navios de todos os Estados de atravessar o mar territorial, desde que seja contínuo, rápido e não prejudicial à paz e segurança do Estado costeiro.
"O que é a ""passagem em trânsito"" em estreitos internacionais?";É o direito de passagem contínua e rápida em estreitos usados para navegação internacional, com liberdade de navegação e sobrevoo.
"O que é a ""passagem arquipelágica""?";É o direito de passagem por rotas marítimas e aéreas designadas no arquipélago, com base no princípio da passagem inocente.
O Brasil possui arquipélagos (ex.: Fernando de Noronha)?;Sim, e exerce soberania sobre eles, com regras de passagem arquipelágica.
"O que é a ""zona de proteção ambiental"" no DIM?";São áreas designadas para proteger ecossistemas marinhos frágeis, com restrições à navegação e atividades.
O Brasil tem zonas de proteção ambiental marinha?;Sim, como a APA Marinha de Fernando de Noronha e a Área de Proteção Ambiental dos Abrolhos.
"O que é a ""responsabilidade por danos ao ambiente marinho""?";O Estado é responsável por danos causados por navios ou atividades sob sua jurisdição, com base no princípio do poluidor-pagador.
O Brasil tem legislação para responsabilidade por danos marinhos?;Sim, a Lei da Política Nacional do Meio Ambiente (6.938/81) e a Lei de Segurança do Tráfego Aquaviário.
"O que é a ""Convenção sobre Responsabilidade Civil por Danos por Poluição por Óleo"" (1969)?";É a convenção que estabelece a responsabilidade civil dos proprietários de navios por danos causados por derramamento de óleo.
O Brasil é signatário dessa Convenção?;Sim.
"O que é o ""Fundo Internacional para Compensação por Danos por Poluição por Óleo"" (Fundo IOPC)?";É um fundo que complementa a indenização para vítimas de derramamento de óleo, quando o proprietário do navio não cobre todos os danos.
O Brasil é membro do Fundo IOPC?;Sim.
"O que é o ""direito de perseguição"" no DIM?";"É o direito de um Estado costeiro perseguir um navio estrangeiro que tenha violado suas leis no mar territorial ou na ZEE, em ""perseguição iniciada"" e continuada em alto-mar."
"O que é a ""apreensão de navios"" no DIM?";É a captura de um navio por violação das leis marítimas de um Estado, sujeita a regras estritas da CNUDM.
"O que é a ""jurisdição do Estado de bandeira""?";É a jurisdição primária do Estado sobre um navio que arvora sua bandeira, incluindo a responsabilidade por sua conduta.
"O que é o ""Estado portuário"" e sua jurisdição?";É o Estado onde o navio atraca, que pode exercer jurisdição sobre certas violações, como a poluição, quando o navio está em seu porto.
"O que é a ""nacionalidade do navio""?";É a relação de ligação entre o navio e o Estado cuja bandeira ele arvora, que deve ser substancial e efetiva.
O Brasil tem uma marinha mercante com bandeira brasileira?;Sim, e regula o registro de navios pela Marinha do Brasil.
"O que é a ""pesca ilegal, não reportada e não regulamentada"" (INN)?";É a pesca que viola as regras de conservação, sendo combatida pela FAO e pelas RFMOs.
O Brasil combate a pesca INN?;Sim, com fiscalização da Marinha e do IBAMA.
"O que é o ""Acordo sobre Medidas do Estado Portuário"" (PSMA - 2009)?";É um acordo da FAO que permite aos Estados portuários inspecionar navios estrangeiros para prevenir a pesca INN.
O Brasil ratificou o PSMA?;Sim.
"O que é a ""mediação"" no DIM?";É um meio de solução pacífica de controvérsias, previsto na CNUDM, sem força vinculante.
O TIDM já emitiu opiniões consultivas?;Sim, como sobre a responsabilidade dos Estados por atividades na Área.
"O que é a ""Zona de Paz e Cooperação do Atlântico Sul"" (ZPCAS)?";É uma iniciativa brasileira, aprovada pela ONU, para promover a cooperação e a desnuclearização no Atlântico Sul.
O Brasil lidera a ZPCAS?;Sim, o Brasil é um dos principais proponentes.
;
;
O que é o Direito Internacional do Trabalho?;É o ramo do Direito Internacional que estabelece normas e princípios para a proteção dos trabalhadores, regulando as condições de trabalho, a saúde e segurança ocupacional, e os direitos sindicais, em nível global.
Quando e por que foi criada a Organização Internacional do Trabalho (OIT)?;Foi criada em 1919, pelo Tratado de Versalhes, como parte da Liga das Nações, com o objetivo de promover a justiça social e melhorar as condições de trabalho no mundo.
Qual é a principal característica da OIT que a diferencia de outras organizações internacionais?;A OIT é uma organização tripartite, composta por representantes de governos, empregadores e trabalhadores de cada Estado-membro.
Qual é a sede da OIT?;Genebra, Suíça.
A OIT é uma agência da ONU?;Sim, desde 1946, a OIT tornou-se uma agência especializada da Organização das Nações Unidas.
Quais são os órgãos principais da OIT?;A Conferência Internacional do Trabalho (órgão supremo), o Conselho de Administração (órgão executivo) e o Serviço Internacional do Trabalho (secretariado permanente).
O que é a Conferência Internacional do Trabalho (CIT)?;É o órgão deliberativo máximo da OIT, que se reúne anualmente em Genebra, composta por delegações tripartites de todos os Estados-membros.
O que é o Conselho de Administração da OIT?;É o órgão executivo da OIT, composto por 56 membros (28 governos, 14 empregadores e 14 trabalhadores), que orienta as atividades da organização.
O que é o Serviço Internacional do Trabalho (Secretariado)?;É o corpo permanente de funcionários internacionais, liderado pelo Diretor-Geral, que executa as decisões da OIT e presta assistência técnica.
O Brasil é membro fundador da OIT?;Sim, o Brasil é membro fundador, desde 1919.
Quais são as fontes do Direito Internacional do Trabalho?;As Convenções da OIT, as Recomendações da OIT, os costumes internacionais, os princípios gerais do direito e os acordos coletivos internacionais.
O que são as Convenções da OIT?;São tratados internacionais adotados pela Conferência Internacional do Trabalho, que, uma vez ratificados pelos Estados-membros, tornam-se juridicamente vinculantes.
O que são as Recomendações da OIT?;São instrumentos não vinculantes que complementam as Convenções, oferecendo orientações mais detalhadas ou abordando temas não cobertos por elas.
Qual é a diferença entre uma Convenção e uma Recomendação da OIT?;"A Convenção é um tratado vinculante (após ratificação); a Recomendação não é vinculante, servindo como guia político e técnico."
Como uma Convenção da OIT é adotada?;É adotada pela Conferência Internacional do Trabalho por maioria de dois terços dos votos presentes.
Como uma Convenção da OIT entra em vigor para um Estado?;Após a ratificação formal pelo Estado-membro, que se compromete a aplicar suas disposições em seu ordenamento interno.
"O que é o ""princípio do tripartismo"" na OIT?";É o princípio de que as decisões da OIT são tomadas com a participação igualitária de governos, empregadores e trabalhadores.
"Quais são os ""princípios e direitos fundamentais no trabalho"" da OIT?";"São quatro princípios: liberdade sindical e reconhecimento efetivo do direito de negociação coletiva; eliminação de todas as formas de trabalho forçado; abolição efetiva do trabalho infantil; e eliminação da discriminação em matéria de emprego e ocupação."
Em que Declaração a OIT reafirmou esses princípios fundamentais?;Na Declaração da OIT sobre os Princípios e Direitos Fundamentais no Trabalho (1998).
A Declaração de 1998 é juridicamente vinculante para todos os membros?;Sim, a Declaração estabelece que todos os membros, mesmo os que não ratificaram as Convenções fundamentais, têm a obrigação de respeitar, promover e tornar realidade esses princípios.
Quais são as oito Convenções fundamentais da OIT?;As Convenções nº 29 (trabalho forçado), 87 (liberdade sindical), 98 (negociação coletiva), 100 (igualdade de remuneração), 105 (abolição do trabalho forçado), 111 (discriminação), 138 (idade mínima) e 182 (piores formas de trabalho infantil).
O que é a Convenção nº 29 da OIT (1930)?;É a Convenção sobre o Trabalho Forçado ou Obrigatório, que proíbe o trabalho forçado ou obrigatório em todas as suas formas.
O que é a Convenção nº 105 da OIT (1957)?;É a Convenção sobre a Abolição do Trabalho Forçado, que proíbe o uso do trabalho forçado como punição por opiniões políticas ou como meio de disciplina do trabalho.
O que é a Convenção nº 87 da OIT (1948)?;É a Convenção sobre a Liberdade Sindical e a Proteção do Direito de Sindicalização, que garante o direito de trabalhadores e empregadores de constituir organizações sem interferência estatal.
O que é a Convenção nº 98 da OIT (1949)?;É a Convenção sobre o Direito de Sindicalização e de Negociação Coletiva, que protege os trabalhadores contra atos de discriminação sindical e promove a negociação coletiva.
O que é a Convenção nº 100 da OIT (1951)?;É a Convenção sobre Igualdade de Remuneração, que estabelece o princípio da igualdade de remuneração entre homens e mulheres por trabalho de igual valor.
O que é a Convenção nº 111 da OIT (1958)?;É a Convenção sobre a Discriminação em Matéria de Emprego e Ocupação, que proíbe a discriminação com base em raça, sexo, religião, opinião política, origem nacional ou social.
O que é a Convenção nº 138 da OIT (1973)?;É a Convenção sobre a Idade Mínima de Admissão ao Emprego, que estabelece a idade mínima para o trabalho (geralmente 15 anos, com exceções para países em desenvolvimento).
O que é a Convenção nº 182 da OIT (1999)?;É a Convenção sobre as Piores Formas de Trabalho Infantil, que proíbe a escravidão, o tráfico de crianças, o trabalho perigoso e a exploração sexual de crianças.
O Brasil ratificou todas as oito Convenções fundamentais da OIT?;Sim, o Brasil ratificou todas as oito Convenções fundamentais.
O que são as Convenções prioritárias (ou de governança) da OIT?;São quatro Convenções consideradas importantes para o funcionamento do sistema: nº 81 (inspeção do trabalho), 129 (inspeção agrícola), 122 (política de emprego) e 144 (consulta tripartite).
O que é a Convenção nº 81 da OIT (1947)?;É a Convenção sobre a Inspeção do Trabalho, que estabelece a obrigação de manter um sistema de inspeção do trabalho para garantir a aplicação das leis trabalhistas.
O que é a Convenção nº 122 da OIT (1964)?;É a Convenção sobre a Política de Emprego, que exige que os Estados formulem e apliquem políticas para promover o pleno emprego.
O que é a Convenção nº 144 da OIT (1976)?;É a Convenção sobre a Consulta Tripartite, que promove a consulta entre governos, empregadores e trabalhadores sobre as normas internacionais do trabalho.
O que é o sistema de supervisão normativa da OIT?;É o conjunto de mecanismos da OIT para monitorar a aplicação das Convenções ratificadas, composto por relatórios periódicos, comitês de especialistas e comissões de reclamações.
Quais são os principais órgãos de supervisão da OIT?;O Comitê de Especialistas em Aplicação de Convenções e Recomendações (CEACR) e a Comissão de Aplicação de Normas da Conferência Internacional do Trabalho.
O que é o Comitê de Especialistas em Aplicação de Convenções e Recomendações (CEACR)?;É um comitê independente de peritos jurídicos que examina os relatórios dos Estados sobre as Convenções ratificadas e identifica eventuais deficiências.
O que é a Comissão de Aplicação de Normas da Conferência?;É uma comissão tripartite da Conferência Internacional do Trabalho que debate os relatórios do CEACR e pode fazer recomendações aos Estados.
O que são os relatórios periódicos que os Estados devem apresentar à OIT?;São relatórios detalhados sobre as medidas adotadas para aplicar as Convenções ratificadas, que devem ser enviados periodicamente ao CEACR.
Com que frequência os Estados devem apresentar relatórios sobre as Convenções fundamentais?;A cada dois anos (para a maioria das Convenções) ou a cada três anos (para outras), conforme o ciclo de relatórios da OIT.
"O que é a ""reclamação"" (complaint) no sistema da OIT?";É um procedimento pelo qual um Estado-membro ou uma organização de empregadores ou trabalhadores pode apresentar uma queixa formal contra um Estado por violação de uma Convenção ratificada.
"O que é a ""representação"" (representation) no sistema da OIT?";É um procedimento pelo qual uma organização de trabalhadores ou empregadores pode apresentar uma queixa contra um Estado, com base no art. 24 da Constituição da OIT.
Qual é a diferença entre reclamação e representação?;"A reclamação (art. 26) pode ser apresentada por Estados ou organizações e pode levar à criação de uma Comissão de Inquérito; a representação (art. 24) é apresentada por organizações e é examinada por um comitê tripartite."
O que é uma Comissão de Inquérito da OIT?;É uma comissão especial criada para investigar uma reclamação grave de violação de uma Convenção, com poderes para ouvir testemunhas e fazer recomendações.
As recomendações de uma Comissão de Inquérito são vinculantes?;As recomendações são vinculantes se o Estado-membro as aceitar ou se o Conselho de Administração as aprovar.
"O que é o ""artigo 26"" da Constituição da OIT?";É o dispositivo que permite a criação de uma Comissão de Inquérito para investigar violações de Convenções ratificadas.
"O que é o ""artigo 24"" da Constituição da OIT?";É o dispositivo que permite que organizações de trabalhadores ou empregadores apresentem representações sobre violações de Convenções.
O Brasil já foi alvo de representação ou reclamação na OIT?;Sim, o Brasil já foi alvo de representações (art. 24), especialmente relacionadas a questões de trabalho escravo, trabalho infantil e liberdade sindical.
"O que é a ""Comissão de Inquérito"" sobre o Brasil?";O Brasil nunca foi alvo de uma Comissão de Inquérito (art. 26), mas esteve sob escrutínio do CEACR em diversos temas.
"O que é a ""liberdade sindical"" no sistema da OIT?";É o direito dos trabalhadores e empregadores de constituir organizações sindicais sem interferência estatal, e de filiar-se a elas, garantido pelas Convenções nº 87 e 98.
"O que é a ""negociação coletiva"" no sistema da OIT?";É o direito dos trabalhadores, por meio de seus sindicatos, de negociar com os empregadores as condições de trabalho, protegido pela Convenção nº 98.
"O que é o ""trabalho forçado"" na definição da OIT?";É todo trabalho ou serviço exigido de uma pessoa sob ameaça de qualquer penalidade e para o qual ela não se ofereceu voluntariamente (Convenção nº 29).
"O que são as ""piores formas de trabalho infantil"" na definição da OIT?";São formas de trabalho que escravizam, exploram ou colocam em risco a vida, a saúde e a moral da criança, previstas na Convenção nº 182.
"O que é a ""discriminação em matéria de emprego"" na definição da OIT?";É qualquer distinção, exclusão ou preferência com base em raça, cor, sexo, religião, opinião política, origem nacional ou social, que tenha o efeito de anular a igualdade de oportunidades (Convenção nº 111).
"O que são as ""normas internacionais do trabalho""?";São as Convenções e Recomendações da OIT que estabelecem padrões mínimos para as condições de trabalho e direitos dos trabalhadores em todo o mundo.
Qual é a importância das normas da OIT para o direito interno dos Estados?;As normas da OIT servem como referência para a legislação trabalhista nacional e para a jurisprudência dos tribunais.
O Brasil incorporou as normas da OIT em sua legislação?;Sim, o Brasil tem leis que refletem as normas da OIT, como a CLT (Consolidação das Leis do Trabalho) e a legislação sobre trabalho infantil e trabalho escravo.
As Convenções da OIT têm status hierárquico no direito brasileiro?;No Brasil, as Convenções da OIT, como tratados internacionais, têm status de lei ordinária, salvo se aprovadas pelo rito do art. 5º, §3º, da CF (mas não há norma de direitos humanos da OIT aprovada por esse rito).
O Brasil já denunciou alguma Convenção da OIT?;Sim, o Brasil já denunciou algumas Convenções, como a Convenção nº 104 (sobre reparação de acidentes de trabalho), mas a maioria permanece em vigor.
"O que é a ""Lista de Observações"" do CEACR?";São comentários do CEACR sobre a aplicação de uma Convenção por um Estado, publicados anualmente, apontando deficiências ou progressos.
"O que é a ""Lista de Pedidos Diretos"" do CEACR?";São questões técnicas ou solicitações de informações adicionais feitas pelo CEACR a um Estado, que não são publicadas na íntegra, mas servem como mecanismo de diálogo.
"O que é a ""Conferência Internacional do Trabalho"" e sua função normativa?";É a assembleia anual da OIT que adota novas Convenções e Recomendações, e também discute a aplicação das normas existentes.
"O que é a ""Comissão de Especialistas"" da OIT?";É a mesma que o CEACR, composta por juristas independentes que examinam os relatórios dos Estados.
"O que é a ""Comissão de Aplicação de Normas"" da Conferência?";É uma comissão tripartite que discute os casos mais graves de não cumprimento, com base nos relatórios do CEACR.
"O que é a ""Assistência Técnica"" da OIT?";A OIT oferece assistência técnica aos Estados para ajudar na implementação das normas, por meio de cooperação técnica e projetos.
O Brasil recebe assistência técnica da OIT?;Sim, em áreas como combate ao trabalho escravo, trabalho infantil e fortalecimento da inspeção do trabalho.
"O que é a ""Declaração da OIT sobre Justiça Social para uma Globalização Equitativa"" (2008)?";É uma declaração que reafirma o mandato da OIT e o papel das normas do trabalho na promoção de um desenvolvimento econômico e social equilibrado.
"O que é o ""trabalho decente"" na agenda da OIT?";É o conceito que engloba oportunidades de trabalho produtivo, com renda justa, segurança no trabalho, proteção social, liberdade sindical e diálogo social.
O Brasil adotou a agenda do trabalho decente?;Sim, o Brasil tem políticas de trabalho decente, incluindo a erradicação do trabalho escravo e a promoção do emprego formal.
"O que é a ""Convenção sobre Trabalho Marítimo"" (MLC, 2006)?";"É a Convenção da OIT que consolida as normas sobre condições de trabalho dos marítimos, conhecida como a ""Carta dos Direitos dos Marítimos""."
O Brasil ratificou a MLC (2006)?;Sim, o Brasil ratificou a Convenção sobre Trabalho Marítimo.
"O que é a ""Convenção sobre Trabalho no Setor da Pesca"" (nº 188, 2007)?";É a Convenção que estabelece padrões para o trabalho no setor da pesca, incluindo segurança, saúde e condições de vida a bordo.
O Brasil ratificou a Convenção nº 188?;Sim.
"O que é a ""Comissão de Inquérito"" e como ela se diferencia da ""Comissão de Peritos""?";"A Comissão de Inquérito investiga violações graves (art. 26) e pode ouvir testemunhas; a Comissão de Peritos (CEACR) examina relatórios periódicos e emite observações."
"O que é o ""controle social"" no sistema da OIT?";É a participação de empregadores e trabalhadores na supervisão da aplicação das normas, por meio de representações e reclamações.
"O que é a ""liberdade de associação"" no contexto da OIT?";É o direito de trabalhadores e empregadores de se associarem livremente, sem interferência do Estado, protegido pela Convenção nº 87.
"O que é a ""greve"" no contexto da OIT?";Embora a OIT não tenha uma Convenção específica sobre greve, a liberdade sindical (Convenção nº 87) protege o direito de greve como instrumento legítimo de ação sindical.
"O que é a ""negociação coletiva"" no contexto da OIT?";É o direito de sindicatos e empregadores negociarem condições de trabalho, protegido pela Convenção nº 98.
"O que é a ""proteção contra atos antissindicais""?";São garantias contra a discriminação ou demissão por atividade sindical, previstas na Convenção nº 98.
"O que é a ""igualdade de remuneração"" no contexto da OIT?";É o princípio da igualdade de remuneração para trabalho de igual valor, protegido pela Convenção nº 100.
"O que é a ""não discriminação"" no contexto da OIT?";É a proibição de discriminação em matéria de emprego e ocupação, com base em raça, sexo, religião, etc., protegida pela Convenção nº 111.
"O que é a ""idade mínima para o trabalho"" no contexto da OIT?";É a idade mínima para admissão ao emprego, fixada em 15 anos (em geral) e 18 anos para trabalho perigoso, pela Convenção nº 138.
"O que é a ""erradicação do trabalho infantil"" no contexto da OIT?";É a eliminação de todas as formas de trabalho infantil, especialmente as piores formas (Convenção nº 182).
"O que é a ""eliminação do trabalho forçado"" no contexto da OIT?";É a abolição de todas as formas de trabalho forçado ou obrigatório (Convenções nº 29 e 105).
"O que é a ""inspeção do trabalho"" no contexto da OIT?";É o sistema de inspeção do trabalho para garantir a aplicação da legislação trabalhista, regulado pela Convenção nº 81.
"O que é a ""política de emprego"" no contexto da OIT?";É a obrigação de promover o pleno emprego, regulada pela Convenção nº 122.
"O que é a ""consulta tripartite"" no contexto da OIT?";É a obrigação de consultar empregadores e trabalhadores sobre a aplicação das normas da OIT, regulada pela Convenção nº 144.
O Brasil é membro do Conselho de Administração da OIT?;Sim, o Brasil já foi eleito como membro do Conselho de Administração em várias ocasiões.
"O que é a ""Declaração da OIT sobre os Princípios e Direitos Fundamentais no Trabalho"" (1998)?";É uma declaração que estabelece que todos os membros, mesmo os que não ratificaram as Convenções fundamentais, têm a obrigação de respeitar e promover os princípios fundamentais do trabalho.
A Declaração de 1998 criou um mecanismo de supervisão?;Sim, a Declaração de 1998 criou um mecanismo de relatórios anuais sobre os princípios fundamentais, mesmo para Estados que não ratificaram as Convenções.
"O que é o ""Relatório Global"" da OIT?";É um relatório anual do Diretor-Geral da OIT que analisa a situação dos princípios fundamentais no trabalho em todo o mundo.
"O que é o ""trabalho em condições análogas à escravidão"" no Brasil?";É o trabalho forçado ou degradante, que o Brasil combate com base nas Convenções da OIT e na legislação nacional (Código Penal).
"O que é a ""Lista Suja do Trabalho Escravo"" no Brasil?";É uma lista do Ministério do Trabalho com os empregadores que utilizam trabalho escravo, criada com base em recomendações da OIT.
"O que é a ""Convenção nº 156"" da OIT (1981)?";É a Convenção sobre a Igualdade de Oportunidades e de Tratamento para Trabalhadores com Responsabilidades Familiares.
O Brasil ratificou a Convenção nº 156?;Sim.
"O que é a ""Convenção nº 183"" da OIT (2000)?";É a Convenção sobre a Proteção da Maternidade, que estabelece padrões mínimos para a licença-maternidade.
O Brasil ratificou a Convenção nº 183?;Sim, embora a legislação brasileira já seja mais favorável em alguns aspectos.
"O que é a ""Convenção nº 187"" da OIT (2006)?";É a Convenção sobre o Quadro Promocional para a Segurança e Saúde no Trabalho, que promove uma cultura de prevenção.
O Brasil ratificou a Convenção nº 187?;Sim.
"O que é o ""trabalho doméstico"" na OIT?";A OIT tem a Convenção nº 189 (2011) sobre o Trabalho Decente para os Trabalhadores Domésticos, que estabelece direitos como jornada de trabalho limitada e descanso semanal.
O Brasil ratificou a Convenção nº 189?;Sim, o Brasil ratificou a Convenção sobre o Trabalho Doméstico.
;
;
"O que são as ""áreas além dos limites da jurisdição exclusiva dos Estados""?";São os espaços que não estão sujeitos à soberania de nenhum Estado, como o alto-mar, a Área (leito do mar internacional), o espaço exterior e a Antártida.
O que é o alto-mar, segundo a CNUDM?;O alto-mar é a coluna d'água além da Zona Econômica Exclusiva (ZEE) ou do mar territorial, que é aberto a todos os Estados e regido pelo princípio da liberdade.
Quais são as liberdades do alto-mar?;Liberdade de navegação, sobrevoo, pesca, pesquisa científica, instalação de cabos e dutos, e construção de ilhas artificiais (com certas restrições).
"O que é a ""Área"" (internacional dos fundos marinhos)?";"É o leito do mar e seu subsolo além da plataforma continental, que é o ""Patrimônio Comum da Humanidade"", administrado pela Autoridade Internacional dos Fundos Marinhos (AIFM)."
"O que significa ""Patrimônio Comum da Humanidade""?";É o princípio pelo qual os recursos minerais da Área não podem ser apropriados por nenhum Estado e devem ser explorados em benefício de toda a humanidade, com um regime de repartição de benefícios.
"O espaço exterior é um espaço ""res nullius"" ou ""res communis""?";"É um espaço ""res communis"" (coisa comum), não sujeito à apropriação nacional, regido pelo princípio da liberdade de exploração para fins pacíficos."
Qual é o tratado que rege o espaço exterior?;O Tratado sobre os Princípios que Regem as Atividades dos Estados na Exploração e Uso do Espaço Exterior (Tratado do Espaço Exterior, 1967).
A Lua e outros corpos celestes podem ser apropriados por Estados?;Não, o Tratado do Espaço Exterior proíbe a apropriação nacional da Lua e de outros corpos celestes.
Qual é o regime jurídico da Antártida?;A Antártida é uma reserva natural dedicada à paz e à ciência, regida pelo Tratado da Antártida (1959), que proíbe atividades militares e exploração mineral.
O Brasil é parte do Tratado da Antártida?;Sim, o Brasil aderiu em 1975 e é membro consultivo, com direito a voto nas decisões.
"O que é o ""Princípio do Patrimônio Comum da Humanidade"" na Lua?";O Acordo da Lua (1979) estabeleceu que a Lua e seus recursos são patrimônio comum, mas este tratado não foi ratificado pelos principais países exploradores.
"O que é a ""Zona de Paz e Cooperação do Atlântico Sul"" (ZPCAS)?";É uma área do Atlântico Sul, proposta pelo Brasil, declarada zona de paz, livre de armas nucleares, com cooperação entre os Estados ribeirinhos.
A ZPCAS tem força jurídica vinculante?;Sim, foi estabelecida por resolução da Assembleia Geral da ONU, mas depende da adesão voluntária dos Estados.
"O que é a ""Área de Proteção Ambiental"" em áreas além da jurisdição nacional?";São áreas marinhas protegidas (AMPs) em alto-mar ou na Área, criadas por tratados ou organizações regionais, para conservar a biodiversidade.
"O que é a ""exploração de recursos minerais da Área""?";É a atividade de extração de nódulos polimetálicos e outros minerais do leito marinho, regulada pela Autoridade Internacional dos Fundos Marinhos.
O Brasil tem interesse na exploração da Área?;O Brasil participa das negociações sobre a exploração da Área e tem empresas de pesquisa, mas ainda não realiza exploração comercial.
"O que é a ""poluição em alto-mar""?";É a poluição causada por navios, plataformas ou atividades em alto-mar, regulada pela CNUDM e pela Convenção MARPOL.
"O que é a ""pirataria"" em alto-mar?";É a prática de atos ilícitos de violência ou detenção, cometidos por tripulação privada contra navios em alto-mar, sujeita à jurisdição universal.
O alto-mar é sujeito à jurisdição de algum Estado?;Em regra, não. Os navios em alto-mar estão sujeitos à jurisdição do Estado de sua bandeira (princípio da bandeira).
"O que é o ""direito de visita"" em alto-mar?";É o direito de navios de guerra de inspecionar um navio estrangeiro em alto-mar, suspeito de pirataria, tráfico de escravos ou emissões não autorizadas.
"O que são os ""arquipélagos"" no Direito do Mar?";São grupos de ilhas que podem ser tratados como um todo para a delimitação de águas arquipelágicas, com base na CNUDM.
O Brasil possui ilhas oceânicas e arquipélagos?;Sim, como Fernando de Noronha, Atol das Rocas, Trindade, Martim Vaz e São Pedro e São Paulo.
"O que é a ""plataforma continental estendida"" e a reivindicação brasileira?";A plataforma continental estendida vai além das 200 milhas, quando comprovada a extensão geológica. O Brasil teve sua plataforma estendida aprovada pela ONU.
;
35. Cooperação Jurídica Internacional. Matéria Penal e Cível. Regimes Vigentes no Direito Brasileiro.;
Pergunta;Resposta
O que é a Cooperação Jurídica Internacional?;É o conjunto de mecanismos e procedimentos pelos quais Estados prestam assistência mútua em matéria judicial e extrajudicial, para a efetivação de direitos e o combate ao crime.
Quais são as formas de cooperação jurídica internacional?;A cooperação passiva (atendendo a pedidos de outro Estado) e ativa (formulando pedidos a outro Estado), em matéria penal e cível.
Qual é a base legal da cooperação jurídica internacional no Brasil?;A Constituição Federal (art. 4º, princípios), a Lei de Migração (13.445/2017), a Lei 9.800/1999 (cartas rogatórias), o Código de Processo Civil e os tratados internacionais.
A cooperação jurídica internacional é condicionada à reciprocidade?;Em geral, sim, especialmente na ausência de tratado, mas o Brasil adota a cooperação ampla, com base na confiança mútua.
Qual é a autoridade central no Brasil para cooperação penal?;O Departamento de Recuperação de Ativos e Cooperação Jurídica Internacional (DRCI) do Ministério da Justiça e Segurança Pública.
Qual é a autoridade central no Brasil para cooperação cível?;O STJ (Superior Tribunal de Justiça) é a autoridade central para a execução de cartas rogatórias e homologação de sentenças estrangeiras.
"O que são as ""cartas rogatórias""?";São pedidos formais de um juiz a outro país para a prática de atos processuais, como citação, intimação ou produção de provas.
Quais são os tipos de cartas rogatórias?;Cartas rogatórias ativas (enviadas pelo Brasil) e passivas (recebidas pelo Brasil), em matéria cível, trabalhista, administrativa ou penal (para atos não coercitivos).
Como tramita uma carta rogatória ativa no Brasil?;O juiz brasileiro envia a carta ao STJ, que a encaminha à autoridade central do país requerido (normalmente o Ministério das Relações Exteriores).
Como tramita uma carta rogatória passiva no Brasil?;A carta chega ao STJ via Ministério das Relações Exteriores, que a remete ao juiz competente para cumprimento.
"O que é a ""homologação de sentença estrangeira""?";É o ato pelo qual o STJ confere validade a uma sentença proferida no exterior, para que produza efeitos no Brasil.
Quais são os requisitos para a homologação de sentença estrangeira no Brasil?;A sentença deve ser proferida por autoridade competente, com citação regular, trânsito em julgado, autenticada e traduzida, e não pode ofender a ordem pública.
Qual é o órgão competente no Brasil para homologar sentenças estrangeiras?;O Superior Tribunal de Justiça (STJ), conforme a Constituição e o Código de Processo Civil.
A homologação de sentença estrangeira pode ser denegada por ofensa à ordem pública?;Sim, se a sentença violar os princípios fundamentais do ordenamento jurídico brasileiro.
"O que é o ""exequatur"" no Brasil?";"É o mesmo que a homologação de sentença estrangeira; o STJ concede o ""exequatur"" para que a sentença produza efeitos no Brasil."
"O que é a ""extradição"" e como se diferencia da cooperação jurídica?";A extradição é a entrega de uma pessoa a outro Estado para julgamento ou cumprimento de pena, sendo uma forma especial de cooperação penal.
"O que é a ""entrega"" no contexto do Tribunal Penal Internacional (TPI)?";É a entrega de um acusado ao TPI, que não é uma extradição, mas uma forma de cooperação com o tribunal, prevista na Lei 11.838/2005.
"O que é a ""transferência de pessoas condenadas""?";É a possibilidade de um preso estrangeiro cumprir sua pena em seu país de origem, com base em tratados (ex.: Convenção de Estrasburgo).
O Brasil tem tratados de transferência de pessoas condenadas?;Sim, com países como a Argentina, França, Itália, Portugal, Espanha, entre outros.
"O que é a ""cooperação jurídica internacional em matéria penal""?";Envolve a troca de informações, provas, diligências de busca e apreensão, prisão provisória, e a realização de atos processuais em território estrangeiro.
"O que é a ""cooperação jurídica internacional em matéria cível""?";Envolve a citação, notificação, produção de provas, homologação de sentenças e medidas cautelares em processos cíveis, comerciais, trabalhistas, etc.
O Brasil é signatário da Convenção de Haia sobre a obtenção de provas no estrangeiro (1970)?;Sim, o Brasil ratificou a Convenção de Haia sobre a obtenção de provas em matéria civil ou comercial.
O que é a Convenção de Haia sobre a obtenção de provas?;É um tratado que facilita a cooperação entre Estados para a obtenção de provas em processos cíveis e comerciais.
O Brasil é signatário da Convenção de Haia sobre a citação e notificação (1965)?;Sim, o Brasil ratificou a Convenção de Haia sobre a citação e notificação no estrangeiro em matéria civil e comercial.
"O que é o ""auxílio direto"" na cooperação jurídica?";É a comunicação direta entre autoridades judiciais (juízes, procuradores) sem a intermediação de autoridades centrais, permitida em alguns tratados.
"O que é a ""equipe de investigação conjunta""?";É um instrumento de cooperação penal pelo qual duas ou mais autoridades judiciárias ou policiais formam uma equipe para investigar crimes transnacionais.
O Brasil tem legislação sobre equipes de investigação conjunta?;Sim, a Lei 13.964/2019 (Pacote Anticrime) previu a criação de equipes de investigação conjunta.
"O que é a ""cooperação jurídica com a Justiça Federal"" no Brasil?";A Justiça Federal é a juíza natural para o cumprimento de cartas rogatórias e extradição, com auxílio do STJ.
Qual é o papel do Ministério das Relações Exteriores na cooperação jurídica?;O Itamaraty é o canal diplomático para a transmissão de pedidos de cooperação, mas a autoridade central é o DRCI ou o STJ, dependendo da matéria.
"O que é a ""Convenção Interamericana sobre Assistência Mútua em Matéria Penal"" (1992)?";É um tratado do sistema interamericano que facilita a cooperação penal entre os Estados membros, incluindo o Brasil.
"O que é a ""Convenção das Nações Unidas contra o Crime Organizado Transnacional"" (Convenção de Palermo, 2000)?";É um tratado que estabelece a cooperação internacional para o combate ao crime organizado, incluindo a lavagem de dinheiro, o tráfico de pessoas e o tráfico de armas.
O Brasil ratificou a Convenção de Palermo?;Sim, ratificou em 2004.
"O que é a ""Convenção das Nações Unidas contra a Corrupção"" (UNCAC, 2003)?";É um tratado que estabelece a cooperação para a prevenção e repressão da corrupção, incluindo a recuperação de ativos.
O Brasil ratificou a UNCAC?;Sim, ratificou em 2005.
"O que é a ""recuperação de ativos"" no âmbito da cooperação penal?";É o processo de localizar, apreender e devolver bens e recursos provenientes de crimes, especialmente a corrupção.
O DRCI é o órgão brasileiro responsável pela recuperação de ativos?;Sim, o DRCI é a autoridade central para a cooperação jurídica penal, incluindo a recuperação de ativos.
"O que é o ""compartilhamento de informações"" na cooperação jurídica?";É a troca de dados e provas entre autoridades de diferentes países, com base em tratados ou na Lei de Acesso à Informação.
"O que é a ""cooperação com o Tribunal Penal Internacional (TPI)"" no Brasil?";A Lei 11.838/2005 regula a cooperação do Brasil com o TPI, incluindo a entrega de acusados e a execução de penas.
O Brasil pode recusar um pedido de cooperação do TPI?;Sim, se houver risco de violação de direitos fundamentais ou se o pedido for incompatível com a ordem pública.
"O que é a ""cooperação em matéria de infiltração policial transnacional""?";É a atuação de agentes disfarçados em investigações internacionais, regulada por tratados e pelo Pacote Anticrime.
O Brasil admite a infiltração policial em cooperação internacional?;Sim, a Lei 13.964/2019 permite a infiltração, com autorização judicial e cooperação com outros Estados.
"O que é a ""citação por edital"" no estrangeiro?";É a citação de uma pessoa em país estrangeiro por meio de edital, que pode ser feita se a pessoa não for localizada, mas é uma exceção, pois o ideal é a citação direta.
"O que é o ""princípio da especialidade"" na cooperação jurídica penal?";É o princípio de que a pessoa entregue a outro Estado só pode ser julgada pelo crime que motivou a entrega (extradição).
O princípio da especialidade é aplicável apenas à extradição?;Sim, aplica-se à extradição e à entrega, não se aplicando à cooperação para provas.
"O que é o ""controle de convencionalidade"" na cooperação jurídica?";É o dever do juiz de verificar se a cooperação solicitada (ex.: extradição) não viola tratados de direitos humanos (ex.: risco de tortura).
"O que é a ""carta rogatória penal"" e como difere da cível?";"A carta rogatória penal é usada para atos instrutórios em processos penais, como oitiva de testemunhas ou perícias, e tramita via DRCI; a cível tramita via STJ."
A carta rogatória penal no Brasil pode ser executada por meio de medidas coercitivas?;Sim, se autorizada pelo juiz competente, como busca e apreensão, desde que prevista em tratado.
"O que é a ""comissão rogatória"" na cooperação jurídica?";É o mesmo que carta rogatória, sendo um termo usado em alguns tratados.
"O que é a ""ação penal"" no contexto da cooperação jurídica?";A cooperação pode incluir a transferência de processos penais, quando um Estado assume a persecução de um crime cometido em outro país.
O Brasil tem tratados de transferência de processos penais?;Sim, com países como Portugal e Espanha, por exemplo.
"O que é a ""cooperação em matéria de recuperação de créditos"" no âmbito cível?";É a assistência para a cobrança de dívidas no exterior, com base em tratados de cooperação judiciária.
O Brasil é signatário da Convenção de Haia sobre a cobrança de alimentos no estrangeiro (2007)?;Sim, ratificou a Convenção de Haia sobre a Cobrança Internacional de Alimentos.
"O que é a ""cooperação em matéria de execução fiscal""?";É a assistência para a cobrança de créditos tributários no estrangeiro, prevista em tratados de dupla tributação.
"O que é a ""jurisprudência"" do STJ em matéria de cooperação jurídica?";O STJ tem uma jurisprudência consolidada sobre a homologação de sentenças estrangeiras e o cumprimento de cartas rogatórias, que serve como guia.
O STJ pode recusar a homologação de sentença estrangeira por ofensa à soberania nacional?;Sim, com base no art. 17 da LINDB (ordem pública e soberania).
"O que é a ""transmissão de informações"" no âmbito da cooperação penal?";É a troca de dados entre autoridades policiais e judiciais, sem necessidade de carta rogatória, com base em acordos de cooperação.
"O que é a ""cooperação com a Interpol"" no Brasil?";O Brasil é membro da Interpol e coopera por meio da Polícia Federal, que é a central nacional da Interpol.
"O que é a ""cooperação com a Europol""?";O Brasil tem acordos de cooperação com a Europol, a agência de polícia da UE, para o combate ao crime transnacional.
"O que é a ""cooperação em matéria de lavagem de dinheiro""?";Envolve a troca de informações sobre movimentações financeiras suspeitas, com base na UNTOC, UNCAC e nas recomendações do GAFI.
O Brasil coopera com o GAFI (Grupo de Ação Financeira)?;Sim, o Brasil é membro do GAFI e do GAFISUD (Grupo de Ação Financeira da América do Sul).
"O que é a ""cooperação em matéria de refugiados""?";Envolve a troca de informações e a determinação do Estado responsável pelo pedido de refúgio, com base na Convenção de 1951 e no Sistema de Dublin (para a Europa).
O Brasil tem acordos de cooperação com o ACNUR?;Sim, o Brasil coopera com o ACNUR para a proteção de refugiados e apátridas.
"O que é a ""cooperação em matéria de adoção internacional""?";Envolve a assistência mútua para a adoção de crianças, com base na Convenção de Haia sobre a Proteção das Crianças e a Cooperação em Matéria de Adoção Internacional (1993).
O Brasil ratificou a Convenção de Haia sobre a Adoção Internacional?;Sim, ratificou em 1997.
"O que é a ""cooperação em matéria de crianças e menores""?";Envolve a cooperação para a restituição de crianças vítimas de sequestro internacional, com base na Convenção de Haia de 1980 sobre os Aspectos Civis do Sequestro Internacional de Crianças.
O Brasil é signatário da Convenção de Haia de 1980 sobre o sequestro de crianças?;Sim, e a aplica por meio do Conselho Nacional de Justiça (CNJ) e do STJ.
"O que é a ""cooperação em matéria de tráfico de pessoas""?";É a assistência para a investigação e repressão ao tráfico de pessoas, com base no Protocolo de Palermo e na Lei 13.344/2016.
"O que é a ""cooperação em matéria de armas""?";Envolve a troca de informações e a repressão ao tráfico ilícito de armas, com base na Convenção de Palermo e no Tratado sobre o Comércio de Armas.
O Brasil é signatário do Tratado sobre o Comércio de Armas (ATT)?;Sim, e ratificou o ATT.
"O que é a ""cooperação em matéria de crimes ambientais""?";Envolve a assistência para investigar e punir crimes ambientais, como o tráfico de fauna e flora e a poluição marinha.
O Brasil tem acordos de cooperação para crimes ambientais?;Sim, com países da América do Sul e por meio da Interpol.
"O que é a ""cooperação em matéria de racismo e discriminação""?";Envolve a troca de informações para o combate à discriminação racial, com base na Convenção CERD da ONU.
O Brasil é signatário da CERD?;Sim, e coopera com outros Estados para a eliminação da discriminação racial.
