. O que estuda a teoria do consumidor?;Estuda como os consumidores alocam sua renda entre diferentes bens para maximizar sua satisfação (utilidade), dadas as restrições orçamentárias e de preços.
"2. O que significa a hipótese da ""racionalidade"" do consumidor?";Significa que o consumidor tem preferências bem definidas e sempre escolhe a cesta de bens que lhe proporciona o maior nível de satisfação possível, dentro de suas possibilidades.
3. Quais são os três axiomas básicos das preferências do consumidor?;"1. Completude (o consumidor consegue comparar todas as cestas); 2. Transitividade (consistência nas escolhas); 3. Reflexividade (uma cesta é tão boa quanto ela mesma)."
4. O que diz o axioma da completude?;"Dadas duas cestas quaisquer (A e B), o consumidor é capaz de afirmar que prefere A a B, prefere B a A, ou é indiferente entre elas. Não há ""não sei""."
5. O que diz o axioma da transitividade?;Se o consumidor prefere A a B, e B a C, então ele necessariamente prefere A a C. É o princípio da consistência lógica.
"6. O que significa a ""monotonicidade"" ou ""não saciedade"" das preferências?";Significa que mais é sempre preferível a menos. O consumidor sempre prefere uma cesta com mais quantidade de um bem, mantendo o outro constante.
7. O que é uma curva de indiferença?;É o lugar geométrico de todas as combinações de dois bens que proporcionam o mesmo nível de utilidade (satisfação) ao consumidor.
8. Por que as curvas de indiferença são inclinadas para baixo (negativamente)?;Para manter o mesmo nível de utilidade, se a quantidade de um bem aumenta, a do outro deve diminuir. Caso contrário, violaria o princípio da monotonicidade.
9. Por que duas curvas de indiferença não podem se cruzar?;Se se cruzassem, violariam o axioma da transitividade, pois um mesmo ponto (cesta) teria dois níveis diferentes de utilidade.
10. O que é a Taxa Marginal de Substituição (TMS)?;É a quantidade máxima de um bem que o consumidor está disposto a abrir mão para obter uma unidade adicional do outro bem, mantendo o mesmo nível de utilidade.
11. O que significa dizer que a TMS é decrescente?;Significa que, quanto mais de um bem o consumidor tem, menos ele está disposto a sacrificar do outro para obter mais desse bem. É o princípio da convexidade das curvas de indiferença.
12. O que são bens substitutos perfeitos?;São bens que o consumidor está disposto a trocar em uma proporção constante. A curva de indiferença é uma linha reta (TMS constante).
13. O que são bens complementares perfeitos?;"São bens que são consumidos juntos em proporções fixas (ex: café e açúcar). A curva de indiferença tem formato de ""L""."
14. O que é a restrição orçamentária (ou reta da despesa)?;Representa todas as combinações de dois bens que o consumidor pode adquirir, dado seu nível de renda e os preços dos bens.
15. O que acontece com a reta orçamentária se a renda do consumidor aumentar?;Ela se desloca paralelamente para fora (para a direita), aumentando o conjunto de possibilidades de consumo.
16. O que acontece com a reta orçamentária se o preço de um dos bens diminuir?;A reta orçamentária gira para fora, a partir do intercepto do outro eixo, ampliando o consumo do bem que ficou mais barato.
17. O que é o equilíbrio do consumidor?;É o ponto onde o consumidor maximiza sua utilidade total, dado sua renda e os preços. Graficamente, é a tangência entre a curva de indiferença mais alta possível e a reta orçamentária.
18. No ponto de equilíbrio, qual é a condição de tangência?;A Taxa Marginal de Substituição (TMS) deve ser igual à razão entre os preços dos dois bens (TMS = Px/Py).
"19. O que é um ""ótimo de primeira ordem"" no equilíbrio do consumidor?";É a condição matemática que iguala a utilidade marginal por real gasto em cada bem (Umgx/Px = Umgy/Py), garantindo que não haja realocação que aumente a utilidade.
20. O que é a função demanda?;É a relação que mostra a quantidade de um bem que o consumidor deseja comprar para cada nível de preço, mantendo-se a renda e os outros preços constantes (condição ceteris paribus).
21. Qual a diferença entre demanda individual e demanda de mercado?;A demanda de mercado é a soma horizontal de todas as demandas individuais de um bem em um determinado mercado.
22. O que a lei geral da demanda estabelece?;Existe uma relação inversa entre o preço de um bem e a quantidade demandada: quanto maior o preço, menor a quantidade demandada (ceteris paribus).
23. Qual é a principal exceção à lei geral da demanda?;Os bens de Giffen, onde um aumento no preço leva a um aumento na quantidade demandada, violando a lei da demanda.
24. O que é um bem normal?;É aquele cuja demanda aumenta quando a renda do consumidor aumenta, e diminui quando a renda cai.
25. O que é um bem inferior?;É aquele cuja demanda diminui quando a renda do consumidor aumenta (pois o consumidor substitui por bens superiores), e aumenta quando a renda cai.
26. O que são bens de luxo (ou superiores)?;São bens normais cujo consumo cresce em proporção maior que o aumento da renda (elasticidade-renda maior que 1).
27. O que são bens necessários?;São bens normais cujo consumo cresce em proporção menor que o aumento da renda (elasticidade-renda entre 0 e 1).
28. Qual a diferença entre efeito-substituição e efeito-renda?;"O efeito-substituição decorre da mudança nos preços relativos; o efeito-renda decorre da mudança no poder de compra (renda real) do consumidor."
29. O que é o efeito-substituição?;Quando o preço de um bem cai, ele fica relativamente mais barato em relação aos outros, levando o consumidor a substituir os outros bens por ele.
30. O que é o efeito-renda?;Quando o preço de um bem cai, o poder de compra da renda do consumidor aumenta, permitindo que ele compre mais de todos os bens (como se sua renda tivesse aumentado).
31. Para um bem normal, qual a direção do efeito-substituição e do efeito-renda?;Ambos atuam no mesmo sentido: preço cai → aumenta a quantidade demandada (efeitos somam-se).
32. Para um bem inferior, qual a direção do efeito-substituição e do efeito-renda?;Eles atuam em sentidos opostos. O efeito-renda reduz a demanda quando o preço cai, mas o efeito-substituição aumenta. O efeito total depende de qual é maior.
33. O que caracteriza um bem de Giffen?;É um bem inferior com efeito-renda negativo muito forte, que supera o efeito-substituição positivo. Assim, quando o preço cai, a demanda também cai.
34. A curva de demanda de um bem de Giffen tem inclinação positiva ou negativa?;Tem inclinação positiva (curva ascendente), violando a lei da demanda.
35. O que é a elasticidade-preço da demanda?;Mede o grau de sensibilidade da quantidade demandada de um bem em relação a uma variação no seu próprio preço. É a variação percentual da quantidade dividida pela variação percentual do preço.
36. Quando a demanda é considerada elástica?;Quando a variação percentual na quantidade demandada é maior que a variação percentual no preço (elasticidade > 1).
37. Quando a demanda é considerada inelástica (rígida)?;Quando a variação percentual na quantidade demandada é menor que a variação percentual no preço (elasticidade < 1).
38. O que significa elasticidade-preço unitária?;Significa que a variação percentual na quantidade é exatamente igual à variação percentual no preço (elasticidade = 1).
39. O que é uma demanda perfeitamente inelástica?;É quando a quantidade demandada não responde a nenhuma variação de preço (elasticidade = 0). A curva de demanda é vertical. Exemplo: insulina.
40. O que é uma demanda perfeitamente elástica?;É quando qualquer pequeno aumento no preço leva a quantidade demandada a zero (elasticidade infinita). A curva de demanda é horizontal. Exemplo: mercado competitivo.
41. Quais os principais determinantes da elasticidade-preço da demanda?;"1. Disponibilidade de bens substitutos; 2. Essencialidade do bem; 3. Proporção da renda gasta no bem; 4. Horizonte de tempo para ajuste."
42. Como a disponibilidade de substitutos afeta a elasticidade-preço?;Quanto mais substitutos próximos um bem tiver, mais elástica será sua demanda, pois o consumidor pode trocar facilmente.
43. Bens essenciais (como sal e medicamentos) tendem a ter demanda elástica ou inelástica?;Tendem a ter demanda inelástica, pois o consumidor precisa comprá-los independentemente do preço.
44. Bens que consomem uma grande parcela da renda (como carro) tendem a ter demanda elástica ou inelástica?;Tendem a ter demanda mais elástica, pois o consumidor é mais sensível a variações de preço que afetam muito seu orçamento.
45. A demanda de um bem é mais elástica no curto prazo ou no longo prazo?;No longo prazo, a demanda tende a ser mais elástica, pois o consumidor tem mais tempo para encontrar substitutos e ajustar seus hábitos.
46. O que é a elasticidade-preço da demanda e a receita total do vendedor?;Se a demanda é elástica, uma redução de preço aumenta a receita total. Se é inelástica, uma redução de preço diminui a receita total. Se é unitária, a receita não se altera.
47. O que é a elasticidade-preço cruzada da demanda?;Mede a sensibilidade da quantidade demandada de um bem (X) em relação à variação no preço de outro bem (Y).
48. Se a elasticidade-preço cruzada é positiva, o que isso indica sobre os bens X e Y?;Indica que são bens substitutos. Exemplo: café e chá. Se o preço do café sobe, a demanda por chá aumenta.
49. Se a elasticidade-preço cruzada é negativa, o que isso indica sobre os bens X e Y?;Indica que são bens complementares. Exemplo: café e açúcar. Se o preço do café sobe, a demanda por açúcar cai.
50. Se a elasticidade-preço cruzada é zero, o que isso significa?;Significa que os bens são independentes (não relacionados). A variação do preço de um não afeta a demanda do outro.
51. O que é a elasticidade-renda da demanda?;Mede a sensibilidade da quantidade demandada de um bem em relação a uma variação na renda do consumidor.
52. Qual o sinal da elasticidade-renda para um bem normal?;É positiva (elasticidade-renda > 0). O consumo aumenta com o aumento da renda.
53. Qual o sinal da elasticidade-renda para um bem inferior?;É negativa (elasticidade-renda < 0). O consumo diminui com o aumento da renda.
"54. O que a elasticidade-renda nos diz sobre a classificação de um bem como ""necessário"" ou ""de luxo""?";Se a elasticidade-renda for maior que 1, é um bem de luxo. Se estiver entre 0 e 1, é um bem necessário.
55. O que é o excedente do consumidor?;É a diferença entre o preço máximo que o consumidor estaria disposto a pagar por um bem e o preço que ele efetivamente paga no mercado.
"56. O que significa a ""curva de demanda compensada"" (ou demanda Hicksiana)?";É a demanda que mantém o nível de utilidade (satisfação) constante, isolando o efeito-renda. Mostra apenas o efeito-substituição.
"57. O que significa a ""curva de demanda ordinária"" (ou demanda Marshalliana)?";É a demanda que inclui tanto o efeito-substituição quanto o efeito-renda, sendo observada diretamente no mercado.
58. Qual a relação entre a demanda compensada e a demanda ordinária para um bem normal?;A demanda compensada é mais inelástica (mais vertical) do que a demanda ordinária, pois não inclui o efeito-renda positivo.
"59. O que é o ""princípio da utilidade marginal decrescente""?";À medida que o consumo de um bem aumenta, a satisfação adicional (utilidade marginal) obtida com cada nova unidade tende a diminuir.
60. Qual a diferença entre utilidade total e utilidade marginal?;"A utilidade total é a satisfação acumulada do consumo total; a utilidade marginal é a satisfação adicional obtida com o consumo de mais uma unidade."
61. Como a utilidade marginal decrescente se relaciona com a TMS decrescente?;A TMS decrescente deriva da utilidade marginal decrescente. Quanto mais de um bem se tem, menor a utilidade marginal dele, então menos se está disposto a sacrificar do outro para obtê-lo.
62. O que é uma função utilidade?;É uma representação matemática que atribui um número a cada cesta de bens, de modo que cestas preferidas recebam números maiores.
"63. O que são preferências ""convexas""?";Significa que o consumidor prefere diversificação (cestas médias) a extremos (consumir apenas um bem). A TMS é decrescente.
"64. O que são preferências ""côncavas""?";Significa que o consumidor prefere extremos (consumir apenas um bem) a cestas diversificadas. A TMS é crescente. (Incomum na teoria padrão).
65. O que é uma cesta de bens?;É uma combinação específica de quantidades de dois ou mais bens que o consumidor pode escolher (ex: 2 maçãs e 3 bananas).
66. O que acontece com o equilíbrio do consumidor se a renda dobra e os preços também dobram?;O equilíbrio não se altera, pois a restrição orçamentária permanece a mesma (renda real constante).
"67. O que é a ""curva de Engel""?";É a curva que mostra a relação entre a quantidade demandada de um bem e a renda do consumidor, mantendo os preços constantes.
68. Qual o formato da Curva de Engel para um bem normal?;Tem inclinação positiva (quanto maior a renda, maior a quantidade demandada).
69. Qual o formato da Curva de Engel para um bem inferior?;Tem inclinação negativa (quanto maior a renda, menor a quantidade demandada).
"70. O que é a ""curva de preço-consumo"" (CPC)?";É o lugar geométrico das cestas de equilíbrio do consumidor quando apenas o preço de um bem varia (renda e outro preço constantes).
"71. O que é a ""curva de renda-consumo"" (CRC)?";É o lugar geométrico das cestas de equilíbrio do consumidor quando apenas a renda varia (preços constantes).
72. Como se deriva a curva de demanda individual a partir da curva de preço-consumo?;Projetando os pontos de equilíbrio (quantidade do bem no eixo X) contra os respectivos preços daquele bem.
"73. O que é a ""demanda agregada"" ou ""demanda de mercado""?";É a soma de todas as demandas individuais para um determinado bem ou serviço em um mercado.
74. Bens com muitos substitutos próximos tendem a ter demanda mais elástica ou inelástica?;Mais elástica, pois o consumidor pode facilmente mudar para outro bem se o preço subir.
"75. O que é um ""bem complementar"" em relação à elasticidade-preço cruzada?";É um bem cuja elasticidade-preço cruzada é negativa. O consumo de um está ligado ao consumo do outro.
"76. O que é um ""bem substituto"" em relação à elasticidade-preço cruzada?";É um bem cuja elasticidade-preço cruzada é positiva. Um pode ser usado no lugar do outro.
77. Para o CACD, qual a importância de entender a elasticidade-preço da demanda para um diplomata?;Para analisar impactos de tarifas, subsídios e políticas cambiais sobre o comércio exterior e o bem-estar dos consumidores.
"78. O que é a ""Lei de Engel""?";À medida que a renda familiar aumenta, a proporção da renda gasta com alimentos diminui, mesmo que o gasto absoluto com alimentos aumente.
79. Qual a relação entre a Lei de Engel e a elasticidade-renda dos alimentos?;Os alimentos têm elasticidade-renda menor que 1 (são bens necessários), o que explica a queda da proporção do gasto.
"80. O que significa ""utilidade cardinal""?";"É a ideia de que a utilidade pode ser medida em unidades numéricas absolutas (ex: ""úteis""), permitindo comparações de intensidade. (Abordagem antiga)."
"81. O que significa ""utilidade ordinal""?";É a ideia de que a utilidade é apenas uma ordenação de preferências (ranking). O que importa é a ordem, não a magnitude. (Abordagem moderna, usada nas curvas de indiferença).
82. Qual a abordagem utilizada pela teoria das curvas de indiferença?;"A abordagem ordinal. O consumidor classifica cestas, mas não mede a ""intensidade"" da satisfação."
"83. O que é o ""ótimmo do consumidor"" na abordagem ordinal?";É o ponto onde a curva de indiferença mais alta possível tangencia a reta orçamentária.
84. Por que a curva de indiferença é convexa em relação à origem?;Por causa da Taxa Marginal de Substituição decrescente, que reflete a preferência por diversificação (cestas médias preferíveis a extremos).
"85. O que significa ""preferência revelada""?";É uma abordagem que infere as preferências do consumidor a partir de suas escolhas observadas (comportamento), sem necessidade de perguntar suas preferências.
"86. O que é o ""efeito-dotação"" (ou efeito renda-dotação)?";Quando o consumidor é também vendedor do bem (ex: trabalhador), uma mudança de preço altera não só o poder de compra, mas também o valor da sua dotação inicial.
87. Como a teoria do consumidor trata a decisão entre consumo e lazer?;"Trata o lazer como um bem que gera utilidade, e o trabalho como a ""renda"" que permite consumir bens. O preço do lazer é o salário."
"88. O que é a ""curva de oferta de trabalho"" e como ela se relaciona com a teoria do consumidor?";Deriva da decisão ótima entre consumo e lazer. Pode ter inclinação para trás (backward-bending) se o efeito-renda do lazer superar o efeito-substituição.
89. Para um bem de Giffen, o que predomina: efeito-substituição ou efeito-renda?;O efeito-renda negativo predomina sobre o efeito-substituição positivo.
"90. O que é a ""curva de demanda individual"" em um gráfico com preço no eixo Y e quantidade no eixo X?";É uma curva geralmente decrescente (inclinação negativa) que mostra a quantidade demandada para cada nível de preço.
"91. O que é a ""elasticidade-preço da demanda no ponto""?";É a elasticidade calculada em um ponto específico da curva de demanda, para variações infinitesimais de preço.
"92. O que é a ""elasticidade-preço da demanda no arco""?";É a elasticidade calculada entre dois pontos da curva de demanda, para variações discretas (usando a média dos pontos).
93. Quais os dois efeitos de uma mudança de preço sobre a quantidade demandada?;Efeito-substituição (mudança nos preços relativos) e efeito-renda (mudança na renda real).
"94. A ""demanda compensada"" (Hicksiana) é mais inclinada ou mais plana que a demanda ordinária para um bem inferior?";Para um bem inferior, a demanda ordinária é mais inclinada (inelástica) ou pode até ser ascendente (Giffen), enquanto a compensada é sempre negativamente inclinada.
"95. O que é o ""excedente do consumidor"" e como ele se relaciona com a elasticidade?";Quanto mais inelástica a demanda, maior o excedente do consumidor para um dado preço de mercado, pois ele está disposto a pagar muito mais do que paga.
"96. O que são ""bens neutros"" na teoria do consumidor?";São bens que o consumidor não valoriza (utilidade marginal zero). A curva de indiferença são linhas verticais ou horizontais.
"97. O que são ""bens maléficos"" (ou ""males"")?";São bens que o consumidor não gosta (utilidade marginal negativa). Para compensar, é preciso dar mais de um bem bom. A curva de indiferença tem inclinação positiva.
"98. O que é a ""restrição orçamentária intertemporal""?";É a restrição que considera consumo presente e futuro, mostrando como o consumidor pode trocar consumo de hoje por consumo de amanhã via poupança/empréstimo (taxa de juros).
"99. O que significa dizer que as preferências são ""monotônicas""?";Significa que o consumidor sempre prefere mais quantidade de um bem a menos, sendo o oposto da saciedade (onde mais pode ser pior).
100. Qual a principal implicação da teoria do consumidor para a política econômica?;Que políticas (como impostos, subsídios e controle de preços) alteram o bem-estar dos consumidores de maneiras distintas, afetando a alocação de recursos e a eficiência econômica.
;
;
O que estuda a teoria da oferta do produtor?;Estuda como as empresas (produtores) tomam decisões de produção para maximizar seus lucros, dadas as tecnologias disponíveis e os preços dos fatores de produção (insumos).
2. O que são fatores de produção (ou insumos)?;São todos os recursos (bens e serviços) utilizados no processo produtivo para gerar produtos (bens finais).
3. Quais são os três fatores de produção clássicos?;"1. Terra (recursos naturais); 2. Trabalho (mão de obra); 3. Capital (máquinas, equipamentos, instalações)."
"4. O que é a ""tecnologia"" no contexto da função de produção?";É o conhecimento e os métodos que permitem combinar os fatores de produção para gerar produtos. Define a eficiência máxima possível.
"5. O que significa a hipótese da ""racionalidade"" do produtor?";Significa que o produtor sempre busca maximizar o lucro total (receita total menos custo total), dadas as restrições tecnológicas e de preços.
6. O que é a função de produção?;É a relação matemática (ou técnica) que mostra a quantidade máxima de produto que pode ser obtida a partir de diferentes combinações de fatores de produção.
7. O que é o curto prazo na teoria da produção?;É o período de tempo em que pelo menos um fator de produção é fixo (não pode ser alterado), enquanto outros podem ser variados.
8. O que é o longo prazo na teoria da produção?;É o período de tempo suficientemente longo para que todos os fatores de produção sejam variáveis. Não há fatores fixos.
9. Qual a diferença entre curto e longo prazo?;"Não é uma questão de calendário, mas sim de flexibilidade: no curto prazo há rigidez (fator fixo); no longo prazo, total flexibilidade."
10. O que é o produto total (PT)?;É a quantidade total de bem produzida por uma empresa em um determinado período, utilizando uma combinação de fatores.
11. O que é o produto marginal (PMg)?;É a variação na quantidade total produzida resultante do acréscimo de uma unidade adicional de um fator de produção, mantendo-se os demais constantes.
12. O que é o produto médio (PMe)?;É a quantidade total produzida dividida pela quantidade utilizada de um fator de produção (ex: produto por trabalhador).
"13. O que diz a ""Lei dos Rendimentos Marginais Decrescentes""?";No curto prazo, à medida que se adicionam unidades sucessivas de um fator variável a um fator fixo, o produto marginal desse fator variável tende a diminuir a partir de certo ponto.
14. Por que a Lei dos Rendimentos Decrescentes ocorre?;Devido à imobilidade do fator fixo: quando há muito fator variável operando com pouco fator fixo, a produtividade adicional de cada nova unidade cai (excesso de trabalhadores para poucas máquinas).
15. Qual a relação entre o produto marginal e o produto médio?;Quando o PMg é maior que o PMe, o PMe está crescendo. Quando o PMg é menor que o PMe, o PMe está caindo. O PMe atinge seu máximo quando PMg = PMe.
"16. O que é a ""zona racional de produção""?";É o intervalo onde o produto marginal é positivo, mas decrescente. O produtor não opera onde o PMg é negativo (produção irracional) ou onde o PMg ainda é crescente (subutilização).
17. O que é uma isoquanta?;É o lugar geométrico de todas as combinações de dois fatores de produção (ex: capital e trabalho) que geram o mesmo nível de produção (produto total constante).
18. Por que as isoquantas são inclinadas para baixo (negativamente)?;Para manter o mesmo nível de produção, se a quantidade de um fator aumenta, a do outro deve diminuir. Caso contrário, violaria a eficiência técnica.
19. O que é a Taxa Marginal de Substituição Técnica (TMST)?;É a quantidade de um fator de produção (ex: capital) que o produtor pode reduzir ao aumentar uma unidade do outro fator (ex: trabalho), mantendo o mesmo nível de produção.
20. O que significa dizer que a TMST é decrescente?;Significa que as isoquantas são convexas: quanto mais de um fator se tem, menos se está disposto a sacrificar do outro para obter mais desse fator.
21. O que são fatores substitutos perfeitos na produção?;São fatores que podem ser trocados entre si em uma proporção constante. A isoquanta é uma linha reta (TMST constante).
22. O que são fatores complementares perfeitos na produção?;"São fatores que devem ser usados em proporções fixas (ex: uma máquina para cada operador). A isoquanta tem formato de ""L""."
"23. O que é a ""curva de isocusto"" (ou reta de isocusto)?";Representa todas as combinações de dois fatores de produção que a empresa pode adquirir com um dado montante de custo total, dados os preços dos fatores.
24. O que acontece com a reta de isocusto se o custo total aumentar?;Ela se desloca paralelamente para fora (para a direita), permitindo a contratação de mais fatores.
25. O que acontece com a reta de isocusto se o preço de um dos fatores diminuir?;A reta gira para fora, a partir do intercepto do outro eixo, permitindo mais do fator que ficou mais barato.
26. O que é o equilíbrio do produtor (ou ótimo técnico-econômico)?;É o ponto onde a empresa maximiza a produção para um dado custo, ou minimiza o custo para um dado nível de produção.
27. No ponto de equilíbrio do produtor, qual é a condição de tangência?;A Taxa Marginal de Substituição Técnica (TMST) deve ser igual à razão entre os preços dos fatores (TMST = w/r, onde w = salário, r = preço do capital).
"28. O que é a ""linha de expansão da produção""?";É o lugar geométrico de todos os pontos de equilíbrio do produtor (tangências entre isoquantas e isocustos) à medida que o custo total varia.
29. O que a linha de expansão da produção indica?;Indica como a empresa deve combinar os fatores de produção para crescer de forma ótima (minimizando custos para cada nível de produção).
30. O que são rendimentos de escala (ou economias de escala)?;É o efeito sobre a produção quando todos os fatores de produção variam na mesma proporção (no longo prazo).
31. O que são rendimentos crescentes de escala?;Quando a produção cresce em proporção maior que o aumento de todos os fatores (ex: fatores dobram, produção triplica). Há ganhos de escala.
32. O que são rendimentos constantes de escala?;Quando a produção cresce na mesma proporção que o aumento de todos os fatores (ex: fatores dobram, produção dobra).
33. O que são rendimentos decrescentes de escala?;Quando a produção cresce em proporção menor que o aumento de todos os fatores (ex: fatores dobram, produção cresce apenas 50%). Há deseconomias de escala.
34. Qual a diferença entre rendimentos marginais decrescentes (curto prazo) e rendimentos de escala (longo prazo)?;"O primeiro refere-se à variação de um único fator (fixando outros); o segundo refere-se à variação de todos os fatores simultaneamente."
35. O que é a função de produção Cobb-Douglas?;É uma forma funcional clássica que representa diferentes tipos de rendimentos de escala, dependendo da soma dos expoentes.
36. O que são custos econômicos (ou custos de oportunidade)?;Incluem todos os custos implícitos e explícitos. O custo econômico de um fator é o valor da sua melhor alternativa não realizada.
37. O que são custos contábeis (ou custos explícitos)?;São os gastos monetários efetivos da empresa com fatores de produção (ex: salários, aluguel, matéria-prima).
38. Qual a principal diferença entre custo econômico e custo contábil?;O custo econômico inclui o custo de oportunidade do capital próprio do empresário (lucro normal), enquanto o contábil não.
"39. O que é o ""lucro normal""?";É o retorno mínimo que o empresário exige para permanecer no negócio. É o custo de oportunidade do seu capital e tempo. Faz parte do custo econômico.
"40. O que é o ""lucro extraordinário"" (ou lucro puro)?";É o lucro que excede o lucro normal. É o que a empresa obtém acima do que seria necessário para mantê-la no mercado.
41. O que é a função de custo total (CT)?;É a relação matemática que mostra o custo mínimo necessário para produzir cada nível de produto, dados os preços dos fatores.
42. Quais são os três tipos de custo total?;"1. Custo Fixo Total (CFT) – não varia com a produção; 2. Custo Variável Total (CVT) – varia com a produção; 3. Custo Total (CT) = CFT + CVT."
43. O que é o custo fixo (no curto prazo)?;É o custo que não se altera com o nível de produção (ex: aluguel da fábrica, depreciação de máquinas). Existe mesmo com produção zero.
44. O que é o custo variável (no curto prazo)?;É o custo que varia diretamente com o nível de produção (ex: matéria-prima, mão de obra direta). Se a produção é zero, o custo variável é zero.
45. O que é o custo marginal (CMg)?;É a variação no custo total resultante da produção de uma unidade adicional do bem. No curto prazo, é a variação do custo variável total.
46. O que é o custo médio (CMe) ou custo unitário?;É o custo total dividido pela quantidade produzida. Pode ser custo fixo médio, custo variável médio ou custo total médio.
47. Qual a relação entre custo marginal e custo médio total?;Quando o CMg está abaixo do CMe, o CMe está caindo. Quando o CMg está acima do CMe, o CMe está subindo. O CMe é mínimo quando CMg = CMe.
48. Qual a forma da curva de custo marginal no curto prazo?;"Tem formato de ""U"" (primeiro decrescente e depois crescente), devido à Lei dos Rendimentos Marginais Decrescentes."
"49. O que é o ""ponto de mínimo"" da curva de custo médio total?";É o ponto onde o custo médio total é o menor possível para a empresa. Ocorre no ponto de interseção com a curva de custo marginal.
50. O que é a curva de custo variável médio (CVMe)?;"É o custo variável total dividido pela quantidade produzida. Também tem formato de ""U"" e atinge seu mínimo onde iguala o custo marginal."
51. O que é a curva de custo fixo médio (CFMe)?;É o custo fixo total dividido pela quantidade produzida. Ela é sempre decrescente (efeito de diluição do custo fixo).
52. Qual a relação entre a curva de custo marginal e a curva de custo variável médio?;"O CVMe é mínimo no ponto onde se iguala ao CMg. Se o CMg < CVMe, o CVMe cai; se CMg > CVMe, o CVMe sobe."
"53. O que é a ""curva de custo total no longo prazo""?";É a curva que mostra o custo mínimo de produção para cada nível de produto, quando todos os fatores são variáveis (não há custos fixos).
"54. O que é a ""curva de custo médio de longo prazo"" (CMeLP)?";É o envelope das curvas de custo médio de curto prazo. Mostra o menor custo médio possível para cada nível de produção no longo prazo.
"55. A curva de CMeLP tem formato de ""U"" ou de ""L""?";"Tradicionalmente tem formato de ""U"" (devido a rendimentos crescentes, constantes e decrescentes de escala), mas pode ser em ""L"" se houver economias de escala infinitas."
"56. O que são as ""economias de escala"" na curva de CMeLP?";É o trecho decrescente da curva de CMeLP: conforme a produção aumenta, o custo médio cai. (Rendimentos crescentes de escala).
"57. O que são as ""deseconomias de escala"" na curva de CMeLP?";É o trecho crescente da curva de CMeLP: conforme a produção aumenta, o custo médio sobe. (Rendimentos decrescentes de escala).
"58. O que é a ""escala mínima eficiente"" (EME)?";É o menor nível de produção no qual a empresa atinge o custo médio de longo prazo mínimo (ou seja, esgota as economias de escala).
59. O que é a função de oferta da empresa?;Mostra a quantidade que a empresa está disposta a produzir e vender para cada nível de preço de mercado, dado seu custo marginal.
60. Qual é a curva de oferta da empresa competitiva no curto prazo?;É o trecho crescente da curva de custo marginal acima do custo variável médio (ponto de mínimo do CVMe). Abaixo disso, a empresa prefere fechar.
61. Por que a curva de oferta é o trecho ascendente do CMg?;Porque, para maximizar lucro, a empresa produz onde Preço = Custo Marginal. Se o preço sobe, ela aumenta a produção até que o CMg iguale o novo preço.
"62. O que é o ""ponto de fechamento"" (ou ponto de cessação de atividades)?";É o ponto onde o preço de mercado cobre exatamente o custo variável médio (P = CVMe mínimo). Abaixo disso, a empresa perde menos fechando do que produzindo.
"63. O que é o ""ponto de nivelamento"" (ou ponto de break-even)?";É o ponto onde o preço de mercado cobre exatamente o custo total médio (P = CMe total mínimo). A empresa tem lucro normal (zero lucro extraordinário).
64. Qual a diferença entre o ponto de fechamento e o ponto de nivelamento?;No fechamento (P = CVMe min), a empresa cobre apenas custos variáveis. No nivelamento (P = CMe min), a empresa cobre todos os custos (incluindo o lucro normal).
65. O que é a curva de oferta da empresa no longo prazo?;É o trecho crescente da curva de custo marginal de longo prazo acima do custo médio de longo prazo (CMeLP).
66. Por que no longo prazo a empresa só oferta acima do CMeLP?;Porque no longo prazo todos os custos são variáveis e a empresa precisa cobrir o custo total (incluindo o retorno normal do capital) para permanecer no mercado.
67. O que é a elasticidade-preço da oferta?;Mede o grau de sensibilidade da quantidade ofertada de um bem em relação a uma variação no seu preço.
68. Quando a oferta é considerada elástica?;Quando a variação percentual na quantidade ofertada é maior que a variação percentual no preço (elasticidade > 1).
69. Quando a oferta é considerada inelástica (rígida)?;Quando a variação percentual na quantidade ofertada é menor que a variação percentual no preço (elasticidade < 1).
70. O que significa oferta com elasticidade unitária?;Significa que a quantidade ofertada varia na mesma proporção que o preço (elasticidade = 1).
71. O que é uma oferta perfeitamente inelástica?;É quando a quantidade ofertada não responde a nenhuma variação de preço (elasticidade = 0). A curva de oferta é vertical. Exemplo: produtos agrícolas na colheita.
72. O que é uma oferta perfeitamente elástica?;É quando a empresa oferta qualquer quantidade ao mesmo preço (elasticidade infinita). A curva de oferta é horizontal. Exemplo: mercado com custos constantes.
73. Quais os principais determinantes da elasticidade-preço da oferta?;"1. Facilidade de realocar recursos (mobilidade dos fatores); 2. Horizonte de tempo; 3. Capacidade ociosa; 4. Estoque de produtos."
74. Como o horizonte de tempo afeta a elasticidade da oferta?;No longo prazo, a oferta é mais elástica, pois a empresa pode ajustar todos os fatores de produção e novas empresas podem entrar no mercado.
75. Por que a oferta é mais inelástica no curtíssimo prazo?;Porque a empresa tem capacidade produtiva fixa e não pode aumentar a produção rapidamente, mesmo com aumento de preço.
76. A oferta de um bem com capacidade ociosa (excesso de máquinas) tende a ser mais elástica ou inelástica?;Mais elástica, pois a empresa pode aumentar a produção sem grandes custos adicionais, usando fatores ociosos.
77. Como a elasticidade-preço da oferta se relaciona com a mobilidade dos fatores de produção?;Quanto mais móveis forem os fatores (trabalho e capital) entre setores, mais elástica será a oferta, pois a produção pode ser redirecionada rapidamente.
"78. O que é a ""oferta da indústria"" ou ""oferta de mercado""?";É a soma horizontal das curvas de oferta de todas as empresas individuais que atuam naquele mercado.
79. Qual a diferença entre a oferta de curto prazo e a de longo prazo para a indústria?;No curto prazo, o número de empresas é fixo. No longo prazo, novas empresas podem entrar e as existentes podem sair (ajuste via lucros).
"80. O que é a ""curva de oferta de longo prazo da indústria"" em um setor com custos constantes?";É horizontal (perfeitamente elástica), pois o preço não se altera com a entrada ou saída de empresas. O custo dos insumos não muda.
"81. O que é a ""curva de oferta de longo prazo da indústria"" em um setor com custos crescentes?";É inclinada positivamente (ascendente), pois a entrada de novas empresas eleva os preços dos insumos especializados, aumentando o custo médio.
"82. O que é a ""curva de oferta de longo prazo da indústria"" em um setor com custos decrescentes?";É inclinada negativamente (descendente), pois a entrada de novas empresas gera economias externas (ex: infraestrutura compartilhada), reduzindo custos.
83. O que são economias externas de escala?;São reduções nos custos de todas as empresas de um setor devido ao crescimento do setor como um todo (ex: mão de obra especializada, fornecedores).
84. O que são deseconomias externas de escala?;São aumentos nos custos de todas as empresas devido à congestão, disputa por insumos raros ou regulamentações mais rígidas com o crescimento do setor.
85. No equilíbrio de longo prazo de uma indústria perfeitamente competitiva, qual o lucro das empresas?;Lucro econômico zero (apenas lucro normal), pois a entrada de novas empresas elimina qualquer lucro extraordinário.
86. O que acontece com o preço de equilíbrio de longo prazo quando há um aumento permanente na demanda?;No curto prazo, o preço sobe. No longo prazo, novas empresas entram e o preço tende a voltar ao mínimo do CMeLP (em custos constantes).
87. Qual a relação entre a produtividade e a curva de custos?;Um aumento na produtividade (maior produção por insumo) desloca a curva de custo marginal para baixo, aumentando a oferta (curva se desloca para direita).
"88. O que é o ""excedente do produtor""?";É a diferença entre o preço que o produtor efetivamente recebe e o preço mínimo que ele estaria disposto a aceitar para produzir (dado pelo custo marginal).
89. No curto prazo, o excedente do produtor é igual a quê?;É igual ao lucro total mais os custos fixos. Ou seja, é a área entre o preço de mercado e a curva de custo marginal.
"90. O que é o ""progresso tecnológico"" no contexto da oferta?";É um deslocamento da função de produção para cima (mais produto com os mesmos insumos), o que desloca a curva de oferta para a direita (reduz custos e preços).
"91. O que é a ""função de produção com dois fatores"" (trabalho e capital)?";É uma representação simplificada onde apenas trabalho (L) e capital (K) são usados para produzir um bem (Q = f(L,K)).
"92. O que é a ""curva de produto marginal do trabalho"" no curto prazo?";"É a curva que mostra a produção adicional gerada por cada trabalhador adicional. Tem formato de ""U invertido"" (primeiro cresce, depois decresce)."
"93. Por que a curva de custo marginal tem formato de ""U""?";Porque, devido aos rendimentos decrescentes, o custo de produzir unidades adicionais primeiro cai (ganhos de especialização) e depois sobe (desgaste do fator fixo).
"94. O que é o ""lucro máximo"" para uma empresa em concorrência perfeita?";É quando a receita marginal (preço) se iguala ao custo marginal (P = CMg), desde que o preço seja maior que o custo variável médio.
"95. O que significa ""maximização do lucro"" no curto prazo se a empresa está tendo prejuízo?";"Significa minimizar as perdas. A empresa só produz se o preço cobrir o custo variável médio; caso contrário, fecha."
"96. O que são ""fatores de produção fixos"" e ""fatores de produção variáveis""?";Fixos são aqueles cuja quantidade não pode ser alterada no curto prazo (ex: fábrica). Variáveis são aqueles que podem ser alterados (ex: matéria-prima).
"97. Qual a diferença entre a ""curva de oferta da empresa"" e a ""curva de oferta da indústria""?";A oferta da empresa é o seu CMg. A oferta da indústria é a soma horizontal de todas as curvas de CMg das empresas individuais.
98. O que acontece com a oferta de um bem se o preço de um insumo (ex: trabalho) aumentar?;A curva de oferta se desloca para a esquerda (diminui a oferta), pois o custo de produção aumenta para cada nível de produto.
99. O que acontece com a oferta de um bem se houver um subsídio à produção?;A curva de oferta se desloca para a direita (aumenta a oferta), pois o custo efetivo para o produtor diminui.
100. Para o CACD, qual a importância de entender a teoria da oferta?;Para analisar impactos de políticas comerciais (tarifas, subsídios, cotas) sobre a competitividade da indústria nacional, os custos de produção e a alocação de recursos no comércio internacional
;
;
;
Quais são as quatro principais estruturas de mercado?;"1. Concorrência Perfeita; 2. Monopólio; 3. Oligopólio; 4. Concorrência Monopolística (esta última, embora importante, é menos cobrada que as três primeiras no CACD)."
2. Quais são as características básicas da concorrência perfeita?;"1. Grande número de compradores e vendedores (atomismo); 2. Produto homogêneo; 3. Livre entrada e saída de empresas; 4. Perfeita informação; 5. Mobilidade de fatores."
"3. O que significa ""atomismo"" em concorrência perfeita?";"Que cada empresa é tão pequena em relação ao mercado que não tem poder para influenciar o preço de equilíbrio. É ""tomadora de preços"" (price-taker)."
4. Por que o produto é homogêneo na concorrência perfeita?;Porque os bens são idênticos, perfeitos substitutos entre si, de modo que o consumidor é indiferente entre comprar de uma empresa ou de outra.
"5. O que significa ""livre entrada e saída"" no longo prazo?";Que não há barreiras legais, tecnológicas ou financeiras que impeçam novas empresas de entrar no mercado ou que forcem as existentes a sair.
6. Qual o formato da curva de demanda enfrentada por uma empresa em concorrência perfeita?;É uma reta horizontal (perfeitamente elástica) ao preço de mercado, pois a empresa pode vender toda a sua produção a esse preço.
7. Qual a condição de equilíbrio (maximização do lucro) para uma empresa em concorrência perfeita?;Produzir onde o preço (P) se iguala ao custo marginal (CMg), ou seja, P = CMg.
8. No curto prazo em concorrência perfeita, a empresa pode ter lucro extraordinário?;Sim, se o preço de mercado estiver acima do custo médio total (CMe) no ponto de equilíbrio (P > CMe).
9. No curto prazo em concorrência perfeita, a empresa pode operar com prejuízo?;Sim, desde que o preço cubra pelo menos o custo variável médio (P ≥ CVMe mínimo). Caso contrário, ela fecha.
10. O que acontece com o lucro extraordinário em concorrência perfeita no longo prazo?;Ele é eliminado pela entrada de novas empresas, atraídas pelo lucro. O preço cai até se igualar ao mínimo do custo médio total (P = CMe mínimo).
11. O que acontece com as empresas com prejuízo no longo prazo em concorrência perfeita?;Elas saem do mercado, reduzindo a oferta e elevando o preço até que as empresas restantes tenham lucro normal (P = CMe).
12. No equilíbrio de longo prazo da concorrência perfeita, qual o lucro da empresa?;Lucro econômico zero (apenas lucro normal, que é o custo de oportunidade do capital e do empresário).
13. Qual a principal vantagem da concorrência perfeita para a sociedade?;A alocação eficiente dos recursos, pois a produção ocorre onde o preço iguala o custo marginal (P = CMg), maximizando o excedente total (consumidor + produtor).
14. O que é o monopólio?;É uma estrutura de mercado onde há um único vendedor de um bem ou serviço que não tem substitutos próximos, com barreiras à entrada de novos concorrentes.
15. Quais são as principais barreiras à entrada no monopólio?;"1. Patentes e direitos autorais; 2. Controle exclusivo de matéria-prima; 3. Economias de escala (monopólio natural); 4. Concessão governamental (ex: serviços públicos)."
16. Qual é a diferença entre monopólio natural e monopólio artificial?;Natural ocorre quando uma única empresa pode produzir a custo menor que várias (devido a economias de escala). Artificial decorre de leis, patentes ou controle de recursos.
17. Qual o formato da curva de demanda enfrentada pelo monopolista?;É a própria curva de demanda de mercado, com inclinação negativa (descendente). O monopolista não é tomador de preço.
18. Como o monopolista maximiza seu lucro?;Produzindo a quantidade onde a receita marginal (RMg) se iguala ao custo marginal (CMg), e depois cobrando o preço máximo que os consumidores aceitam para essa quantidade (na curva de demanda).
19. Por que a receita marginal do monopolista é menor que o preço?;Porque, para vender uma unidade adicional, ele precisa reduzir o preço de todas as unidades vendidas anteriormente. Portanto, a RMg é sempre inferior à curva de demanda.
20. O monopolista sempre obtém lucro extraordinário?;Não necessariamente. Se a demanda for muito baixa, o ponto RMg = CMg pode ocorrer abaixo do custo médio, dando prejuízo. Mas, no longo prazo, o monopolista tende a ter lucro se a demanda permitir.
"21. O que é o ""poder de monopólio"" e como ele se manifesta?";É a capacidade do monopolista de cobrar um preço acima do custo marginal (P > CMg). Quanto maior a diferença, maior o poder de monopólio.
"22. O que é a ""perda de bem-estar"" (ou peso morto) do monopólio?";É a redução do excedente total (consumidor + produtor) em relação à concorrência perfeita. O monopolista produz menos e cobra mais, deixando de atender consumidores que valorizam o bem acima do custo marginal.
23. O que é a discriminação de preços?;É a prática de cobrar preços diferentes para diferentes consumidores ou para diferentes unidades do mesmo bem, sem que isso se baseie em diferenças de custo.
24. Quais os três tipos de discriminação de preços?;"1. De 1º grau (perfeita): cobrar de cada consumidor o máximo que ele está disposto a pagar; 2. De 2º grau: preço varia com a quantidade comprada (descontos por atacado); 3. De 3º grau: preços diferentes para grupos distintos (ex: estudante/senhor)."
25. Qual o efeito da discriminação de preços sobre o excedente do consumidor?;Transfere parte (ou todo) do excedente do consumidor para o produtor (monopolista), mas pode aumentar a produção total e reduzir a ineficiência.
26. O que é o oligopólio?;É uma estrutura de mercado com poucas empresas, que produzem bens homogêneos ou diferenciados, e onde há forte interdependência estratégica entre elas.
27. Qual a principal característica que distingue o oligopólio das outras estruturas?;A interdependência: a decisão de uma empresa afeta as demais, e cada uma leva em conta a reação das concorrentes ao tomar suas decisões.
"28. O que é o ""equilíbrio de Cournot"" em oligopólio?";É um modelo onde cada empresa decide sua quantidade produzida, supondo que as quantidades das concorrentes permaneçam fixas. O equilíbrio ocorre quando cada uma maximiza seu lucro dado esse pressuposto.
"29. O que é o ""modelo de Stackelberg"" em oligopólio?";É um modelo onde existe uma empresa líder que decide sua quantidade primeiro, e as seguidoras reagem a essa decisão. O líder tem vantagem estratégica.
"30. O que é o ""modelo de Bertrand"" em oligopólio?";É um modelo onde as empresas competem via preços (e não via quantidades), supondo que o preço do concorrente é fixo. O equilíbrio tende a levar ao preço igual ao custo marginal (como em concorrência perfeita), se os bens são homogêneos.
"31. O que é o ""modelo de Edgeworth"" em oligopólio?";Considera que as empresas têm capacidade produtiva limitada, de modo que não conseguem atender toda a demanda quando o preço cai, gerando instabilidade de preços.
"32. O que é o ""equilíbrio de Nash"" aplicado ao oligopólio?";É uma situação em que cada empresa adota a melhor estratégia possível, dadas as estratégias escolhidas pelas outras empresas. Ninguém tem incentivo para mudar unilateralmente.
"33. O que é um ""cartel""?";É um acordo explícito entre empresas oligopolistas para fixar preços, dividir mercado ou restringir a produção, com o objetivo de maximizar o lucro conjunto (agindo como um monopólio).
34. Por que os cartéis são instáveis?;"Porque cada membro tem incentivo para ""trapacear"" (aumentar a produção ou baixar o preço às escondidas) para ganhar mais mercado, desde que os outros cumpram o acordo."
"35. O que é a ""liderança de preços"" em oligopólio?";É uma prática tácita (sem acordo formal) onde uma empresa dominante define o preço e as demais seguem esse preço, ajustando suas quantidades.
36. Qual a diferença entre bens homogêneos e bens diferenciados no oligopólio?;"Bens homogêneos são idênticos (ex: petróleo, aço); bens diferenciados são distintos por marca, qualidade ou serviço (ex: carros, eletrônicos)."
"37. O que é a ""concorrência monopolística""?";É uma estrutura com muitas empresas, livre entrada e saída, mas com produtos diferenciados (não homogêneos). Cada empresa tem um pequeno poder de monopólio sobre seu nicho.
38. Como se dá o equilíbrio de longo prazo na concorrência monopolística?;As empresas entram e saem até que o lucro econômico seja zero, mas o preço fica acima do custo marginal (P > CMg) e a produção não ocorre no ponto de custo médio mínimo (há excesso de capacidade).
"39. O que são ""bens públicos""?";São bens que apresentam duas características principais: não rivalidade (o consumo de um não reduz a disponibilidade para outros) e não exclusão (ninguém pode ser impedido de consumir).
"40. O que significa ""não rivalidade"" (ou não rival) em um bem?";Que o consumo por uma pessoa não reduz a quantidade disponível para outra pessoa. Exemplo: a luz de um farol.
"41. O que significa ""não exclusão"" (ou não excludente) em um bem?";Que é impossível ou muito caro impedir que alguém consuma o bem, mesmo que não pague por ele. Exemplo: defesa nacional.
42. Quais são os exemplos clássicos de bens públicos puros?;Defesa nacional, iluminação pública, farol marítimo, justiça, segurança pública.
43. Por que os bens públicos são um problema para o mercado?;"Porque o setor privado tem pouco incentivo para produzi-los (já que não pode cobrar de todos que se beneficiam), gerando a ""falha de mercado"" do free-rider (carona)."
"44. O que é o problema do ""carona"" (free-rider) em bens públicos?";É quando um agente se beneficia de um bem público sem contribuir para seu financiamento, pois ninguém pode ser excluído. Isso leva à subprovisão privada.
45. Como o Estado resolve o problema dos bens públicos?;Através da provisão direta (o Estado produz) ou do financiamento via tributação compulsória, garantindo que todos contribuam.
"46. O que é a ""demanda por bens públicos""?";É a soma vertical (não horizontal) das disposições a pagar de cada indivíduo, já que todos consomem a mesma quantidade total.
"47. O que são ""bens rivais"" (ou bens de consumo rival)?";São bens cujo consumo por uma pessoa impede ou reduz a possibilidade de consumo por outra. Exemplo: uma maçã, um litro de gasolina.
"48. O que são ""bens excludentes"" (ou excludíveis)?";São bens onde é possível impedir que alguém os consuma se não pagar por eles. Exemplo: um carro, um cinema.
49. Qual a classificação de bens com base na rivalidade e na exclusão?;"1. Bens privados (rivais e excludentes); 2. Bens públicos (não rivais e não excludentes); 3. Recursos comuns (rivais e não excludentes); 4. Bens de clube (não rivais e excludentes)."
"50. O que são ""bens privados""?";São bens rivais e excludentes. Exemplo: comida, roupa, carro. A alocação pelo mercado é eficiente.
"51. O que são ""recursos comuns"" (ou commons)?";São bens rivais, mas não excludentes. Exemplo: pesca em alto-mar, pastos comunitários, água de aquífero.
52. Qual é o principal problema econômico dos recursos comuns?;"A ""Tragédia dos Comuns"": o uso excessivo e a degradação do recurso, pois cada usuário tem incentivo para extrair o máximo possível antes que os outros o façam, levando ao esgotamento."
53. Como se resolve a Tragédia dos Comuns?;"Através de: 1. Regulação (cotas); 2. Criação de direitos de propriedade (privatização); 3. Tributação (taxas); 4. Gestão comunitária com regras claras."
"54. O que são ""bens de clube"" (ou bens de club)?";São bens não rivais, mas excludentes. Exemplo: TV a cabo, parque nacional com ingresso, clube privado, estacionamento pago.
"55. O que são ""externalidades""?";São efeitos colaterais (positivos ou negativos) de uma atividade produtiva ou de consumo sobre terceiros que não estão diretamente envolvidos na transação e que não são refletidos no preço de mercado.
56. O que é uma externalidade negativa?;Ocorre quando a atividade impõe um custo a terceiros. Exemplo: poluição de uma fábrica prejudica moradores vizinhos.
57. O que é uma externalidade positiva?;Ocorre quando a atividade gera um benefício a terceiros. Exemplo: vacinação (protege a comunidade), educação (gera mão de obra mais qualificada para todos).
58. Qual o efeito de uma externalidade negativa sobre a quantidade de equilíbrio de mercado?;O mercado produz uma quantidade maior que a socialmente ótima (excesso de produção), pois o custo social (privado + externo) é maior que o custo privado.
59. Qual o efeito de uma externalidade positiva sobre a quantidade de equilíbrio de mercado?;O mercado produz uma quantidade menor que a socialmente ótima (escassez de produção), pois o benefício social (privado + externo) é maior que o benefício privado.
"60. O que é o ""custo social marginal"" e o ""benefício social marginal""?";Custo social marginal = custo privado + custo externo (para externalidade negativa). Benefício social marginal = benefício privado + benefício externo (para externalidade positiva).
61. Qual a solução para uma externalidade negativa segundo a teoria de Pigou?;"A aplicação de um imposto (chamado ""Imposto Pigouviano"") igual ao custo externo, internalizando a externalidade e reduzindo a produção ao nível ótimo social."
62. Qual a solução para uma externalidade positiva segundo a teoria de Pigou?;A concessão de um subsídio igual ao benefício externo, aumentando a produção ao nível ótimo social.
"63. O que é o ""Teorema de Coase""?";Propõe que, se os direitos de propriedade são bem definidos e os custos de transação são baixos, as partes podem negociar e chegar a uma solução eficiente para a externalidade, independentemente de quem detém o direito inicial.
"64. O que são ""custos de transação"" no Teorema de Coase?";São os custos para negociar, fazer acordos e fazer cumprir os contratos (ex: custos de informação, de reunião, de contratação de advogados).
65. Na prática, quais são as principais formas de lidar com externalidades?;"1. Regulação (padrões e proibições); 2. Tributos e subsídios; 3. Licenças negociáveis (permissões de poluição); 4. Direitos de propriedade; 5. Soluções voluntárias (acordos)."
"66. O que são ""licenças negociáveis"" (ou créditos de poluição)?";É um sistema onde o governo define um limite total de poluição e emite licenças que as empresas podem comprar e vender entre si, criando um mercado para a poluição e incentivando a redução onde é mais barato.
67. Qual a diferença entre bens comuns e bens públicos em relação à exclusão?;Ambos são não excludentes, mas os comuns são rivais (ex: pesca), enquanto os públicos são não rivais (ex: defesa nacional).
68. Qual a diferença entre bens comuns e bens de clube em relação à rivalidade?;"Os comuns são rivais; os bens de clube são não rivais. Ambos podem ser excludentes (clube) ou não (comuns)."
"69. O que é um ""bem meritório""?";É um bem que o Estado julga socialmente desejável, independentemente da preferência individual, e que tende a ser subconsumido. Exemplo: educação básica, vacinação.
"70. O que é um ""bem demeritório""?";É um bem cujo consumo é considerado socialmente prejudicial, gerando externalidades negativas. Exemplo: cigarro, bebidas alcoólicas em excesso. O Estado pode tributar ou restringir.
71. Como a presença de externalidades afeta a eficiência do mercado?;O mercado deixa de ser eficiente no sentido de Pareto, pois o equilíbrio competitivo não iguala o custo social marginal ao benefício social marginal.
"72. O que é a ""falha de mercado""?";É uma situação em que o mercado, por si só, não aloca os recursos de maneira eficiente. As principais falhas são: externalidades, bens públicos, informação assimétrica, poder de mercado (monopólio) e bens comuns.
"73. O que é ""informação assimétrica""?";"É quando uma parte da transação tem mais informação do que a outra. Exemplos: problema do ""risco moral"" (moral hazard) e da ""seleção adversa""."
"74. O que é ""seleção adversa"" (adverse selection)?";Ocorre quando uma parte com informação privilegiada (ex: segurado) toma decisões que prejudicam a outra, antes da transação. Exemplo: apenas os mais doentes compram seguro de saúde.
"75. O que é ""risco moral"" (moral hazard)?";Ocorre quando uma parte com informação privilegiada altera seu comportamento após a transação. Exemplo: alguém com seguro contra roubo descuida da segurança do carro.
"76. O que é o ""poder de mercado"" como uma falha de mercado?";Ocorre quando uma empresa (monopólio) ou grupo (oligopólio) tem capacidade de influenciar o preço, produzindo abaixo do nível eficiente e gerando perda de bem-estar.
77. No equilíbrio de concorrência perfeita, como se determinam preço e quantidade?;Pela interseção das curvas de demanda de mercado (dos consumidores) e de oferta de mercado (dos produtores). A quantidade é onde a disposição marginal a pagar iguala o custo marginal.
78. No monopólio, como se determinam preço e quantidade?;O monopolista escolhe a quantidade onde RMg = CMg, e depois cobra o preço correspondente na curva de demanda (acima do CMg). A quantidade é menor que a da concorrência perfeita.
79. No oligopólio, como se determinam preço e quantidade?;Depende do modelo (Cournot, Bertrand, Stackelberg, cartel). Em geral, fica entre o monopólio (menor quantidade, maior preço) e a concorrência perfeita.
"80. O que é o ""excedente do consumidor""?";É a diferença entre o que o consumidor está disposto a pagar e o que ele efetivamente paga. É a área abaixo da curva de demanda e acima do preço.
"81. O que é o ""excedente do produtor""?";É a diferença entre o preço que o produtor recebe e o custo marginal de produzir. É a área acima da curva de oferta e abaixo do preço.
"82. O que é o ""excedente total"" (bem-estar social)?";É a soma do excedente do consumidor e do excedente do produtor. O equilíbrio de concorrência perfeita maximiza o excedente total.
83. Em um monopólio, o que acontece com o excedente total em relação à concorrência perfeita?;Há uma redução (perda de peso morto), pois parte do excedente do consumidor é transferida para o monopolista e parte é simplesmente perdida (consumidores que não compram).
"84. O que é ""eficiência produtiva"" (ou eficiência técnica)?";Ocorre quando a empresa produz ao menor custo possível, ou seja, no ponto mínimo da curva de custo médio. É uma característica do longo prazo em concorrência perfeita.
"85. O que é ""eficiência alocativa"" (ou eficiência de Pareto)?";Ocorre quando os recursos estão alocados de modo que não é possível melhorar o bem-estar de um agente sem piorar o de outro. É quando P = CMg.
86. A concorrência perfeita é eficiente produtiva e alocativamente?;Sim, no longo prazo, ela atinge ambas: produz no mínimo do CMe (produtiva) e com P = CMg (alocativa).
87. O monopólio é eficiente produtiva ou alocativamente?;Geralmente não é alocativamente eficiente (P > CMg). Pode ou não ser produtivamente eficiente (depende se opera no mínimo do CMe).
"88. O que são ""barreiras à entrada"" e como elas afetam o monopólio?";São obstáculos que impedem a entrada de novas empresas (patentes, custos afundados, regulação). Elas permitem que o monopolista mantenha lucros extraordinários no longo prazo.
"89. O que são ""custos afundados"" (sunk costs)?";São custos irrecuperáveis após o investimento (ex: despesas com pesquisa e desenvolvimento). Eles podem atuar como barreira à entrada, pois desencorajam novos entrantes.
"90. O que é um ""monopólio bilateral""?";É uma situação de mercado onde há um único comprador (monopsônio) e um único vendedor (monopólio). O preço e a quantidade são determinados pela negociação entre ambos.
"91. O que é o ""monopsônio""?";É uma estrutura de mercado onde há um único comprador para um bem ou serviço. Exemplo: uma única empresa que emprega toda a mão de obra de uma cidade.
92. Como a regulação econômica atua sobre os monopólios naturais?;Através de fixação de preços (tarifas) pelo Estado, buscando evitar que o monopolista cobre preços abusivos, mas garantindo que ele receba uma taxa de retorno justa.
"93. O que é ""preço máximo"" (price ceiling) na regulação de monopólios?";É a fixação de um preço teto igual ao custo médio (para evitar lucro excessivo) ou igual ao custo marginal (para atingir eficiência alocativa, mas pode gerar prejuízo).
"94. O que é ""regulação por taxa de retorno"" (rate-of-return regulation)?";"É quando o regulador permite que o monopolista cobre preços que cubram seus custos e lhe garantam uma taxa de retorno ""justa"" sobre o capital investido."
95. Quais são os principais problemas da regulação por taxa de retorno?;Pode gerar ineficiência (Averch-Johnson), pois a empresa tem incentivo a exagerar nos investimentos em capital para aumentar sua base de remuneração.
"96. O que são ""bens complementares"" e ""bens substitutos"" em relação aos preços?";"Complementares são consumidos juntos (ex: café e açúcar); substitutos podem ser usados um no lugar do outro (ex: café e chá). A demanda de um afeta a do outro."
"97. O que é um ""bem de capital"" (bem de investimento)?";É um bem usado para produzir outros bens (ex: máquinas, equipamentos, fábricas), em oposição a bens de consumo final.
"98. O que é um ""bem intermediário""?";É um bem que é usado como insumo na produção de outro bem final (ex: aço para produzir carros, farinha para produzir pão).
"99. O que é a ""curva de possibilidades de utilidade"" no contexto de bens públicos?";Mostra as combinações de utilidade que podem ser alcançadas por diferentes indivíduos dado um nível de provisão de bem público.
100. Para o CACD, por que é essencial dominar a teoria de mercados e bens?;Para analisar políticas de comércio exterior, defesa da concorrência, regulação de setores (como petróleo, telecomunicações), negociações internacionais sobre bens ambientais (comuns), subsídios e tarifas, e o papel do Estado na provisão de bens públicos.
;
;
 O que estuda a Macroeconomia?;Estuda o comportamento da economia como um todo, analisando agregados como produção total (PIB), emprego, inflação, balanço de pagamentos e crescimento econômico.
2. O que é a Contabilidade Nacional?;É o sistema de registros e estatísticas que mede a atividade econômica de um país em um determinado período, permitindo calcular os principais agregados macroeconômicos.
3. Qual a principal identidade da Contabilidade Nacional?;A renda total gerada na economia é igual ao produto total produzido, que é igual ao dispêndio total realizado (Renda = Produto = Despesa).
4. Por que Renda, Produto e Despesa são sempre iguais?;Porque toda produção gera renda para alguém (salários, lucros, juros) e toda renda é gasta em consumo ou investimento. É uma identidade contábil, uma visão da mesma economia sob três ângulos.
5. O que é o Produto Interno Bruto (PIB)?;É a soma de todos os bens e serviços finais produzidos dentro das fronteiras geográficas de um país, em um determinado período de tempo (geralmente um ano).
6. Qual a diferença entre PIB nominal e PIB real?;O PIB nominal é medido a preços correntes (do ano de referência). O PIB real é medido a preços constantes (de um ano-base), eliminando o efeito da inflação.
7. Qual a diferença entre PIB e Produto Nacional Bruto (PNB)?;O PIB mede a produção dentro do território nacional (independente da nacionalidade do produtor). O PNB mede a produção dos residentes nacionais (dentro ou fora do país).
8. Como se calcula o PIB pela ótica do produto (ou da produção)?;Somando o valor adicionado (valor da produção menos o valor dos insumos intermediários) de todos os setores da economia.
9. Como se calcula o PIB pela ótica da despesa (ou do dispêndio)?;Somando os gastos com consumo das famílias (C), investimento das empresas (I), gastos do governo (G) e exportações líquidas (X - M). Ou seja, PIB = C + I + G + (X - M).
10. Como se calcula o PIB pela ótica da renda?;Somando todas as remunerações pagas aos fatores de produção: salários (trabalho), juros (capital), aluguéis (terra) e lucros (empreendedorismo), além dos impostos indiretos líquidos de subsídios.
"11. O que são ""bens finais"" no cálculo do PIB?";São bens que são vendidos para o consumidor final ou para investimento, e que não serão utilizados como insumo em outro processo produtivo.
12. Por que os bens intermediários não entram no cálculo do PIB?;Para evitar a dupla contagem, pois seu valor já está embutido no valor dos bens finais.
13. O que é o valor adicionado (ou valor agregado)?;É a diferença entre o valor da produção de uma empresa e o valor dos insumos intermediários que ela adquiriu de outras empresas.
"14. O que são ""produtos intermediários""?";São bens e serviços que são usados como insumos na produção de outros bens (ex: aço para fazer carros, farinha para fazer pão).
"15. O que são ""produtos finais""?";São bens e serviços que são destinados ao consumo final, à formação de capital (investimento) ou à exportação.
16. O que é o investimento (ou formação bruta de capital fixo) no PIB?;São os gastos com bens de capital (máquinas, equipamentos, construção de fábricas e habitações) e com variação de estoques.
17. A compra de ações ou títulos públicos é considerada investimento no PIB?;Não, pois é mera transferência de ativos financeiros, não criação de novo capital produtivo. Não entra no PIB.
"18. O que são as ""exportações líquidas"" (ou saldo comercial)?";"É a diferença entre o valor das exportações de bens e serviços (X) e o valor das importações (M). Se X > M, há superávit; se X < M, déficit."
19. O PIB inclui o valor dos bens usados (mercado de segunda mão)?;Não, pois esses bens já foram contabilizados no PIB do ano em que foram produzidos originalmente.
20. O PIB inclui transações não monetárias (como trabalho voluntário ou produção caseira)?;Em geral, não. Apenas transações de mercado são contabilizadas, o que é uma limitação da Contabilidade Nacional.
21. O que é a Renda Nacional Bruta (RNB)?;É o PIB ajustado pela renda líquida enviada ao exterior (ou recebida do exterior). RNB = PIB + Renda Recebida do Exterior - Renda Enviada ao Exterior.
22. O que é a Renda Nacional Líquida (RNL)?;É a RNB menos a depreciação do capital (consumo de capital fixo). Mede a renda disponível para consumo ou poupança, após repor o desgaste do capital.
23. O que é a Renda Pessoal Disponível (RPD)?;É a renda que efetivamente chega às pessoas (famílias) após os impostos diretos e as transferências (como aposentadorias). É a base para o consumo e a poupança das famílias.
"24. O que é a ""poupança"" na Contabilidade Nacional?";É a parte da renda disponível que não é consumida. A poupança nacional é a soma da poupança privada (famílias + empresas) e da poupança pública (governo).
25. Qual a identidade básica entre poupança e investimento em uma economia fechada (sem exterior)?;A poupança total é igual ao investimento total (S = I). Isso é uma identidade contábil, pois o que não é consumido é investido.
26. Em uma economia aberta (com exterior), como se relacionam poupança e investimento?;O investimento pode ser financiado pela poupança interna mais a poupança externa (entrada de capitais). I = S + (M - X) ou I = S - (X - M).
"27. O que é o ""déficit público"" e como ele afeta a identidade poupança-investimento?";Déficit público (G > T) significa que o governo poupa negativo, o que reduz a poupança nacional e, portanto, o investimento ou aumenta a necessidade de poupança externa.
"28. O que é a ""Teoria Clássica"" da determinação da renda?";Afirma que a economia se autoajusta e opera sempre em pleno emprego, pois os preços e salários são flexíveis e a oferta cria sua própria demanda (Lei de Say).
"29. O que é a ""Lei de Say"" (ou Lei dos Mercados)?";"Afirma que ""a oferta cria sua própria demanda"", ou seja, todo produto gerado gera renda suficiente para comprá-lo. Não há crise de demanda agregada."
30. Na visão clássica, qual o papel do Estado na economia?;Mínimo. A política econômica deve ser de laissez-faire, pois o mercado, via preços flexíveis, leva automaticamente ao equilíbrio de pleno emprego.
"31. O que é a ""Teoria Keynesiana"" da determinação da renda?";Afirma que a economia pode ficar estagnada em equilíbrio com desemprego involuntário, pois preços e salários são rígidos (pegajosos) e a demanda agregada é insuficiente.
32. Qual a crítica central de Keynes à Lei de Say?;Keynes inverteu a lógica: a demanda é que determina a oferta. Se falta demanda agregada, as empresas reduzem a produção e o emprego, gerando recessão.
33. Qual o principal determinante do consumo na teoria keynesiana?;"A renda disponível corrente. Keynes postulou uma ""propensão marginal a consumir"" (PMgC) positiva, mas menor que 1."
"34. O que é a ""propensão marginal a consumir"" (PMgC)?";É a fração de cada unidade adicional de renda que os consumidores destinam ao consumo. Uma PMgC menor que 1 significa que parte da renda é poupada.
"35. O que é o ""multiplicador keynesiano"" (da despesa)?";É o efeito amplificado sobre a renda total de uma variação autônoma nos gastos (consumo, investimento ou gastos do governo). Quanto maior a PMgC, maior o multiplicador.
"36. O que é a ""demanda agregada"" (DA)?";É o total de gastos planejados na economia para um dado nível de preços. Inclui consumo das famílias, investimento das empresas, gastos do governo e exportações líquidas.
"37. O que é a ""oferta agregada"" (OA)?";"É o total de bens e serviços que as empresas estão dispostas e capazes de produzir em cada nível geral de preços. No curto prazo, tem inclinação positiva; no longo prazo, é vertical (pleno emprego)."
38. Qual a forma da curva de oferta agregada de curto prazo?;Tem inclinação positiva (ascendente), pois, com preços mais altos, as empresas aumentam a produção devido a lucros maiores (desde que os custos nominais, como salários, demorem a subir).
39. Qual a forma da curva de oferta agregada de longo prazo?;É vertical, no nível do produto potencial (pleno emprego), pois os preços são totalmente flexíveis e a produção é determinada pelos fatores de produção e pela tecnologia.
40. Qual a forma da curva de demanda agregada?;É inclinada negativamente (descendente): quanto menor o nível geral de preços, maior a quantidade demandada de bens e serviços.
41. Quais são os três efeitos que explicam a inclinação negativa da DA?;"1. Efeito riqueza (ou efeito-Pigou): preços mais baixos aumentam o poder de compra da riqueza; 2. Efeito taxa de juros (ou efeito-Keynes): preços mais baixos reduzem juros e estimulam investimento; 3. Efeito câmbio (ou efeito-Mundell-Fleming): preços mais baixos tornam os produtos nacionais mais competitivos."
42. O que desloca a curva de demanda agregada para a direita?;Aumento autônomo no consumo, investimento, gastos do governo, exportações, ou redução de impostos.
43. O que desloca a curva de demanda agregada para a esquerda?;Redução autônoma nos gastos, aumento de impostos, ou piora nas expectativas de consumidores e empresários.
44. O que desloca a curva de oferta agregada de curto prazo para a direita?;Redução nos custos de produção (ex: queda de salários, queda no preço de insumos, progresso tecnológico).
45. O que desloca a curva de oferta agregada de longo prazo para a direita?;Aumento da força de trabalho, aumento do capital, progresso tecnológico, ou melhorias na produtividade.
"46. O que é o ""produto potencial"" (ou PIB potencial)?";É o nível máximo de produção que a economia pode manter sem gerar pressões inflacionárias, utilizando plenamente seus fatores de produção (sem desemprego cíclico).
"47. O que é o ""hiato do produto"" (output gap)?";"É a diferença entre o PIB efetivo (observado) e o PIB potencial. Se efetivo > potencial, há hiato inflacionário; se efetivo < potencial, há hiato recessivo."
"48. O que é o ""desemprego involuntário"" na visão keynesiana?";É o desemprego que persiste mesmo quando há trabalhadores dispostos a trabalhar pelo salário vigente, mas não há empregos disponíveis por falta de demanda agregada.
"49. O que é o ""pleno emprego"" na teoria clássica?";É a situação onde todos os recursos produtivos (inclusive trabalho) estão empregados. Qualquer desemprego é voluntário (o trabalhador recusa o salário de equilíbrio) ou friccional (transitório).
"50. Qual a diferença entre os agregados ""PIB nominal"" e ""PIB real""?";"O nominal é a valores correntes (influi a inflação); o real é a valores constantes (descontada a inflação), refletindo apenas o crescimento físico da produção."
"51. O que é o ""deflator do PIB""?";É um índice de preços que mede a variação dos preços de todos os bens e serviços produzidos internamente. É dado por (PIB nominal / PIB real) x 100.
52. Qual a diferença entre o deflator do PIB e o Índice de Preços ao Consumidor (IPC)?;"O deflator abrange todos os bens finais produzidos; o IPC mede uma cesta fixa de bens consumidos pelas famílias, incluindo importados."
"53. O que é o ""consumo das famílias"" (C) no PIB pela ótica da despesa?";São os gastos das famílias com bens e serviços de consumo duráveis (carros) e não duráveis (alimentos, serviços).
"54. O que é o ""investimento"" (I) no PIB pela ótica da despesa?";É o gasto das empresas com bens de capital (máquinas, equipamentos), construção residencial e variação de estoques (matéria-prima e produtos acabados).
"55. O que são os ""gastos do governo"" (G) no PIB?";São os gastos correntes e de investimento do governo em bens e serviços públicos (salários de servidores, construção de escolas), excluindo transferências (aposentadorias, bolsas).
56. Por que as transferências governamentais (aposentadorias, bolsa-família) não entram no PIB?;Porque são simples transferências de renda, sem contrapartida em produção de bens ou serviços. Não geram novo valor adicionado.
"57. O que é a ""poupança privada"" na Contabilidade Nacional?";É a renda disponível das famílias e empresas menos o consumo (Spriv = RPD - C).
"58. O que é a ""poupança pública"" (ou poupança do governo)?";"É a diferença entre a arrecadação de impostos (T) e os gastos do governo (G). Se T > G, o governo tem superávit (poupança positiva); se T < G, déficit (poupança negativa)."
"59. O que é a ""poupança externa"" (ou poupança do resto do mundo)?";É o fluxo de capitais que entra no país para financiar o investimento, correspondente ao déficit em transações correntes (M - X).
"60. O que é a identidade ""PIB = C + I + G + X - M"" conhecida como?";É a identidade da ótica da despesa (gasto) do PIB, fundamental para entender a demanda agregada em uma economia aberta.
"61. O que é o ""produto nacional bruto"" (PNB) e como ele difere do PIB?";O PNB inclui a renda de residentes nacionais no exterior e exclui a renda de estrangeiros no país (PNB = PIB + RLEE, onde RLEE = renda líquida enviada ao exterior).
"62. O que é a ""renda líquida enviada ao exterior"" (RLEE)?";É a diferença entre a renda que os residentes nacionais recebem do exterior (salários, juros, lucros) e a renda que os residentes estrangeiros enviam para fora do país.
"63. O que é o ""Produto Interno Líquido"" (PIL)?";É o PIB menos a depreciação do capital (consumo de capital fixo). Mede a produção líquida, após repor o desgaste do estoque de capital.
"64. O que é a ""Renda Nacional Bruta"" (RNB) no Sistema de Contas Nacionais?";É a soma de todas as rendas primárias (salários, lucros, juros, aluguéis) recebidas pelos residentes nacionais, incluindo as recebidas do exterior.
"65. O que é o ""saldo do balanço de pagamentos em transações correntes""?";É a soma da balança comercial (X-M), da balança de serviços e da balança de rendas (juros e lucros). É o reflexo da poupança externa.
66. Na identidade keynesiana de determinação da renda, como se define o equilíbrio?;O equilíbrio ocorre quando a oferta agregada (produção) se iguala à demanda agregada planejada (gastos totais).
"67. O que é o ""investimento autônomo"" na teoria keynesiana?";É o investimento que não depende do nível de renda corrente, mas sim de expectativas, taxas de juros e inovações.
"68. O que é o ""investimento induzido"" na teoria keynesiana?";É o investimento que varia com o nível de renda ou produção (quanto maior a renda, maior a demanda e, portanto, maior o investimento em capacidade).
"69. O que é a ""propensão marginal a poupar"" (PMgS)?";É a fração de cada unidade adicional de renda que é poupada. PMgS + PMgC = 1.
70. Qual a relação entre o multiplicador keynesiano e a PMgS?;O multiplicador é o inverso da PMgS (1 / PMgS). Quanto maior a PMgS (menor a PMgC), menor o multiplicador.
"71. O que é a ""armadilha da liquidez"" na teoria keynesiana?";É uma situação onde a taxa de juros está tão baixa que a política monetária se torna ineficaz, pois as pessoas preferem reter moeda a investir em títulos, anulando o efeito da expansão monetária.
72. Qual é a visão keynesiana sobre a rigidez de salários e preços?;Keynes parte do princípio que salários e preços são rígidos para baixo (não caem facilmente), o que impede o ajuste automático e gera desemprego involuntário.
"73. O que é a ""demanda efetiva"" na teoria keynesiana?";É o ponto de equilíbrio onde a demanda agregada esperada pelos empresários se iguala à oferta, determinando o nível de produção e emprego.
74. Qual o principal papel do governo na visão keynesiana?;Intervir ativamente, usando políticas fiscal (gastos e impostos) e monetária (juros e moeda) para estabilizar a economia, principalmente em recessões.
"75. O que é a ""política fiscal expansionista"" na visão keynesiana?";Aumento dos gastos do governo (G) ou redução de impostos (T) para elevar a demanda agregada e combater o desemprego.
"76. O que é a ""política monetária expansionista"" na visão keynesiana?";Redução da taxa de juros ou aumento da oferta de moeda para estimular o investimento e o consumo, elevando a demanda agregada.
77. Qual é a crítica clássica ao multiplicador keynesiano?;Os clássicos argumentam que o aumento dos gastos do governo desloca (crowding out) o investimento privado, pois eleva as taxas de juros, anulando o efeito multiplicador.
"78. O que é o ""efeito crowding out"" (deslocamento)?";É a redução do investimento privado causada pelo aumento dos gastos ou déficits públicos, que elevam as taxas de juros e encarecem o crédito para as empresas.
"79. O que é a ""síntese neoclássica"" (ou consenso keynesiano-neoclássico)?";É a tentativa de integrar os princípios keynesianos de curto prazo (rigidez de preços) com os neoclássicos de longo prazo (flexibilidade e pleno emprego).
"80. O que é a ""curva de Phillips"" original (keynesiana)?";Mostra uma relação inversa entre inflação e desemprego: menor desemprego implicaria maior inflação, e vice-versa.
81. Qual a diferença entre o curto prazo e o longo prazo para a oferta agregada?;No curto prazo, a OA é inclinada positivamente (preços influenciam produção). No longo prazo, a OA é vertical (a produção é determinada por fatores reais).
"82. O que é um ""choque de demanda"" na macroeconomia?";É uma mudança súbita e inesperada na demanda agregada (ex: consumo, investimento, gastos do governo ou exportações), que desloca a curva DA.
"83. O que é um ""choque de oferta"" (ou choque de custos)?";É uma mudança súbita nos custos de produção (ex: aumento do preço do petróleo), que desloca a curva de oferta agregada (geralmente para a esquerda).
"84. O que é a ""Lei de Okun""?";É uma relação empírica que mostra que, para cada ponto percentual de redução do PIB abaixo do PIB potencial, a taxa de desemprego aumenta cerca de 0,5 a 1 ponto percentual.
"85. O que é o ""hiato deflacionário"" (ou hiato recessivo)?";É a situação onde o PIB efetivo é menor que o PIB potencial, gerando desemprego e pressão baixista sobre os preços.
"86. O que é o ""hiato inflacionário"" (ou hiato de demanda)?";É a situação onde o PIB efetivo é maior que o PIB potencial, gerando pressão altista sobre os preços (inflação).
87. O que a teoria keynesiana recomenda para um hiato recessivo?;Políticas expansionistas (aumento de gastos ou redução de impostos) para elevar a demanda agregada e fechar o hiato.
88. O que a teoria keynesiana recomenda para um hiato inflacionário?;Políticas contracionistas (redução de gastos ou aumento de impostos) para reduzir a demanda agregada e conter a inflação.
89. Como a teoria clássica encara um hiato recessivo?;Ela acredita que o mercado se ajusta automaticamente via queda de salários e preços, restaurando o pleno emprego sem intervenção estatal.
"90. O que é a ""inflação de demanda""?";É a inflação causada pelo excesso de demanda agregada em relação à capacidade produtiva (hiato inflacionário).
"91. O que é a ""inflação de custos"" (ou inflação de oferta)?";É a inflação causada por aumentos nos custos de produção (ex: salários, matérias-primas), que deslocam a oferta agregada para a esquerda.
"92. O que são os ""agregados monetários"" (M1, M2, M3) e sua relação com a macroeconomia?";São medidas da oferta de moeda: M1 (moeda em poder do público + depósitos à vista), M2 (M1 + depósitos a prazo), etc. Acompanham a política monetária.
"93. O que é a ""velocidade da moeda"" na equação quantitativa da moeda?";É a frequência com que uma unidade monetária é usada para comprar bens e serviços em um período. Aparece na Teoria Quantitativa (MV = PY).
94. O que a Teoria Quantitativa da Moeda (clássica) estabelece?;Que o nível geral de preços (P) é diretamente proporcional à quantidade de moeda (M) na economia, no longo prazo (MV = PY).
"95. O que é a ""dicotomia clássica"" na macroeconomia?";É a separação entre as variáveis reais (produção, emprego) e as variáveis nominais (preços, salários). Mudanças na moeda afetam apenas as nominais.
"96. O que é a ""neutralidade da moeda"" no longo prazo?";É a ideia de que mudanças na oferta de moeda afetam apenas o nível geral de preços, não afetando variáveis reais (PIB, emprego) no longo prazo.
"97. O que é o ""pleno emprego dos fatores"" na Contabilidade Nacional?";É a situação em que todos os recursos produtivos (mão de obra e capital) estão sendo utilizados em sua capacidade máxima, gerando o PIB potencial.
"98. Qual a diferença entre ""renda nacional"" e ""renda pessoal disponível""?";A renda nacional é o total ganho pelos fatores de produção. A renda pessoal disponível é a renda que chega efetivamente às famílias, após impostos diretos e transferências.
"99. O que é o ""consumo intermediário"" no cálculo do PIB?";É o valor dos bens e serviços que são usados como insumo no processo produtivo e que são transformados ou consumidos no processo (ex: energia elétrica, matéria-prima).
100. Para o CACD, por que é essencial dominar a Contabilidade Nacional e a teoria de determinação da renda?;Para interpretar os dados econômicos de países, analisar o impacto de políticas comerciais e cambiais sobre o PIB, entender relatórios do FMI e Banco Mundial, e avaliar a eficácia de políticas fiscais e monetárias nas negociações internacionais.
;
;
O que é o Balanço de Pagamentos (BP)?;É o registro estatístico de todas as transações econômicas entre residentes de um país e o resto do mundo, durante um determinado período (geralmente um ano ou trimestre).
2. Qual o princípio contábil fundamental do Balanço de Pagamentos?;O BP é sempre equilibrado (não há déficit ou superávit no BP como um todo), pois é uma partida dobrada: todo crédito tem um débito correspondente. O que se discute são os saldos de seus subgrupos.
3. Quais são os dois grandes grupos de contas do Balanço de Pagamentos?;"1. Conta de Transações Correntes; 2. Conta de Capital e Financeira (antigamente separadas em conta de capital e conta financeira)."
4. O que registra a Conta de Transações Correntes?;Registra as transações com bens, serviços, rendas (juros, lucros, salários) e transferências unilaterais (donativos, remessas) entre o país e o exterior.
5. Quais são os quatro subcomponentes da Conta de Transações Correntes?;"1. Balança Comercial (bens); 2. Balança de Serviços; 3. Balança de Rendas (ou Rendimentos); 4. Transferências Unilaterais Correntes."
6. O que é a Balança Comercial?;É o registro das exportações (vendas de bens ao exterior) e importações (compras de bens do exterior) de mercadorias. Não inclui serviços.
7. O que é a Balança de Serviços?;Registra transações com serviços, como transporte, turismo, seguros, royalties, serviços financeiros e de consultoria.
8. O que é a Balança de Rendas (ou Rendimentos)?;Registra o pagamento e o recebimento de rendas primárias, como juros de empréstimos, lucros e dividendos de investimentos, e salários de trabalhadores residentes no exterior.
9. O que são Transferências Unilaterais Correntes?;São transferências de recursos sem contrapartida, como remessas de imigrantes, doações internacionais, ajuda humanitária e transferências do governo (ex: contribuições a organismos internacionais).
"10. O que significa um ""déficit"" em Transações Correntes?";Significa que o país gastou mais com importações, serviços, rendas e transferências do que ganhou com exportações, serviços prestados, rendas recebidas e transferências recebidas. O saldo é negativo.
"11. O que significa um ""superávit"" em Transações Correntes?";Significa que o país ganhou mais com exportações, serviços, rendas e transferências do que gastou com importações, serviços contratados, rendas pagas e transferências enviadas. O saldo é positivo.
12. Qual a identidade fundamental entre a Conta de Transações Correntes e a Conta Financeira?;O saldo de Transações Correntes (TC) mais o saldo da Conta de Capital e Financeira (CKF) mais o saldo de Erros e Omissões deve ser igual a zero. Ou seja, TC + CKF = 0 (desconsiderando variação de reservas).
"13. O que significa ""TC = - CKF""?";Significa que um déficit em transações correntes (TC < 0) é financiado por um superávit na conta de capital e financeira (CKF > 0), ou seja, por entrada de capitais estrangeiros ou redução de reservas.
14. O que é a Conta de Capital e Financeira?;Registra as transações com ativos e passivos financeiros entre residentes e não residentes, incluindo investimentos diretos, investimentos em carteira, empréstimos e depósitos.
15. A Conta de Capital e Financeira se divide em quais duas contas principais?;Conta de Capital (transferências de capital, como cancelamento de dívidas, e aquisição de ativos não financeiros) e Conta Financeira (ativos e passivos financeiros).
"16. O que são ""Investimentos Diretos"" (IED) na Conta Financeira?";São investimentos que visam obter participação duradoura e influência na gestão de uma empresa no exterior (geralmente acima de 10% do capital votante). Ex: fábrica de uma multinacional.
"17. O que são ""Investimentos em Carteira"" (ou de portfólio) na Conta Financeira?";São investimentos em títulos (ações, debêntures, títulos públicos) sem intenção de controle ou influência na gestão. São movimentos de curto e médio prazo, mais voláteis.
"18. O que são ""Derivativos"" na Conta Financeira?";São instrumentos financeiros cujo valor deriva de um ativo subjacente (câmbio, juros, commodities), usados para hedge (proteção) ou especulação.
"19. O que são ""Outros Investimentos"" na Conta Financeira?";Incluem empréstimos comerciais, depósitos bancários, créditos comerciais, e outras operações de crédito não classificadas como IED ou carteira.
"20. O que é a conta ""Ativos de Reserva"" (ou Reservas Internacionais)?";Registra as variações nas reservas internacionais do país (moedas estrangeiras, ouro, Direitos Especiais de Saque - DES), mantidas pelo Banco Central.
"21. O que são os ""Erros e Omissões"" no Balanço de Pagamentos?";É uma conta residual (de ajuste) que capta discrepâncias estatísticas, transações não registradas, contrabando, subfaturamento e fluxos ilícitos de capitais.
22. Como se financia um déficit em transações correntes?;"Por meio de: 1) Entrada de capitais estrangeiros (IED, carteira, empréstimos); 2) Redução das reservas internacionais; 3) Atração de investimentos (superávit na conta financeira)."
"23. O que é a ""poupança externa""?";É exatamente o déficit em transações correntes. Representa o montante de recursos do exterior que o país está utilizando para financiar seu investimento interno.
24. Qual a identidade macroeconômica que relaciona Poupança, Investimento e Transações Correntes?;Poupança Interna (S) + Poupança Externa (SE) = Investimento (I). Ou seja, I = S + (M - X). O déficit em TC (M > X) é a poupança externa.
"25. O que é o ""Saldo do Balanço de Pagamentos"" (ou Variação de Reservas)?";"É a diferença entre o total de créditos e débitos do BP. Idealmente, é zero. Se houver superávit, as reservas aumentam; se déficit, as reservas diminuem."
"26. O que são ""Indicadores de Liquidez Externa""?";São indicadores que medem a capacidade de um país de honrar seus compromissos financeiros de curto prazo com o exterior, utilizando seus ativos líquidos (reservas).
"27. O que são ""Indicadores de Solvência Externa""?";São indicadores que medem a capacidade de um país de honrar todos os seus compromissos externos (incluindo os de longo prazo) no longo prazo, considerando sua dívida total e sua capacidade de gerar divisas.
28. Qual é o principal indicador de liquidez externa?;As Reservas Internacionais (ou Reservas Internacionais Líquidas), que mostram a disponibilidade de divisas para pagar importações e servir a dívida no curto prazo.
"29. O que é o ""Índice de Cobertura de Importações"" (ou Reservas/Importações)?";Mede o número de meses de importações que o país pode financiar com suas reservas internacionais. Quanto maior, melhor a liquidez.
"30. O que é a ""Regra de Guidotti-Greenspan""?";Recomenda que as reservas internacionais de um país cubram pelo menos 100% da dívida externa de curto prazo (vencimento inferior a 1 ano).
"31. O que é a ""Razão Reservas / Dívida de Curto Prazo""?";É um indicador de liquidez que mostra se o país tem reservas suficientes para pagar toda a sua dívida externa de curto prazo, sem recorrer a novos empréstimos.
"32. O que é a ""Razão Dívida Externa / Exportações""?";É um indicador de solvência que mostra o peso da dívida total em relação à capacidade do país de gerar divisas via exportações. Quanto menor, melhor.
"33. O que é a ""Razão Dívida Externa / PIB""?";É um indicador de solvência que mostra o tamanho da dívida externa em relação ao tamanho da economia (riqueza gerada). Quanto menor, melhor.
"34. O que é a ""Razão Serviço da Dívida / Exportações""?";Mede o porcentual das exportações que é comprometido com o pagamento de juros e amortizações da dívida externa. Acima de 20-25% é considerado crítico.
"35. O que é a ""Razão Juros / Exportações""?";Indica quanto da receita de exportações é usado apenas para pagar os juros da dívida externa (sem amortizar o principal).
"36. O que é a ""Razão Amortizações / Exportações""?";Indica quanto da receita de exportações é usado para pagar o principal (amortizações) da dívida externa.
"37. O que é a ""Dívida Externa Bruta""?";É o total de passivos (dívidas) de um país com não residentes, independentemente da moeda ou do setor (governo, empresas, bancos).
"38. O que é a ""Dívida Externa Líquida""?";É a dívida externa bruta menos os ativos externos líquidos do país (reservas, investimentos brasileiros no exterior, créditos). Reflete a posição credora ou devedora líquida.
"39. O que é a ""Posição Internacional de Investimento (PII)""?";É o balanço patrimonial do país com o exterior, mostrando o estoque de ativos (o que o país tem lá fora) e passivos (o que os estrangeiros têm no país). A PII líquida é a diferença.
"40. O que significa ter ""Posição Internacional de Investimento Líquida negativa""?";Significa que o país é devedor líquido (tem mais passivos do que ativos no exterior).
"41. O que significa ter ""Posição Internacional de Investimento Líquida positiva""?";Significa que o país é credor líquido (tem mais ativos do que passivos no exterior).
"42. O que é o ""Saldo da Conta de Capital"" (na acepção estrita do FMI)?";Inclui transferências de capital (ex: cancelamento de dívidas, investimentos em ativos não financeiros como patentes) e aquisição/cessão de ativos não financeiros.
"43. O que é a ""Regra dos 24 meses"" para reservas internacionais?";É uma regra empírica que sugere que as reservas de um país devem ser suficientes para cobrir pelo menos 24 meses de amortizações da dívida externa.
"44. O que é a ""Variação de Reservas Internacionais"" no BP?";"É o saldo final das contas. Se o BP (excluindo reservas) é positivo, as reservas aumentam; se negativo, as reservas diminuem."
"45. O que é o ""Fundos Monetários Internacionais (FMI)"" e qual seu papel nas contas externas?";Instituição internacional que monitora as contas externas dos países, oferece financiamento em crises de balanço de pagamentos e impõe condicionalidades.
"46. O que é uma ""Crise de Balanço de Pagamentos""?";É quando um país não consegue honrar seus compromissos externos (dívida) por falta de divisas, gerando uma forte desvalorização cambial e fuga de capitais.
"47. O que são ""Swap cambial"" na conta financeira?";São operações de troca de moedas entre bancos centrais, usadas para fornecer liquidez em moeda estrangeira e estabilizar o câmbio.
"48. O que é o ""spread"" (ou prêmio) dos títulos da dívida externa?";É a diferença entre a taxa de juros que o país paga para se financiar no exterior e a taxa de um título seguro (ex: T-bond dos EUA). Quanto maior o spread, maior o risco país.
"49. O que é o ""risco país"" e como ele se manifesta?";É a percepção de risco de default (calote) de um país. Manifesta-se no spread dos títulos da dívida, na fuga de capitais e na desvalorização cambial.
"50. O que é um ""funding"" ou ""rollover"" da dívida externa?";É a capacidade do país de refinanciar sua dívida externa, ou seja, emitir novos títulos para pagar os antigos, sem precisar usar reservas.
"51. O que é um ""default"" (ou moratória) externo?";É a situação em que o país declara que não vai pagar (total ou parcialmente) sua dívida externa, seja por falta de recursos ou por decisão política.
"52. O que é a ""renegociação da dívida externa"" (ou reestruturação)?";É o processo de alongar prazos, reduzir juros ou descontar o valor da dívida, feito entre o país devedor e seus credores, geralmente em crises.
"53. O que são os ""Direitos Especiais de Saque (DES)"" do FMI?";É um ativo de reserva internacional criado pelo FMI, que funciona como uma moeda suplementar, distribuída entre os países-membros para complementar reservas.
"54. O que é a ""Dívida Externa Pública"" e a ""Dívida Externa Privada""?";"A pública é contraída pelo governo ou estatais; a privada é contraída por empresas e bancos nacionais (ainda que com garantia ou não do governo)."
"55. O que é a ""Seleção Adversa"" no mercado de dívida externa?";É o risco de que os países com maior probabilidade de calote sejam justamente os que mais buscam financiamento, prejudicando os credores.
"56. O que é o ""Risco Moral"" (Moral Hazard) no financiamento externo?";Ocorre quando países tomam riscos excessivos, sabendo que organismos internacionais (FMI) podem resgatá-los em caso de crise, reduzindo o incentivo à disciplina.
"57. O que são ""Fluxos de Capitais"" e como se classificam?";"São movimentos de dinheiro entre países para investimento ou financiamento. Classificam-se em: 1. Fluxos voláteis (portfólio); 2. Fluxos estáveis (IED); 3. Fluxos de curto prazo (comércio)."
"58. Por que o Investimento Direto (IED) é considerado mais ""estável"" que o de carteira?";"Porque o IED tem compromisso de longo prazo e controle acionário, sendo menos suscetível a saídas súbitas (""flight to quality"") em momentos de crise."
"59. O que é a ""fuga de capitais"" (capital flight)?";É a saída repentina e maciça de capitais financeiros de um país, geralmente motivada por perda de confiança, crise política ou desvalorização cambial.
"60. O que é o ""Balanço de Pagamentos na ótica do FMI"" (Manual BPM6)?";É a metodologia padrão internacional para compilar o BP, adotada pelo FMI, que unificou a conta de capital e a conta financeira.
"61. O que significa a ""Conta Financeira"" ter saldo positivo?";Significa que o país está recebendo mais recursos externos (capitais entram) do que enviando (capitais saem). É um superávit financeiro.
"62. O que significa a ""Conta Financeira"" ter saldo negativo?";Significa que o país está enviando mais recursos ao exterior (investimentos no exterior, pagamento de dívidas) do que recebendo. É um déficit financeiro.
63. Como a política cambial afeta o saldo do Balanço de Pagamentos?;Uma moeda desvalorizada estimula exportações e desestimula importações (melhora a balança comercial), mas encarece o serviço da dívida externa.
"64. O que é o ""Efeito Balassa-Samuelson"" e sua relação com as contas externas?";Explica por que países em crescimento (com alta produtividade no setor de bens comercializáveis) tendem a ter apreciação cambial real e déficits em transações correntes.
"65. O que é o ""Efeito J-curva"" no saldo de transações correntes?";"Descreve o efeito de uma desvalorização cambial: no curto prazo, o déficit piora (devido a contratos pré-fixados); no longo prazo, melhora, formando um ""J""."
"66. O que é a ""Paridade Descoberta de Juros"" (UIP) e sua relação com capitais?";É uma condição de equilíbrio nos mercados financeiros: a diferença entre juros internos e externos é igual à desvalorização esperada da moeda, atraindo ou repelindo capitais.
"67. O que é o ""Carry Trade"" e seu impacto no BP?";É a estratégia de tomar emprestado em moeda com juros baixos e investir em moeda com juros altos. Pode gerar entradas de capitais (superávit financeiro) e apreciação cambial.
"68. O que é a ""Dívida Externa de Curto Prazo""?";É a dívida com vencimento original igual ou inferior a 1 ano. É a mais perigosa, pois exige rolagem rápida e pode gerar crise de liquidez.
"69. O que é a ""Dívida Externa de Longo Prazo""?";É a dívida com vencimento original superior a 1 ano. É considerada mais estável, pois o país tem mais tempo para gerar divisas para pagá-la.
"70. O que são as ""Garantias"" da dívida externa (ex: fianças, avais)?";São compromissos do governo ou de outras entidades de pagar a dívida caso o devedor original não o faça. Aumentam o passivo contingente do país.
"71. O que é a ""Posição de Reservas Internacionais"" e por que ela é crucial para o CACD?";É o estoque de moedas estrangeiras e ativos em ouro que o Banco Central possui. É crucial para a defesa cambial e para negociações internacionais.
"72. O que são ""swaps"" de moedas entre bancos centrais?";São acordos bilaterais de troca de moedas para prover liquidez em momentos de estresse, usados para estabilizar o câmbio e as contas externas.
"73. O que é o ""Acordo de Basileia"" e sua relação com as contas externas?";Trata da regulação bancária internacional, exigindo que os bancos tenham capital suficiente para cobrir riscos, incluindo riscos cambiais e de crédito externo.
"74. O que é a ""Tripla Inconsistência"" (ou trinômio impossível) no contexto externo?";"É a impossibilidade de um país ter, simultaneamente: 1) Livre mobilidade de capitais; 2) Câmbio fixo; 3) Política monetária autônoma. Só é possível ter dois dos três."
"75. O que é a ""Dolarização"" e como afeta as contas externas?";É quando um país adota o dólar como moeda oficial, eliminando sua moeda nacional. Isso elimina o risco cambial, mas o país perde a autonomia monetária.
"76. O que é a ""Conta de Erros e Omissões"" e o que ela pode esconder?";Pode esconder contrabando, subfaturamento, lavagem de dinheiro e fluxos não registrados de capitais. Valores elevados sugerem problemas de registro ou informalidade.
"77. O que é a ""Balança de Pagamentos Consolidada"" (ou global)?";É a soma de todas as contas (corrente, capital, financeira e erros/omissões). Deve ser zero (ou igual à variação de reservas).
"78. O que é a ""política de substituição de importações"" e como afeta a balança comercial?";É uma política industrial que visa produzir internamente bens que antes eram importados, melhorando a balança comercial no longo prazo.
"79. O que é a ""política de promoção de exportações"" e seu efeito nas contas externas?";É um conjunto de medidas (subsídios, créditos, desonerações) para estimular as exportações, gerando superávits comerciais e fortalecendo as reservas.
"80. O que é ""dumping"" e como ele afeta a balança comercial?";É a prática de exportar a um preço abaixo do custo de produção (ou abaixo do preço doméstico), distorcendo a balança comercial e gerando acusações de concorrência desleal.
"81. O que são ""barreiras não tarifárias"" e seu efeito sobre importações?";São entraves como cotas, licenças, exigências sanitárias e técnicas que dificultam a importação, reduzindo as importações e melhorando a balança comercial.
"82. O que é a ""Taxa de Câmbio Real"" e sua relação com a balança comercial?";É a taxa de câmbio ajustada pela inflação. Uma taxa real desvalorizada torna os produtos nacionais mais baratos no exterior (e importados mais caros), melhorando a balança comercial.
"83. O que é a ""Condição de Marshall-Lerner"" e quando ela se aplica?";É uma condição que diz que uma desvalorização cambial melhora a balança comercial se a soma das elasticidades-preço das exportações e importações (em valor absoluto) for maior que 1.
"84. O que é a ""Absorção"" na teoria do balanço de pagamentos?";É a abordagem que vê o saldo do BP como a diferença entre a produção (PIB) e a absorção total (gasto interno: C + I + G). Déficit externo = absorção > produção.
"85. O que é a ""Abordagem Monetária do Balanço de Pagamentos""?";Vê o déficit externo como um excesso de oferta de moeda: se o país emite moeda demais, o excesso escapa via importações e déficit em TC, até que a oferta monetária se ajuste.
"86. O que são as ""Notas de Crédito"" ou ""Bonds"" externos?";São títulos da dívida pública ou privada emitidos por um país no exterior, em moeda estrangeira, para captar recursos e financiar déficits.
"87. O que é um ""Eurobônus"" (Eurobond)?";É um título emitido em uma moeda que não é a do país emissor, em mercados internacionais. Ex: uma empresa brasileira emite títulos em dólares em Londres.
"88. O que é o ""Bônus do Tesouro Americano"" (T-bond) como referência?";É o ativo considerado sem risco (risk-free). Serve como base para calcular o spread do risco país.
"89. O que é o ""Índice de Confiança"" ou ""Sentimento do Mercado"" em relação às contas externas?";É a percepção dos investidores sobre a capacidade do país de honrar seus compromissos. Afeta diretamente a entrada/saída de capitais e o câmbio.
"90. O que são ""agências de rating"" e qual o papel delas nas contas externas?";São empresas (Standard & Poor's, Moody's, Fitch) que avaliam o risco de crédito dos países (nota de crédito). Um rebaixamento encarece o financiamento externo.
"91. O que é o ""CDS"" (Credit Default Swap) de um país?";"É um derivativo que funciona como um ""seguro"" contra o default do país. Quanto maior o preço do CDS, maior o risco de calote percebido."
"92. O que é a ""Taxa de Juros Libor"" e sua relação com a dívida externa?";É a taxa de juros pela qual bancos internacionais emprestam entre si (London Interbank Offered Rate). Muitas dívidas externas são indexadas à Libor.
"93. O que é a ""Regra de Ouro"" do endividamento externo?";Recomenda que o país tome dívida externa apenas para financiar investimentos produtivos (que gerarão retorno futuro), e não para financiar consumo ou gastos correntes.
"94. O que é ""prêmio de liquidez"" no mercado externo?";É o custo adicional que o país paga para captar recursos em momentos de estresse financeiro global, quando a liquidez internacional se reduz.
"95. O que é o ""efeito contágio"" (spillover) em crises externas?";É a transmissão de crises financeiras de um país para outro (ou região), via integração comercial, financeira ou por mudança repentina no apetite global por risco.
"96. O que é a ""Redução de Reservas"" e qual sua função em crises externas?";O Banco Central usa reservas para vender moeda estrangeira no mercado, estabilizando o câmbio e pagando dívidas em momentos de escassez de dólares.
"97. O que é a ""Linha de Crédito Contingente"" do FMI (FCL)?";É uma linha de crédito pré-aprovada para países com fundamentos sólidos, que serve como seguro contra choques externos, sem condicionalidades pesadas.
"98. O que é a ""Iniciativa para Países Pobres Altamente Endividados"" (HIPC)?";É um programa do FMI e Banco Mundial para perdoar ou reduzir a dívida externa dos países mais pobres e endividados do mundo.
"99. O que é ""Sustentabilidade da Dívida Externa""?";É a capacidade de um país de honrar sua dívida externa no longo prazo sem comprometer o crescimento econômico e sem precisar de renegociações frequentes.
100. Para o CACD, por que é fundamental dominar as Contas Externas?;"Porque o diplomata negocia acordos comerciais, financeiros e de investimento; analisa a vulnerabilidade externa de países parceiros; participa de negociações em organismos como FMI e Banco Mundial; e avalia o impacto de políticas cambiais e tarifárias nas relações bilaterais e multilaterais."
;
 O que estuda a Economia do Setor Público?;Estuda a atuação do governo na economia, suas funções (alocativa, distributiva e estabilizadora), seus gastos, arrecadação, dívida e os efeitos da política fiscal sobre a atividade econômica.
2. Quais são as três funções clássicas do Estado na economia (Musgrave)?;"1. Função Alocativa (prover bens públicos e corrigir falhas de mercado); 2. Função Distributiva (reduzir desigualdades); 3. Função Estabilizadora (manter emprego e preços estáveis)."
3. O que é a função alocativa do governo?;É a atuação do Estado para alocar recursos quando o mercado falha (externalidades, bens públicos, monopólios naturais), garantindo a provisão eficiente de bens e serviços.
4. O que é a função distributiva do governo?;É a atuação do Estado para modificar a distribuição de renda e riqueza, por meio de impostos progressivos, transferências (Bolsa Família, aposentadorias) e subsídios.
5. O que é a função estabilizadora do governo?;É a atuação do Estado para suavizar os ciclos econômicos, combatendo a inflação e o desemprego por meio de políticas fiscal (gastos e impostos) e monetária.
6. Quais são as principais fontes de receita (receitas públicas) do governo?;"1. Impostos, taxas e contribuições (receitas tributárias); 2. Receitas patrimoniais (aluguéis, juros, dividendos de estatais); 3. Receitas de concessões; 4. Emissão de dívida (endividamento)."
"7. O que são os ""gastos públicos"" (despesas do governo)?";São os dispêndios do setor público para financiar suas atividades, incluindo gastos correntes (salários, manutenção), gastos de capital (investimentos) e transferências (aposentadorias, subsídios).
8. Qual a diferença entre gastos correntes e gastos de capital?;Gastos correntes são despesas de consumo e manutenção (não geram ativos). Gastos de capital são investimentos que geram ativos (infraestrutura, máquinas) ou aumento do patrimônio público.
"9. O que são as ""transferências do governo""?";São pagamentos sem contrapartida direta em bens ou serviços, como aposentadorias, seguro-desemprego, Bolsa Família e subsídios. Não entram no PIB (não geram valor adicionado).
10. O que é a política fiscal?;É o conjunto de medidas do governo relacionadas à arrecadação de impostos (receita) e aos gastos públicos (despesa), com objetivos macroeconômicos (estabilização, crescimento, distribuição).
11. Quais são os principais instrumentos da política fiscal?;"1. Alíquotas e bases de impostos; 2. Nível e composição dos gastos públicos; 3. Transferências e subsídios; 4. Endividamento público (emissão de títulos)."
12. O que é uma política fiscal expansionista?;É aquela que aumenta o déficit público (via aumento de gastos ou redução de impostos) para estimular a demanda agregada e combater recessão/desemprego.
13. O que é uma política fiscal contracionista (ou restritiva)?;É aquela que reduz o déficit ou gera superávit (via redução de gastos ou aumento de impostos) para conter a demanda agregada e combater a inflação.
"14. O que é o ""orçamento público"" (ou Lei Orçamentária Anual - LOA)?";É o documento legal que estima as receitas e fixa as despesas do governo para um determinado ano, sendo o principal instrumento de planejamento e controle da política fiscal.
"15. O que é o ""equilíbrio orçamentário""?";É a situação onde as receitas totais do governo se igualam às despesas totais em um determinado período (orçamento equilibrado, sem déficit nem superávit).
"16. O que significa ""déficit público"" (ou déficit orçamentário)?";Ocorre quando as despesas totais do governo são maiores que as receitas totais em um determinado período. O governo gasta mais do que arrecada.
"17. O que significa ""superávit público"" (ou superávit orçamentário)?";Ocorre quando as receitas totais do governo são maiores que as despesas totais. O governo arrecada mais do que gasta.
18. Qual a diferença entre déficit primário e déficit total (ou nominal)?;O déficit total inclui as despesas com juros da dívida. O déficit primário exclui os juros, medindo se o governo consegue pagar suas contas (exceto juros) com a arrecadação.
"19. O que é o ""resultado primário"" do setor público?";É a diferença entre receitas totais e despesas totais, excluindo as despesas com juros da dívida pública. Pode ser superávit primário ou déficit primário.
"20. O que é o ""resultado nominal"" (ou fiscal) do setor público?";É o resultado primário acrescido das despesas com juros da dívida pública. Reflete a necessidade de financiamento total do governo.
"21. O que é o ""resultado operacional"" do setor público?";É o resultado nominal corrigido pela inflação (descontando o efeito da correção monetária sobre a dívida), medindo o impacto real da política fiscal.
22. Por que o superávit primário é importante para a solvência da dívida pública?;Porque ele mostra se o governo está gerando recursos suficientes para pagar os juros da dívida. Um superávit primário consistente reduz a relação dívida/PIB.
"23. O que é a ""dívida pública"" (ou dívida do governo)?";É o montante total de passivos do setor público, acumulado ao longo do tempo devido a déficits orçamentários sucessivos. Pode ser interna (emitida no país) ou externa (emitida no exterior).
"24. O que é a ""dívida pública bruta"" e a ""dívida pública líquida""?";A bruta é o total de passivos do governo. A líquida é a dívida bruta menos os ativos financeiros do governo (reservas, créditos).
"25. O que é a ""dívida mobiliária"" (ou títulos públicos)?";É a dívida representada por títulos (Letras do Tesouro, Notas) emitidos pelo governo para captar recursos no mercado financeiro, podendo ser de curto ou longo prazo.
"26. O que é a ""dívida consolidada"" (ou fundada)?";É a dívida de longo prazo do governo, que não precisa ser paga no curto prazo, sendo refinanciada (rolada) periodicamente.
"27. O que é a ""dívida flutuante"" (ou dívida de curto prazo)?";São os compromissos de curto prazo do governo, como restos a pagar e títulos com vencimento inferior a 12 meses, que exigem rolagem rápida.
"28. O que é a ""Lei de Responsabilidade Fiscal"" (LRF) no Brasil?";É uma lei que estabelece normas de finanças públicas voltadas para a responsabilidade na gestão fiscal, com limites para gastos com pessoal, endividamento e metas de resultados primários.
"29. O que é o ""Teto de Gastos"" (ou Regra de Ouro) no Brasil?";É uma regra fiscal que limita o crescimento das despesas primárias à inflação do ano anterior (ou a um percentual do PIB), visando conter o endividamento público.
"30. O que é a ""Regra de Ouro"" (ou Golden Rule) da política fiscal?";Recomenda que o governo tome dívida apenas para financiar investimentos (que geram retorno futuro), e não para financiar despesas correntes (consumo).
"31. O que é a ""Abordagem Ricardiana da Dívida Pública"" (ou Equivalência Ricardiana)?";É a teoria de David Ricardo (retomada por Barro) que afirma que o financiamento de gastos via dívida ou via impostos é equivalente, pois os agentes antecipam o futuro aumento de impostos para pagar a dívida e aumentam sua poupança.
32. Segundo a Equivalência Ricardiana, qual o efeito de um corte de impostos financiado por dívida?;As famílias, sabendo que os impostos aumentarão no futuro para pagar a dívida, poupam o ganho atual (em vez de consumir), anulando o efeito expansionista esperado.
33. Quais são as críticas à Equivalência Ricardiana?;"1. Os agentes têm horizonte finito (não se importam com impostos futuros após sua morte); 2. Restrições de liquidez (famílias não podem poupar todo o ganho); 3. Incerteza sobre o futuro."
"34. O que é a ""Dívida Pública Sustentável""?";É uma situação em que a relação dívida/PIB se estabiliza ou diminui no longo prazo, sem que o governo precise gerar superávits primários muito elevados ou recorrer à inflação.
"35. O que é a ""Trajetória de Sustentabilidade da Dívida""?";É a projeção matemática que mostra se a relação dívida/PIB está convergindo para um nível estável, dado o superávit primário, a taxa de juros e a taxa de crescimento do PIB.
36. Como a taxa de juros e o crescimento do PIB afetam a sustentabilidade da dívida?;Se a taxa de juros (real) for maior que a taxa de crescimento do PIB, a dívida/PIB tende a crescer, exigindo superávits primários cada vez maiores (juros crescentes).
"37. O que é o ""risco de refinanciamento"" (ou rollover) da dívida pública?";É o risco de o governo não conseguir emitir novos títulos para pagar os antigos que estão vencendo, gerando default ou necessidade de emissão monetária inflacionária.
"38. O que é a ""senhoriagem"" e como ela se relaciona com o endividamento público?";É o ganho do governo ao emitir moeda (base monetária). Pode ser usado para financiar déficits, mas gera inflação se usado em excesso.
"39. O que é o ""imposto inflacionário""?";É a perda de poder de compra da moeda causada pela inflação, que funciona como um imposto sobre os detentores de moeda e títulos indexados, usado para financiar o governo.
"40. O que é a ""curva de Laffer"" e como ela afeta a política fiscal?";Mostra que, a partir de certo ponto, o aumento da alíquota do imposto reduz a arrecadação (porque desestimula a produção e a declaração), indicando um limite para a tributação.
"41. O que são ""impostos progressivos, proporcionais e regressivos""?";Progressivos: a alíquota aumenta com a renda (IR). Proporcionais: alíquota fixa (ex: imposto sobre vendas). Regressivos: a alíquota efetiva cai com a renda (ex: impostos indiretos sobre consumo).
42. Qual a relação entre impostos indiretos e a distribuição de renda?;Impostos indiretos (sobre consumo) são regressivos, pois consomem uma proporção maior da renda dos mais pobres.
43. Qual a relação entre impostos diretos e a distribuição de renda?;Impostos diretos (sobre renda e patrimônio) podem ser progressivos, contribuindo para a redução da desigualdade, se bem desenhados.
"44. O que é a ""incidência tributária"" (ou quem paga o imposto)?";É a análise de quem efetivamente arca com o ônus do imposto (consumidor, produtor, trabalhador), independentemente de quem recolhe o tributo. Depende das elasticidades de oferta e demanda.
"45. O que é o ""excesso de carga"" (ou peso morto) dos impostos?";É a perda de eficiência (bem-estar) causada por um imposto que distorce as decisões de consumo e produção, gerando uma perda maior que a arrecadação.
"46. O que é a ""progressividade fiscal""?";É a característica de um sistema tributário em que as alíquotas efetivas aumentam com a renda, contribuindo para a equidade distributiva.
"47. O que são ""gastos obrigatórios"" e ""gastos discricionários"" do governo?";Obrigatórios são fixados por lei (ex: aposentadorias, transferências constitucionais). Discricionários são aqueles que o governo pode decidir anualmente (ex: investimentos, custeio).
"48. O que é o ""orçamento impositivo"" no Brasil?";É a obrigação do Poder Executivo de executar as emendas parlamentares impositivas (individuais e de bancada) no orçamento, aumentando o gasto obrigatório.
49. Como a política fiscal afeta a política monetária?;Déficits elevados podem pressionar a taxa de juros (via maior demanda por crédito e emissão de títulos), forçando o Banco Central a subir os juros para conter a inflação (crowding out).
"50. O que é o efeito ""crowding out"" (deslocamento) da política fiscal?";É a redução do investimento privado causada pelo aumento dos gastos ou déficits públicos, que elevam as taxas de juros e encarecem o crédito para as empresas.
"51. O que é o ""crowding in"" (atração) da política fiscal?";Ocorre quando gastos públicos em infraestrutura ou educação melhoram a produtividade e as expectativas, atraindo investimento privado, em vez de deslocá-lo.
52. Como o governo pode financiar um déficit público?;"1. Emitindo dívida (títulos públicos); 2. Emitindo moeda (senhoriagem/inflação); 3. Aumentando impostos; 4. Usando recursos de fundos soberanos ou reservas."
"53. Qual a diferença entre ""déficit público"" e ""dívida pública""?";Déficit é o fluxo (o que ocorre no ano). Dívida é o estoque (o total acumulado ao longo dos anos).
"54. O que é a ""restrição orçamentária intertemporal do governo""?";É a identidade que mostra que o valor presente de todos os gastos futuros do governo deve ser igual ao valor presente de todas as receitas futuras, mais o estoque inicial da dívida.
"55. O que é a ""sustentabilidade fiscal"" (ou solvência fiscal)?";É a condição em que o governo pode honrar todos os seus compromissos financeiros presentes e futuros sem precisar de um ajuste fiscal abrupto (aumento de impostos ou calote).
"56. O que são ""passivos contingentes"" do setor público?";São obrigações que podem ou não se concretizar, dependendo de eventos futuros (ex: garantias a empresas estatais, ações judiciais, desastres naturais).
"57. O que é a ""dívida pública federal"" e a ""dívida dos estados e municípios""?";No Brasil, a dívida da União é a maior. Estados e municípios também têm dívidas, mas são sujeitos a limites e à Lei de Responsabilidade Fiscal.
"58. O que é o ""Fundo Soberano"" (ou Fundo de Estabilização)?";É um fundo público que acumula recursos (excedentes) para usar em momentos de crise, ou para poupar rendas de commodities (ex: Noruega, Chile).
"59. O que é a ""meta de superávit primário"" e por que ela é adotada?";É uma meta fixada pelo governo para gerar poupança suficiente para pagar os juros da dívida, reduzindo a relação dívida/PIB e mantendo a credibilidade fiscal.
"60. O que é a ""regra de ouro"" no contexto da LRF brasileira?";Proíbe o governo de contrair dívida para financiar despesas correntes (exceto para refinanciar a própria dívida), permitindo apenas para investimentos.
61. Como a política fiscal influencia o nível de consumo agregado?;Aumentos de impostos reduzem a renda disponível e o consumo. Aumentos de transferências (como Bolsa Família) elevam o consumo dos mais pobres (maior propensão marginal a consumir).
62. Como a política fiscal influencia o investimento agregado?;"Redução de impostos sobre empresas (investimentos) ou gastos em infraestrutura podem estimular o investimento privado; déficits elevados podem elevar juros e desestimulá-lo."
63. Como a política fiscal influencia a poupança agregada?;"O superávit público eleva a poupança nacional; o déficit público a reduz (poupança negativa do governo), diminuindo a poupança nacional total."
"64. O que é a ""poupança pública""?";"É a diferença entre a arrecadação de impostos e os gastos correntes do governo (excluindo investimentos). Se positiva, é superávit; se negativa, déficit."
"65. O que é a ""poupança privada""?";É a renda disponível das famílias e empresas menos o consumo privado.
66. Qual a relação entre poupança pública, privada e investimento?;Investimento (I) = Poupança Privada (Spr) + Poupança Pública (Sg) + Poupança Externa (SE). A poupança pública negativa (déficit) reduz o investimento nacional.
"67. O que é a ""política fiscal anticíclica""?";É quando o governo aumenta os gastos ou reduz impostos durante recessões (para estimular a demanda) e reduz gastos ou aumenta impostos durante booms (para conter a inflação).
"68. O que é a ""política fiscal pró-cíclica""?";É quando o governo faz o oposto: corta gastos ou aumenta impostos em recessões (piorando a crise) e aumenta gastos em booms (alimentando a inflação).
69. Por que a política fiscal pró-cíclica é prejudicial?;Porque amplifica os ciclos econômicos, aprofundando recessões e gerando maior volatilidade macroeconômica.
"70. O que é o ""multiplicador fiscal""?";É o efeito amplificado que uma variação nos gastos ou impostos do governo tem sobre o PIB. Em recessão, o multiplicador dos gastos é maior que o dos impostos.
71. Como a abertura da economia (comércio e capitais) afeta o multiplicador fiscal?;Reduz o multiplicador, pois parte do estímulo fiscal vaza para o exterior via importações, e a política monetária pode reagir (apreciação cambial).
"72. O que é o ""efeito Ricardiano"" sobre o consumo?";É o fenômeno previsto pela Equivalência Ricardiana: as famílias reduzem o consumo atual quando o governo aumenta gastos financiados por dívida, pois antecipam impostos futuros.
"73. O que são ""estabilizadores automáticos"" na política fiscal?";São mecanismos que atuam automaticamente para suavizar ciclos, sem necessidade de decisão política: seguro-desemprego (gasto sobe na recessão) e imposto de renda (arrecadação cai na recessão).
74. Dê exemplos de estabilizadores automáticos.;"1. Imposto de renda progressivo; 2. Seguro-desemprego; 3. Transferências (Bolsa Família, aposentadoria); 4. Tributação sobre lucros de empresas."
75. Qual a vantagem dos estabilizadores automáticos?;Agem rapidamente (sem defasagem de decisão política) e são bem direcionados (atingem quem mais precisa em recessões).
"76. O que é a ""discricionariedade fiscal"" (política fiscal discricionária)?";São decisões deliberadas do governo (ex: pacotes de estímulo, cortes de impostos) que exigem aprovação legislativa e têm defasagem temporal (lags).
77. Quais são as defasagens (lags) da política fiscal discricionária?;"1. Lag de reconhecimento (perceber a crise); 2. Lag de decisão (aprovar a lei); 3. Lag de implementação (executar os gastos); 4. Lag de efeito (impacto na economia)."
78. Por que a política fiscal discricionária pode ser menos eficaz que a monetária?;Porque sofre com longas defasagens legislativas e pode ser mal cronometrada, atuando quando a economia já está se recuperando (pró-cíclica).
"79. O que é o ""orçamento base-zero"" (ou zero-based budget)?";É uma metodologia orçamentária que exige que todos os gastos sejam justificados do zero a cada ciclo, sem se basear em gastos históricos.
"80. O que é o ""orçamento participativo""?";É um processo onde a população participa da definição de prioridades de gastos públicos, aumentando a transparência e a accountability.
"81. O que é a ""accountability fiscal"" (responsabilidade fiscal)?";É a obrigação do governo de prestar contas sobre o uso dos recursos públicos, demonstrando transparência e cumprimento de metas fiscais.
"82. O que é a ""dívida pública mobiliária interna"" e externa?";Interna: emitida em moeda nacional no mercado doméstico. Externa: emitida em moeda estrangeira no exterior. A externa traz risco cambial.
"83. O que é o ""risco cambial"" da dívida pública externa?";É o risco de que uma desvalorização da moeda nacional aumente o valor da dívida em moeda local, elevando a relação dívida/PIB e o serviço da dívida.
"84. O que é o ""risco de indexação"" da dívida pública?";É o risco de que a dívida esteja indexada a índices de preços ou à taxa de juros, que podem disparar e aumentar o estoque ou os juros pagos.
"85. O que é a ""análise de sustentabilidade da dívida"" (ASD)?";É um exercício de projeção (frequentemente feito pelo FMI) que avalia se a trajetória da dívida pública é sustentável sob diferentes cenários macroeconômicos.
"86. O que é um ""ajuste fiscal""?";É um conjunto de medidas (cortes de gastos e/ou aumento de impostos) para reduzir o déficit público e estabilizar a dívida.
87. Quais são os tipos de ajuste fiscal?;"1. Ajuste pelo lado da receita (aumentar impostos); 2. Ajuste pelo lado da despesa (cortar gastos); 3. Ajuste misto."
88. Qual o impacto de um ajuste fiscal sobre o crescimento econômico no curto prazo?;Geralmente reduz o crescimento no curto prazo (contrai demanda), mas pode melhorar as expectativas e o crescimento no longo prazo (se for bem desenhado).
"89. O que é a ""curva de Phillips fiscal""?";Relaciona a inflação com o déficit público: déficits elevados podem gerar inflação (via demanda ou monetização), enquanto ajustes fiscais ajudam a controlá-la.
"90. O que é a ""dominância fiscal"" (fiscal dominance)?";É uma situação em que a política fiscal (déficits elevados) força o Banco Central a manter juros baixos ou emitir moeda, subordinando a política monetária ao fiscal.
"91. O que é a ""dominância monetária"" (monetary dominance)?";É quando o Banco Central atua independentemente para controlar a inflação, e a política fiscal se ajusta a isso (não pressiona o BC).
"92. O que é o ""risco de dominância fiscal"" para a credibilidade do regime de metas de inflação?";Se o governo tem déficits altos, o mercado pode duvidar que o BC consiga elevar juros para conter a inflação, pois isso elevaria o custo da dívida pública.
"93. O que são ""títulos públicos atrelados à inflação"" (ex: NTN-B)?";São títulos que corrigem o valor principal pela inflação, protegendo o investidor e reduzindo o risco de o governo usar a inflação para reduzir a dívida real.
"94. O que é o ""prêmio de risco fiscal"" (ou spread fiscal)?";É a diferença adicional que o governo paga nos juros de seus títulos em relação a um título sem risco, refletindo a percepção de risco de calote ou de má gestão fiscal.
"95. O que é a ""regra de meta de inflação"" e sua relação com a política fiscal?";"A política fiscal deve ser compatível com a meta de inflação; déficits fiscais excessivos podem forçar o BC a subir juros (conflito fiscal-monetário)."
"96. O que é a ""despesa com pessoal"" no orçamento público e seu limite legal?";São gastos com salários, encargos e aposentadorias de servidores. A LRF limita esses gastos em relação à Receita Corrente Líquida (RCL).
"97. O que é a ""Lei de Diretrizes Orçamentárias"" (LDO) no Brasil?";É a lei que estabelece as metas e prioridades da administração pública para o ano seguinte, orientando a elaboração da LOA.
"98. O que é o ""Plano Plurianual"" (PPA) no Brasil?";É o plano de médio prazo (4 anos) que define as diretrizes, objetivos e investimentos do governo para o período.
"99. O que é a ""Responsabilidade Fiscal"" no âmbito do CACD?";A percepção de que um país com contas fiscais sólidas (baixa dívida e déficit controlado) tem mais credibilidade para negociar acordos financeiros e comerciais internacionais.
100. Para o CACD, por que é crucial entender a Economia do Setor Público e a Política Fiscal?;Para negociar acordos de financiamento (FMI, BID), analisar a sustentabilidade fiscal de países parceiros, entender os efeitos de políticas de austeridade ou estímulo em negociações comerciais, e avaliar o impacto de regras fiscais (como teto de gastos) sobre a economia e o comércio exterior.
;
;
O que é o modelo IS-LM-BP?;É um modelo macroeconômico de curto prazo que integra o mercado de bens (curva IS), o mercado monetário (curva LM) e o balanço de pagamentos (curva BP) em uma economia aberta.
2. Qual é o objetivo principal do modelo IS-LM-BP?;Analisar o equilíbrio simultâneo dos mercados interno e externo, determinando a taxa de juros e a renda (PIB) de equilíbrio, considerando o regime cambial e a mobilidade de capitais.
3. O que a curva IS representa?;Representa o equilíbrio no mercado de bens e serviços (produto = despesa), mostrando todas as combinações de taxa de juros e renda em que a poupança é igual ao investimento.
4. Por que a curva IS tem inclinação negativa?;Porque uma queda na taxa de juros estimula o investimento e as exportações líquidas, elevando a demanda agregada e, portanto, a renda de equilíbrio. Há uma relação inversa entre juros e renda.
5. O que desloca a curva IS para a direita (aumento da renda para cada nível de juros)?;Aumentos autônomos no consumo, investimento, gastos do governo (G), exportações (X), ou redução de impostos (T) — tudo que eleva a demanda agregada.
6. O que desloca a curva IS para a esquerda?;Reduções autônomas nos gastos (consumo, investimento, G) ou aumento de impostos.
7. O que a curva LM representa?;Representa o equilíbrio no mercado monetário (oferta de moeda = demanda por moeda), mostrando todas as combinações de taxa de juros e renda em que o mercado de moeda está em equilíbrio.
8. Por que a curva LM tem inclinação positiva?;"Porque um aumento na renda eleva a demanda por moeda para transações; para manter o equilíbrio, a taxa de juros precisa subir para reduzir a demanda especulativa por moeda."
9. O que desloca a curva LM para a direita (queda da taxa de juros para cada nível de renda)?;Um aumento na oferta de moeda (política monetária expansionista) ou uma redução na demanda por moeda (ex: menos incerteza).
10. O que desloca a curva LM para a esquerda?;Uma redução na oferta de moeda (política monetária contracionista) ou um aumento na demanda por moeda.
11. O que a curva BP (Balanço de Pagamentos) representa?;Representa o equilíbrio do balanço de pagamentos (conta corrente + conta financeira = 0), mostrando as combinações de taxa de juros e renda em que o BP está equilibrado.
12. Por que a curva BP tem inclinação positiva (geralmente)?;Porque um aumento na renda piora a balança comercial (mais importações), exigindo uma elevação da taxa de juros para atrair capitais estrangeiros e equilibrar o BP.
"13. O que significa a ""mobilidade perfeita de capitais"" no modelo BP?";Significa que o capital flui livremente entre países em resposta a pequenas diferenças nas taxas de juros. A curva BP é horizontal (perfeitamente elástica) no nível da taxa de juros internacional.
"14. O que significa ""mobilidade imperfeita ou baixa mobilidade de capitais"" no modelo BP?";Significa que os fluxos de capital são limitados ou sensíveis apenas a grandes diferenças de juros. A curva BP tem inclinação positiva (menos elástica).
"15. O que significa ""imobilidade total de capitais"" no modelo BP?";Significa que não há fluxos financeiros internacionais. O equilíbrio do BP depende apenas da balança comercial. A curva BP é vertical (o equilíbrio depende da renda).
16. O que é o ponto de equilíbrio interno no modelo IS-LM?;É o ponto de interseção das curvas IS e LM, onde o mercado de bens e o mercado monetário estão simultaneamente em equilíbrio, determinando a renda (Y) e a taxa de juros (i) internas.
17. O que é o ponto de equilíbrio geral no modelo IS-LM-BP?;É o ponto onde as três curvas (IS, LM e BP) se intersectam simultaneamente, garantindo equilíbrio interno (bens + moeda) e externo (BP equilibrado).
18. O que acontece se o ponto de equilíbrio interno estiver acima da curva BP?;A taxa de juros interna é maior que a taxa de equilíbrio externo, atraindo capitais estrangeiros — o BP terá superávit (entrada de divisas).
19. O que acontece se o ponto de equilíbrio interno estiver abaixo da curva BP?;A taxa de juros interna é menor que a de equilíbrio externo, causando fuga de capitais — o BP terá déficit (saída de divisas).
20. No modelo IS-LM-BP, qual é o principal papel da taxa de câmbio?;A taxa de câmbio influencia a competitividade das exportações e importações (afetando a IS) e o valor dos ativos externos (afetando a BP).
21. Qual a diferença entre regime de câmbio fixo e regime de câmbio flexível no modelo IS-LM-BP?;No câmbio fixo, o Banco Central intervém comprando/vendendo divisas para manter a paridade. No câmbio flexível, a taxa é determinada pelo mercado, ajustando-se automaticamente.
22. Em um regime de câmbio fixo, quem é responsável por equilibrar o BP?;O Banco Central, por meio da compra/venda de reservas internacionais, ajustando a oferta de moeda (deslocando a LM) até o BP se equilibrar.
23. Em um regime de câmbio flexível, quem é responsável por equilibrar o BP?;A própria taxa de câmbio se ajusta (deprecia ou aprecia) para equilibrar o BP, sem necessidade de intervenção do Banco Central na compra/venda de divisas.
24. Com câmbio fixo e perfeita mobilidade de capitais, a política monetária é eficaz ou ineficaz para alterar a renda?;"É ineficaz. Qualquer expansão monetária gera fuga de capitais e pressão sobre o câmbio; o BC é forçado a esterilizar (vender divisas), anulando o efeito."
25. Com câmbio fixo e perfeita mobilidade de capitais, a política fiscal é eficaz ou ineficaz para alterar a renda?;"É eficaz. Um aumento de gastos eleva a renda e os juros, atraindo capitais e gerando superávit no BP; o BC compra divisas, aumenta a base monetária e amplifica o efeito fiscal."
26. Com câmbio flexível e perfeita mobilidade de capitais, a política monetária é eficaz ou ineficaz?;É eficaz. Uma expansão monetária reduz os juros internos, causa fuga de capitais e depreciação cambial, que estimula as exportações e amplifica o aumento da renda.
27. Com câmbio flexível e perfeita mobilidade de capitais, a política fiscal é eficaz ou ineficaz?;É ineficaz (ou tem efeito reduzido). Um aumento de gastos eleva a renda e os juros, atraindo capitais e apreciando o câmbio, o que reduz as exportações líquidas e anula o efeito fiscal (crowding out via câmbio).
"28. O que é o ""efeito expulsão"" (crowding out) no modelo IS-LM (economia fechada)?";É a redução do investimento privado causada pelo aumento da taxa de juros decorrente de uma política fiscal expansionista (deslocamento da IS para a direita).
"29. O que é o ""efeito expulsão via câmbio"" (crowding out via câmbio) em economia aberta?";Ocorre quando uma política fiscal expansionista aprecia a moeda nacional (entrada de capitais), reduzindo as exportações líquidas e anulando parte do estímulo fiscal.
"30. O que é a ""armadilha da liquidez"" no modelo IS-LM?";É uma situação onde a taxa de juros está tão baixa que a demanda por moeda se torna perfeitamente elástica. A curva LM é horizontal, e a política monetária perde eficácia.
31. O que acontece com a política fiscal na armadilha da liquidez?;A política fiscal é plenamente eficaz, pois não há efeito crowding out (os juros não sobem). O multiplicador fiscal é máximo.
"32. O que é o ""caso clássico"" (ou armadilha da moeda) no modelo IS-LM?";É uma situação onde a demanda por moeda é insensível à taxa de juros (LM vertical). A política monetária é muito eficaz, e a política fiscal perde efeito (crowding out total).
"33. O que é a ""curva de demanda por moeda"" e seus três motivos (Keynes)?";"Demanda por moeda tem três motivos: 1. Transação (para compras); 2. Precaução (para imprevistos); 3. Especulação (para aproveitar variações de juros)."
34. Como a demanda por moeda se relaciona com a renda e com a taxa de juros?;Relação positiva com a renda (quanto maior a renda, maior a demanda para transações) e relação negativa com a taxa de juros (quanto maior o juro, menor a demanda especulativa).
"35. O que é a ""preferência pela liquidez"" na teoria keynesiana?";É a preferência dos agentes por manter moeda (ativo líquido) em vez de títulos, motivada pelos três motivos (transação, precaução, especulação).
36. Como se financia um déficit em transações correntes no modelo IS-LM-BP?;Através de entrada de capitais (superávit na conta financeira) ou redução de reservas, o que se reflete no ajuste da curva BP.
"37. O que é o ""Teorema de Swan"" e como se relaciona com o modelo IS-LM-BP?";Mostra que um país não pode atingir simultaneamente equilíbrio interno (pleno emprego) e externo (BP equilibrado) com apenas um instrumento. Precisa de dois instrumentos (ex: câmbio e política fiscal).
"38. O que é a ""Trindade Impossível"" (ou Trilema) no modelo IS-LM-BP?";"É a impossibilidade de ter simultaneamente: 1) Livre mobilidade de capitais; 2) Câmbio fixo; 3) Autonomia da política monetária. Só é possível ter dois dos três."
39. No trilema, o que o país abre mão se escolher câmbio fixo e livre mobilidade?;Abre mão da autonomia da política monetária (a taxa de juros é ditada pelo mercado internacional).
40. No trilema, o que o país abre mão se escolher câmbio fixo e autonomia monetária?;Abre mão da livre mobilidade de capitais (controles de capital são necessários para manter o câmbio fixo).
41. No trilema, o que o país abre mão se escolher câmbio flexível e autonomia monetária?;Abre mão da estabilidade cambial (o câmbio flutua livremente). Esta é a combinação típica de países com regime de metas de inflação.
42. Como o modelo IS-LM-BP é usado para analisar o efeito de uma desvalorização cambial?;A desvalorização desloca a IS para a direita (estimula exportações líquidas), elevando a renda e os juros, com efeitos sobre o BP dependendo das elasticidades.
"43. O que é a ""condição de Marshall-Lerner"" e como ela se aplica ao modelo IS-LM-BP?";É a condição para que uma desvalorização cambial melhore a balança comercial: a soma das elasticidades-preço das exportações e importações (em módulo) deve ser maior que 1.
"44. O que é o ""efeito J-curva"" no contexto de uma desvalorização?";"No curto prazo, a desvalorização piora a balança comercial (devido a contratos pré-fixados); no longo prazo, melhora, formando um ""J"" no gráfico."
45. Em câmbio flexível, o que acontece com o BP se o país tem déficit em transações correntes?;A moeda se deprecia (desvaloriza), tornando as exportações mais competitivas e reduzindo as importações, até o BP se equilibrar.
46. Em câmbio fixo, o que acontece com o BP se o país tem déficit em transações correntes?;O Banco Central perde reservas (vende divisas para segurar o câmbio), reduzindo a base monetária (contração da LM) até que os juros subam e atraiam capitais.
"47. O que é a ""esterilização"" de intervenção cambial?";É a operação do Banco Central de neutralizar o impacto de sua compra/venda de divisas sobre a base monetária, vendendo/comprando títulos públicos no mercado aberto.
48. Por que o governo esteriliza uma intervenção cambial?;Para evitar que a compra de divisas (que injeta moeda) gere inflação, ou que a venda de divisas (que retira moeda) gere deflação/recessão.
49. Como a esterilização afeta a taxa de juros no modelo IS-LM?;A esterilização via venda de títulos eleva a taxa de juros, atraindo ainda mais capitais e dificultando o controle cambial (custo da esterilização).
"50. O que é a ""taxa de câmbio real"" e como ela é tratada no modelo IS-LM-BP?";É a taxa de câmbio nominal ajustada pela inflação relativa entre países. Afeta a competitividade das exportações (IS) e as decisões de investimento externo (BP).
"51. O que é o ""efeito-Pigou"" (ou efeito riqueza real) no modelo IS-LM?";Reduções de preços (deflação) aumentam o valor real da riqueza (moeda e títulos), elevando o consumo e deslocando a IS para a direita.
52. Como o modelo IS-LM-BP explica o efeito de uma política monetária expansionista com câmbio fixo e mobilidade imperfeita?;A LM se desloca para a direita, reduzindo juros e elevando a renda, mas o déficit no BP (fuga de capitais + piora comercial) força o BC a vender reservas, contraindo a LM parcialmente.
53. Como o modelo IS-LM-BP explica o efeito de uma política fiscal expansionista com câmbio flexível e mobilidade imperfeita?;A IS se desloca para a direita, elevando renda e juros, atraindo capitais e apreciando o câmbio, o que reduz exportações líquidas (desloca a IS de volta), com efeito líquido menor.
"54. O que é a ""curva BP"" em um sistema de câmbio fixo?";A BP é relevante para mostrar o desequilíbrio externo que exigirá intervenção do BC (comprando ou vendendo divisas).
"55. O que é a ""curva BP"" em um sistema de câmbio flexível?";A BP mostra o equilíbrio externo, pois o câmbio se ajusta para levar o BP a zero, sem necessidade de intervenção.
56. Qual é a crítica de Mundell-Fleming ao modelo IS-LM?;O modelo IS-LM original (economia fechada) não considera o setor externo. Mundell-Fleming incluiu a BP e a mobilidade de capitais, criando o modelo IS-LM-BP.
"57. O que é a ""Paridade da Taxa de Juros"" (coberta e descoberta) no modelo IS-LM-BP?";É a condição que iguala os retornos de títulos domésticos e estrangeiros, ajustados pelo câmbio. A BP com perfeita mobilidade deriva dessa paridade.
"58. Qual a diferença entre ""paridade coberta"" e ""paridade descoberta"" de juros?";Coberta: o investidor usa hedge cambial (contrato futuro) para eliminar o risco. Descoberta: o investidor assume o risco cambial, baseado na expectativa de desvalorização.
59. Como o modelo IS-LM-BP trata as expectativas cambiais?;Expectativas de desvalorização afetam a BP e a demanda por moeda, pois alteram os retornos esperados dos ativos domésticos versus externos.
"60. O que é a ""fuga de capitais"" no modelo IS-LM-BP e como ela é representada?";É uma saída súbita de recursos, que desloca a BP para cima (exige juros mais altos para compensar o risco) e pode forçar o BC a elevar juros ou deixar o câmbio desvalorizar.
61. Como o modelo IS-LM-BP explica a crise mexicana (1994) ou asiática (1997)?;Uma combinação de déficit em TC, câmbio fixo, mobilidade de capitais e perda de confiança leva a fuga de capitais, perda de reservas e colapso cambial.
"62. O que é o ""ataque especulativo"" à moeda no modelo IS-LM-BP?";É a venda massiva da moeda nacional por investidores que apostam em sua desvalorização, pressionando as reservas do BC no câmbio fixo.
63. Como se defende um ataque especulativo no câmbio fixo?;Elevando a taxa de juros (desloca a LM para esquerda) para atrair capitais, ou usando reservas para comprar a moeda nacional, ou desvalorizando.
"64. O que é o ""custo da esterilização"" no modelo IS-LM-BP?";É o custo fiscal (juros pagos sobre os títulos emitidos para esterilizar) e o custo de oportunidade das reservas.
65. Como o modelo IS-LM-BP analisa a implementação de controles de capitais?;Os controles reduzem a mobilidade (tornam a BP menos elástica), permitindo que o país tenha mais autonomia monetária mesmo com câmbio fixo.
"66. O que é a ""curva de oferta agregada"" no modelo IS-LM-BP?";O modelo IS-LM-BP é de curto prazo e determina a demanda agregada. A oferta agregada é tratada separadamente, geralmente com preços fixos (curto prazo keynesiano).
67. Como o modelo IS-LM-BP se relaciona com a Curva de Phillips?;No curto prazo, deslocamentos da DA (via IS-LM-BP) geram trade-off entre inflação e desemprego, mas no longo prazo a relação desaparece.
"68. O que é o ""trade-off"" entre inflação e desemprego no modelo IS-LM-BP?";Políticas expansionistas (deslocamento da IS ou LM) elevam a renda e o emprego, mas podem gerar inflação, dependendo do grau de ociosidade da economia.
"69. O que é a ""regra de Taylor"" e como ela se relaciona com o modelo IS-LM-BP?";É uma regra de política monetária que ajusta a taxa de juros com base no hiato do produto e na inflação. Ela substitui a curva LM exógena por uma LM endógena.
70. Como o modelo IS-LM-BP é usado para avaliar a eficácia de políticas em diferentes regimes cambiais?;Mostra que a eficácia da política fiscal e monetária depende crucialmente do regime cambial e do grau de mobilidade de capitais.
"71. O que é a ""mobilidade perfeita de capitais"" na prática (para o CACD)?";Significa que a taxa de juros doméstica é determinada pela taxa de juros internacional (paridade), e o país tem pouco espaço para política monetária independente.
72. O que acontece com a BP se a taxa de juros internacional (i*) aumenta?;A curva BP se desloca para cima (exige juros internos mais altos para manter o equilíbrio), tornando a política monetária doméstica mais restritiva.
73. O que acontece com a IS se a taxa de câmbio se deprecia?;A IS se desloca para a direita, pois a depreciação estimula exportações líquidas.
74. O que acontece com a IS se a taxa de câmbio se aprecia?;A IS se desloca para a esquerda, pois a apreciação reduz a competitividade das exportações e aumenta as importações.
75. Qual o efeito de um choque externo negativo (ex: queda do preço das commodities) no modelo IS-LM-BP?;Reduz as exportações (IS para esquerda), piora o BP (BP para cima), e o país pode responder com desvalorização ou ajuste fiscal/monetário.
"76. O que é o ""multiplicador do comércio exterior"" no modelo IS-LM-BP?";"Mostra que o aumento das exportações tem efeito multiplicador sobre a renda, mas parte do estímulo ""vaza"" via importações (menor multiplicador que em economia fechada)."
77. Como a propensão marginal a importar afeta o multiplicador fiscal em uma economia aberta?;Quanto maior a propensão a importar, menor o multiplicador fiscal, pois parte do estímulo vaza para o exterior.
"78. O que é a ""curva BP"" com mobilidade de capitais perfeita e sua inclinação?";É horizontal (perfeitamente elástica) no nível da taxa de juros internacional (i*). Qualquer desvio gera fluxos de capitais infinitos.
"79. O que é a ""curva BP"" com mobilidade de capitais nula (imobilidade) e sua inclinação?";É vertical, pois o equilíbrio do BP depende exclusivamente da balança comercial (que depende da renda), e os juros não atraem nem repelem capitais.
80. Como a política monetária afeta a BP com mobilidade imperfeita de capitais?;A redução de juros piora a conta financeira (fuga de capitais) e pode piorar a conta corrente (se a desvalorização demorar), gerando déficit no BP.
81. Como a política fiscal afeta a BP com mobilidade imperfeita de capitais?;A elevação de juros melhora a conta financeira (atrai capitais), mas o aumento da renda piora a conta corrente (mais importações). O efeito líquido depende das magnitudes.
"82. O que é a ""síntese IS-LM-BP"" (ou modelo Mundell-Fleming) com expectativas racionais?";Incorpora que os agentes antecipam as políticas econômicas, o que pode anular os efeitos de curto prazo esperados (crítica de Lucas).
83. Como a credibilidade do Banco Central afeta a curva LM e a BP?;Maior credibilidade reduz as expectativas de inflação e desvalorização, mantendo a LM estável e a BP com menor prêmio de risco.
"84. O que é o ""prêmio de risco país"" no modelo IS-LM-BP?";É o spread adicional sobre a taxa de juros internacional que o país precisa pagar para atrair capitais, refletindo riscos políticos, fiscais ou cambiais.
85. Como um aumento do prêmio de risco país afeta o modelo?;Desloca a BP para cima (exige juros internos mais altos), podendo causar fuga de capitais, desvalorização e contração da LM.
"86. O que é a ""política de metas de inflação"" no contexto do modelo IS-LM-BP?";O Banco Central ajusta a taxa de juros (curva LM) para manter a inflação na meta, tornando a LM endógena à regra de Taylor.
87. Qual a diferença entre o modelo IS-LM-BP e o modelo de oferta e demanda agregada (OA-DA)?;"O IS-LM-BP determina a demanda agregada (DA) e a taxa de juros; o modelo OA-DA incorpora os preços e a oferta para determinar o nível geral de preços."
"88. O que é o ""equilíbrio de médio prazo"" no modelo IS-LM-BP com preços flexíveis?";Quando os preços e salários se ajustam, a economia retorna ao produto potencial (OA vertical), e a taxa de juros se alinha à paridade internacional.
"89. Como o modelo IS-LM-BP trata a ""doença holandesa"" (Dutch disease)?";A apreciação cambial (devido a exportações de commodities) desloca a IS para a esquerda (no setor manufatureiro), mas pode ser compensada por política fiscal.
"90. O que é a ""curva de absorção"" no contexto do modelo IS-LM-BP?";É a relação entre a renda (PIB) e a absorção interna (C + I + G). O saldo do BP é dado por PIB - Absorção = (X - M).
91. Como o modelo IS-LM-BP explica o impacto de uma guerra comercial (tarifas) sobre a economia?;Tarifas reduzem importações e melhoram a balança comercial (IS para direita), mas podem gerar retaliação (redução de X), apreciação cambial e efeitos complexos.
"92. O que é a ""curva de Marshall-Lerner"" e sua relação com a BP?";A condição de Marshall-Lerner assegura que uma depreciação melhora a balança comercial e, portanto, o BP. Se não for satisfeita, a depreciação piora o BP.
"93. O que é o ""efeito pass-through"" da taxa de câmbio sobre a inflação no modelo IS-LM-BP?";É o repasse da desvalorização cambial para os preços internos (importados), que pode pressionar a inflação e forçar o BC a elevar juros (contrair a LM).
94. Como o modelo IS-LM-BP trata os choques de oferta (ex: aumento do petróleo)?;Choques de oferta reduzem o produto potencial, geram inflação e afetam a BP via piora da balança comercial (importação de petróleo mais cara).
"95. O que é a ""curva de demanda agregada (DA)"" derivada do modelo IS-LM?";É a relação entre o nível geral de preços e a renda de equilíbrio, obtida deslocando a LM para diferentes níveis de preços (porque a oferta real de moeda se altera).
96. Como a inflação afeta o modelo IS-LM-BP?;A inflação reduz a oferta real de moeda (M/P), deslocando a LM para a esquerda (elevando juros e reduzindo a renda), além de afetar a competitividade externa.
"97. O que é a ""taxa de câmbio nominal"" e a ""taxa de câmbio real"" no modelo?";A nominal é o preço de uma moeda em termos de outra. A real é a nominal ajustada pela inflação relativa, que afeta a competitividade (IS).
"98. Como o modelo IS-LM-BP pode ser usado para analisar a ""unificação cambial"" (ex: adoção do euro)?";A perda da autonomia cambial e monetária (câmbio fixo e mobilidade perfeita) implica que os choques assimétricos entre países devem ser absorvidos por políticas fiscais ou migração de mão de obra.
"99. O que é a ""curva de equilíbrio externo"" (EB) no modelo de Swan?";É a curva que mostra combinações de taxa de câmbio real e gasto doméstico que equilibram o BP, analogamente à curva BP do IS-LM.
100. Para o CACD, por que o modelo IS-LM-BP é essencial para o diplomata?;Porque permite analisar o impacto de políticas cambiais (desvalorizações), comerciais (tarifas, subsídios), fiscais e monetárias sobre o equilíbrio interno e externo dos países, sendo fundamental para negociações no FMI, Banco Mundial e acordos comerciais bilaterais/multilaterais.
;
;
O que é a moeda?;É todo ativo (físico ou escritural) amplamente aceito como meio de pagamento para transações econômicas, com funções específicas na economia.
2. Quais são as três funções clássicas da moeda?;"1. Meio de troca (ou intermediário de trocas); 2. Unidade de conta (medida de valor); 3. Reserva de valor (poder de compra no tempo)."
"3. O que significa a moeda como ""meio de troca""?";É sua função principal: ser aceita como pagamento por bens e serviços, eliminando a necessidade do escambo (dupla coincidência de desejos).
"4. O que significa a moeda como ""unidade de conta""?";É a função de servir como denominador comum para expressar o valor de todos os bens e serviços (padrão de medida), facilitando a comparação de preços.
"5. O que significa a moeda como ""reserva de valor""?";É a capacidade da moeda de transferir poder de compra do presente para o futuro, ou seja, de ser guardada e usada em transações futuras.
6. Por que a moeda fiduciária (papel-moeda) tem valor?;Porque é emitida pelo Estado e tem curso forçado, sendo aceita pela confiança na autoridade emissora e por convenção social. Não tem valor intrínseco.
7. O que diferencia a moeda de outros ativos financeiros?;A moeda é o ativo mais líquido (imediatamente conversível em bens), enquanto outros ativos (títulos, imóveis) têm menor liquidez, mas podem render juros.
"8. O que é a ""base monetária"" (ou moeda de alta potência)?";É a soma do papel-moeda em poder do público mais as reservas (encaixes) dos bancos comerciais depositados no Banco Central. É o passivo monetário do BC.
"9. O que é o ""multiplicador bancário"" (ou multiplicador monetário)?";É o processo pelo qual os bancos comerciais, ao emprestarem recursos, criam novos depósitos à vista, ampliando a oferta de moeda além da base monetária inicial.
"10. Como os bancos comerciais ""criam moeda"" (moeda escritural)?";Ao concederem empréstimos, os bancos criam depósitos à vista para os tomadores, que são usados como pagamentos e geram novos depósitos em outros bancos, multiplicando a moeda.
"11. O que são os ""encaixes bancários"" (ou reservas bancárias)?";São os recursos que os bancos comerciais mantêm em caixa ou depositados no Banco Central para atender aos saques e à exigência de depósito compulsório.
"12. O que é o ""depósito compulsório""?";É a parcela dos depósitos captados pelos bancos que deve ser obrigatoriamente recolhida ao Banco Central (como reserva), reduzindo o multiplicador bancário.
13. Qual a relação entre a taxa de compulsório e a oferta de moeda?;Quanto maior a taxa de compulsório, menor o multiplicador bancário e, portanto, menor a oferta de moeda (política monetária contracionista).
"14. O que é a ""oferta de moeda"" (ou meios de pagamento)?";É o estoque total de moeda disponível na economia para financiar transações, incluindo papel-moeda em poder do público e depósitos à vista (M1).
15. Quais são os agregados monetários (M1, M2, M3, M4)?;"M1 (moeda em poder do público + depósitos à vista); M2 (M1 + depósitos de poupança + títulos privados); M3 (M2 + cotas de fundos); M4 (M3 + títulos públicos)."
"16. Qual é o agregado que representa a ""moeda"" no sentido estrito (meios de pagamento)?";M1, pois inclui apenas os ativos de máxima liquidez (papel-moeda e depósitos à vista).
"17. O que é o ""Banco Central"" e qual sua principal função?";É a autoridade monetária de um país. Sua principal função é controlar a oferta de moeda e a taxa de juros para garantir a estabilidade de preços e o funcionamento do sistema financeiro.
18. Quais são os principais instrumentos de política monetária do Banco Central?;"1. Taxa de juros (Selic/Taxa de referência); 2. Depósito compulsório; 3. Operações de mercado aberto (open market); 4. Taxa de redesconto; 5. Controles quantitativos (crédito)."
"19. O que são as ""operações de mercado aberto"" (open market)?";São a compra e venda de títulos públicos pelo Banco Central no mercado, para controlar a liquidez (oferta de moeda) e ajustar a taxa de juros de curto prazo.
20. Como a compra de títulos públicos pelo Banco Central afeta a oferta de moeda?;O BC paga pelos títulos injetando moeda na economia, aumentando a oferta de moeda (política monetária expansionista).
21. Como a venda de títulos públicos pelo Banco Central afeta a oferta de moeda?;O BC recebe moeda do público em troca dos títulos, retirando liquidez e reduzindo a oferta de moeda (política contracionista).
"22. O que é a ""taxa de juros"" (ou taxa Selic no Brasil)?";É a taxa básica de juros da economia, definida pelo Banco Central. É o custo do dinheiro e o principal instrumento para controlar a inflação.
23. Como uma elevação da taxa de juros afeta a demanda agregada?;Eleva o custo do crédito, desestimulando investimento e consumo, reduzindo a demanda agregada e combatendo a inflação.
"24. O que é a ""demanda por moeda"" (ou procura por moeda)?";É a quantidade de moeda que os agentes econômicos desejam manter em seu poder (como saldo líquido) para realizar transações e fazer face à incerteza.
25. Quais são os três motivos keynesianos para a demanda por moeda?;"1. Motivo transação (compras do dia a dia); 2. Motivo precaução (imprevistos); 3. Motivo especulação (aproveitar variações das taxas de juros)."
26. Como a renda afeta a demanda por moeda?;A demanda por moeda (especialmente por transação) aumenta com o aumento da renda, pois as pessoas realizam mais compras.
27. Como a taxa de juros afeta a demanda por moeda?;A demanda por moeda (especialmente por especulação) diminui com o aumento da taxa de juros, pois o custo de oportunidade de reter moeda (não investir) aumenta.
"28. O que é a ""armadilha da liquidez""?";É uma situação onde a taxa de juros está tão baixa que a demanda por moeda se torna perfeitamente elástica: as pessoas preferem reter moeda a investir, anulando a política monetária.
"29. O que é o ""preço da moeda""?";O preço da moeda (ou seja, o seu valor) é o seu poder de compra, inversamente relacionado ao nível geral de preços (inflação). Quanto maior a inflação, menor o valor da moeda.
"30. O que é a ""inflação""?";É o aumento contínuo e generalizado do nível geral de preços de bens e serviços em uma economia, reduzindo o poder de compra da moeda.
31. Quais são os três tipos principais de inflação?;"1. Inflação de demanda; 2. Inflação de custos (ou de oferta); 3. Inflação inercial (ou expectacional)."
"32. O que é a ""inflação de demanda""?";Ocorre quando a demanda agregada supera a capacidade produtiva da economia (hiato inflacionário), gerando excesso de gastos em relação à oferta.
"33. O que é a ""inflação de custos"" (ou inflação de oferta)?";Ocorre quando aumentos nos custos de produção (ex: salários, matérias-primas, câmbio) são repassados aos preços finais, deslocando a oferta agregada para a esquerda.
"34. O que é a ""inflação inercial"" (ou inflação por expectativas)?";É aquela que se autoalimenta por mecanismos de indexação e expectativas: os agentes reajustam preços com base na inflação passada, perpetuando o ciclo.
"35. O que é a ""inflação de demanda x inflação de custos"" (diferença)?";"A de demanda é causada por excesso de gastos (política expansionista); a de custos é causada por choques de oferta (ex: petróleo). A primeira é combatida com restrição monetária; a segunda, o BC enfrenta dilema (estagflação)."
"36. O que é ""estagflação""?";É uma situação de estagnação econômica (recessão/desemprego) combinada com inflação elevada, geralmente causada por choques de oferta (inflação de custos).
37. Como o Banco Central combate a inflação de demanda?;Com política monetária contracionista (aumento de juros, redução da oferta de moeda) para reduzir a demanda agregada.
38. Como o Banco Central combate a inflação de custos?;A política monetária é menos eficaz, pois o problema é na oferta. O BC pode evitar uma segunda rodada (efeitos de segunda ordem), mas não combate a causa direta.
"39. O que é a ""meta de inflação"" (ou regime de metas de inflação)?";É um regime de política monetária onde o Banco Central anuncia publicamente uma meta numérica para a inflação e ajusta a taxa de juros para cumpri-la.
40. Qual a relação entre a moeda e os preços no longo prazo?;No longo prazo, a moeda é neutra: mudanças na oferta de moeda afetam apenas o nível geral de preços, sem afetar variáveis reais (PIB, emprego).
"41. O que é a ""neutralidade da moeda"" no longo prazo?";"É a ideia de que a oferta de moeda não afeta o produto potencial (PIB real) ou o desemprego no longo prazo; afeta apenas os preços nominais."
"42. O que é a ""superneutralidade da moeda""?";Além de não afetar variáveis reais, mudanças na taxa de crescimento da moeda não afetam a taxa de crescimento do produto no longo prazo.
"43. O que é a ""dicotomia clássica""?";É a separação entre variáveis nominais (preços, salários) e variáveis reais (produção, emprego) na teoria clássica. Mudanças na moeda só afetam as nominais.
"44. O que é a ""Teoria Quantitativa da Moeda"" (TQM) em sua versão clássica?";Estabelece que o nível geral de preços (P) é diretamente proporcional à quantidade de moeda (M) na economia, mantendo a velocidade (V) e a produção (Y) constantes.
"45. O que é a ""velocidade da moeda"" (V) na TQM?";"É a frequência média com que uma unidade monetária é usada para adquirir bens e serviços em um determinado período (número de vezes que a moeda ""gira"")."
46. Qual a equação fundamental da TQM (identidade de Fisher)?;MV = PY, onde M = oferta de moeda, V = velocidade da moeda, P = nível geral de preços, Y = produção real (PIB).
47. Qual a conclusão da TQM sobre a inflação?;A inflação (aumento de P) é, no longo prazo, sempre e em toda parte um fenômeno monetário: causada por um crescimento excessivo da oferta de moeda (M) em relação à produção (Y).
"48. O que é o ""déficit público"" e sua relação com a emissão de moeda (senhoriagem)?";O governo pode financiar seu déficit emitindo moeda (via BC), o que aumenta a base monetária e, se persistente, gera inflação (imposto inflacionário).
"49. O que é a ""senhoriagem""?";É a receita que o governo obtém ao emitir moeda (ou ampliar a base monetária), que é equivalente à diferença entre o custo de impressão e o valor facial da moeda.
"50. O que é o ""imposto inflacionário""?";É a perda de poder de compra dos detentores de moeda e títulos indexados, causada pela inflação, que atua como um imposto sobre os saldos monetários reais.
51. O que acontece se o governo abusar da senhoriagem (emissão de moeda)?;Gera hiperinflação, que destrói o valor da moeda, reduz a demanda por moeda, e a própria senhoriagem real diminui (curva de Laffer da inflação).
"52. O que é a ""hiperinflação""?";É uma inflação extremamente acelerada e descontrolada (ex: taxas mensais de 50% ou mais), onde a moeda perde suas funções básicas, gerando fuga para ativos reais e moeda estrangeira.
53. Quais são os custos da inflação (para a sociedade)?;"1. Perda do poder de compra; 2. Distorções de preços relativos; 3. ""Custos de menu"" (reajustes); 4. Redução da poupança e investimento; 5. Redistribuição arbitrária de renda; 6. Aumento da incerteza."
"54. O que são os ""custos de menu"" da inflação?";São os custos físicos e administrativos de reajustar preços (imprimir novos cardápios, etiquetas, catálogos), que aumentam com a inflação.
"55. O que é o ""efeito redistributivo"" da inflação?";A inflação beneficia devedores (que pagam com moeda desvalorizada) e prejudica credores (que recebem com poder de compra menor). Também prejudica quem tem renda fixa (aposentados).
"56. O que é a ""ilusão monetária""?";É a tendência dos agentes de confundir variáveis nominais (valores em moeda) com variáveis reais (poder de compra), sendo enganados pela inflação.
"57. O que é a ""Curva de Phillips"" e sua relação com a política monetária?";"Mostra uma relação inversa entre inflação e desemprego no curto prazo. O BC pode usar a política monetária para ""explorar"" esse trade-off, mas no longo prazo a curva é vertical."
"58. O que diz a ""Curva de Phillips"" no longo prazo?";No longo prazo, a curva de Phillips é vertical: não há trade-off entre inflação e desemprego. A taxa de desemprego volta ao seu nível natural (NAIRU).
"59. O que é a ""NAIRU"" (Taxa de Desemprego que não Acelera a Inflação)?";É a taxa de desemprego compatível com a estabilidade da inflação. Se o desemprego ficar abaixo da NAIRU, a inflação acelera.
"60. O que é a ""política monetária expansionista"" e quais seus efeitos?";Aumento da oferta de moeda ou redução da taxa de juros para estimular a demanda agregada, reduzindo o desemprego no curto prazo, mas podendo gerar inflação.
"61. O que é a ""política monetária contracionista"" e quais seus efeitos?";Redução da oferta de moeda ou aumento da taxa de juros para reduzir a demanda agregada, combatendo a inflação, mas podendo elevar o desemprego no curto prazo.
"62. O que é o ""regime de câmbio flutuante sujo"" e sua relação com a política monetária?";É quando o BC intervém no câmbio (compra/vende dólar) para evitar volatilidade excessiva, mas sem compromisso com uma paridade fixa, o que pode afetar a oferta de moeda.
63. Como o Banco Central controla a oferta de moeda no curto prazo?;Através de operações de mercado aberto, ajustando a taxa de juros e, em menor grau, alterando o compulsório e a taxa de redesconto.
"64. O que é a ""taxa de redesconto"" (ou taxa de desconto)?";É a taxa de juros cobrada pelo Banco Central para emprestar recursos aos bancos comerciais com dificuldades de liquidez (emergencial).
65. Como o aumento da taxa de redesconto afeta a oferta de moeda?;Torna mais caro para os bancos tomarem empréstimos do BC, reduzindo a liquidez e a oferta de moeda.
"66. O que são ""reservas internacionais"" e sua relação com a oferta de moeda?";As reservas são ativos externos do BC. A compra de divisas pelo BC (para evitar apreciação) injeta moeda (base monetária), expandindo a oferta. A venda retira moeda.
"67. O que é ""esterilização"" das reservas?";É a operação de neutralizar o impacto da compra/venda de divisas sobre a base monetária, via venda/compra de títulos públicos, para manter o controle da oferta de moeda.
"68. O que é a ""demanda real por moeda"" (ou saldos monetários reais)?";É o estoque de moeda que os agentes desejam manter, deflacionado pelo nível de preços (M/P). É a capacidade de compra que eles querem reter em forma líquida.
69. Como a inflação esperada afeta a demanda por moeda?;A inflação esperada reduz a demanda por moeda, pois o custo de oportunidade de reter moeda (perda de poder de compra) aumenta.
"70. O que é a ""fuga para ativos reais"" durante períodos de alta inflação?";É o abandono da moeda nacional como reserva de valor, com os agentes comprando imóveis, ouro, moeda estrangeira ou outros bens que mantêm valor.
"71. O que é a ""dolarização"" e como ela ocorre?";É quando a moeda estrangeira (geralmente o dólar) passa a ser usada como meio de troca, unidade de conta e reserva de valor, substituindo a moeda local em economias com alta inflação.
"72. Como a ""dolarização"" afeta a política monetária?";Reduz a autonomia do Banco Central, pois a oferta de moeda local perde importância e a taxa de câmbio passa a ditar a inflação.
"73. O que é a ""política de rendas"" como complemento à política monetária?";É um conjunto de medidas (controle de preços, salários, congelamento) para conter a inflação, especialmente a inercial, usada em planos de estabilização.
"74. O que é o ""plano de estabilização"" (ex: Plano Real)?";É um conjunto de medidas (fiscal, monetária, cambial e de rendas) para reduzir a inflação de forma abrupta e duradoura, ancorando as expectativas.
"75. O que é o ""anchor nominal"" (âncora nominal) em um plano de estabilização?";É a referência (câmbio, meta de inflação, regra monetária) que ancora as expectativas dos agentes e coordena a formação de preços.
"76. O que é a ""indexação"" e como ela perpetua a inflação inercial?";É o mecanismo que reajusta automaticamente contratos e preços pela inflação passada, criando inércia inflacionária e dificultando o controle.
"77. O que é a ""desindexação"" em um plano de estabilização?";É o processo de eliminar a indexação generalizada (salários, aluguéis, contratos) para quebrar a inércia inflacionária.
"78. O que é a ""crença na política monetária"" (credibilidade) e por que ela importa?";É a confiança do público de que o BC cumprirá suas promessas (ex: meta de inflação). Com credibilidade, as expectativas se ancoram, reduzindo o custo do combate à inflação.
"79. O que é o ""prêmio de risco inflacionário""?";É a diferença entre as taxas de juros de títulos indexados e não indexados à inflação, refletindo a percepção de risco de que a inflação fuja da meta.
"80. O que é a ""curva de demanda agregada"" no contexto da política monetária?";A política monetária afeta a demanda agregada via taxa de juros: juros mais baixos estimulam consumo e investimento, deslocando a DA para direita.
"81. O que é a ""transmissão da política monetária""?";São os canais pelos quais as decisões do BC (ex: alteração da taxa Selic) afetam a economia real: canal de juros, canal do crédito, canal do câmbio, canal das expectativas.
82. Quais são os principais canais de transmissão da política monetária?;"1. Canal da taxa de juros; 2. Canal do crédito (disponibilidade de empréstimos); 3. Canal do câmbio (taxa de câmbio e competitividade); 4. Canal das expectativas (confiança)."
"83. O que é o ""canal do crédito"" da política monetária?";Juros mais altos encarecem o crédito e reduzem a oferta de empréstimos, afetando principalmente empresas e consumidores que dependem de financiamento.
"84. O que é o ""canal do câmbio"" da política monetária?";Juros mais altos atraem capitais, apreciam o câmbio, reduzem a inflação via barateamento de importados, mas prejudicam as exportações.
"85. O que é o ""canal das expectativas"" da política monetária?";A comunicação do BC (forward guidance) influencia as expectativas dos agentes sobre juros futuros e inflação, afetando decisões de consumo e investimento.
"86. O que é a ""regra de Taylor"" e como ela orienta a política monetária?";É uma regra que sugere como o BC deve ajustar a taxa de juros com base no hiato do produto (PIB) e no desvio da inflação em relação à meta.
"87. O que é o ""forward guidance"" (orientação prospectiva) do Banco Central?";É a comunicação clara do BC sobre suas intenções futuras para a taxa de juros, com o objetivo de ancorar as expectativas e guiar o mercado.
88. Como a política monetária afeta o investimento?;Aumentos de juros elevam o custo de oportunidade do capital e o custo do financiamento, reduzindo o investimento produtivo.
89. Como a política monetária afeta o consumo?;Juros mais altos encarecem o crédito ao consumidor (financiamento de veículos, casa) e reduzem a riqueza (se houver dívida indexada), diminuindo o consumo.
"90. O que é a ""neutralidade da moeda"" e como ela se relaciona com a política monetária de curto prazo?";A moeda não é neutra no curto prazo (afeta produção e emprego), mas é neutra no longo prazo (afeta apenas preços). A política monetária tem efeitos reais apenas no curto prazo.
"91. O que é a ""política monetária não convencional"" (quantitative easing - QE)?";É quando o BC compra ativos de longo prazo (títulos, hipotecas) em grande escala para injetar liquidez e reduzir juros de longo prazo, quando a taxa básica já está em zero.
92. Em que situação o BC recorre à política monetária não convencional (QE)?;"Quando a economia está na ""armadilha da liquidez"" (juros nominais em zero) e a política convencional (cortar juros) já não é mais possível."
"93. O que é a ""taxa de juros real"" e a ""taxa de juros nominal""?";Nominal é a taxa declarada (ex: Selic). Real é a taxa nominal descontada a inflação (taxa real = taxa nominal - inflação). A real afeta as decisões de investimento.
"94. O que é a ""expectativa de inflação"" e por que ela é crucial para o BC?";É a inflação que os agentes esperam para o futuro. Se as expectativas se desancoram, a inflação atual tende a subir, mesmo sem demanda excessiva.
"95. O que é o ""credor de última instância"" (lender of last resort)?";É a função do Banco Central de emprestar recursos aos bancos em dificuldades para evitar crises de liquidez sistêmicas e quebras em cadeia.
96. Como a inflação afeta a distribuição de renda?;A inflação beneficia os devedores (inclusive o governo, que reduz o valor real da dívida) e prejudica os credores e quem tem renda fixa (pobres e aposentados).
"97. O que é a ""curva de oferta de moeda"" no modelo de mercado monetário?";No curto prazo, a oferta de moeda (M) é determinada exogenamente pelo Banco Central, sendo representada por uma linha vertical (independente da taxa de juros).
"98. O que é o ""equilíbrio no mercado monetário""?";Ocorre quando a demanda por moeda (L) se iguala à oferta de moeda (M), determinando a taxa de juros de equilíbrio.
"99. O que é o ""mercado secundário"" de títulos públicos e sua relação com a política monetária?";É onde os títulos públicos são negociados entre investidores. As operações do BC nesse mercado (open market) controlam a liquidez e influenciam a taxa de juros.
100. Para o CACD, por que a Teoria e a Política Monetária são fundamentais?;Para analisar o impacto da política monetária de outros países sobre o câmbio e o comércio, negociar acordos financeiros internacionais, entender relatórios do FMI e do BIS, e avaliar a estabilidade econômica de países parceiros em negociações bilaterais e multilaterais.
;
;
Qual o principal papel do Banco Central (BC) na economia moderna?;Atuar como autoridade monetária, garantindo a estabilidade de preços (controle da inflação) e a estabilidade do sistema financeiro (supervisão e regulação).
2. O Banco Central é um órgão do Poder Executivo ou tem autonomia?;Idealmente, tem autonomia operacional (e, em alguns casos, institucional) em relação ao Executivo, para conduzir a política monetária sem pressões políticas de curto prazo.
"3. O que é a ""autonomia do Banco Central""?";É a independência do BC para definir a taxa de juros e a oferta de moeda sem interferência do governo, baseada em mandatos claros e técnicos.
4. Quais são os três pilares da atuação de um Banco Central?;"1. Autoridade monetária (controla moeda e juros); 2. Regulador e supervisor do sistema financeiro; 3. Gestor das reservas internacionais e do câmbio."
5. Além do controle da inflação, qual o outro grande objetivo do Banco Central?;"Garantir a estabilidade financeira (prevenir crises bancárias e sistêmicas), sendo o ""credor de última instância""."
"6. O que é a ""função de credor de última instância"" (lender of last resort)?";É a função do BC de emprestar recursos de emergência a bancos ou instituições financeiras em dificuldades de liquidez, para evitar quebras em cascata e pânico financeiro.
7. Quais são os principais objetivos (mandatos) da política monetária?;"1. Estabilidade de preços (controle da inflação); 2. Pleno emprego (ou redução do desemprego); 3. Estabilidade da taxa de câmbio (em alguns regimes); 4. Estabilidade financeira."
8. Qual é o principal objetivo da política monetária no regime de metas de inflação?;Manter a inflação dentro de uma meta estabelecida (geralmente anual), usando a taxa de juros como principal instrumento.
"9. O que é o ""regime de metas de inflação"" (Inflation Targeting)?";É um regime onde o BC anuncia publicamente a meta de inflação e usa a política monetária (juros) para atingi-la, com transparência e prestação de contas.
10. Quais são os requisitos para um regime de metas de inflação funcionar?;"1. Autonomia do BC; 2. Transparência (comunicação clara); 3. Previsibilidade (regra de Taylor); 4. Credibilidade (o público confia no BC)."
"11. O que é a ""taxa de juros básica"" (ex: Selic no Brasil, Fed Funds nos EUA)?";É a taxa de juros definida pelo BC para empréstimos de curtíssimo prazo entre bancos, que serve como referência para todas as outras taxas da economia.
12. Como a elevação da taxa de juros básica combate a inflação?;Eleva o custo do crédito, reduz consumo e investimento, diminui a demanda agregada e, com isso, alivia as pressões inflacionárias.
13. Como a redução da taxa de juros básica estimula a economia?;Barateia o crédito, estimula consumo e investimento, aumenta a demanda agregada e reduz o desemprego (mas pode gerar inflação).
"14. O que é a ""Taxa de Juros Real"" e por que ela é mais relevante que a nominal?";É a taxa nominal descontada a inflação esperada. É a que realmente afeta as decisões de investimento e poupança (custo de oportunidade real).
15. Como a inflação afeta a taxa de juros real?;Se a inflação sobe, a taxa de juros real cai (para uma mesma taxa nominal), o que estimula a demanda, gerando um círculo vicioso.
16. Quais são os instrumentos convencionais de política monetária?;"1. Taxa de juros (principal); 2. Operações de mercado aberto (open market); 3. Depósito compulsório; 4. Taxa de redesconto."
"17. O que são as ""operações de mercado aberto"" (open market)?";São compras ou vendas de títulos públicos pelo BC no mercado secundário, para controlar a liquidez (oferta de moeda) e ajustar a taxa de juros de curto prazo.
"18. Qual a diferença entre operações de mercado aberto ""definitivas"" e ""temporárias""?";Definitivas: compra/venda de títulos com liquidação imediata e efeito permanente. Temporárias: compromissadas (recompra), com efeito reversível no curto prazo.
"19. O que é o ""depósito compulsório"" e como ele funciona como instrumento?";"É a porcentagem dos depósitos dos bancos que deve ser recolhida ao BC. Aumentá-lo reduz a capacidade de empréstimos e a oferta de moeda; reduzi-lo a aumenta."
"20. O que é a ""taxa de redesconto"" (ou taxa de desconto)?";É a taxa de juros cobrada pelo BC quando empresta recursos aos bancos comerciais (emergencial). Aumentá-la desestimula o endividamento bancário e reduz a liquidez.
21. Quem define a taxa de juros básica no Brasil?;O Comitê de Política Monetária (COPOM) do Banco Central do Brasil, que se reúne a cada 45 dias para definir a meta para a taxa Selic.
"22. O que é o ""forward guidance"" (orientação prospectiva)?";É a comunicação do BC sobre a trajetória futura esperada da taxa de juros, com o objetivo de ancorar as expectativas do mercado e guiar o comportamento dos agentes.
"23. O que é a ""política monetária não convencional"" (ou unconventional monetary policy)?";São medidas adotadas pelo BC quando a taxa de juros básica já está em zero (ou muito baixa) e os instrumentos convencionais se esgotam, como o Quantitative Easing (QE) e a compra de ativos privados.
"24. O que é o ""Quantitative Easing"" (QE)?";É a compra em larga escala de títulos públicos de longo prazo (e, em alguns casos, ativos privados) pelo BC para injetar liquidez, reduzir juros de longo prazo e estimular a economia.
25. Qual a diferença entre QE e operações de mercado aberto normais?;O QE é em grande escala, foca em ativos de longo prazo (não apenas curtíssimo), e visa reduzir os prêmios de risco e os juros de longo prazo, além de injetar liquidez.
"26. O que são as ""operações de refinanciamento de longo prazo"" (LTRO/TLTRO)?";São empréstimos de longo prazo do BC para os bancos, com condições favoráveis, para garantir liquidez e estimular o crédito à economia real.
"27. O que é a ""taxa de juros negativa""?";É quando o BC cobra dos bancos por manterem reservas excedentes, incentivando-os a emprestar em vez de guardar dinheiro. É uma medida para estimular a economia.
28. Quais são os riscos da política monetária não convencional (QE)?;"1. Bolhas de ativos (ações, imóveis); 2. Desvalorização cambial; 3. Aumento da desigualdade; 4. Dificuldade de saída (como desfazer o QE sem causar crises)."
"29. O que é a ""política monetária contracionista"" e qual seu efeito sobre a inflação?";Aumento da taxa de juros para reduzir a demanda agregada e combater a inflação (arrefece a economia).
"30. O que é a ""política monetária expansionista"" e qual seu efeito sobre o emprego?";Redução da taxa de juros para estimular a demanda agregada, reduzindo o desemprego no curto prazo.
"31. O que é a ""regra de Taylor"" e como ela orienta a política monetária?";É uma fórmula que sugere como o BC deve ajustar a taxa de juros com base no hiato do produto (PIB efetivo menos potencial) e no desvio da inflação em relação à meta.
32. Qual a relação entre a política monetária e a política fiscal (governo)?;Devem ser coordenadas: déficits fiscais elevados podem pressionar o BC a manter juros altos, e uma política monetária restritiva pode encarecer o serviço da dívida pública.
"33. O que é a ""dominância fiscal""?";É quando o governo tem déficits tão altos que o BC é forçado a manter juros baixos (ou emitir moeda) para não quebrar o Tesouro, sacrificando o controle da inflação.
"34. O que é a ""dominância monetária""?";É quando o BC atua independentemente para controlar a inflação, e o governo ajusta sua política fiscal para não comprometer essa meta.
"35. O que é o ""risco moral"" (moral hazard) na política monetária?";É quando bancos ou investidores assumem riscos excessivos porque acreditam que o BC (credor de última instância) irá resgatá-los em caso de crise, criando incentivos perversos.
"36. O que é a ""supervisão bancária"" (ou supervisão prudencial)?";É a atividade de fiscalizar e monitorar os bancos e instituições financeiras para garantir que eles operem de forma segura e sólida, cumprindo as regras (Basileia).
"37. O que é o ""Acordo de Basileia"" (Basileia I, II, III)?";São padrões internacionais de regulação bancária que estabelecem requisitos mínimos de capital, liquidez e gestão de riscos para os bancos, com o objetivo de aumentar a resiliência do sistema.
"38. O que é o ""Capital Regulatório"" (ou Capital de Nível 1) exigido por Basileia?";É o capital próprio que o banco deve manter como proteção contra perdas inesperadas, calculado como porcentagem de seus ativos ponderados pelo risco (ex: 4,5% para Nível 1).
"39. O que é o ""Índice de Basileia"" (ou Capital Adequacy Ratio)?";É a razão entre o capital do banco e seus ativos ponderados pelo risco. O padrão mínimo internacional é de 8% (sendo 4,5% de Nível 1 e 6% de Nível 1 + 2).
"40. O que são os ""Ativos Ponderados pelo Risco"" (RWA)?";São os ativos do banco ajustados pelo risco de crédito, de mercado e operacional. Ativos mais arriscados (ex: empréstimos a empresas sem garantia) exigem mais capital.
"41. O que é o ""Teste de Estresse"" (stress test) bancário?";É uma simulação feita pelos reguladores para avaliar se os bancos sobreviveriam a cenários adversos (ex: recessão forte, queda de preços) sem precisar de resgate.
"42. O que é a ""Liquidez"" bancária e por que ela é regulada?";É a capacidade do banco de honrar seus compromissos de curto prazo (saques, pagamentos). A regulação exige índices de liquidez (LCR e NSFR) para evitar corridas bancárias.
"43. O que é o ""LCR"" (Liquidity Coverage Ratio - Índice de Cobertura de Liquidez)?";Exige que os bancos mantenham ativos líquidos de alta qualidade suficientes para cobrir suas saídas de caixa líquidas em um cenário de estresse de 30 dias.
"44. O que é o ""NSFR"" (Net Stable Funding Ratio - Razão de Financiamento Estável Líquido)?";Exige que os bancos tenham fontes de financiamento estáveis (depósitos de longo prazo, capital) para cobrir seus ativos de longo prazo, reduzindo o risco de descalçamento de prazos.
"45. O que é o ""Comitê de Basileia de Supervisão Bancária"" (BCBS)?";É o fórum internacional que estabelece os padrões de regulação bancária (Acordos de Basileia), sediado no Banco de Compensações Internacionais (BIS).
"46. O que é o ""Banco de Compensações Internacionais"" (BIS - Bank for International Settlements)?";"É a ""instituição dos bancos centrais"", que promove a cooperação entre BCs, atua como banco dos BCs e abriga o Comitê de Basileia."
"47. Qual a diferença entre ""regulação bancária"" (regulação prudencial) e ""supervisão bancária""?";Regulação é o estabelecimento de regras (ex: Basileia). Supervisão é o monitoramento e fiscalização contínuos para garantir o cumprimento das regras.
"48. O que é o ""Fundo Garantidor de Créditos"" (FGC) no Brasil?";É uma entidade privada (sem fins lucrativos) que garante o reembolso de depósitos e aplicações em instituições financeiras, até um certo valor, em caso de quebra do banco.
49. Qual o objetivo do FGC (ou FDIC nos EUA)?;Proteger os pequenos depositantes e evitar corridas bancárias (pânico), aumentando a confiança no sistema financeiro.
"50. O que é a ""Resolução Bancária"" (ou resolução de instituições financeiras)?";É o processo ordenado de intervenção em um banco em dificuldades, podendo envolver venda, fusão, recapitalização ou liquidação, minimizando o custo para o contribuinte e o sistema.
"51. O que é ""Too Big To Fail"" (grande demais para quebrar)?";É a percepção de que alguns bancos são tão grandes e interconectados que sua quebra causaria um colapso sistêmico, levando o governo a resgatá-los, criando risco moral.
"52. Como a regulação de Basileia III trata o problema ""Too Big To Fail""?";Exige que os bancos sistêmicos globalmente importantes (G-SIBs) mantenham um colchão de capital adicional (capital surcharge) e planos de resolução (testamentos).
"53. O que é a ""Alavancagem"" bancária e como ela é regulada?";A alavancagem é a relação entre os ativos e o capital próprio do banco. A regulação de Basileia III estabelece um limite máximo de alavancagem (ex: 3% de capital sobre ativos totais).
"54. O que é o ""Mercado de Capitais""?";É o segmento do sistema financeiro onde são negociados títulos de longo prazo (ações, debêntures, títulos públicos) para financiar empresas e o governo, em contraste com o crédito bancário.
55. Qual a diferença entre o Mercado de Capitais e o Mercado de Crédito (bancário)?;No mercado de capitais, as empresas captam recursos emitindo títulos (ações, debêntures) diretamente de investidores. No crédito bancário, tomam empréstimos de bancos.
"56. O que é a ""Comissão de Valores Mobiliários"" (CVM) no Brasil?";É a autarquia federal que regula e fiscaliza o mercado de capitais (bolsas, corretoras, fundos), protegendo os investidores e garantindo a transparência (equivalente à SEC nos EUA).
"57. O que é a ""Bolsa de Valores"" (ex: B3 no Brasil)?";É o local (físico ou eletrônico) onde são negociados ações, títulos e outros valores mobiliários, proporcionando liquidez e formação de preços.
"58. O que é uma ""ação"" (equity)?";É um título que representa uma fração do capital social de uma empresa de capital aberto, dando ao acionista direitos (voto, dividendos) e riscos (variação de preço).
"59. O que é uma ""debênture"" (título de dívida corporativa)?";É um título de crédito de longo prazo emitido por empresas para captar recursos, que paga juros (cupons) aos investidores e tem prazo de vencimento.
"60. O que é um ""título público"" (Tesouro Direto)?";É um título de dívida emitido pelo governo (Tesouro Nacional) para financiar seu déficit ou rolar a dívida, sendo considerado o ativo de menor risco no país.
"61. Qual a diferença entre ""fundos de investimento"" e ""fundos de pensão""?";Fundos de investimento são pools de recursos de investidores para aplicação em ativos financeiros. Fundos de pensão são fundos de previdência privada, com foco no longo prazo.
"62. O que é a ""Supervisão do Mercado de Capitais"" (regulação do mercado)?";É o conjunto de regras e fiscalização para evitar fraudes, insider trading (uso de informação privilegiada), manipulação de preços e garantir a transparência.
"63. O que é ""insider trading"" (negociação com informação privilegiada)?";É a compra ou venda de títulos com base em informações relevantes que ainda não foram divulgadas ao público, sendo prática ilegal.
"64. O que é ""governança corporativa"" no contexto do mercado de capitais?";São as práticas e regras que garantem a transparência, a equidade e a prestação de contas das empresas para com seus acionistas e o mercado.
"65. O que é a ""autorregulação"" no mercado financeiro (ex: ANBIMA)?";É quando as próprias instituições do mercado criam códigos de conduta e padrões de melhores práticas, com fiscalização própria, complementando a regulação estatal.
"66. O que é a ""taxa de juros de longo prazo"" e como ela difere da taxa básica (curto prazo)?";A taxa de longo prazo (ex: juros dos títulos de 10 anos) reflete as expectativas de inflação e crescimento futuros, além do prêmio de risco, sendo influenciada pelo QE.
"67. O que é a ""Curva de Juros"" (ou Estrutura a Termo da Taxa de Juros)?";É a relação entre a taxa de juros e o prazo de vencimento dos títulos. Pode ser normal (inclinação positiva), invertida (inclinação negativa) ou achatada.
"68. O que uma ""curva de juros invertida"" (juros de curto prazo maiores que os de longo prazo) sinaliza?";Sinaliza expectativa de recessão futura, pois o mercado espera que o BC reduza os juros no futuro para combater a queda da atividade econômica.
"69. O que é o ""spread bancário"" e por que ele é importante?";É a diferença entre a taxa de juros que o banco cobra dos tomadores de empréstimo e a taxa que paga aos depositantes. Representa a margem de lucro do banco.
70. O que afeta o spread bancário (além da taxa Selic)?;Inadimplência, custos administrativos, compulsório, concorrência e incerteza econômica. Um spread alto encarece o crédito e prejudica a economia.
"71. O que é a ""inadimplência"" (ou calote) e seu impacto sobre o sistema financeiro?";É o não pagamento de um empréstimo. A inadimplência elevada reduz o lucro dos bancos, aumenta o risco sistêmico e os obriga a elevar o spread e as exigências de garantia.
"72. O que é o ""Risco de Crédito"" e como os bancos o gerenciam?";É o risco de o tomador do empréstimo não pagar. Os bancos o gerenciam com análise de crédito, exigência de garantias, diversificação da carteira e provisionamento.
"73. O que é o ""Risco de Mercado"" (ou risco de taxa de juros e câmbio)?";É o risco de perdas devido a variações nas taxas de juros, câmbio, preços de ações e commodities. Os bancos devem ter limites e hedge (proteção).
"74. O que é o ""Risco Operacional"" (ou risco de falhas)?";É o risco de perdas devido a falhas internas (fraude, erro humano, sistemas, processos) ou eventos externos (desastres, ataques cibernéticos).
"75. O que é o ""Risco Sistêmico""?";É o risco de que a falha de uma instituição ou de um segmento do sistema financeiro provoque um colapso em todo o sistema, causando danos à economia real.
76. Quais são os principais órgãos reguladores do sistema financeiro brasileiro?;"1. CMN (Conselho Monetário Nacional) – formula a política; 2. BACEN (Banco Central) – executa e supervisiona bancos; 3. CVM – regula o mercado de capitais; 4. SUSEP – seguros; 5. PREVIC – fundos de pensão."
"77. Qual a diferença entre ""CMN"" e ""BACEN"" no Brasil?";O CMN é o órgão normativo máximo (formula diretrizes), composto por Ministro da Fazenda, Planejamento e Presidente do BC. O BACEN é o executor e supervisor.
"78. O que é a ""Lei Complementar 179/2021"" (autonomia do Banco Central do Brasil)?";É a lei que concedeu autonomia formal ao BCB, com mandatos fixos para o Presidente e diretores, alinhando o BC ao regime de metas de inflação.
"79. O que é o ""PIX"" no sistema financeiro brasileiro?";É um sistema de pagamentos instantâneos criado pelo BCB, que permite transferências eletrônicas em tempo real, 24/7, reduzindo custos e aumentando a inclusão financeira.
"80. O que é o ""Open Banking"" (Sistema Financeiro Aberto)?";É um sistema que permite o compartilhamento de dados financeiros dos clientes entre instituições autorizadas, mediante consentimento, estimulando a concorrência e a inovação.
"81. O que é a ""moeda digital de banco central"" (CBDC - Central Bank Digital Currency)?";É a versão digital da moeda fiduciária emitida pelo BC, que serve como uma alternativa ao papel-moeda e ao criptoativo, com lastro estatal. Ex: Real Digital (Drex) no Brasil.
82. Qual a diferença entre CBDC e criptomoedas (ex: Bitcoin)?;A CBDC é emitida e garantida pelo Banco Central, sendo centralizada e com controle estatal. Criptomoedas são descentralizadas, sem lastro e sem garantia estatal.
"83. O que são as ""Fintechs"" e como elas desafiam o sistema financeiro tradicional?";São empresas de tecnologia que oferecem serviços financeiros (crédito, pagamentos, investimentos) de forma mais ágil e com custos menores, pressionando os bancos tradicionais.
84. Como o BC regula as Fintechs (ex: SCD, SEP)?;No Brasil, elas são reguladas como Sociedades de Crédito Direto (SCD) ou Sociedades de Empréstimo entre Pessoas (SEP), com regras proporcionais ao seu porte.
"85. O que é ""shadow banking"" (sistema bancário paralelo)?";É o conjunto de intermediários financeiros não bancários (fundos, securitizadoras, financeiras) que realizam atividades de crédito e liquidez sem a mesma regulação dos bancos, podendo gerar riscos.
"86. Como o BC combate a ""inflação de demanda"" com a política monetária?";Elevando a taxa de juros, reduzindo a oferta de moeda e encarecendo o crédito, o que reduz o consumo e o investimento, arrefecendo a demanda agregada.
"87. Como o BC reage a um ""choque de oferta"" (inflação de custos) com a política monetária?";O BC tem um dilema: subir juros pode aprofundar a recessão, mas não subir pode desancorar as expectativas. Em geral, ele sobe juros para evitar a contaminação (efeitos de segunda rodada).
"88. O que são os ""efeitos de segunda rodada"" da inflação de custos?";É quando o aumento inicial de preços (ex: petróleo) se espalha para outros preços e salários via indexação, criando uma inflação inercial generalizada. O BC atua para evitar isso.
"89. O que é a ""ancoragem das expectativas inflacionárias""?";É quando o público confia que o BC cumprirá a meta de inflação, de modo que as expectativas de inflação futura ficam estáveis em torno da meta, facilitando o controle da inflação.
90. O que acontece se as expectativas inflacionárias se desancoram (sobem acima da meta)?;Os agentes reajustam preços e salários esperando inflação mais alta, o que gera inflação de fato, mesmo sem demanda excessiva, forçando o BC a subir juros mais do que o previsto.
"91. O que é o ""credibilidade do Banco Central"" e como ela é construída?";É a confiança do público de que o BC cumprirá suas promessas. É construída com transparência, comunicação clara, consistência nas decisões e autonomia.
"92. O que é o ""custo do desemprego"" do combate à inflação (sacrifício)?";"É o aumento temporário do desemprego causado pela elevação dos juros para reduzir a inflação. O ""índice de sacrifício"" mede a perda de PIB por ponto de inflação reduzida."
"93. O que é a ""meta de inflação contínua"" (vs. meta anual) adotada por alguns BCs?";É uma meta que é monitorada em regime contínuo (ex: 12 meses), permitindo que o BC não precise reagir a choques temporários, mas mostrando o compromisso de longo prazo.
"94. O que é a ""taxa de juros neutra"" (ou natural)?";É a taxa de juros real que não estimula nem contrai a economia, ou seja, que mantém o PIB em seu potencial e a inflação na meta. É o referencial para a política monetária.
"95. O que é o ""hiato do produto"" (output gap) e sua relação com a política monetária?";É a diferença entre o PIB efetivo e o PIB potencial. Hiato positivo (economia superaquecida) → BC sobe juros. Hiato negativo (recessão) → BC reduz juros.
"96. O que é a ""regra de Taylor"" e como ela ajuda a definir a taxa de juros?";A regra sugere que o BC deve elevar a taxa de juros acima do nível neutro quando a inflação está acima da meta ou o hiato do produto é positivo, e vice-versa.
"97. O que é a ""normalização da política monetária""?";"É o processo de saída das medidas não convencionais (QE, juros negativos) e retorno a uma taxa de juros ""normal"", vendendo ativos e elevando a taxa básica gradualmente."
"98. Quais são os riscos de uma ""normalização"" mal conduzida (ex: tapering)?";"Pode causar ""taper tantrum"" (pânico nos mercados), com elevação brusca dos juros de longo prazo, desvalorização cambial e fuga de capitais de países emergentes."
"99. O que é a ""tripla inconsistência"" (ou trinômio impossível) e seu impacto na política monetária?";É a impossibilidade de ter simultaneamente: câmbio fixo, livre mobilidade de capitais e política monetária autônoma. O país precisa escolher dois dos três.
100. Para o CACD, por que a Política Monetária (aprofundada) e a Regulação Financeira são essenciais?;Para negociar acordos financeiros internacionais, entender as regras de Basileia e sua aplicação em países parceiros, analisar a solidez dos sistemas bancários em crises, e participar de fóruns como BIS, FMI e G20 sobre regulação e estabilidade financeira global.
;
;
. Qual a diferença fundamental entre crescimento econômico e desenvolvimento econômico?;Crescimento é o aumento da produção (PIB per capita) no curto/médio prazo, enquanto desenvolvimento é um processo mais amplo e de longo prazo que envolve melhorias na qualidade de vida, distribuição de renda, saúde, educação e instituições.
2. O que é o crescimento econômico (definição estrita)?;É o aumento sustentado do produto total ou do produto per capita de uma economia ao longo do tempo, medido geralmente pela variação do PIB real.
3. O que é o desenvolvimento econômico (conceito amplo)?;É um processo multidimensional que inclui crescimento econômico, mas também transformações estruturais, redução da pobreza e das desigualdades, melhoria dos indicadores sociais (IDH) e sustentabilidade ambiental.
4. Quais são os principais determinantes do crescimento econômico?;Acumulação de capital (físico e humano), crescimento da força de trabalho, progresso tecnológico, eficiência na alocação de recursos e qualidade das instituições.
5. Qual é a principal diferença entre o curto prazo (flutuações) e o longo prazo (crescimento) na macroeconomia?;As flutuações (ciclos econômicos) são analisadas pela demanda agregada. O crescimento de longo prazo é analisado pela oferta agregada (capacidade produtiva), ou seja, pela expansão dos fatores de produção e da produtividade.
"6. O que é a ""fronteira de possibilidades de produção"" (FPP) e sua relação com o crescimento?";É a curva que mostra as combinações máximas de produção que uma economia pode atingir com seus recursos e tecnologia. O crescimento desloca a FPP para fora (aumento da capacidade produtiva).
7. Qual a ideia central do modelo de crescimento de Solow (modelo neoclássico)?;O crescimento no longo prazo é impulsionado pela acumulação de capital (físico e humano) e, principalmente, pelo progresso tecnológico exógeno (que cai do céu). A economia converge para um estado estacionário.
"8. O que é o ""estado estacionário"" (steady-state) no modelo de Solow?";É a situação em que o capital por trabalhador (e o produto por trabalhador) se estabiliza, pois o investimento é apenas suficiente para repor a depreciação e equiparar o crescimento da força de trabalho.
9. No modelo de Solow, o que acontece quando um país aumenta sua taxa de poupança?;Há um aumento temporário da taxa de crescimento (transição para um estado estacionário com maior capital e produto per capita), mas o crescimento no longo prazo não é alterado.
10. Qual a principal conclusão do modelo de Solow sobre a taxa de crescimento no longo prazo?;No longo prazo, a taxa de crescimento do produto per capita é determinada exclusivamente pela taxa de progresso tecnológico (exógena). A poupança afeta o nível, mas não a taxa de crescimento.
"11. O que é a ""convergência condicional"" prevista pelo modelo de Solow?";Países com menor estoque de capital por trabalhador (e menor PIB per capita) tendem a crescer mais rapidamente, desde que tenham características semelhantes (taxa de poupança, educação, instituições).
12. O que explica o modelo de Solow para a diferença de renda entre países pobres e ricos?;Diferenças nas taxas de poupança/investimento, no crescimento populacional, na depreciação e no nível de tecnologia (ou eficiência).
"13. O que é o ""progresso tecnológico"" no modelo de Solow (Harrod-neutro)?";É um aumento da produtividade que permite produzir mais com a mesma quantidade de fatores (trabalho e capital), e é tratado como um fator exógeno (externo ao modelo).
14. Qual é a principal limitação do modelo de Solow (crítica dos novos teóricos do crescimento)?;"Tratar o progresso tecnológico como exógeno (não explicado pelo modelo) é uma ""caixa-preta"". Ele não explica de onde vem a inovação, tornando o crescimento um fenômeno externo."
15. O que são os modelos de crescimento endógeno (nova teoria do crescimento)?;São modelos que explicam o progresso tecnológico de forma endógena (dentro do modelo), resultante de decisões conscientes de agentes (investimento em P&D, capital humano, inovação).
16. Quais são os pilares da teoria do crescimento endógeno (Romer, Lucas)?;"1. Retornos crescentes de escala (spillovers do capital humano e tecnologia); 2. Importância do conhecimento como bem não rival; 3. O crescimento não tem estado estacionário forçado; pode ser contínuo."
17. Como a teoria do crescimento endógeno explica o crescimento sustentado no longo prazo?;Através do investimento contínuo em conhecimento (P&D), educação (capital humano) e inovação, que geram externalidades positivas e rendimentos crescentes, evitando a convergência para um estado estacionário.
"18. Qual a diferença entre ""bens rivais"" e ""bens não rivais"" no contexto do conhecimento?";Bens rivais (ex: uma máquina) só podem ser usados por um agente por vez. O conhecimento é não rival (uma ideia pode ser usada por todos simultaneamente), o que gera externalidades positivas.
"19. O que é o ""capital humano"" e qual seu papel no crescimento?";É o conjunto de conhecimentos, habilidades e saúde das pessoas (educação, treinamento). É um fator crucial de produção e gera externalidades (spillovers) que impulsionam a produtividade e a inovação.
"20. O que é a ""inovação"" no sentido schumpeteriano?";Não é apenas invenção (criar algo novo), mas a introdução de novos produtos, novos métodos de produção, novos mercados, novas fontes de matéria-prima ou novas formas de organização (destruição criadora).
"21. O que é a ""destruição criadora"" (creative destruction) de Schumpeter?";É o processo pelo qual inovações radicais tornam obsoletas tecnologias, produtos e empresas antigas, destruindo empregos e capitais no curto prazo, mas gerando crescimento e progresso no longo prazo.
22. No modelo schumpeteriano, quem é o principal agente da inovação e do crescimento?;O empreendedor inovador, que assume riscos e introduz novas combinações produtivas, desafiando o equilíbrio estático do mercado.
"23. Qual a diferença entre ""crescimento schumpeteriano"" e ""crescimento neoclássico (Solow)""?";Em Solow, o crescimento é um processo suave e contínuo, puxado por tecnologia exógena. Em Schumpeter, o crescimento é descontínuo, volátil e marcado por ciclos, puxado por inovações radicais do empreendedor.
"24. O que são ""ciclos econômicos"" na visão schumpeteriana?";"As inovações ocorrem em ""enxames"" (clusters), gerando períodos de expansão (investimentos), seguidos de recessão (destruição das empresas obsoletas) e depois nova onda de inovação."
"25. O que é a ""curva de aprendizado"" (learning by doing) e sua relação com o crescimento?";É o fenômeno em que os trabalhadores se tornam mais produtivos à medida que ganham experiência na produção, gerando ganhos de produtividade sem necessidade de novos investimentos. É uma fonte endógena de crescimento.
"26. Como as ""externalidades do capital humano"" (spillovers) afetam o crescimento?";Uma pessoa com mais educação não só produz mais, mas também eleva a produtividade dos que trabalham com ela (efeito transbordamento), gerando rendimentos crescentes de escala.
"27. O que é a ""armadilha da pobreza"" (poverty trap) e como ela se relaciona com o crescimento?";É uma situação em que um país é tão pobre que não consegue poupar/investir o suficiente para crescer, perpetuando a pobreza. É um equilíbrio de baixo nível, comum em modelos de crescimento endógeno.
28. Por que a poupança é importante para o crescimento, segundo os modelos clássicos?;A poupança financia o investimento em capital físico (máquinas, fábricas, infraestrutura), que aumenta a capacidade produtiva e eleva o PIB per capita.
29. Por que o investimento em infraestrutura é considerado crucial para o crescimento?;Reduz custos de transporte e comunicação, melhora a logística, atrai investimentos privados e aumenta a produtividade de todos os setores (externalidade positiva).
"30. O que é a ""produtividade total dos fatores"" (PTF) e como ela é usada?";É a parte do crescimento do PIB que não é explicada pelo aumento da quantidade de fatores (trabalho e capital). Ela mede a eficiência com que os fatores são usados (progresso tecnológico, inovação, eficiência institucional).
31. Por que a PTF é tão importante para o crescimento no longo prazo?;Porque, no longo prazo, a acumulação de fatores (capital e trabalho) tem limites (rendimentos decrescentes). O crescimento sustentado depende quase que exclusivamente do aumento da PTF (inovação e eficiência).
"32. O que é o ""resíduo de Solow"" (ou resíduo de Solow)?";É a parcela do crescimento do PIB que não é explicada pela acumulação de capital e trabalho. É a medida empírica da PTF e é atribuída ao progresso tecnológico.
33. Quais fatores explicam a PTF (produtividade total dos fatores)?;Inovação tecnológica, melhorias na gestão, eficiência na alocação de recursos, qualidade das instituições, educação, abertura ao comércio e infraestrutura.
"34. Qual a relação entre ""abertura comercial"" e crescimento econômico?";A abertura permite a importação de bens de capital (incorporando tecnologia), expõe empresas à concorrência (estimula eficiência), facilita o acesso a novos mercados (escala) e difunde conhecimento.
35. Como os direitos de propriedade (instituições) afetam o crescimento?;Garantem que os agentes capturem os frutos de seus investimentos e inovações, incentivando a poupança, o investimento e o empreendedorismo. Instituições fracas desestimulam o crescimento.
"36. O que é a ""curva de Kuznets"" ambiental?";Mostra que, nos estágios iniciais do crescimento, a degradação ambiental aumenta, mas, a partir de certo nível de renda, a poluição diminui (mais consciência ambiental, tecnologia mais limpa).
"37. O que é o ""capital social"" e sua relação com o desenvolvimento?";São as redes de cooperação, confiança e normas que facilitam a ação coletiva e a coordenação, reduzindo custos de transação e melhorando o funcionamento das instituições.
"38. O que é a ""armadilha da renda média"" (middle-income trap)?";É a situação em que um país de renda média estagna e não consegue competir com países de baixa renda (por ter salários mais altos) nem com países de alta renda (por falta de inovação e tecnologia).
39. Como um país escapa da armadilha da renda média?;Deixando de depender de fatores básicos (mão de obra barata, recursos naturais) e investindo fortemente em inovação, educação, capital humano e instituições de qualidade para produzir bens de maior valor agregado.
"40. Qual a diferença entre ""crescimento extensivo"" e ""crescimento intensivo""?";Extensivo: aumento do PIB via aumento da quantidade de fatores (mais trabalhadores, mais capital). Intensivo: aumento do PIB via aumento da produtividade (mais eficiência por trabalhador).
41. Por que o crescimento intensivo é o mais desejável no longo prazo?;Porque é sustentável, não depende de recursos finitos (como mão de obra ou capital) e é impulsionado pela inovação, o que aumenta o padrão de vida sem pressões inflacionárias.
"42. O que é o ""desenvolvimento sustentável""?";É o desenvolvimento que atende às necessidades do presente sem comprometer a capacidade das futuras gerações de atenderem às suas próprias necessidades, integrando crescimento econômico, inclusão social e proteção ambiental.
43. Como os Objetivos de Desenvolvimento Sustentável (ODS) da ONU se relacionam com a teoria do desenvolvimento?;Eles representam uma agenda abrangente que vai além do PIB, incluindo educação, saúde, igualdade de gênero, redução da pobreza, trabalho decente, inovação e ação climática.
44. Qual é a crítica central dos modelos de crescimento endógeno ao modelo de Solow?;Que o progresso tecnológico não pode ser exógeno, pois é resultado de investimentos deliberados em P&D e educação. Ignorar isso leva a políticas subestimadas para promover o crescimento.
45. No modelo de Solow, como uma maior taxa de crescimento populacional afeta o estado estacionário?;"Reduz o capital por trabalhador e o PIB per capita no estado estacionário, pois o investimento precisa ""diluir-se"" para equiparar o crescimento da força de trabalho."
"46. O que é o ""efeito de escala"" nos modelos de crescimento endógeno?";Quanto maior a população (ou o mercado), maior o número de inovadores e o potencial de crescimento, pois há mais pessoas para gerar ideias e mais mercado para difundi-las.
"47. O que é a ""convergência absoluta"" e a ""convergência condicional"" no crescimento?";Absoluta: todos os países convergem para a mesma renda per capita no longo prazo. Condicional: convergem para seus próprios estados estacionários, dependendo de suas características (poupança, educação, instituições).
48. A evidência empírica apoia mais a convergência absoluta ou a condicional?;A condicional. Países com características semelhantes (ex: OECD) convergem, mas países pobres com instituições ruins não necessariamente alcançam os ricos.
"49. O que é a ""teoria do desenvolvimento de Rostow"" (etapas do crescimento)?";"Propõe que todos os países passam por cinco estágios: 1. Sociedade tradicional; 2. Pré-condições para o decolagem; 3. Decolagem (take-off); 4. Marcha para a maturidade; 5. Era do consumo de massa."
50. Qual é a crítica principal à teoria de Rostow?;É uma visão linear e etnocêntrica, que não considera as especificidades históricas, culturais e as relações de dependência entre países centrais e periféricos.
"51. O que é a ""teoria da dependência"" no desenvolvimento econômico?";Defende que o subdesenvolvimento dos países periféricos é resultado de sua posição desfavorável na economia mundial, como fornecedores de matérias-primas e importadores de manufaturados, sendo explorados pelos países centrais.
"52. Como a ""teoria da dependência"" explica o crescimento desigual?";A relação centro-periferia perpetua o atraso, pois os lucros e a tecnologia são drenados para os países desenvolvidos, e os choques externos (ex: preço das commodities) afetam desproporcionalmente a periferia.
"53. O que é a ""nova geografia econômica"" (Krugman) e sua relação com o crescimento?";Estuda como a localização espacial das atividades econômicas (aglomeração, urbanização) gera economias de escala e externalidades que impulsionam o crescimento de regiões/países.
54. Como a inovação tecnológica afeta o emprego (curto vs. longo prazo)?;No curto prazo, a inovação (destruição criadora) pode destruir empregos em setores obsoletos. No longo prazo, cria novos setores e empregos, aumentando a produtividade e a renda geral.
"55. O que é o ""paradoxo de Solow"" (ou paradoxo da produtividade)?";"É a observação de Solow de que ""você pode ver a era do computador em toda parte, menos nas estatísticas de produtividade"". Refere-se à dificuldade de medir o impacto das TIC na PTF."
56. Quais são os principais canais de difusão tecnológica entre países?;Comércio internacional (importação de bens de capital), investimento estrangeiro direto (IED), patentes e licenciamento, imigração qualificada, e cooperação científica internacional.
57. Por que o IED (Investimento Estrangeiro Direto) é importante para o crescimento de países em desenvolvimento?;Além de trazer capital, ele transfere tecnologia, know-how gerencial, acesso a mercados internacionais e estimula a concorrência e a produtividade das empresas locais (efeitos de spillover).
"58. O que são ""patentes"" e qual seu papel na inovação e no crescimento?";São direitos de propriedade intelectual que concedem ao inventor o monopólio temporário sobre sua criação, incentivando a inovação ao garantir retorno financeiro para P&D.
59. Quais são os problemas das patentes para o desenvolvimento (especialmente em países pobres)?;Podem restringir o acesso a tecnologias essenciais (ex: medicamentos) e gerar monopólios, encarecendo produtos e dificultando a difusão tecnológica para países em desenvolvimento.
"60. O que são ""bens de capital"" e por que sua importação é importante para o crescimento?";São máquinas, equipamentos e ferramentas usados na produção. Importá-los (especialmente dos países mais avançados) incorpora tecnologia avançada de forma rápida, elevando a produtividade.
"61. O que é ""catch-up"" (ou efeito atraso) no crescimento econômico?";É a capacidade dos países atrasados de crescerem mais rapidamente adotando tecnologias já existentes nos países avançados, em vez de inventá-las do zero. É a base da convergência condicional.
"62. O que são ""instituições inclusivas"" e ""instituições extrativas"" (Acemoglu & Robinson)?";Inclusivas: protegem direitos de propriedade, criam oportunidades iguais, incentivam inovação e participação política. Extrativas: beneficiam uma elite, extraem recursos da maioria, sufocam a inovação.
"63. Qual a tese central do livro ""Por que as Nações Fracassam"" (Acemoglu & Robinson)?";O sucesso ou fracasso econômico das nações é determinado principalmente por suas instituições políticas e econômicas (inclusivas vs. extrativas), e não por geografia, cultura ou recursos naturais.
"64. O que é a ""maldição dos recursos naturais"" (ou paradoxo da abundância)?";Países ricos em recursos naturais (petróleo, diamantes) tendem a crescer menos do que países sem esses recursos, devido à doença holandesa, instituições frágeis, conflitos e corrupção.
"65. Como a ""doença holandesa"" afeta o crescimento de longo prazo?";A exploração de um recurso natural valioso aprecia a moeda, tornando os outros setores (indústria, agricultura) não competitivos, gerando desindustrialização e dependência do recurso.
"66. O que é a ""curva de Kuznets"" da desigualdade?";"Mostra uma relação em ""U invertido"": a desigualdade aumenta nos estágios iniciais do desenvolvimento, mas diminui após certo nível de renda, devido à industrialização e políticas redistributivas."
"67. A ""curva de Kuznets"" é universalmente válida?";Não. A evidência empírica é mista, e muitos autores argumentam que a redução da desigualdade depende de políticas específicas (educação, redistribuição), não sendo automática.
"68. O que é o ""capitalismo de stakeholder"" vs. ""capitalismo de shareholder"" no desenvolvimento?";Stakeholder: a empresa considera todos os afetados (trabalhadores, comunidade, ambiente). Shareholder: foca apenas no lucro dos acionistas. O debate impacta as políticas de desenvolvimento sustentável.
69. Como a educação afeta o crescimento econômico?;Aumenta o capital humano, melhora a produtividade individual, reduz a desigualdade, estimula a inovação, atrai investimentos e melhora as instituições (maior participação cívica).
"70. O que é o ""efeito transbordamento"" (spillover) da educação?";Uma pessoa mais educada não só ganha mais, mas também melhora a produtividade e o aprendizado de seus colegas e filhos, gerando externalidades positivas para toda a sociedade.
71. Por que a saúde é considerada um fator de crescimento?;Populações mais saudáveis têm maior produtividade, menores taxas de absenteísmo, maior expectativa de vida (incentivo para poupar) e menores custos com doenças.
"72. O que é o ""dividendo demográfico"" (bônus demográfico)?";É o período em que a proporção da população em idade ativa (15-64 anos) é alta em relação à dependência (crianças e idosos), gerando um potencial de crescimento acelerado.
73. Como a transição demográfica afeta o crescimento econômico?;A queda da fecundidade e da mortalidade reduz a razão de dependência, permitindo mais investimento per capita em educação, saúde e capital físico, impulsionando o crescimento.
"74. O que é o ""estado de bem-estar social"" (welfare state) e sua relação com o desenvolvimento?";É o sistema de políticas públicas (previdência, saúde, educação, assistência) que protege os cidadãos contra riscos sociais. Pode impulsionar o capital humano, mas também gerar custos fiscais.
"75. Qual a diferença entre ""eficiência"" e ""equidade"" no contexto do desenvolvimento?";Eficiência é maximizar o produto total (crescimento). Equidade é distribuir esse produto de forma justa (redução da desigualdade). Há um trade-off, mas políticas podem conciliar ambos.
"76. O que é o ""Índice de Desenvolvimento Humano"" (IDH)?";É um indicador composto que mede o desenvolvimento de um país com base em três dimensões: saúde (expectativa de vida), educação (anos de estudo) e renda (PIB per capita).
77. Qual a vantagem do IDH sobre o PIB per capita como medida de desenvolvimento?;O PIB mede apenas produção. O IDH capta também saúde e educação, que são aspectos essenciais do bem-estar humano e do desenvolvimento.
"78. O que é a ""pobreza multidimensional"" (OPHI)?";Mede a pobreza não apenas pela renda, mas também por privações em saúde, educação, moradia, saneamento, energia e outros serviços básicos.
79. Como a inovação tecnológica pode contribuir para o desenvolvimento sustentável?;Criando tecnologias limpas (energia renovável, eficiência energética), agricultura de precisão, reciclagem, e soluções para adaptação às mudanças climáticas.
"80. O que é a ""economia do conhecimento"" (ou economia baseada no conhecimento)?";É uma economia onde o principal fator de produção é o conhecimento (capital intelectual, ciência, tecnologia, inovação), e não os recursos naturais ou o trabalho manual.
81. Qual o papel das universidades e centros de pesquisa no crescimento econômico?;Geram conhecimento básico e aplicado, formam capital humano, e colaboram com empresas (transferência de tecnologia) para criar inovações que impulsionam a PTF.
"82. O que é a ""curva de impacto"" (impact investing) no desenvolvimento?";São investimentos que buscam, além de retorno financeiro, gerar impacto social e ambiental positivo, alinhando capital privado com os ODS.
83. Como a infraestrutura digital (internet, 5G) afeta o crescimento?;Reduz custos de informação, conecta mercados, permite novas formas de negócio (e-commerce, fintechs), aumenta a eficiência e a inclusão financeira.
"84. O que são ""clusters"" industriais e como eles impulsionam o crescimento?";São concentrações geográficas de empresas interconectadas (ex: Vale do Silício), que geram externalidades (compartilhamento de conhecimento, fornecedores especializados, mão de obra qualificada).
85. Como a inovação no setor público (governo digital) afeta o desenvolvimento?;Aumenta a eficiência dos serviços públicos, reduz a burocracia, melhora a transparência e combate a corrupção, criando um ambiente mais favorável ao crescimento.
"86. O que é a ""curva de Laffer"" aplicada à tributação e ao crescimento?";Mostra que, após certo ponto, o aumento da carga tributária reduz a atividade econômica (desestimula trabalho e investimento), podendo até diminuir a arrecadação.
87. Como a corrupção afeta negativamente o crescimento econômico?;Desvia recursos, aumenta os custos de transação, desestimula investimentos, distorce a alocação de recursos e enfraquece as instituições.
"88. O que é a ""agenda 2030"" da ONU e sua relação com o desenvolvimento?";É um plano de ação global com 17 Objetivos de Desenvolvimento Sustentável (ODS) que abordam desafios como pobreza, desigualdade, mudanças climáticas e paz, integrando as dimensões econômica, social e ambiental.
89. Como as mudanças climáticas ameaçam o crescimento e o desenvolvimento?;Através de eventos climáticos extremos (secas, enchentes), perda de produtividade agrícola, deslocamento populacional, custos de adaptação e destruição de infraestrutura.
"90. O que é a ""transição justa"" (just transition) no desenvolvimento?";É o processo de transição para uma economia de baixo carbono que leve em conta os impactos sociais sobre os trabalhadores e comunidades dependentes de setores poluentes, garantindo empregos e proteção social.
"91. Qual a diferença entre ""crescimento pró-pobre"" e ""crescimento inclusivo""?";Crescimento pró-pobre: a renda dos pobres cresce mais que a média (redução da pobreza). Crescimento inclusivo: todos os grupos (incluindo os mais pobres) se beneficiam do crescimento, com redução da desigualdade.
"92. O que é a ""teoria do desenvolvimento de Lewis"" (modelo de dois setores)?";Explica o desenvolvimento como uma transição de uma economia agrária de subsistência (com excesso de mão de obra) para uma economia industrial, com a absorção do excedente de trabalho pelo setor capitalista.
93. Qual a crítica ao modelo de Lewis?;Supõe que o setor industrial pode absorver toda a mão de obra excedente e que os salários rurais são constantes, o que nem sempre se verifica na realidade.
"94. O que é ""financeirização"" e como ela pode impactar o crescimento?";É o crescente peso do setor financeiro na economia. Pode desviar investimentos do setor produtivo, aumentar a instabilidade e gerar crises, prejudicando o crescimento de longo prazo.
"95. Como as ""bolhas especulativas"" (ex: imóveis, ações) afetam o crescimento?";Desviam investimentos reais, criam alocação ineficiente de recursos e, quando estouram, geram crises financeiras que reduzem o crescimento e causam recessões.
"96. Qual a importância da ""política de concorrência"" (antitruste) para a inovação e o crescimento?";Impede monopólios, que podem reduzir a inovação e a eficiência. A concorrência estimula as empresas a inovar e a reduzir custos, aumentando a PTF.
"97. O que é o ""capital de risco"" (venture capital) e seu papel na inovação?";É um tipo de financiamento para startups e empresas inovadoras de alto risco, que fornece não só capital, mas também mentoria e acesso a redes, sendo crucial para a inovação radical.
"98. Como a ""regulação inteligente"" (smart regulation) pode impulsionar o crescimento?";Criando regras claras, previsíveis e com custo de conformidade baixo, que protejam o interesse público sem sufocar a inovação e a atividade empresarial.
"99. O que é o ""Custo de oportunidade"" do crescimento (ex: sacrifício ambiental)?";É o trade-off entre crescimento (maior produção) e outros valores (ex: meio ambiente, lazer, qualidade de vida). O desenvolvimento sustentável busca minimizar esse custo.
100. Para o CACD, por que é essencial dominar as teorias de crescimento e desenvolvimento?;Para negociar acordos de comércio e investimento que promovam transferência de tecnologia, analisar relatórios de organismos internacionais (ONU, OCDE, FMI) sobre desenvolvimento, entender as condicionalidades de empréstimos para desenvolvimento, e participar de negociações sobre a Agenda 2030 e mudanças climáticas.
;
;
O que é a População em Idade Ativa (PIA)?;É o conjunto de pessoas com idade mínima para trabalhar (a partir de 14 ou 16 anos, conforme a legislação), que está apta a participar do mercado de trabalho.
2. O que é a População Economicamente Ativa (PEA)?;É o contingente de pessoas que estão trabalhando (ocupadas) ou que estão procurando trabalho (desocupadas). É a parcela da PIA que está efetivamente no mercado de trabalho.
3. O que é a População Ocupada?;São as pessoas que têm um trabalho formal ou informal, remunerado ou não (ex: trabalho voluntário, autônomo), em um determinado período de referência.
"4. O que são os ""Desocupados"" (ou desempregados) no mercado de trabalho?";São pessoas que não estão trabalhando, mas que estão disponíveis para trabalhar e que tomaram alguma ação efetiva para procurar trabalho no período de referência.
"5. Qual a diferença entre ""desocupado"" e ""inativo"" (ou fora da PEA)?";O desocupado procura trabalho ativamente. O inativo não procura (ex: aposentado, dona de casa, estudante, desalentado).
"6. O que é a ""taxa de participação"" (ou taxa de atividade)?";É a razão entre a População Economicamente Ativa (PEA) e a População em Idade Ativa (PIA). Mede a proporção de pessoas em idade ativa que estão no mercado de trabalho.
"7. O que é a ""taxa de desemprego"" (ou taxa de desocupação)?";É a razão entre o número de desocupados e a População Economicamente Ativa (PEA). É o indicador mais usado para medir o desemprego aberto.
"8. O que é a ""taxa de ocupação"" (ou taxa de emprego)?";É a razão entre a população ocupada e a População em Idade Ativa (PIA). Mede a proporção de pessoas em idade ativa que estão efetivamente trabalhando.
"9. Qual a diferença entre ""taxa de desemprego"" e ""taxa de subutilização da força de trabalho""?";A taxa de desemprego mede apenas os desocupados. A subutilização inclui também os subocupados (trabalham menos horas que gostariam) e os desalentados (que desistiram de procurar).
"10. O que são os ""trabalhadores desalentados""?";São pessoas que gostariam de trabalhar, mas desistiram de procurar emprego porque acreditam que não encontrarão (por falta de vagas, qualificação, ou por estarem desanimadas). Não entram na PEA.
"11. O que é a ""subocupação por insuficiência de horas""?";É a situação de pessoas ocupadas que trabalham menos horas do que gostariam (e estão disponíveis para trabalhar mais), mas não conseguem encontrar trabalho em tempo integral.
"12. O que é o ""desemprego friccional""?";É o desemprego de curto prazo, resultante do processo normal de busca por um novo emprego (troca de trabalho, entrada de jovens no mercado, mudança de cidade). É considerado natural e inevitável.
"13. O que é o ""desemprego estrutural""?";É o desemprego de longo prazo causado por mudanças na estrutura da economia (ex: automação, mudança tecnológica, declínio de setores). Os trabalhadores não têm as qualificações exigidas pelas novas vagas.
"14. O que é o ""desemprego cíclico"" (ou desemprego keynesiano)?";É o desemprego causado por insuficiência de demanda agregada em períodos de recessão. As empresas demitem porque há queda nas vendas, e não por falta de qualificação dos trabalhadores.
"15. O que é o ""desemprego sazonal""?";É o desemprego que ocorre em determinadas épocas do ano, devido a flutuações sazonais na demanda por mão de obra (ex: trabalhadores rurais na entressafra, trabalhadores do turismo fora da alta temporada).
16. Qual a diferença entre desemprego friccional, estrutural e cíclico?;Friccional: curto prazo, busca por emprego. Estrutural: longo prazo, desajuste de qualificação. Cíclico: causado por recessão (falta de demanda).
"17. O que é a ""taxa natural de desemprego"" (ou NAIRU)?";É a taxa de desemprego compatível com a estabilidade da inflação, ou seja, o nível de desemprego que existe quando a economia está em equilíbrio de longo prazo (sem desemprego cíclico). Inclui o friccional e o estrutural.
"18. O que é o ""pleno emprego"" na visão keynesiana?";É a situação em que não há desemprego involuntário (cíclico), mas ainda pode haver desemprego friccional e estrutural. Não significa desemprego zero.
"19. O que é o ""desemprego involuntário"" (keynesiano)?";É a situação em que trabalhadores estão dispostos a trabalhar pelo salário vigente, mas não encontram emprego devido à insuficiência de demanda agregada. É o desemprego cíclico.
"20. O que é o ""desemprego voluntário"" (visão clássica)?";É a situação em que o trabalhador recusa uma oferta de emprego porque considera o salário oferecido inferior ao seu salário de reserva (mínimo que ele aceita).
"21. O que é o ""salário de reserva"" do trabalhador?";É o menor salário que o trabalhador está disposto a aceitar para aceitar um emprego, considerando o valor do lazer, os custos de locomoção e os benefícios de não trabalhar (ex: seguro-desemprego).
22. Como a rigidez dos salários nominais (para baixo) afeta o desemprego?;Se os salários não caem em recessões, o mercado de trabalho não se ajusta, e o desemprego persiste. É a base da explicação keynesiana para o desemprego involuntário.
"23. O que é a ""curva de oferta de trabalho""?";Mostra a relação entre o salário real e a quantidade de trabalho que os trabalhadores estão dispostos a oferecer. Geralmente tem inclinação positiva (quanto maior o salário, maior a oferta).
"24. O que é a ""curva de demanda por trabalho""?";Mostra a relação entre o salário real e a quantidade de trabalho que as empresas desejam contratar. Tem inclinação negativa (quanto menor o salário, maior a demanda por trabalho).
25. Como se determina o nível de emprego de equilíbrio no modelo clássico?;Pela interseção das curvas de oferta e demanda por trabalho. O salário real se ajusta para equilibrar o mercado, garantindo o pleno emprego (sem desemprego involuntário).
26. Como se determina o nível de emprego no modelo keynesiano?;O emprego é determinado pela demanda agregada (produção). As empresas contratam de acordo com a quantidade que esperam vender. O salário é rígido, e o desemprego involuntário pode persistir.
27. Qual a relação entre o produto (PIB) e o nível de emprego?;A produção exige trabalho. Quanto maior o PIB, maior a demanda por mão de obra e, portanto, maior o nível de emprego (relação positiva, mas com produtividade variável).
"28. O que é a ""produtividade do trabalho""?";É a razão entre o produto total (PIB) e o número de trabalhadores ocupados (ou horas trabalhadas). Mede quanto cada trabalhador produz em média.
29. Como o aumento da produtividade afeta o emprego?;No curto prazo, pode reduzir o emprego (se a produção não crescer na mesma proporção). No longo prazo, aumenta a produção, a renda e pode gerar novos empregos (em outros setores).
"30. O que é a ""Lei de Okun""?";É uma relação empírica que mostra que, para cada ponto percentual de aumento da taxa de desemprego acima da taxa natural, o PIB real tende a crescer cerca de 2% a menos (ou cair) em relação ao PIB potencial.
31. Qual a interpretação prática da Lei de Okun?;Que há um trade-off entre desemprego e produção: reduzir o desemprego exige aumento do PIB acima do potencial, e recessões elevam o desemprego mais do que proporcionalmente.
32. A Lei de Okun é uma identidade fixa ou uma relação empírica que varia?;É uma relação empírica (regularidade estatística) que varia entre países e ao longo do tempo, dependendo da produtividade e da flexibilidade do mercado de trabalho.
33. Como a Lei de Okun relaciona o hiato do produto (output gap) e o desemprego?;Um hiato do produto negativo (PIB abaixo do potencial) está associado a um desemprego acima da taxa natural, e vice-versa.
34. Quais são os principais indicadores do mercado de trabalho (além da taxa de desemprego)?;Taxa de ocupação, taxa de participação, salário médio real, massa salarial, taxa de informalidade, duração do desemprego, rotatividade (turnover), e subutilização da força de trabalho.
"35. O que é a ""massa salarial"" (ou renda total do trabalho)?";É o total de remunerações pagas aos trabalhadores (salários, bonificações, encargos) em um determinado período. É o produto do número de ocupados pelo salário médio.
"36. Qual a diferença entre ""salário nominal"" e ""salário real""?";Salário nominal é o valor em moeda (ex: R$ 3.000). Salário real é o poder de compra desse salário, descontada a inflação (ex: quantas cestas básicas ele compra).
37. Como a inflação afeta o salário real?;A inflação reduz o salário real, a menos que os salários nominais sejam reajustados na mesma proporção (o que nem sempre ocorre).
"38. O que é o ""salário mínimo"" e qual sua função no mercado de trabalho?";É o piso salarial legal. Visa proteger os trabalhadores de baixa renda, mas pode gerar desemprego entre os menos qualificados se for fixado acima do salário de equilíbrio de mercado.
39. Qual o efeito do salário mínimo sobre o emprego (debate teórico)?;A visão clássica: aumenta o desemprego dos menos qualificados. A visão keynesiana/empírica: pode ter efeito pequeno ou nulo, pois aumenta a renda e a demanda agregada, podendo gerar mais empregos.
"40. O que é a ""curva de oferta de trabalho"" com efeito renda e efeito substituição?";Um aumento do salário tem dois efeitos: substituição (mais trabalho, pois o lazer fica mais caro) e renda (menos trabalho, pois o trabalhador pode comprar mais lazer). O efeito líquido depende de qual predomina.
"41. O que é a ""curva de oferta de trabalho com inclinação para trás"" (backward-bending)?";Em altos níveis de salário, o efeito renda predomina sobre o efeito substituição, e um aumento do salário pode levar o trabalhador a oferecer menos horas de trabalho (prefere mais lazer).
42. Como a política monetária afeta o emprego?;A política expansionista (juros baixos) estimula a demanda agregada, aumenta a produção e reduz o desemprego (no curto prazo). A política contracionista faz o oposto.
43. Como a política fiscal afeta o emprego?;Gastos públicos e redução de impostos estimulam a demanda agregada, a produção e o emprego. A redução de gastos ou aumento de impostos contrai a demanda e pode elevar o desemprego.
"44. Como as políticas de ""flexibilização trabalhista"" afetam o emprego?";Reduzem custos de contratação e demissão, podendo aumentar a rotatividade e o emprego formal, mas também podem reduzir a proteção e a renda dos trabalhadores.
"45. O que são ""políticas ativas de mercado de trabalho""?";São políticas que buscam melhorar o funcionamento do mercado de trabalho, como programas de qualificação profissional, intermediação de mão de obra, bolsas de estudo e subsídios à contratação.
"46. O que são ""políticas passivas de mercado de trabalho""?";São políticas que protegem o trabalhador em caso de desemprego, como o seguro-desemprego, o auxílio-desemprego e as indenizações por demissão.
"47. Qual a diferença entre ""seguro-desemprego"" e ""programas de renda mínima""?";Seguro-desemprego é temporário e condicionado à perda do emprego. Renda mínima (ex: Bolsa Família) é permanente e condicionada à pobreza, sem exigência de procura de emprego.
48. Como o seguro-desemprego pode afetar a taxa de desemprego?;Pode aumentar o desemprego friccional (pois o trabalhador demora mais para aceitar uma nova vaga) e elevar o salário de reserva, mas também mantém a demanda agregada em recessões.
"49. O que é a ""curva de Beveridge""?";Mostra a relação entre a taxa de desemprego e a taxa de vagas (vacância) no mercado de trabalho. Seu deslocamento para fora indica desajuste estrutural (mais desemprego para cada vaga).
"50. O que é a ""hipótese de histerese"" no desemprego?";A ideia de que o desemprego cíclico pode se transformar em estrutural: períodos prolongados de alto desemprego fazem os trabalhadores perderem qualificações, tornando o desemprego permanente (a taxa natural aumenta).
51. Qual a implicação da histerese para a política econômica?;"Que o governo não deve esperar que o desemprego se ""auto-corrija"". Deve agir rapidamente com políticas expansionistas para evitar que o desemprego cíclico se torne estrutural."
"52. O que é a ""segmentação do mercado de trabalho"" (dualidade)?";A divisão entre um mercado primário (empregos estáveis, altos salários, boa carreira) e um secundário (empregos precários, baixos salários, alta rotatividade).
"53. Como a ""informalidade"" afeta a medição do emprego e da renda?";Trabalhadores informais (sem carteira assinada, autônomos) não são captados corretamente nas estatísticas oficiais de emprego e renda, subestimando a PEA e a massa salarial.
"54. O que é o ""trabalho por conta própria"" (autônomo) na classificação do emprego?";É a pessoa que trabalha por conta própria, sem vínculo empregatício formal, podendo ser formal (MEI) ou informal.
"55. O que é o ""trabalho não remunerado"" (ex: donas de casa, trabalho voluntário)?";É o trabalho que não gera remuneração monetária, mas produz valor (cuidados, afazeres domésticos). Não é contabilizado no PIB nem na PEA, mas é essencial para a sociedade.
56. Como a tecnologia (automação, IA) afeta o emprego no curto e no longo prazo?;No curto prazo, pode destruir empregos em setores específicos (efeito de substituição). No longo prazo, cria novos setores e empregos (efeito de criação), mas exige requalificação (desemprego estrutural).
"57. O que é a ""destruição criadora"" de Schumpeter aplicada ao emprego?";A inovação destrói empregos antigos, mas cria novos empregos e setores, gerando um processo dinâmico de mudança na estrutura ocupacional.
"58. O que são os ""empregos verdes"" (green jobs)?";São empregos em setores que contribuem para a preservação ambiental (energia renovável, reciclagem, eficiência energética, agricultura sustentável), com potencial de crescimento no futuro.
59. Como a globalização afeta o emprego nos países desenvolvidos e em desenvolvimento?;Nos desenvolvidos, pode reduzir empregos manufatureiros (deslocamento para países com mão de obra barata). Nos em desenvolvimento, pode aumentar empregos (exportações) e melhorar salários.
"60. O que é o ""comércio justo"" (fair trade) e sua relação com o emprego?";É um movimento que busca garantir preços justos e condições dignas para os produtores de países em desenvolvimento, protegendo o emprego e os direitos trabalhistas.
61. Como a educação e a qualificação profissional afetam o desemprego estrutural?;Reduzem o desemprego estrutural, pois tornam os trabalhadores mais adaptáveis às mudanças tecnológicas e às novas demandas do mercado.
"62. O que é a ""empregabilidade"" (employability)?";É a capacidade de um trabalhador de obter, manter e progredir em um emprego, com base em suas habilidades, qualificações e adaptabilidade.
"63. O que é a ""rotatividade da mão de obra"" (turnover)?";É a taxa de entrada e saída de trabalhadores no emprego. Alta rotatividade sugere instabilidade no emprego e custos para as empresas (treinamento, seleção).
"64. Qual a relação entre ""duração do desemprego"" e a empregabilidade?";Quanto maior a duração do desemprego, menor a empregabilidade, pois as habilidades se depreciam, a motivação cai e os empregadores têm preconceito (estigmatização).
"65. O que são os ""indicadores de subutilização da força de trabalho"" (além do desemprego)?";Incluem a subocupação (trabalho abaixo da jornada desejada), a força de trabalho potencial (desalentados) e os subutilizados por qualificação (trabalho abaixo da qualificação).
66. Como o crescimento econômico (aumento do PIB) afeta o emprego?;Em geral, o crescimento econômico gera mais emprego, mas a relação não é automática: depende da intensidade de mão de obra dos setores que crescem e do ganho de produtividade.
"67. O que é o ""crescimento sem empregos"" (jobless growth)?";É a situação em que o PIB cresce, mas o emprego não cresce (ou cresce menos), devido ao aumento da produtividade e à automação. É um fenômeno observado em algumas economias.
68. Como as reformas trabalhistas (ex: redução de encargos) afetam o emprego?;Podem reduzir o custo da contratação formal, incentivando a formalização e a criação de empregos, mas podem também reduzir a proteção social e os salários.
"69. O que é a ""flexigurança"" (flexicurity) adotada na Dinamarca?";É um modelo que combina flexibilidade nas contratações/demissões (fácil demitir) com forte segurança social (generoso seguro-desemprego) e políticas ativas de requalificação.
70. Qual é o papel dos sindicatos na determinação dos salários e do emprego?;Os sindicatos negociam salários e condições de trabalho. Podem elevar salários acima do equilíbrio de mercado, mas podem gerar desemprego se forem muito poderosos (visão clássica).
"71. O que é a ""negociação coletiva"" (bargaining coletivo)?";É o processo de negociação entre sindicatos (representantes dos trabalhadores) e empregadores (ou associações patronais) para definir salários, benefícios e condições de trabalho.
"72. Como o ""poder de monopólio"" das empresas afeta o emprego?";Empresas com poder de monopólio podem reduzir a produção e o emprego (para elevar preços), em comparação com um mercado competitivo.
"73. Como o ""poder de monopsônio"" do empregador (um único comprador de trabalho) afeta o emprego?";O empregador monopsônico pode pagar salários abaixo do competitivo e contratar menos trabalhadores, gerando uma perda de bem-estar.
"74. O que é o ""salário mínimo regional"" e como ele difere do nacional?";É um piso salarial definido por estado ou região (quando permitido), levando em conta o custo de vida e a produtividade local. Pode ser mais adequado que um valor único nacional.
75. Como a imigração afeta o mercado de trabalho do país receptor?;Pode aumentar a oferta de trabalho (pressão sobre salários) em alguns setores, mas também aumenta a demanda agregada e pode preencher vagas não preenchidas. O efeito líquido é geralmente pequeno.
"76. Qual a diferença entre ""desemprego aberto"" e ""desemprego oculto""?";Aberto: o trabalhador procura emprego ativamente. Oculto: inclui os desalentados (que desistiram de procurar) e os subocupados (que trabalham menos do que poderiam).
"77. O que é a ""Pesquisa Nacional por Amostra de Domicílios (PNAD)"" no Brasil?";É a principal pesquisa do IBGE que coleta dados sobre o mercado de trabalho (ocupação, desocupação, renda) da população brasileira.
"78. O que é o ""Cadastro Geral de Empregados e Desempregados (CAGED)"" no Brasil?";É um registro administrativo do Ministério do Trabalho que acompanha as admissões e demissões com carteira assinada (emprego formal), servindo como indicador de criação de empregos.
"79. O que é a ""taxa de desemprego de longa duração""?";É a proporção de desempregados que estão sem trabalho há mais de 12 meses (ou mais de 6 meses, dependendo da definição).
"80. Como a ""taxa de desemprego juvenil"" difere da taxa geral?";Geralmente é muito mais alta, pois os jovens têm menos experiência, mais rotatividade e enfrentam maior concorrência com trabalhadores experientes.
81. Quais são os custos do desemprego para o indivíduo e para a sociedade?;Indivíduo: perda de renda, problemas de saúde mental, estigma social. Sociedade: perda de produção (PIB), aumento da pobreza, custos com seguro-desemprego, aumento da criminalidade.
"82. O que é o ""ciclo econômico"" e sua relação com o emprego?";Na expansão, o emprego aumenta. Na recessão, o emprego cai (desemprego cíclico sobe). O emprego é um indicador defasado (lagging indicator) do ciclo.
"83. O que é o ""pleno emprego"" na visão clássica (Say)?";É a situação em que o mercado de trabalho se equilibra, e não há desemprego involuntário. Qualquer desemprego é voluntário ou friccional.
84. Por que a taxa de desemprego nunca é zero (mesmo no pleno emprego)?;Porque sempre haverá desemprego friccional (pessoas trocando de emprego) e estrutural (mudanças tecnológicas), que são naturais e necessários.
"85. O que é a ""história do emprego"" (job tenure) e sua importância?";"É o tempo médio que os trabalhadores permanecem em um mesmo emprego. Uma alta tenure sugere estabilidade; uma baixa tenure sugere alta rotatividade e precariedade."
86. Como a inflação e o desemprego se relacionam no curto prazo (Curva de Phillips)?;Há um trade-off inverso: menor desemprego implica maior inflação, e vice-versa (no curto prazo).
87. Qual a implicação da Curva de Phillips para a política econômica?;"Que o governo pode ""escolher"" entre inflação e desemprego no curto prazo, mas no longo prazo esse trade-off desaparece (Curva de Phillips vertical)."
"88. O que é o ""sacrifício"" (sacrifice ratio) no combate à inflação?";É a quantidade de PIB perdido (ou o aumento do desemprego) necessário para reduzir a inflação em 1 ponto percentual, devido a uma política monetária contracionista.
89. Como as expectativas dos agentes afetam a relação entre inflação e desemprego?;Se os agentes esperam inflação alta, eles a incorporam em seus reajustes, anulando o trade-off de curto prazo e tornando a Curva de Phillips vertical mais rapidamente.
"90. O que é a ""taxa de desemprego natural"" (ou taxa de desemprego de não aceleração da inflação - NAIRU)?";É a taxa de desemprego na qual a inflação não acelera nem desacelera. É o nível de desemprego que prevalece no longo prazo, sem pressões inflacionárias.
91. Como a NAIRU é afetada por fatores estruturais (ex: mudanças tecnológicas)?;Mudanças tecnológicas podem aumentar a NAIRU (desemprego estrutural), exigindo políticas de requalificação para reduzi-la.
"92. O que é o ""efeito composição"" do emprego (mudança na estrutura setorial)?";A mudança na estrutura da economia (ex: serviços crescendo, indústria caindo) afeta o perfil do emprego, podendo gerar desemprego estrutural para quem não tem qualificação para os novos setores.
"93. Como a ""precarização do trabalho"" (ex: uberização) afeta a renda e o emprego?";Gera mais flexibilidade e autonomia, mas também reduz a proteção social, a estabilidade e a renda média, aumentando a informalidade e a subutilização.
"94. O que é o ""trabalho remoto"" (home office) e seu impacto sobre o mercado de trabalho?";Ampliou a possibilidade de trabalho a distância, reduzindo custos de deslocamento, mas também aumentando a competição por empregos (offshoring) e desafios de gestão e saúde mental.
"95. O que é a ""renda básica universal"" (RBU) e sua relação com o emprego?";É a proposta de um pagamento incondicional a todos os cidadãos, independentemente de trabalho. Pode reduzir o desemprego friccional e a pobreza, mas há debate sobre seu custo e efeito sobre o incentivo ao trabalho.
"96. O que é a ""taxa de emprego formal"" e por que ela é importante?";É a proporção de trabalhadores com carteira assinada (ou registro formal). Indica a qualidade do emprego, acesso a direitos trabalhistas e contribuição para a previdência.
97. Como a crise da COVID-19 afetou o mercado de trabalho (emprego e renda)?;Causou forte queda no emprego e na renda, especialmente nos setores de serviços, com aumento do desemprego, da informalidade e do trabalho remoto.
"98. O que é o ""programa de transferência de renda condicionada"" (ex: Bolsa Família) e seu efeito sobre o emprego?";Oferece renda a famílias pobres condicionada à frequência escolar e vacinação. Pode reduzir a oferta de trabalho (desestimular a busca) ou aumentar o capital humano no longo prazo.
"99. Como os ""trabalhadores por conta de plataforma"" (app workers, entregadores) se classificam no mercado de trabalho?";São trabalhadores autônomos (ou falsos autônomos) que prestam serviços por meio de aplicativos, sem vínculo empregatício formal, gerando debates sobre sua classificação e direitos.
100. Para o CACD, por que é essencial dominar a teoria do emprego e renda?;Para analisar relatórios da OIT (Organização Internacional do Trabalho) e do FMI sobre mercados de trabalho, entender os impactos sociais de acordos comerciais (ex: cláusulas trabalhistas), e avaliar políticas de emprego e desenvolvimento em negociações bilaterais e multilaterais.
;
;
Por que os países comercializam entre si (benefícios do comércio)?;Porque o comércio permite a especialização produtiva, aumenta a variedade de bens disponíveis, reduz custos via economias de escala, e eleva o bem-estar geral (consumo além da fronteira de produção).
2. Qual é a base da teoria clássica do comércio internacional (Adam Smith)?;A Vantagem Absoluta: cada país deve se especializar no bem que produz com menor custo absoluto (maior eficiência) e importar os bens que outros produzem com menor custo.
3. Qual a principal contribuição de David Ricardo para a teoria do comércio?;A Teoria da Vantagem Comparativa: o comércio é benéfico mesmo que um país seja menos eficiente em tudo. Ele deve se especializar no bem em que tem menor desvantagem relativa.
4. Qual a lição central da Vantagem Comparativa de Ricardo?;O ganho de comércio não depende da vantagem absoluta, mas sim dos custos relativos (comparativos). Todos ganham com o livre comércio, mesmo os países menos produtivos.
5. Quais são os pressupostos básicos do modelo Ricardiano?;"1. Um único fator de produção (trabalho); 2. Trabalho homogêneo; 3. Tecnologias diferentes entre países; 4. Custos constantes; 5. Concorrência perfeita; 6. Pleno emprego."
"6. O que são os ""termos de troca"" (terms of trade) no comércio internacional?";É a razão entre o preço das exportações e o preço das importações de um país (Px/Pm). Mede o poder de compra das exportações de um país em termos de importações.
7. Como a Vantagem Comparativa determina a faixa de preços (termos de troca) do comércio?;O preço internacional de equilíbrio estará entre os custos relativos internos dos dois países. Cada país ganha se o preço for mais favorável que seu custo de oportunidade doméstico.
8. O que é o modelo Heckscher-Ohlin (H-O) – teoria neoclássica?;Afirma que os países exportam bens que usam intensivamente seus fatores abundantes e importam bens que usam intensivamente seus fatores escassos. (Teoria da Dotação de Fatores).
9. Qual a diferença central entre o modelo Ricardiano e o Heckscher-Ohlin?;Ricardo explica o comércio por diferenças de tecnologia (produtividade). H-O explica por diferenças nas dotações relativas de fatores (capital e trabalho).
10. Quais são os pressupostos básicos do modelo Heckscher-Ohlin?;"1. Dois países, dois bens, dois fatores (capital e trabalho); 2. Fatores homogêneos e perfeitamente móveis internamente; 3. Tecnologias idênticas; 4. Concorrência perfeita; 5. Gostos idênticos."
11. O que é o Teorema de Heckscher-Ohlin (ou Teorema da Proporção de Fatores)?;Um país exportará o bem que utiliza intensivamente o fator de produção que ele possui em abundância (ex: país com muito trabalho exporta bens intensivos em trabalho).
12. O que é o Teorema da Equalização dos Preços dos Fatores (TEPF)?;Prevê que o comércio internacional, ao igualar os preços dos bens, tende a igualar também os preços dos fatores de produção (salários e retorno do capital) entre os países.
13. O que é o Teorema de Stolper-Samuelson?;Um aumento no preço de um bem (devido ao comércio) beneficia o fator usado intensivamente na produção desse bem e prejudica o outro fator. Ex: comércio beneficia trabalhadores em países abundantes em trabalho.
14. O que é o Teorema de Rybczynski?;Se a dotação de um fator aumenta (ex: mais capital), a produção do bem que usa intensivamente esse fator aumenta, e a produção do outro bem diminui (sob preços constantes).
15. O que o modelo H-O prevê sobre a desigualdade de renda?;O comércio tende a aumentar a renda do fator abundante e reduzir a do fator escasso, o que pode aumentar a desigualdade em alguns países (ex: nos EUA, prejudicaria trabalhadores não qualificados).
"16. O que é o ""Paradoxo de Leontief""?";Leontief descobriu que os EUA (país com muito capital) exportavam bens intensivos em trabalho e importavam bens intensivos em capital, contradizendo o modelo H-O.
17. Quais são as explicações para o Paradoxo de Leontief?;"1. Diferenças de qualificação (capital humano); 2. Diferenças de tecnologia; 3. Recursos naturais; 4. O comércio não é apenas entre dois fatores; 5. A inversão de intensidade fatorial."
"18. O que são as ""teorias contemporâneas"" (ou novas) do comércio internacional (Krugman, Helpman, Grossman)?";Explicam o comércio entre países semelhantes (mesma dotação de fatores), baseadas em economias de escala, concorrência imperfeita, diferenciação de produtos e preferência por variedade.
19. Qual a principal motivação para o comércio nos modelos contemporâneos?;Além da vantagem comparativa, o comércio ocorre porque as empresas buscam economias de escala (produzir mais para reduzir custos médios) e os consumidores valorizam a variedade.
"20. O que são ""economias de escala externas"" e ""economias de escala internas""?";Externas: redução de custos para todas as empresas de um setor devido ao crescimento do setor (ex: aglomeração). Internas: redução de custos devido ao aumento da escala de produção de uma única empresa.
21. Como as economias de escala internas geram comércio internacional?;As empresas se especializam em nichos para ganhar escala e reduzir custos, exportando para outros países mesmo que os gostos sejam semelhantes.
22. Como as economias de escala externas geram comércio?;Países que já têm um setor grande (ex: Silicon Valley) atraem mais empresas, reduzindo custos e se tornando exportadores, criando vantagem histórica.
"23. O que é a ""concorrência imperfeita"" no comércio internacional?";Empresas têm poder de mercado (monopólio ou oligopólio), podem praticar discriminação de preços e o comércio ocorre em setores com produtos diferenciados.
"24. Qual o papel da ""diferenciação de produtos"" no comércio intrasetorial?";Produtos são diferenciados por marca, qualidade, design. Países semelhantes trocam produtos do mesmo setor (ex: carros alemães e japoneses), cada um com sua variedade.
"25. O que é o comércio ""intrasetorial"" (intra-industry trade)?";É a troca simultânea de bens do mesmo setor entre países (ex: Brasil exporta aviões e importa aviões). É medido pelo índice de Grubel-Lloyd.
"26. O que é o comércio ""intersetorial"" (inter-industry trade)?";É a troca de bens de setores diferentes (ex: Brasil exporta soja e importa máquinas). É explicado pelas vantagens comparativas (H-O).
27. Qual a diferença entre comércio intrasetorial e comércio intrafirma?;Intrasetorial: entre empresas diferentes do mesmo setor. Intrafirma: entre filiais de uma mesma multinacional (ex: uma peça produzida na filial de um país é exportada para outra filial).
28. Por que o comércio intrafirma é importante na economia globalizada?;Mostra a integração das cadeias globais de valor (global value chains), onde empresas multinacionais fragmentam a produção entre países para reduzir custos.
"29. O que são as ""Cadeias Globais de Valor"" (CGV)?";É a divisão internacional do processo produtivo, onde diferentes etapas (design, componentes, montagem) são realizadas em diferentes países para aproveitar vantagens de custo e eficiência.
"30. O que é o comércio ""vertical"" (dentro da cadeia de valor)?";É o comércio de bens intermediários entre países, onde cada país agrega valor em uma etapa do processo produtivo (ex: China monta, EUA faz design).
"31. O que é o comércio ""horizontal"" (entre países de mesmo nível de desenvolvimento)?";É o comércio de bens finais semelhantes entre países com níveis de renda parecidos, muitas vezes explicado por diferenciação de produtos (comércio intrasetorial).
"32. Como o modelo de ""concorrência monopolística"" (Krugman) explica o comércio?";Empresas produzem variedades diferenciadas, cada uma com economias de escala. O comércio permite que cada país tenha mais variedade a preços menores, aumentando o bem-estar.
"33. O que é a ""preferência por variedade"" (love of variety) dos consumidores?";Os consumidores preferem consumir muitas variedades de um bem (ex: diferentes marcas de carro) em vez de apenas uma. O comércio aumenta a variedade disponível.
"34. Como o modelo de ""Vantagem Competitiva"" de Porter (diamante de Porter) explica o comércio?";"A competitividade de um setor depende de quatro fatores: 1. Condições de demanda; 2. Condições de fatores (capital humano, infraestrutura); 3. Indústrias relacionadas; 4. Estratégia e rivalidade das empresas."
"35. O que é a ""Teoria do Ciclo do Produto"" (Vernon)?";Explica o comércio pela inovação: um produto é criado nos países desenvolvidos (inovação), depois é exportado, depois a produção é padronizada e transferida para países em desenvolvimento.
"36. O que é a ""Teoria da Dotação de Fatores"" com capital humano (versão estendida de H-O)?";Inclui o capital humano (educação, treinamento) como um fator de produção separado, explicando por que países com capital humano abundante exportam bens intensivos em mão de obra qualificada.
"37. O que é a ""Teoria da Vantagem Comparativa Dinâmica""?";"A vantagem comparativa não é fixa; pode mudar ao longo do tempo com investimento em educação, inovação, infraestrutura e políticas industriais."
38. Qual é a crítica de Prebisch (CEPAL) à teoria clássica do comércio?;O centro (países desenvolvidos) se beneficia mais do comércio que a periferia (países em desenvolvimento), porque a periferia exporta commodities (preços declinantes) e importa manufaturados (preços crescentes).
"39. O que é a ""tese da deterioração dos termos de troca"" de Prebisch?";A relação de preços entre commodities (exportadas pela periferia) e manufaturados (importados pela periferia) tende a piorar ao longo do tempo, ou seja, os termos de troca da periferia se deterioram.
40. Por que os termos de troca da periferia se deterioram, segundo Prebisch?;"1. Baixa elasticidade-renda da demanda por commodities (demanda cresce pouco com a renda); 2. Progresso tecnológico nos manufaturados reduz preços relativos, mas não é repassado à periferia; 3. Organização dos trabalhadores no centro."
41. Qual a implicação da tese de Prebisch para a política de desenvolvimento?;Os países em desenvolvimento devem adotar a industrialização (substituição de importações) para escapar da deterioração dos termos de troca e aumentar seu valor agregado.
"42. O que é a ""industrialização por substituição de importações"" (ISI) proposta pela CEPAL?";É uma política de desenvolvimento que visa produzir internamente os bens manufaturados que antes eram importados, usando tarifas, cotas e subsídios para proteger a indústria nascente.
43. Quais foram as críticas à ISI (Industrialização por Substituição de Importações)?;"1. Ineficiência e falta de competitividade; 2. Dependência de importação de bens de capital; 3. Deterioração do câmbio; 4. Desequilíbrios externos; 5. Falta de dinamismo tecnológico."
"44. O que é a ""doença holandesa"" (Dutch disease) e como ela se relaciona com os termos de troca?";A descoberta/exportação de um recurso natural aprecia a moeda, prejudica os outros setores exportadores e aumenta a dependência de commodities, piorando a estrutura produtiva.
45. Como a deterioração dos termos de troca afeta o crescimento econômico?;Reduz o poder de compra das exportações, limitando a capacidade de importar bens de capital e tecnologia, o que pode diminuir o investimento e o crescimento de longo prazo.
"46. O que são os ""termos de troca de renda"" (income terms of trade)?";Medem o poder de compra das exportações: (Índice de Preços de Exportação / Índice de Preços de Importação) x Índice de Volume de Exportações. Captura o efeito volume sobre a capacidade de importar.
47. Como a China e os países emergentes afetaram os termos de troca da periferia nas últimas décadas?;A demanda chinesa por commodities elevou os preços, melhorando os termos de troca de países exportadores de commodities (América Latina, África) em certos períodos (superciclo de commodities).
"48. O que é o ""superciclo de commodities""?";São longos períodos (20-30 anos) de alta sustentada dos preços das commodities, impulsionados por crescimento industrial intensivo de grandes países (ex: China).
"49. O que é a ""maldição dos recursos naturais"" (ou paradoxo da abundância)?";Países ricos em recursos naturais tendem a crescer menos, pois a abundância gera doença holandesa, enfraquece instituições, corrupção e conflitos.
50. Como a inovação tecnológica afeta os termos de troca?;Países inovadores reduzem custos e criam novos produtos, melhorando seus termos de troca. Países que só produzem commodities com baixo valor agregado tendem a ver seus termos de troca piorarem.
"51. O que é a ""curva de demanda de importação"" no comércio internacional?";É a quantidade de importações que um país demanda a cada nível de preço internacional. Depende da elasticidade da demanda doméstica e da oferta doméstica.
"52. O que é a ""curva de oferta de exportação"" no comércio internacional?";É a quantidade de exportações que um país oferta a cada nível de preço internacional. Depende da elasticidade da oferta doméstica e da demanda doméstica.
53. Como se determina o preço internacional de equilíbrio de um bem?;Pela interseção da curva de oferta mundial (soma das exportações) e da curva de demanda mundial (soma das importações).
"54. O que são ""custos de transporte e comunicações"" no comércio internacional?";São barreiras naturais que afetam o comércio: distância, custos de frete, seguros, e tempo de entrega. A redução desses custos impulsionou a globalização.
"55. O que são ""barreiras não tarifárias"" ao comércio?";São obstáculos como cotas de importação, licenças, exigências sanitárias, padrões técnicos, subsídios, e regras de origem, que dificultam o acesso a mercados.
"56. Qual a diferença entre ""tarifa"" (imposto de importação) e ""cota"" (quota)?";Tarifa é um imposto sobre o preço do bem importado (gerando receita). Cota é uma restrição quantitativa (limite físico) sobre a quantidade importada.
"57. Qual a diferença entre uma ""tarifa específica"" e uma ""tarifa ad valorem""?";Específica: um valor fixo por unidade importada (ex: US$ 10 por tonelada). Ad valorem: uma porcentagem sobre o valor do bem (ex: 20% do valor).
"58. O que são as ""barreiras técnicas ao comércio"" (ex: regulações sanitárias)?";São exigências de padrões (saúde, segurança, meio ambiente) que podem ser usadas como instrumento protecionista, dificultando a importação.
"59. O que é a ""Rodada Doha"" da OMC e qual seu objetivo?";É a rodada de negociações da OMC (iniciada em 2001) que visava reduzir tarifas e subsídios agrícolas, mas que enfrentou impasses entre países desenvolvidos e em desenvolvimento.
60. Quais são os principais acordos da OMC relacionados ao comércio?;"1. GATT (bens); 2. GATS (serviços); 3. TRIPS (propriedade intelectual); 4. Medidas Sanitárias e Fitossanitárias; 5. Antidumping e Subsídios."
"61. O que é o princípio da ""Nação Mais Favorecida"" (NMF) da OMC?";Um país deve conceder a todos os membros da OMC o mesmo tratamento que concede a seu parceiro mais favorecido (não discriminação entre países).
"62. O que é o princípio do ""Tratamento Nacional"" da OMC?";Bens importados, uma vez internalizados, devem ter o mesmo tratamento tributário e regulatório que os bens nacionais (não discriminação contra importados).
"63. O que são ""acordos regionais de comércio"" (ARCs) e como eles se relacionam com a OMC?";São acordos entre países (ex: Mercosul, USMCA, União Europeia) que concedem preferências tarifárias entre si, violando o princípio NMF, mas são permitidos como exceção (art. XXIV do GATT).
"64. O que é uma ""união aduaneira"" vs. ""área de livre comércio""?";Área de livre comércio: elimina tarifas entre os membros, mas cada um mantém sua própria tarifa externa. União aduaneira: além da livre comércio, adota uma tarifa externa comum (TEC).
"65. O que é um ""mercado comum"" (ou mercado único)?";Além da união aduaneira, permite a livre movimentação de fatores de produção (capital, trabalho, serviços). Ex: União Europeia (com integração mais profunda).
"66. O que são ""blocos econômicos"" (ex: Mercosul, União Europeia, USMCA)?";São grupos de países que se integram economicamente por meio de acordos comerciais, com graus variados de integração (desde áreas de livre comércio até uniões econômicas completas).
"67. O que é a ""teoria da integração econômica"" (Viner)?";Distingue dois efeitos da integração: criação de comércio (quando a integração desvia produção ineficiente para um parceiro eficiente) e desvio de comércio (quando substitui produção eficiente de fora por produção ineficiente do parceiro).
"68. O que é ""criação de comércio"" (trade creation)?";Ocorre quando a integração reduz tarifas, permitindo que um país importe de outro membro mais eficiente, substituindo a produção doméstica ineficiente. É benéfica.
"69. O que é ""desvio de comércio"" (trade diversion)?";Ocorre quando a integração faz um país importar de um parceiro menos eficiente (mas com tarifa zero) em vez de um fornecedor externo mais eficiente (mas com tarifa alta). É prejudicial.
"70. Qual a diferença entre ""efeito estático"" e ""efeito dinâmico"" da integração?";Estático: ganhos de alocação (criação e desvio de comércio). Dinâmico: ganhos de escala, maior concorrência, investimento e crescimento de longo prazo.
"71. O que é a ""OMC"" (Organização Mundial do Comércio) e qual sua função?";É a organização internacional que regula o comércio global, administra acordos, resolve disputas comerciais e promove a abertura de mercados (sucedeu o GATT em 1995).
72. Qual a diferença entre o GATT e a OMC?;"O GATT era um acordo provisório sobre bens; a OMC é uma organização permanente, com um sistema de solução de controvérsias e abrange bens, serviços (GATS) e propriedade intelectual (TRIPS)."
"73. O que é o ""Sistema de Solução de Controvérsias"" da OMC?";É o mecanismo de resolução de disputas comerciais entre países-membros (consultas, painel, apelação, execução), que é obrigatório e tem prazos definidos.
"74. O que são ""práticas de dumping"" e ""antidumping"" no comércio?";Dumping: exportar a preço abaixo do custo (ou abaixo do preço doméstico). Antidumping: tarifa adicional aplicada para compensar essa prática.
"75. O que são ""subsídios"" e como eles afetam o comércio?";São benefícios financeiros dados pelo governo a produtores nacionais, que distorcem o comércio (ex: subsídios agrícolas nos EUA/UE).
"76. O que é a ""cláusula de salvaguarda"" (ou de emergência)?";Permite que um país imponha restrições temporárias às importações para proteger um setor doméstico que sofreu dano grave devido ao aumento súbito de importações.
"77. O que é o ""Tratado de Marraqueche"" (1994)?";Foi o acordo que criou a OMC, encerrando a Rodada Uruguai do GATT e ampliando o sistema multilateral de comércio para serviços e propriedade intelectual.
78. Como as barreiras tarifárias e não tarifárias afetam os termos de troca?;Reduzem as importações, melhoram os termos de troca (ao reduzir a demanda por importados e pressionar preços para baixo), mas podem gerar retaliação e perda de bem-estar.
"79. Qual é o ""efeito bem-estar"" de uma tarifa para o país importador?";Gera perda de excedente do consumidor, ganho de excedente do produtor e receita tarifária. O efeito líquido é geralmente negativo (perda de peso morto), a menos que o país seja grande e melhore seus termos de troca.
"80. O que é o ""argumento da indústria nascente"" para protecionismo?";A indústria nova precisa de proteção temporária (tarifas/cotas) para se desenvolver e ganhar escala, antes de enfrentar a concorrência internacional.
81. Quais as críticas ao argumento da indústria nascente?;"1. Dificuldade de identificar as indústrias certas; 2. A proteção pode ser permanente; 3. Ineficiência e falta de competitividade; 4. Custos elevados para os consumidores."
"82. O que é o ""argumento de política comercial estratégica"" (Brander-Spencer)?";Em setores com oligopólio e economias de escala, o governo pode usar subsídios para favorecer empresas nacionais e capturar lucros de outras empresas (jogo de estratégia industrial).
"83. Como a ""assimetria de informação"" e o ""comércio de produtos usados"" (Akerlof) afetam o comércio?";A qualidade incerta (ex: carros usados) pode levar à seleção adversa e à redução do comércio. Padrões e certificações ajudam a resolver o problema.
"84. O que é a ""Teoria das Vantagens Comparativas Dinâmicas"" (Guerreiro-Ramos)?";A vantagem comparativa pode ser criada e aprimorada por políticas de longo prazo (inovação, educação) e não é imutável, ao contrário do modelo Ricardiano estático.
85. Como a tecnologia da informação e da comunicação (TIC) afetou o comércio de serviços?;Permitiu o comércio de serviços digitalizados (software, call centers, consultoria) sem necessidade de deslocamento físico, criando o comércio digital.
"86. O que é o ""comércio digital"" (e-commerce internacional)?";É a compra e venda de bens e serviços via plataformas digitais, que cresceu exponencialmente e é regulado em parte pela OMC (moratória sobre tarifas digitais).
"87. O que é a ""moratória sobre tarifas digitais"" na OMC?";É o compromisso dos membros da OMC de não impor tarifas sobre transmissões eletrônicas (e-commerce), renovado periodicamente.
"88. O que é a ""Teoria da Localização"" (Nova Geografia Econômica) e o comércio?";Explica como a localização das empresas (aglomerações) é influenciada por custos de transporte, economias de escala e comércio internacional, gerando centros de produção.
"89. O que são os ""Fundos de Investimento Soberano"" e sua relação com o comércio internacional?";Fundos estatais que investem no exterior, comprando ativos estratégicos (empresas, portos, terras), o que pode gerar preocupações de segurança nacional e alterar fluxos de comércio.
"90. O que é a ""teoria do comércio internacional com diferenças de preferências""?";O comércio pode ocorrer também devido a diferenças nos gostos dos consumidores entre países (mesmo com mesma dotação de fatores).
"91. Como a ""elasticidade-renda das exportações e importações"" afeta os termos de troca?";Se as importações crescem mais rápido que as exportações (elasticidade-renda alta para importados), os termos de troca se deterioram, como previsto por Prebisch.
"92. O que são ""commodities"" e qual sua importância no comércio internacional?";São produtos primários (agrícolas, minerais, energia) que são negociados globalmente, com preços determinados em bolsas (ex: petróleo, soja, minério de ferro).
"93. O que é a ""volatilidade dos preços das commodities"" e seu impacto na periferia?";Causa forte instabilidade na receita de exportação, dificultando o planejamento econômico e o investimento nos países em desenvolvimento.
"94. O que são ""termos de troca de commodities"" (ou índice de termos de troca)?";É a relação entre o preço de uma cesta de commodities exportadas e o preço dos bens manufaturados importados. A deterioração desse índice é central na tese de Prebisch.
95. Como os países em desenvolvimento podem escapar da deterioração dos termos de troca?;Investindo em inovação, diversificação da pauta exportadora (agregando valor), industrialização, e acordos comerciais que favoreçam a exportação de manufaturados.
"96. O que é a ""política de preços mínimos"" para commodities?";O governo fixa um preço mínimo de compra de commodities para proteger os produtores, mas pode distorcer o mercado e gerar estoques excessivos.
"97. O que é a ""iniciativa de alívio da dívida"" (HIPIC) e sua relação com o comércio de commodities?";Programa do FMI e Banco Mundial para perdoar a dívida de países pobres altamente endividados, muitos deles exportadores de commodities, que sofrem com a deterioração dos termos de troca.
"98. Como a ""sustentabilidade ambiental"" influencia as novas teorias do comércio?";A pegada de carbono, a rastreabilidade de produtos e a exigência de padrões ambientais (ex: União Europeia) estão criando novas barreiras não tarifárias e alterando os fluxos de comércio.
"99. O que é o ""comércio justo"" (Fair Trade) e como ele busca melhorar os termos de troca?";É um movimento que paga um preço mínimo garantido (prêmio) aos pequenos produtores de commodities (ex: café, cacau) para garantir renda digna e práticas sustentáveis.
100. Para o CACD, por que dominar as Teorias de Comércio Internacional é fundamental?;Para negociar acordos comerciais bilaterais e multilaterais, defender os interesses brasileiros na OMC, analisar os efeitos de tarifas e subsídios sobre o comércio, compreender as cadeias globais de valor, e avaliar o impacto da deterioração dos termos de troca nas políticas de desenvolvimento dos países parceiros.
;
;
"O que é uma ""economia aberta""?";É uma economia que mantém relações comerciais e financeiras com o resto do mundo, realizando exportações, importações, fluxos de capitais e investimentos estrangeiros.
2. Quais são os três principais fluxos internacionais em uma economia aberta?;"1. Fluxo de bens (exportações e importações); 2. Fluxo de serviços (turismo, transporte, royalties); 3. Fluxo de capitais (investimentos, empréstimos, títulos)."
"3. O que são ""exportações líquidas"" (ou saldo da balança comercial)?";"É a diferença entre o valor das exportações (X) e o valor das importações (M) de bens e serviços. Se X > M, há superávit; se X < M, há déficit."
4. Qual a identidade macroeconômica básica de uma economia aberta?;PIB (Y) = Consumo (C) + Investimento (I) + Gastos do Governo (G) + Exportações (X) - Importações (M).
"5. O que é a ""taxa de câmbio""?";É o preço de uma moeda estrangeira em termos da moeda nacional (ou vice-versa). É o valor que se paga para comprar uma unidade de moeda estrangeira.
6. Qual a diferença entre taxa de câmbio nominal e taxa de câmbio real?;Nominal é o preço relativo de duas moedas (quantas unidades da moeda nacional para comprar uma unidade estrangeira). Real é a nominal ajustada pelos níveis de preços relativos entre dois países.
7. Como se calcula a taxa de câmbio real?;É a taxa de câmbio nominal multiplicada pela razão entre o nível de preços do país estrangeiro e o nível de preços doméstico (ajustada pela inflação).
"8. O que significa uma ""apreciação cambial"" (ou valorização da moeda)?";A moeda nacional se valoriza em relação à estrangeira: é preciso menos moeda nacional para comprar uma unidade de moeda estrangeira. Ex: o Real se valoriza quando o dólar cai.
"9. O que significa uma ""depreciação cambial"" (ou desvalorização da moeda)?";A moeda nacional perde valor em relação à estrangeira: é preciso mais moeda nacional para comprar uma unidade de moeda estrangeira. Ex: o Real se desvaloriza quando o dólar sobe.
"10. Qual a diferença entre ""depreciação"" e ""desvalorização"" cambial?";Depreciação ocorre em regime de câmbio flexível (pelo mercado). Desvalorização ocorre em regime de câmbio fixo (por decisão do governo/Banco Central).
"11. O que é o ""regime de câmbio fixo""?";O Banco Central estabelece uma paridade fixa entre a moeda nacional e uma moeda estrangeira (ou cesta de moedas) e intervém para mantê-la, comprando ou vendendo reservas.
"12. O que é o ""regime de câmbio flutuante"" (ou flexível)?";A taxa de câmbio é determinada livremente pelo mercado (oferta e demanda por moeda), sem intervenção fixa do Banco Central.
"13. O que é o ""regime de câmbio flutuante sujo"" (dirty floating)?";O Banco Central não fixa uma paridade, mas intervém ocasionalmente no mercado (comprando ou vendendo divisas) para evitar volatilidade excessiva ou direcionar o câmbio.
"14. O que é o ""regime de câmbio com banda cambial""?";O Banco Central define uma banda (limites mínimo e máximo) dentro da qual o câmbio pode flutuar livremente. Intervém apenas quando a taxa atinge os limites.
"15. O que é a ""convertibilidade da moeda""?";É a liberdade de trocar a moeda nacional por moeda estrangeira sem restrições. Países com plena convertibilidade não impõem controles de câmbio ou capitais.
16. Quais são os determinantes da oferta de moeda estrangeira (dólar) no mercado cambial?;Exportações, investimentos estrangeiros (IED, carteira), empréstimos externos, remessas do exterior, e turistas estrangeiros.
17. Quais são os determinantes da demanda por moeda estrangeira (dólar) no mercado cambial?;Importações, pagamento de juros e dividendos ao exterior, remessas para o exterior, turistas nacionais, e fuga de capitais.
18. Como a taxa de câmbio afeta as exportações?;Uma depreciação (moeda nacional mais barata) torna os produtos nacionais mais baratos para estrangeiros, estimulando as exportações.
19. Como a taxa de câmbio afeta as importações?;Uma depreciação torna os produtos importados mais caros em moeda nacional, reduzindo as importações (e estimulando a produção doméstica).
"20. O que é a ""Condição de Marshall-Lerner""?";Uma depreciação cambial melhora a balança comercial se a soma das elasticidades-preço das exportações e importações (em valor absoluto) for maior que 1.
"21. O que é o ""efeito J-curva"" na balança comercial após uma depreciação?";"No curto prazo, a depreciação piora a balança comercial (devido a contratos pré-fixados). No longo prazo, melhora, formando um ""J"" no gráfico."
22. Como a taxa de juros (interna) afeta a taxa de câmbio?;Juros internos mais altos, em relação ao exterior, atraem capitais estrangeiros, aumentando a oferta de moeda estrangeira e apreciando a moeda nacional.
23. Como a inflação afeta a taxa de câmbio nominal?;A inflação mais alta (em relação aos parceiros) tende a depreciar a moeda nominal, pois reduz o poder de compra da moeda e a competitividade.
"24. O que é a ""Paridade do Poder de Compra"" (PPC) absoluta?";Afirma que a taxa de câmbio entre duas moedas deve se igualar à razão entre os níveis de preços dos dois países (um mesmo bem deve ter o mesmo preço em diferentes países, após a conversão cambial).
"25. O que é a ""Paridade do Poder de Compra"" (PPC) relativa?";Afirma que a variação percentual da taxa de câmbio deve ser igual à diferença entre as taxas de inflação dos dois países. A moeda do país com maior inflação se desvaloriza.
26. Por que a PPC absoluta nem sempre se verifica na prática?;Devido a barreiras comerciais (tarifas, cotas), custos de transporte, bens não comercializáveis, diferenciação de produtos e concorrência imperfeita.
"27. O que é o ""Efeito Balassa-Samuelson""?";Países com maior crescimento da produtividade no setor de bens comercializáveis tendem a ter apreciação real da moeda no longo prazo, devido ao aumento de salários e preços no setor de serviços.
28. Qual a relação entre câmbio, juros e inflação no curto prazo?;Um aumento da taxa de juros (interna) atrai capitais, aprecia o câmbio e reduz a inflação (via barateamento de importados). Por outro lado, a inflação alta deprecia o câmbio nominal.
29. Qual a relação entre câmbio, juros e inflação no longo prazo?;No longo prazo, a moeda se ajusta à inflação (PPC), e a taxa de juros real tende a ser igual à internacional (paridade descoberta de juros).
"30. O que é a ""Paridade Descoberta de Juros"" (UIP)?";A diferença entre as taxas de juros doméstica e estrangeira deve ser igual à depreciação esperada da moeda nacional. Ou seja, o retorno esperado de investir em ativos domésticos ou estrangeiros deve ser igual.
"31. O que é o ""Carry Trade"" e como ele afeta o câmbio?";É a estratégia de tomar emprestado em moeda com juros baixos e investir em moeda com juros altos. Aprecia a moeda de juros altos no curto prazo, mas gera risco de desvalorização súbita.
"32. O que é a ""taxa de câmbio real de equilíbrio""?";É a taxa de câmbio real que é consistente com o equilíbrio interno (pleno emprego) e externo (BP equilibrado) no médio/longo prazo, sem pressões inflacionárias.
33. Como a taxa de câmbio real afeta a competitividade de um país?;Uma taxa de câmbio real depreciada (moeda barata) torna os produtos nacionais mais competitivos internacionalmente, estimulando exportações e desestimulando importações.
"34. O que é ""sobrevalorização cambial"" (ou câmbio apreciado) e quais seus efeitos?";A moeda nacional está mais valorizada do que seu equilíbrio de longo prazo. Prejudica as exportações, estimula importações, pode gerar déficit comercial e desindustrialização.
"35. O que é ""subvalorização cambial"" (ou câmbio depreciado) e quais seus efeitos?";A moeda nacional está mais desvalorizada do que seu equilíbrio. Estimula exportações, desestimula importações, melhora a balança comercial, mas pode gerar inflação importada.
36. Como o Banco Central pode intervir para depreciar a moeda nacional?;Vendendo moeda nacional (ou comprando moeda estrangeira) no mercado, aumentando a oferta de moeda nacional e reduzindo seu valor.
37. Como o Banco Central pode intervir para apreciar a moeda nacional?;Comprando moeda nacional (ou vendendo moeda estrangeira) no mercado, reduzindo a oferta de moeda nacional e elevando seu valor.
"38. O que é ""esterilização"" da intervenção cambial?";O Banco Central neutraliza o impacto de suas compras ou vendas de divisas sobre a base monetária, usando operações de mercado aberto (compra/venda de títulos).
39. Por que o governo intervém no mercado cambial (mesmo em câmbio flutuante)?;Para evitar volatilidade excessiva, conter a inflação (apreciando a moeda), manter a competitividade (depreciando a moeda), ou acumular reservas.
"40. O que são ""reservas internacionais"" e qual sua função?";São ativos em moeda estrangeira mantidos pelo Banco Central (dólares, euros, ouro, DES). Servem para pagar importações, honrar dívidas externas e intervir no câmbio.
41. Como a acumulação de reservas internacionais afeta a oferta de moeda?;A compra de divisas (para acumular reservas) injeta moeda nacional na economia, expandindo a base monetária, a menos que seja esterilizada.
"42. O que é ""dolarização"" da economia?";É o uso do dólar (ou outra moeda estrangeira) como meio de troca, unidade de conta e reserva de valor, em substituição parcial ou total à moeda nacional.
"43. O que é um ""swap cambial"" e para que serve?";É uma operação financeira (derivativo) usada pelo Banco Central para vender ou comprar moeda estrangeira no mercado futuro, sem afetar as reservas no presente, para estabilizar o câmbio.
"44. O que é ""apreciação cambial"" e ""depreciação cambial"" (diferença)?";Apreciação: a moeda nacional fica mais cara (ex: de R5paraR5paraR 4 por dólar). Depreciação: a moeda nacional fica mais barata (ex: de R5paraR5paraR 6 por dólar).
"45. O que são ""controles de capital"" (ou restrições cambiais)?";São medidas do governo para limitar a entrada ou saída de capitais (ex: imposto sobre operações financeiras, limite para compra de dólar, etc.), com o objetivo de controlar o câmbio.
"46. Qual a relação entre ""poupança externa"" e crescimento econômico?";A poupança externa (déficit em transações correntes) pode financiar investimento e crescimento, especialmente em países com baixa poupança doméstica.
47. Qual o risco do excesso de poupança externa?;"Gera endividamento externo (público ou privado), cria vulnerabilidade a crises cambiais, e pode levar à ""doença holandesa"" (apreciação cambial e desindustrialização)."
"48. Qual a relação entre ""déficit em transações correntes"" e ""poupança externa""?";Um déficit em transações correntes (M > X) equivale à poupança externa (recursos do exterior financiando o investimento doméstico).
"49. O que a identidade ""I = S + (M - X)"" significa em uma economia aberta?";O investimento (I) é financiado pela poupança doméstica (S) mais a poupança externa (M - X, que é o déficit em transações correntes).
50. Por que a poupança externa é volátil e pode gerar crises?;Porque depende do apetite global ao risco. Uma reversão súbita do fluxo de capitais (ex: fuga de capitais) pode causar desvalorização abrupta, crise de balanço de pagamentos e recessão.
"51. O que é o ""fardo da dívida externa"" e como ele se relaciona com o câmbio?";A dívida externa precisa ser paga em moeda estrangeira. Uma depreciação cambial aumenta o valor da dívida em moeda nacional (peso da dívida), causando problemas fiscais e financeiros.
52. Como a política cambial afeta a inflação (canal do câmbio)?;Uma depreciação eleva o preço dos importados e dos bens com componentes importados, gerando pressão inflacionária (inflação importada). Uma apreciação reduz esses preços.
"53. O que é a ""inflação importada""?";É a inflação causada pelo aumento dos preços de bens importados (devido à depreciação cambial ou ao aumento dos preços internacionais).
54. Como o Banco Central reage a uma depreciação cambial que gera inflação?;Geralmente, ele eleva a taxa de juros para conter a demanda e ancorar as expectativas, mas isso pode atrair mais capitais e apreciar o câmbio.
"55. O que é o ""trade-off"" entre câmbio, juros e inflação para o BC?";O BC enfrenta um dilema: se sobe juros para conter a inflação, atrai capitais e aprecia o câmbio, o que ajuda a inflação, mas prejudica exportações. Se baixa juros, deprecia o câmbio, estimula exportações, mas pode gerar inflação.
"56. O que é o ""trilema"" (ou trinômio impossível) na macroeconomia aberta?";"Um país não pode ter simultaneamente: 1) Câmbio fixo; 2) Livre mobilidade de capitais; 3) Política monetária autônoma. Só pode ter dois dos três."
57. Como o Brasil (regime de metas de inflação) resolve o trilema?;Adotou câmbio flutuante (flexível) e livre mobilidade de capitais, abrindo mão do câmbio fixo, mantendo autonomia da política monetária (juros independentes).
"58. O que é o ""regime de câmbio administrado"" (ou com banda)?";É um regime híbrido onde a taxa de câmbio flutua dentro de uma banda, mas o BC intervém quando ela se aproxima dos limites.
"59. O que é ""crawling peg"" no regime cambial?";É um regime de câmbio fixo onde a paridade é ajustada gradualmente (desvalorizações programadas) para acompanhar a inflação e a competitividade.
"60. Como a ""taxa de câmbio real"" afeta a distribuição de renda?";Uma depreciação (câmbio desvalorizado) beneficia os exportadores e o setor de bens comercializáveis, mas prejudica os consumidores (inflação importada) e os importadores.
"61. O que é o ""pass-through cambial"" (repasse cambial)?";É o grau em que a depreciação da moeda é repassada para os preços internos (inflação). Um pass-through alto significa que a depreciação tem forte impacto inflacionário.
62. O que determina o grau de pass-through cambial?;A abertura da economia (quanto se importa), a concorrência no mercado doméstico, a indexação, e a credibilidade da política monetária.
63. Como a política fiscal afeta a taxa de câmbio?;Um déficit fiscal elevado pode aumentar os juros (crowding out), atrair capitais e apreciar o câmbio, ou gerar desconfiança e depreciar o câmbio, dependendo das expectativas.
"64. O que é o ""risco país"" e como ele afeta o câmbio?";É a percepção de risco de calote ou instabilidade. Um risco país alto (spread alto) desestimula investimentos, reduz a oferta de dólares e deprecia a moeda nacional.
"65. Como a ""confiança dos investidores"" afeta a taxa de câmbio?";Em momentos de incerteza global, os investidores fogem para ativos seguros (dólar, ouro), depreciando as moedas de países emergentes (flight to quality).
"66. O que é o ""efeito contágio"" em crises cambiais?";A desvalorização de um país (ou crise) pode se espalhar para outros países da mesma região ou com características semelhantes, devido à interdependência financeira.
"67. O que é uma ""crise cambial"" (ou crise de balanço de pagamentos)?";É uma súbita e forte depreciação da moeda, acompanhada por perda de reservas e fuga de capitais, geralmente causada por perda de confiança e desequilíbrios externos.
"68. Como as ""expectativas"" dos agentes influenciam a taxa de câmbio?";Se os agentes esperam depreciação, eles antecipam a compra de dólares, o que de fato deprecia a moeda (profecias autorrealizáveis).
"69. O que é um ""ataque especulativo"" à moeda?";É a venda maciça da moeda nacional (compra de dólares) por investidores especuladores, que apostam em sua desvalorização, forçando o BC a gastar reservas ou desvalorizar.
70. Como o Banco Central pode se defender de um ataque especulativo no câmbio fixo?;Elevando a taxa de juros para tornar a moeda mais atraente, usando reservas para vender dólares, ou desvalorizando o câmbio (abandonando a paridade).
"71. O que é a ""taxa de câmbio de longo prazo"" (ou fundamental)?";É a taxa de câmbio consistente com os fundamentos econômicos (produtividade, termos de troca, preferência dos consumidores) no longo prazo, após ajustes de preços.
"72. Como os ""termos de troca"" (preços relativos das exportações/importações) afetam a taxa de câmbio?";Uma melhora nos termos de troca (preços de exportação sobem) aumenta a oferta de divisas, apreciando a moeda nacional.
"73. Como a ""produtividade"" relativa entre países afeta o câmbio real?";Um país com maior crescimento de produtividade tende a ter uma apreciação real de longo prazo (Balassa-Samuelson).
"74. O que é o ""modelo de equilíbrio geral com câmbio flexível"" (Mundell-Fleming)?";É um modelo de curto prazo que analisa como a política fiscal e monetária afetam a renda, os juros e a taxa de câmbio, dependendo do regime cambial e da mobilidade de capitais.
75. Em câmbio flexível, qual política é mais eficaz para estimular a renda?;A política monetária (pois a expansão monetária deprecia o câmbio e estimula exportações), enquanto a política fiscal tem efeito reduzido (crowding out via apreciação cambial).
76. Em câmbio fixo, qual política é mais eficaz para estimular a renda?;A política fiscal (pois a expansão fiscal eleva juros, atrai capitais e permite expansão monetária via compra de divisas), enquanto a política monetária é ineficaz.
"77. Como o ""déficit público"" afeta a poupança externa e o câmbio?";Um déficit público elevado reduz a poupança pública, exigindo maior poupança externa (déficit em TC) e pode causar apreciação cambial (se atrair capitais) ou depreciação (se gerar desconfiança).
"78. O que é a ""sustentabilidade da dívida externa"" e como o câmbio a afeta?";Uma depreciação cambial aumenta o valor real da dívida externa em moeda nacional, tornando-a mais difícil de pagar e podendo levar à insolvência.
"79. Qual a relação entre ""taxa de câmbio"" e ""acumulação de reservas"" por países emergentes?";Muitos emergentes compram reservas (intervindo no câmbio) para evitar apreciação excessiva e manter a competitividade, mas isso gera custos de esterilização.
"80. O que é o ""excesso de liquidez global"" e seu impacto sobre o câmbio de países emergentes?";Quando o BC dos EUA ou da Europa joga dinheiro na economia (QE), há um fluxo de capitais para emergentes, que aprecia suas moedas e gera bolhas de ativos.
"81. Como a ""guerra cambial"" (currency war) ocorre?";Países competem para desvalorizar suas moedas (via intervenção ou política monetária expansionista) para ganhar competitividade exportadora, gerando tensões comerciais.
"82. O que é a ""reação do Banco Central"" (função de reação) à taxa de câmbio?";"É a regra que o BC segue para ajustar a taxa de juros em resposta a variações cambiais (geralmente, depreciação → sobe juros; apreciação → pode baixar juros)."
"83. Como o ""preço das commodities"" afeta o câmbio de países exportadores (ex: Brasil)?";Um aumento do preço das commodities melhora os termos de troca e aprecia a moeda (via maior entrada de divisas), enquanto uma queda deprecia a moeda.
"84. O que é o ""câmbio real de equilíbrio"" para a competitividade?";É a taxa de câmbio real que mantém a indústria doméstica competitiva sem gerar inflação excessiva ou déficits externos insustentáveis.
"85. Como a ""deflação"" de um parceiro comercial afeta a taxa de câmbio real?";A deflação no parceiro comercial (preços caindo) equivale a uma apreciação real da moeda nacional, piorando a competitividade do país.
"86. O que é o ""custo de oportunidade"" de manter reservas internacionais?";É o custo de manter reservas em títulos de baixo rendimento (ex: títulos do Tesouro dos EUA) em vez de usá-las para investimentos produtivos ou reduzir dívidas.
"87. O que é ""reserva precaucional"" e ""reserva para intervenção""?";Precaucional: para proteger contra choques externos (flight to quality). Intervenção: para suavizar flutuações cambiais ou manter competitividade.
"88. Como os ""fluxos de portfólio"" (investimentos em carteira) afetam o câmbio?";"São voláteis. Uma entrada de capitais de portfólio (compra de ações/títulos) aprecia o câmbio; uma saída súbita deprecia o câmbio."
"89. Qual a diferença entre ""IED"" (investimento direto) e ""investimento de portfólio"" em termos de impacto cambial?";O IED é mais estável e de longo prazo, com impacto mais gradual no câmbio. O investimento de portfólio é volátil e pode causar crises cambiais.
"90. O que é a ""regra de ouro"" da política cambial?";Não fixar o câmbio em um nível artificial por muito tempo, pois isso gera desequilíbrios e ataques especulativos. O câmbio deve refletir os fundamentos econômicos.
"91. Como a ""política de competitividade"" (ex: desvalorização competitiva) pode gerar retaliação?";Se um país desvaloriza sua moeda para ganhar competitividade, outros podem fazer o mesmo, levando a uma guerra cambial que prejudica todos.
"92. O que é o ""modelo de overshooting"" (Dornbusch) da taxa de câmbio?";"No curto prazo, a taxa de câmbio pode ""pular"" (overshooting) além de seu valor de longo prazo devido à rigidez de preços e à reação dos mercados financeiros."
"93. Como a ""expectativa de desvalorização"" afeta a taxa de juros e o câmbio?";Se os agentes esperam desvalorização, exigem um prêmio (juros mais altos) para manter ativos em moeda nacional, elevando os juros e depreciando a moeda.
"94. O que é a ""condição de Taylor"" aplicada ao câmbio?";O Banco Central deve elevar a taxa de juros mais que proporcionalmente a um aumento da inflação esperada, o que também aprecia o câmbio (via atração de capitais).
"95. Como a ""taxa de câmbio real efetiva"" (TCR-efetiva) é calculada?";É a média ponderada da taxa de câmbio real do país em relação aos seus principais parceiros comerciais, usando como pesos as participações no comércio.
"96. O que é ""desalinhamento cambial"" (misalignment)?";É a diferença entre a taxa de câmbio real observada e a taxa de equilíbrio de longo prazo. Um desalinhamento persistente gera distorções comerciais e de alocação de recursos.
"97. Como o ""dólar forte"" (apreciação global do dólar) afeta os países emergentes?";Aprecia as moedas emergentes em relação a outras, mas deprecia em relação ao dólar, encarecendo o serviço da dívida em dólar e pressionando a inflação.
"98. O que é o ""swap cambial"" entre bancos centrais?";É um acordo entre BCs para trocar moedas em momentos de estresse, garantindo liquidez em moeda estrangeira e estabilizando o câmbio.
"99. Como a ""política cambial"" se relaciona com a ""política comercial"" (tarifas, subsídios)?";A política cambial pode ser usada como substituto ou complemento da política comercial: uma desvalorização cambial pode estimular exportações sem a necessidade de tarifas.
100. Para o CACD, por que a Macroeconomia Aberta (fluxos, regimes cambiais, câmbio-juros-inflação) é essencial?;Para negociar acordos comerciais e financeiros, avaliar os impactos cambiais de tarifas e subsídios, compreender as vulnerabilidades externas de países parceiros, e analisar as políticas de câmbio e reservas em negociações multilaterais (FMI, BIS, G20).
;
;
O que é uma tarifa de importação?;É um imposto cobrado pelo governo sobre bens importados, geralmente ad valorem (percentual do valor) ou específico (valor fixo por unidade).
2. Quais são os principais objetivos de uma tarifa?;"1. Proteger a indústria doméstica da concorrência estrangeira; 2. Gerar receita fiscal; 3. Corrigir balanço de pagamentos; 4. Servir como instrumento de negociação."
3. O que é uma quota (ou cota) de importação?;É uma restrição quantitativa (limite físico) sobre a quantidade de um bem que pode ser importada em um determinado período.
4. Qual a diferença entre tarifa e quota quanto ao efeito sobre o preço?;A tarifa aumenta o preço do importado e gera receita para o governo. A quota também aumenta o preço, mas o ganho (renda da quota) vai para os detentores das licenças de importação.
"5. O que é uma tarifa ""ad valorem""?";É um imposto calculado como um percentual do valor do bem importado (ex: 20% do valor do produto).
"6. O que é uma tarifa ""específica""?";É um imposto calculado como um valor fixo por unidade física do bem importado (ex: US$ 10 por tonelada).
"7. O que é uma tarifa ""mista"" (ou composta)?";É uma combinação de tarifa ad valorem e específica (ex: US$ 5 por unidade + 10% do valor).
8. Como uma tarifa afeta o preço interno de um bem?;A tarifa eleva o preço interno, pois o importador repassa o imposto ao consumidor, tornando o bem importado mais caro.
9. Quem arca com o ônus de uma tarifa (consumidor ou produtor estrangeiro)?;Depende das elasticidades de oferta e demanda. Em geral, o ônus é dividido entre consumidores domésticos (preço mais alto) e produtores estrangeiros (menor preço recebido).
"10. O que é o ""excedente do consumidor"" e como a tarifa o afeta?";É a diferença entre o que o consumidor está disposto a pagar e o que ele paga. A tarifa reduz o excedente do consumidor, pois ele paga mais caro e consome menos.
"11. O que é o ""excedente do produtor"" e como a tarifa o afeta?";É a diferença entre o preço que o produtor recebe e seu custo marginal. A tarifa aumenta o excedente do produtor doméstico, pois ele vende mais caro e/ou em maior quantidade.
12. Qual o efeito de uma tarifa sobre a produção doméstica?;Estimula a produção doméstica, pois as empresas nacionais se tornam mais competitivas (preço do importado sobe).
13. Qual o efeito de uma tarifa sobre o consumo doméstico?;Reduz o consumo, pois o preço final ao consumidor aumenta.
14. Qual o efeito de uma tarifa sobre as importações?;Reduz as importações, pois o preço do bem importado fica mais alto em relação ao doméstico.
"15. O que é a ""receita tarifária"" do governo?";É a arrecadação obtida com o imposto de importação. O governo ganha com a tarifa, desde que as importações não caiam a zero.
"16. O que é a ""perda de peso morto"" (deadweight loss) de uma tarifa?";É a ineficiência gerada pela tarifa: a perda de excedente total (consumidor + produtor) que não é compensada pela receita tarifária. São os consumidores que deixam de consumir e os produtores ineficientes que produzem a mais.
17. Uma tarifa é benéfica para o país importador (bem-estar total)?;Em geral, não (a menos que o país seja grande e melhore seus termos de troca). A perda de peso morto e a transferência de excedente geralmente superam a receita tarifária.
"18. O que é o ""argumento dos termos de troca"" para a imposição de tarifas (país grande)?";Um país grande (com poder de mercado) pode impor uma tarifa para reduzir a demanda por importações, forçando os preços internacionais para baixo e melhorando seus termos de troca.
"19. Qual a diferença entre os efeitos de uma tarifa em um país ""pequeno"" e um ""grande""?";Em um país pequeno, a tarifa não afeta o preço internacional (o país é tomador de preço). Em um país grande, a tarifa pode reduzir o preço internacional, beneficiando o país.
20. Como uma quota de importação difere de uma tarifa na geração de receita?;A tarifa gera receita para o governo. A quota, por sua vez, gera renda para os detentores das licenças de importação (que podem ser o governo, empresas domésticas ou estrangeiras).
"21. O que é a ""renda da quota"" (quota rent)?";É o lucro extra obtido pelos detentores da licença de importação, que é igual à diferença entre o preço interno (mais alto) e o preço internacional, multiplicada pela quantidade importada.
22. Se a licença de quota é leiloada pelo governo, o que acontece com a renda da quota?;Ela se transforma em receita tarifária (o governo arrecada o valor do leilão), tornando a quota equivalente a uma tarifa em termos de efeito sobre o bem-estar.
23. Qual o efeito de uma quota sobre a produção doméstica?;Aumenta a produção doméstica, pois a oferta importada é limitada, elevando o preço interno.
24. Qual o efeito de uma quota sobre a variedade de bens?;A quota pode limitar a variedade (se for bem específica) ou não (se for global). Pode distorcer a escolha dos consumidores.
25. A quota é mais prejudicial que a tarifa em termos de eficiência?;Sim, pois a quota não gera receita para o governo (se as licenças forem dadas) e geralmente cria mais distorções, além de ser menos transparente.
"26. O que são ""barreiras não tarifárias"" além das quotas?";São obstáculos como licenças de importação, exigências sanitárias e fitossanitárias, padrões técnicos, regras de origem, e burocracia alfandegária.
"27. O que é um ""subsídio à exportação""?";É um benefício financeiro concedido pelo governo a produtores ou exportadores para estimular as exportações (ex: crédito subsidiado, isenção fiscal, pagamento direto).
28. Qual o efeito de um subsídio à exportação sobre o preço doméstico?;Eleva o preço doméstico (pois os produtores preferem exportar, reduzindo a oferta interna) e reduz o preço internacional (aumento da oferta global).
29. Qual o efeito de um subsídio à exportação sobre o excedente do consumidor doméstico?;Reduz o excedente do consumidor, pois o preço interno aumenta.
30. Qual o efeito de um subsídio à exportação sobre o excedente do produtor doméstico?;Aumenta o excedente do produtor, pois ele recebe o preço interno (mais alto) mais o subsídio.
31. Qual o custo de um subsídio à exportação para o governo?;O governo gasta recursos fiscais para pagar o subsídio, o que pode gerar déficits ou exigir cortes em outras áreas.
32. O subsídio à exportação melhora o bem-estar do país?;Geralmente não, pois o custo fiscal e a perda de excedente do consumidor superam o ganho do produtor, gerando perda de peso morto.
"33. O que é ""dumping"" no comércio internacional?";É a prática de exportar a um preço inferior ao preço praticado no mercado doméstico (ou abaixo do custo de produção), com o objetivo de ganhar mercado e eliminar concorrentes.
"34. Qual a diferença entre ""dumping predatório"" e ""dumping esporádico""?";Predatório: visa eliminar concorrentes e depois elevar preços (monopólio). Esporádico: ocorre para liquidar estoques excedentes.
"35. O que é uma ""medida antidumping"" (ou direito antidumping)?";É uma tarifa adicional imposta pelo país importador sobre um bem importado que está sendo vendido com dumping, para compensar o dano à indústria doméstica.
36. Quais são os três requisitos para aplicar uma medida antidumping na OMC?;"1. Comprovação de dumping (preço abaixo do valor normal); 2. Dano material à indústria doméstica; 3. Nexo causal entre dumping e dano."
"37. O que é um ""subsídio proibido"" (ou subsídio à exportação) na OMC?";São subsídios condicionados ao desempenho das exportações (ex: isenção de impostos para quem exporta), que são proibidos pela OMC, pois distorcem o comércio.
"38. O que é um ""subsídio permitido"" (ou caixa verde/âmbar) na OMC?";Subsídios que não distorcem o comércio ou distorcem pouco (ex: pesquisa agrícola, meio ambiente) são permitidos. Subsídios que distorcem (ex: preços mínimos) são restritos.
"39. O que é a ""medida de salvaguarda"" (ou cláusula de emergência)?";É uma restrição temporária às importações (tarifa ou quota) que um país pode impor para proteger sua indústria doméstica de um aumento súbito e prejudicial das importações.
"40. Qual a diferença entre ""antidumping"" e ""salvaguarda""?";Antidumping é uma resposta a uma prática desleal específica (preço abaixo do normal). Salvaguarda é uma medida geral contra um aumento de importações, independentemente de prática desleal.
"41. O que são ""barreiras técnicas"" ao comércio (TBT)?";São regulamentações sobre padrões de produto (segurança, qualidade, rotulagem, embalagem) que podem ser usadas como barreiras protecionistas.
"42. O que são ""medidas sanitárias e fitossanitárias"" (SPS)?";São regulamentações para proteger a saúde humana, animal e vegetal (ex: controle de pragas, resíduos de agrotóxicos).
43. Quando as barreiras técnicas e sanitárias se tornam protecionistas?;Quando não são baseadas em evidências científicas, são aplicadas de forma discriminatória, ou são mais restritivas do que o necessário para proteger a saúde.
"44. O que é a ""regra de origem"" (rules of origin) em um acordo comercial?";É o critério que define a nacionalidade de um produto para que ele possa receber preferências tarifárias (ex: em um bloco econômico).
45. Como uma tarifa afeta os termos de troca de um país?;Em um país grande, a tarifa pode melhorar os termos de troca (reduzindo o preço de importação). Em um país pequeno, não afeta.
46. Qual o efeito de um subsídio à exportação sobre os termos de troca?;Piora os termos de troca, pois reduz o preço de exportação (aumenta a oferta) e eleva o preço de importação (reduz a oferta doméstica).
"47. O que é a ""curva de oferta de exportação"" e a ""curva de demanda de importação""?";São curvas que mostram, respectivamente, a quantidade que um país está disposto a exportar/importar a cada preço internacional. São usadas para analisar o efeito de tarifas.
48. Qual é o efeito de uma tarifa sobre a curva de demanda de importação de um país?;Desloca a curva de demanda de importação para baixo (o país compra menos a cada preço internacional), gerando um novo equilíbrio mundial com preço menor (se for país grande).
"49. O que é um ""acordo de livre comércio"" (ALC) em relação a tarifas?";É um acordo entre países para eliminar tarifas e cotas entre si, mas cada país mantém suas próprias tarifas em relação a terceiros.
"50. O que é uma ""união aduaneira"" e como ela afeta as tarifas?";Além de eliminar tarifas internas, adota uma Tarifa Externa Comum (TEC) para todos os membros em relação a terceiros.
"51. O que é o ""efeito criação de comércio"" (trade creation) de um acordo de integração?";Quando a eliminação de tarifas permite que um país importe de um parceiro mais eficiente, substituindo a produção doméstica ineficiente. É benéfico.
"52. O que é o ""efeito desvio de comércio"" (trade diversion) de um acordo de integração?";Quando a eliminação de tarifas faz um país importar de um parceiro menos eficiente (mas com tarifa zero) em vez de um fornecedor externo mais eficiente (que enfrenta tarifa). É prejudicial.
53. Um acordo de integração melhora o bem-estar se o efeito criação de comércio for maior que o desvio de comércio. Verdadeiro ou falso?;Verdadeiro. O ganho líquido depende da magnitude relativa desses dois efeitos.
"54. O que é a ""cláusula de nação mais favorecida"" (NMF) da OMC?";Qualquer vantagem concedida a um país deve ser estendida a todos os membros da OMC. É a base da não discriminação no comércio.
"55. Como as ""exceções"" à NMF (como acordos regionais) são justificadas na OMC?";São permitidas pelo Artigo XXIV do GATT, desde que promovam a integração e não aumentem barreiras contra terceiros.
"56. O que é o ""tratamento nacional"" (national treatment)?";Bens importados, após pagarem a tarifa, devem ser tratados como produtos nacionais em termos de impostos e regulamentações internas (não discriminação após a fronteira).
57. Qual o efeito de uma tarifa sobre a balança comercial?;Reduz as importações, melhorando a balança comercial (ou reduzindo o déficit), se a demanda for elástica.
58. Qual o efeito de um subsídio à exportação sobre a balança comercial?;Aumenta as exportações, melhorando a balança comercial no curto prazo, mas pode piorar os termos de troca e gerar retaliação.
59. Como as tarifas afetam o investimento estrangeiro direto (IED)?;"Tarifas altas podem atrair IED ""horizontal"" (empresas que pulam a tarifa instalando fábricas no país) (tariff jumping) ou desestimular outros tipos de investimento."
"60. O que é ""tariff jumping"" (saltar tarifas)?";É a estratégia de uma empresa estrangeira investir no país (IED) para produzir localmente e evitar as tarifas de importação.
61. Como uma tarifa afeta a concorrência no mercado doméstico?;Reduz a concorrência externa, permitindo que os produtores domésticos aumentem preços e reduzam a eficiência (proteção).
62. Como uma quota afeta a concorrência no mercado doméstico?;Similar à tarifa, reduz a concorrência, mas a quota pode ser mais danosa, pois elimina completamente o incentivo para o importador competir em qualidade.
"63. O que é a ""proteção efetiva"" (ou proteção da indústria)?";Mede o efeito de tarifas sobre o valor adicionado de um setor, considerando não apenas a tarifa sobre o produto final, mas também as tarifas sobre os insumos importados.
64. Como a tarifa sobre insumos (matéria-prima) afeta a proteção efetiva de uma indústria?;Tarifas sobre insumos reduzem a proteção efetiva, pois aumentam os custos de produção dos produtores domésticos.
"65. O que é ""escalonamento tarifário"" (tariff escalation)?";É a prática de aplicar tarifas mais altas sobre bens processados (manufaturados) e mais baixas sobre matérias-primas, prejudicando a industrialização de países em desenvolvimento.
"66. O que são ""preferências tarifárias"" (ex: SGP)?";São tarifas reduzidas ou zeradas para importações de países em desenvolvimento, como o Sistema Geral de Preferências (SGP), para estimular seu comércio.
"67. Como as ""preferências tarifárias"" podem ser benéficas para países em desenvolvimento?";Facilitam o acesso a mercados desenvolvidos, estimulando exportações e diversificação produtiva.
"68. O que é a ""cláusula de habilitação"" (enabling clause) da OMC?";Permite que países desenvolvidos concedam tratamento preferencial a países em desenvolvimento, mesmo violando a NMF, desde que seja para promover o desenvolvimento.
69. Qual o efeito de uma tarifa sobre o preço dos bens complementares e substitutos?;Tarifa sobre um bem encarece o bem, reduzindo a demanda por complementares e aumentando a demanda por substitutos domésticos.
"70. O que é uma ""tarifa ambiental"" (ou tarifa verde)?";É uma tarifa imposta sobre bens produzidos com baixos padrões ambientais (ou para compensar custos ambientais). Em debate na OMC, mas de difícil aplicação.
71. Como as tarifas afetam a distribuição de renda dentro do país?;A tarifa sobre bens de consumo beneficia os produtores desses bens (setor específico) e prejudica os consumidores (especialmente os mais pobres, que gastam mais em bens básicos).
"72. O que são ""cotas de importação administradas"" (administrated quotas)?";O governo distribui licenças de importação de acordo com critérios (ex: histórico de importação), o que pode gerar ineficiência e corrupção.
"73. O que é a ""alíquota do imposto de importação"" no Brasil (TEC - Tarifa Externa Comum)?";No Mercosul, a TEC é a tarifa de importação comum a todos os membros (para produtos de fora do bloco), variando por produto.
"74. O que é uma ""lista de exceções"" à TEC no Mercosul?";São produtos que cada país membro pode ter tarifas diferentes da TEC, para proteger setores considerados sensíveis.
75. Como um subsídio à produção doméstica afeta o comércio em comparação com uma tarifa?;O subsídio aumenta a produção doméstica (como a tarifa), mas não eleva o preço para o consumidor (pois não é imposto sobre o importado). Distorce menos o consumo.
76. Qual o efeito de um subsídio à produção sobre o excedente do consumidor?;Não reduz o excedente do consumidor (ao contrário da tarifa), pois o preço não aumenta (ou pode até cair).
77. Qual o custo de um subsídio à produção para o governo?;O governo gasta recursos fiscais, que têm um custo de oportunidade (podem gerar déficit ou exigir cortes em outras áreas).
"78. O que é o ""Acordo de Subsídios e Medidas Compensatórias"" (SCM) da OMC?";É o acordo que regula os subsídios e permite que países afetados imponham tarifas compensatórias sobre produtos subsidiados.
"79. O que é uma ""tarifa compensatória"" (countervailing duty)?";É uma tarifa adicional imposta sobre um bem importado que recebeu subsídio no país exportador, para neutralizar seu efeito desleal.
"80. Qual a diferença entre ""antidumping"" e ""medida compensatória""?";Antidumping combate a prática de preço abaixo do mercado. Medida compensatória combate subsídios concedidos no país exportador.
"81. Como as ""barreiras não tarifárias"" se tornaram mais importantes após a redução de tarifas na OMC?";Com a queda das tarifas, os países passaram a usar cada vez mais barreiras não tarifárias (regulamentações, padrões) como forma de proteção.
"82. O que é o ""Acordo sobre Barreiras Técnicas ao Comércio"" (TBT) da OMC?";Busca garantir que as regulamentações técnicas não criem obstáculos desnecessários ao comércio, incentivando padrões internacionais.
"83. O que é o ""Acordo sobre Medidas Sanitárias e Fitossanitárias"" (SPS) da OMC?";Estabelece regras para que as medidas sanitárias sejam baseadas em ciência, não discriminatórias e não mais restritivas que o necessário.
"84. Como a ""diferença de padrões"" (ex: ambiental, trabalhista) pode gerar comércio?";Países com padrões mais baixos podem atrair indústrias (race to the bottom), mas isso gera críticas e pode ser alvo de barreiras comerciais.
"85. O que é a ""cláusula social"" em acordos comerciais?";É a inclusão de obrigações trabalhistas e ambientais em acordos comerciais, para evitar que a concorrência se baseie em baixos padrões.
"86. Como a ""política de concorrência"" (antitruste) se relaciona com o comércio?";Evita que empresas usem tarifas ou quotas para formar cartéis ou abusar de poder de mercado, distorcendo o comércio.
"87. O que é o ""comércio de serviços"" e como ele é afetado por barreiras?";A OMC regula serviços via GATS. Barreiras incluem restrições à presença comercial, nacionalidade dos prestadores e licenças.
88. Quais são os quatro modos de fornecimento de serviços no GATS?;"1. Fronteira (ex: consultoria via internet); 2. Consumo no exterior (ex: turismo); 3. Presença comercial (ex: filial de banco); 4. Presença de pessoa física (ex: migração de profissionais)."
89. Como as tarifas sobre bens de capital afetam o crescimento econômico?;Tarifas elevadas sobre máquinas e equipamentos (bens de capital) encarecem o investimento, prejudicando o crescimento e a produtividade.
"90. O que é a ""curva de Laffer"" aplicada a tarifas?";Aumentar a tarifa inicialmente aumenta a receita, mas depois a reduz, porque as importações caem drasticamente (redução da base tributável).
"91. Como a ""elasticidade-preço da demanda"" afeta a eficácia de uma tarifa para proteger a indústria?";Se a demanda por importados é inelástica, a tarifa gera pouca redução nas importações e muita receita, mas protege pouco a indústria. Se é elástica, a tarifa reduz importações e protege mais.
"92. Como a ""elasticidade-preço da oferta"" afeta o efeito de uma tarifa sobre o preço interno?";Se a oferta doméstica é inelástica, a tarifa eleva o preço interno mais do que se fosse elástica, pois a produção doméstica não consegue crescer.
"93. O que é o ""efeito de bem-estar"" de uma quota para o país importador?";A quota gera perda de excedente do consumidor, ganho de excedente do produtor e a renda da quota (que pode ou não ir para o governo). O efeito líquido é negativo, similar à tarifa.
"94. Como a ""negociação de tarifas"" (ex: Rodada Doha) ocorre na OMC?";Países negociam cortes de tarifas (reciprocidade), com exceções para setores sensíveis, sempre com o princípio de NMF.
"95. O que é a ""lista de concessões tarifárias"" de um país na OMC?";É o compromisso formal de cada país de não ultrapassar certos limites tarifários (tarifas consolidadas), que são negociados e vinculados internacionalmente.
"96. Qual a diferença entre ""tarifa consolidada"" e ""tarifa aplicada"" na OMC?";Consolidada é o limite máximo que o país pode cobrar (vinculado na OMC). Aplicada é a tarifa que ele efetivamente cobra (geralmente igual ou menor).
"97. O que é ""desgravação tarifária"" (tariff reduction)?";É a redução gradual das tarifas ao longo do tempo, conforme acordos de comércio (ex: eliminação de tarifas em 10 anos).
"98. Como os ""acordos preferenciais de comércio"" (ex: Mercosul) afetam as tarifas?";Reduzem ou eliminam tarifas entre os membros, mas mantêm tarifas para terceiros, gerando discriminação comercial.
"99. O que é a ""cláusula de reversão"" (snapback) em um acordo comercial?";Permite que um país reimponha tarifas se as importações de um parceiro aumentarem de forma prejudicial (medida de segurança).
100. Para o CACD, por que é essencial dominar os efeitos dos instrumentos de política comercial?;Para negociar tarifas e cotas em acordos bilaterais e na OMC, defender indústrias nacionais em casos de antidumping e salvaguarda, avaliar impactos de subsídios (agrícolas, industriais), e analisar como barreiras comerciais afetam as relações diplomáticas e o desenvolvimento dos países parceiros.
