Qual é a diferença fundamental entre Estado-nação e Estado moderno no sistema westfaliano?;O Estado-nação baseia-se na identidade cultural e étnica comum, enquanto o Estado moderno é uma entidade jurídico-política com soberania territorial reconhecida, independentemente da homogeneidade cultural.
Como a Paz de Westfália (1648) influenciou a estruturação do sistema internacional contemporâneo?;Estabeleceu os princípios de soberania estatal, não intervenção em assuntos internos e igualdade jurídica entre os Estados, formando a base do ordenamento interestatal moderno.
Quais são os quatro elementos constitutivos do Estado, segundo o direito internacional?;Território delimitado, população permanente, governo efetivo e capacidade de estabelecer relações com outros Estados (soberania externa).
O que distingue uma Organização Internacional Governamental (OIG) de uma Organização Não Governamental (ONG)?;"As OIGs são criadas por tratados entre Estados e têm personalidade jurídica internacional; as ONGs são associações privadas de âmbito transnacional, sem status estatal ou poder normativo direto."
Quais são as principais funções das Nações Unidas no sistema de segurança coletiva?;Manter a paz e a segurança internacionais, promover a cooperação econômica e social, proteger os direitos humanos e atuar como fórum de negociação multilateral.
O que é o soft power e como ele se diferencia do hard power na análise de RI?;Soft power é a capacidade de obter resultados por atração e persuasão (cultura, valores, instituições), enquanto hard power baseia-se em coerção militar e sanções econômicas.
Como o conceito de anarquia internacional é entendido pelas principais escolas teóricas?;"Para realistas, é sinônimo de caos e competição; para liberais, é uma estrutura permissiva para cooperação via instituições; para construtivistas, é socialmente construído e pode ser transformado por ideias e identidades."
Qual é a contribuição central de Immanuel Kant para a teoria liberal das RI?;"Proposição da ""paz perpétua"" baseada em três pilares: repúblicas constitucionais, federação de Estados livres e direito cosmopolita, fundamentando a ideia de que democracias tendem a não guerrear entre si."
"O que afirma a tese da ""paz democrática"" e quais são suas principais críticas?";Afirma que democracias liberais raramente entram em guerra entre si. Críticas apontam para exceções históricas, definições frágeis de democracia e viés ocidental na amostragem.
Como o neoliberalismo institucionalista explica a cooperação mesmo em um sistema anárquico?;"Por meio da criação de regimes e instituições internacionais que reduzem custos de transação, aumentam a transparência, estendem a ""sombra do futuro"" e facilitam a reciprocidade entre os atores."
Qual é a crítica construtivista ao pressuposto racionalista dos interesses exógenos?;"Os interesses e identidades dos atores não são dados ou fixos; eles são formados por processos sociais, históricos e discursivos, moldando o que os Estados percebem como seus próprios interesses."
Em que consiste a lógica da consequência versus a lógica da adequação na ação estatal?;"A lógica da consequência (racionalista) calcula custo-benefício para atingir fins; a lógica da adequação (construtivista) segue normas e papéis sociais considerados apropriados para determinada identidade."
Quais são os níveis de análise propostos por Kenneth Waltz e como eles se aplicam à explicação de conflitos?;Sistema internacional (estrutura anárquica), Estado (regime político e capacidades) e indivíduo (decisores e percepções). Cada nível oferece uma explicação distinta para a ocorrência de guerras.
O que é o dilema de segurança e como ele pode gerar espirais de conflito?;É uma situação em que as medidas defensivas de um Estado (aumento militar) são interpretadas como ofensivas por outro, provocando reações simétricas e escalada armamentista, mesmo sem intenção hostil.
Como a globalização afeta a soberania estatal tradicional?;Reduz a capacidade exclusiva do Estado de controlar fluxos econômicos, informacionais e culturais, criando espaços de governança multinível e desafios à autoridade territorial, sem contudo extinguir o Estado.
O que caracteriza um regime internacional, segundo a definição de Krasner?;Conjunto de princípios, normas, regras e procedimentos de tomada de decisão em torno dos quais as expectativas dos atores convergem em uma dada área temática das relações internacionais.
Qual é a diferença entre regimes, instituições e organizações internacionais?;"Regimes são conjuntos de regras e princípios; instituições são estruturas formais ou informais que sustentam esses regimes; organizações são entidades burocráticas com personalidade jurídica que operacionalizam instituições."
Como a Escola Inglesa concilia realismo e liberalismo em sua abordagem teórica?;"Reconhece a anarquia (realismo), mas enfatiza a existência de uma ""sociedade internacional"" formada por Estados que compartilham valores, regras e instituições comuns (liberalismo), criando ordem por meio do direito e da diplomacia."
"O que é a ""sociedade internacional"" para a Escola Inglesa e quais são seus pilares?";É uma comunidade de Estados que se reconhecem mutuamente como legítimos, com interesses comuns, regras compartilhadas e instituições como a diplomacia, o direito internacional e o equilíbrio de poder.
Em que o marxismo estrutural difere do realismo na explicação da guerra e da paz?;O marxismo vê a guerra como produto da luta de classes e da expansão capitalista, enquanto o realismo a atribui à competição por poder e segurança no sistema anárquico.
O que é a Teoria da Dependência e qual sua principal crítica ao desenvolvimento internacional?;Argumenta que o subdesenvolvimento do Sul é resultado da exploração estrutural pelo Norte, via relações comerciais desiguais e transferência de valor, não sendo uma etapa natural do desenvolvimento.
"Como a teoria crítica (Frankfurt) aplica a noção de ""emancipação"" às RI?";Busca identificar e superar estruturas de dominação (capitalismo, patriarcado, colonialismo) que perpetuam desigualdades, propondo uma reflexão reflexiva sobre os próprios pressupostos da disciplina.
"Qual é o papel da burocracia e dos ""processos organizacionais"" na tomada de decisão externa, segundo Allison?";As decisões resultam de rotinas e procedimentos padronizados das organizações, e não apenas de escolhas racionais do executivo, limitando as alternativas e gerando inércia incremental.
"O que o modelo de ""política burocrática"" acrescenta à análise de decisão em RI?";Enfatiza que a política externa é resultado de barganhas, jogos de poder e compromissos entre diferentes agências e atores burocráticos com interesses e percepções divergentes.
Como as percepções e os erros de cognição afetam as decisões de política externa?;Vieses como o pensamento grupal, a analogia histórica inadequada e a projeção de intenções podem distorcer a avaliação de ameaças e oportunidades, levando a decisões subótimas.
Qual é a distinção entre política externa e diplomacia no âmbito das RI?;"Política externa é o conjunto de objetivos e estratégias de um Estado para além de suas fronteiras; diplomacia é o instrumento de negociação, comunicação e representação para executar essa política."
"O que é a ""diplomacia de cúpula"" e quais são suas vantagens e riscos?";É o encontro direto entre chefes de Estado ou de governo. Vantagens: agilidade, visibilidade e construção de confiança. Riscos: personalização excessiva, desprezo por assessoramento técnico e efeitos de imagem.
Como a diplomacia multilateral se diferencia da diplomacia bilateral?;"A bilateral ocorre entre dois Estados; a multilateral envolve múltiplos atores em fóruns permanentes ou ad hoc, com regras coletivas e maior complexidade de negociação, mas com maior legitimidade."
Quais são os meios pacíficos de solução de controvérsias previstos no direito internacional?;Negociação, bons ofícios, mediação, conciliação, inquérito, arbitragem e solução judicial (Corte Internacional de Justiça).
Em que consiste a cláusula rebus sic stantibus no direito dos tratados?;Princípio segundo o qual um tratado pode ser suspenso ou extinto se houver uma mudança fundamental nas circunstâncias que existiam no momento de sua conclusão, desde que essa mudança não fosse previsível.
O que são os atores transnacionais e como eles desafiam o Estado-centrismo?;São atores que operam através das fronteiras estatais sem serem governos, como ONGs, empresas multinacionais, redes terroristas e movimentos sociais, criando canais diretos de influência global.
Qual o impacto das empresas multinacionais (EMNs) na economia política internacional?;Elas concentram poder econômico, influenciam políticas domésticas e externas, transferem tecnologia, mas também podem gerar dependência, exploração laboral e concorrência fiscal entre Estados.
Como as organizações não governamentais (ONGs) influenciam a agenda internacional?;Atuam como ativistas, produtoras de conhecimento, fiscalizadoras de tratados e mobilizadoras da opinião pública, pressionando governos e organismos multilaterais por mudanças normativas.
O que é a opinião pública global e como ela afeta a política externa dos Estados?;É o conjunto de percepções e atitudes da sociedade civil em escala internacional, que pode constranger decisões estatais, especialmente em democracias, por meio de pressão midiática e movimentos sociais.
Como as mídias sociais transformaram a dinâmica da diplomacia e do ativismo internacional?;"Aceleraram a comunicação, permitiram a ""diplomacia pública"" direta, amplificaram vozes dissidentes, mas também geraram desinformação, polarização e novos canais de influência híbrida."
Qual é a função do Conselho de Segurança da ONU e como funcionam seu poder de veto e a regra da unanimidade?;"É o órgão responsável pela manutenção da paz; seus cinco membros permanentes têm poder de veto, e a regra da unanimidade exige que todas as decisões substantivas contem com o voto afirmativo ou abstenção dos cinco."
Como a Assembleia Geral da ONU se diferencia do Conselho de Segurança em termos de poder decisório?;"A AG tem caráter deliberativo e recomendatório, com voto igualitário para todos os membros, sem força vinculante; o CS tem poderes executivos e suas resoluções podem ser obrigatórias sob o Capítulo VII."
O que é o sistema de Bretton Woods e qual foi seu legado para a ordem econômica internacional?;Conjunto de acordos de 1944 que criou o FMI, o Banco Mundial e o padrão-ouro-dólar, estabelecendo a base para a cooperação monetária e financeira do pós-guerra, substituído pelo câmbio flutuante em 1971.
Qual a diferença entre as funções do Fundo Monetário Internacional (FMI) e do Banco Mundial?;"O FMI foca na estabilidade financeira global, oferecendo empréstimos de ajuste macroeconômico; o Banco Mundial financia projetos de desenvolvimento e infraestrutura em países em desenvolvimento."
Em que consiste a Organização Mundial do Comércio (OMC) e qual seu princípio fundamental?;"É a instituição que regula o comércio internacional; seu princípio fundamental é o comércio sem discriminação (cláusula de nação mais favorecida e tratamento nacional), com mecanismo de solução de controvérsias."
Como o G7 e o G20 se diferenciam em termos de representação e legitimidade?;"O G7 reúne as economias mais desenvolvidas (exclusivo); o G20 inclui também grandes emergentes, sendo mais representativo da diversidade econômica global, mas com menos coesão decisória."
O que é o direito internacional humanitário e qual sua principal convenção?;"Conjunto de regras que limitam os efeitos dos conflitos armados, protegendo pessoas que não participam ou deixaram de participar das hostilidades; sua principal expressão são as Convenções de Genebra."
Como o princípio da responsabilidade de proteger (R2P) altera o conceito tradicional de soberania?;"Estabelece que a soberania implica responsabilidade do Estado de proteger sua população; em caso de falha, a comunidade internacional tem o dever de intervir, limitando a não intervenção absoluta."
Qual é a distinção entre genocídio, crimes de guerra e crimes contra a humanidade no direito internacional?;"Genocídio é a intenção de destruir um grupo nacional, étnico, racial ou religioso; crimes de guerra são violações graves do direito internacional humanitário; crimes contra a humanidade são ataques sistemáticos contra população civil."
Como funciona o Tribunal Penal Internacional (TPI) e quais são suas limitações?;"É uma corte permanente que julga indivíduos por genocídio, crimes de guerra e crimes contra a humanidade; limitações: falta de adesão de potências como EUA, Rússia e China, e jurisdição complementar à nacional."
"O que é a ""diplomacia coercitiva"" e em que ela se distingue da guerra?";É o uso de ameaças militares limitadas ou sanções para forçar um oponente a mudar seu comportamento, sem recorrer à guerra total, combinando força e negociação.
"Em que consiste o conceito de ""equilíbrio de poder"" e quais são suas variantes históricas?";"É a distribuição de capacidades entre Estados para evitar a hegemonia; pode ser simples (bipolar), complexo (multipolar) ou equilibrado por alianças (balanceamento de poder)."
Qual é a diferença entre balanceamento (balancing) e bandwagoning na teoria realista?;"Balanceamento é a aliança contra a potência mais forte para evitar a hegemonia; bandwagoning é a aliança com a potência mais forte para obter ganhos ou segurança."
"Como a teoria do ""choque de civilizações"" de Huntington explica os conflitos pós-Guerra Fria?";Argumenta que os conflitos futuros seriam principalmente culturais e religiosos, entre grandes civilizações (ocidental, islâmica, confucionista etc.), substituindo as rivalidades ideológicas.
"Quais são as principais críticas à tese do ""choque de civilizações""?";Essencialização cultural, ignorância de conflitos intracivilizacionais, subestimação de fatores econômicos e políticos, e visão estática de identidades mutáveis.
"Como o conceito de ""complexo de segurança regional"" (Buzan) organiza a análise de segurança?";Agrupa Estados em regiões onde as dinâmicas de segurança são interdependentes e mais intensas que as relações com o exterior, baseando-se em padrões de amizade/inimizade e capacidades materiais.
"O que são as ""guerras assimétricas"" e quais estratégias são típicas do ator mais fraco?";"Conflitos entre atores de capacidades militares muito desiguais; o mais fraco utiliza táticas de guerrilha, terrorismo, insurreição e exploração da opinião pública para neutralizar a superioridade convencional."
Como o terrorismo internacional desafia as categorias tradicionais de guerra e paz?;Opera fora do paradigma estatal, com atores não estatais, sem declaração formal de guerra e com alvos civis, exigindo respostas que combinam segurança, inteligência e cooperação internacional.
Qual é a diferença entre sanções unilaterais, bilaterais e multilaterais no direito internacional?;"Unilaterais são impostas por um só país; bilaterais, por dois; multilaterais, por organizações ou coalizões amplas, sendo as últimas consideradas mais legítimas e eficazes."
"O que são os ""bens públicos globais"" e como a cooperação internacional é necessária para provê-los?";"São bens não-excludentes e não-rivais em escala global (ex.: clima estável, paz, saúde pública); sua provisão requer ação coletiva, enfrentando problemas de free-riding e tragédia dos comuns."
"Como o problema do ""carona"" (free-rider) afeta a oferta de bens públicos internacionais?";Estados podem se beneficiar do bem sem contribuir para seu custo, desestimulando a provisão voluntária e exigindo mecanismos de incentivo, coordenação ou sanção para superar o dilema.
"O que é a ""diplomacia do dólar"" e como ela foi usada historicamente pelos EUA?";Política de usar o poder financeiro e investimentos americanos para influenciar governos da América Central e do Caribe no início do século XX, substituindo a intervenção militar direta.
"Em que consiste o conceito de ""hegemonia"" e como ele se relaciona com a estabilidade do sistema internacional?";"Hegemonia é a liderança de um Estado com poder econômico, militar e ideológico superior; a Teoria da Estabilidade Hegemônica afirma que a presença de uma hegemonia é necessária para a ordem e a cooperação internacionais."
Qual é a diferença entre hegemonia benigna e hegemonia coercitiva?;"Benigna baseia-se em legitimidade, provisão de bens públicos e consenso; coercitiva impõe-se por força militar e sanções, gerando resistência e contestação."
Como a ascensão de potências emergentes (como China e Índia) altera a distribuição de poder global?;Desloca o centro de gravidade econômico e político para o Oriente, criando multipolaridade, tensões institucionais e a necessidade de reforma de organizações como ONU, FMI e Banco Mundial.
"O que é a ""armadilha de Tucídides"" e como ela se aplica às relações EUA-China?";"Teoria de que a ascensão de uma potência e o medo da potência estabelecida levam inevitavelmente à guerra; aplica-se como alerta para a relação entre a potência dominante (EUA) e a emergente (China)."
Como a interdependência econômica pode reduzir ou aumentar a probabilidade de conflito?;Pode reduzir (teoria liberal: custo de ruptura) ou aumentar (realismo: assimetrias geram vulnerabilidade e armas de interdependência), dependendo do grau de sensibilidade e vulnerabilidade.
"O que é a ""globalização financeira"" e quais são seus principais riscos sistêmicos?";"Integração dos mercados de capitais e instituições financeiras em escala global; riscos incluem contágio de crises, volatilidade cambial, fluxos especulativos e fragilidade de sistemas bancários."
Como os atores não estatais participam dos processos de governança ambiental global?;Influenciam negociações, monitoram cumprimento de acordos (ex.: IPCC, ONGs ambientais), promovem tecnologias limpas e atuam como parceiros implementadores em programas da ONU.
Qual é a diferença entre desenvolvimento sustentável e crescimento econômico tradicional?;"O desenvolvimento sustentável integra dimensões econômica, social e ambiental, visando atender as necessidades do presente sem comprometer as gerações futuras; o crescimento tradicional foca apenas no PIB."
"O que são os ""bens comuns globais"" e quais desafios sua gestão impõe à cooperação internacional?";"Recursos naturais ou espaços que não pertencem a nenhum Estado (ex.: alto-mar, Antártica, atmosfera); sua gestão exige regimes específicos e enfrenta dilemas de apropriação e degradação."
Como o Protocolo de Montreal se tornou um modelo de sucesso em governança ambiental?;Estabeleceu metas graduais de eliminação de CFCs, com mecanismos de financiamento e transferência de tecnologia, obtendo adesão universal e efetiva redução da camada de ozônio.
Em que consiste o Acordo de Paris e qual seu principal mecanismo de flexibilização?;"Tratado climático de 2015 que estabelece metas nacionais voluntárias (NDCs) para limitar o aquecimento global; seu mecanismo de flexibilidade são as contribuições determinadas nacionalmente, sem sanções obrigatórias."
Como a geopolítica dos recursos naturais (água, energia, minerais raros) afeta as relações interestatais?;Gera disputas por acesso e controle, alianças estratégicas, dependência energética, e pode ser fonte de conflitos ou de cooperação em bacias hidrográficas e rotas de comércio.
"O que é a ""segurança energética"" e quais dimensões ela abrange?";"Capacidade de um Estado assegurar acesso confiável, acessível e sustentável a fontes de energia; abrange dimensões de disponibilidade, acessibilidade, aceitabilidade e resiliência a choques."
"Como o conceito de ""guerra híbrida"" combina meios militares e não militares?";Utiliza ferramentas convencionais, irregulares, cibernéticas, desinformação e pressão econômica simultaneamente, com atores estatais e não estatais, operando abaixo do limiar da guerra declarada.
"O que são operações de ""peacekeeping"" e quais são seus princípios fundamentais?";"Missões de manutenção da paz da ONU; princípios: consentimento das partes, imparcialidade e não uso da força, exceto em legítima defesa ou defesa do mandato."
"Como o ""peacebuilding"" se distingue do ""peacekeeping"" no pós-conflito?";"Peacebuilding é uma ação de longo prazo para consolidar a paz, abordando causas estruturais do conflito (reconstrução institucional, justiça transicional, desenvolvimento); peacekeeping é a contenção imediata de hostilidades."
Qual é a diferença entre mediação, conciliação e arbitragem na solução de disputas?;"Mediação: terceiro facilita negociação sem proposta vinculante; conciliação: terceiro sugere termos não vinculantes; arbitragem: terceiro impõe decisão vinculante com base no direito."
Como a Corte Internacional de Justiça (CIJ) exerce sua jurisdição contenciosa e consultiva?;"Contenciosa: julga litígios entre Estados que aceitam sua jurisdição; consultiva: emite pareceres a pedido da ONU ou agências especializadas, sem força vinculante."
"O que são os ""direitos humanos"" no âmbito do direito internacional e quais são suas gerações?";"Direitos inerentes à pessoa humana; primeira geração (civis/políticos), segunda (econômicos/sociais/culturais), terceira (solidariedade: desenvolvimento, paz, meio ambiente)."
Como o Sistema Interamericano de Direitos Humanos atua na proteção regional?;Por meio da Comissão Interamericana e da Corte Interamericana, que monitoram e julgam violações nos Estados-membros da OEA, com mecanismos de petições e medidas cautelares.
"Em que consiste a ""diplomacia pública"" e como ela se diferencia da diplomacia tradicional?";É a comunicação direta com públicos estrangeiros para influenciar opiniões e construir imagem positiva, diferindo da diplomacia tradicional (entre governos) e da propaganda (menos transparente).
Qual é o papel das embaixadas e consulados na execução da política externa?;"Embaixadas representam o Estado na capital anfitriã, negociam e coordenam; consulados prestam assistência a nacionais, emitem vistos e promovem comércio em cidades secundárias."
"O que é a ""imunidade diplomática"" e qual sua justificativa no direito internacional?";Conjunto de privilégios que protegem agentes diplomáticos de jurisdição local, baseada na necessidade de livre exercício de funções sem coerção, prevista na Convenção de Viena de 1961.
"Como o conceito de ""soberania"" evoluiu desde Westfália até o século XXI?";De soberania absoluta e territorial para soberania relativa, compartilhada e condicionada por direitos humanos, integração regional e responsabilidade internacional (R2P).
"O que é a ""teoria da paz democrática"" e quais são seus mecanismos explicativos?";Democracias não guerreiam entre si devido a freios institucionais (checks and balances), normas de resolução pacífica de conflitos e interdependência econômica entre regimes liberais.
Como o institucionalismo liberal explica a persistência da cooperação mesmo em condições de anarquia?;Instituições reduzem a incerteza, fornecem informação, aumentam custos de trapaça e criam redes de reciprocidade que transformam a lógica de interação de longo prazo.
Qual é a visão realista sobre o papel das organizações internacionais?;Considera-as instrumentos dos Estados mais poderosos, com eficácia limitada, pois a anarquia e a competição por poder prevalecem sobre as normas e instituições.
Como o construtivismo explica a mudança no sistema internacional (ex.: fim da Guerra Fria)?;"Mudanças ocorrem quando ideias, identidades e discursos se transformam, alterando percepções de ameaça e interesse, como a mudança de percepção soviética de ""inimigo"" para ""parceiro"" na perestroika."
"O que é a ""anarquia"" na perspectiva waltziana e como ela determina o comportamento dos Estados?";"A anarquia é a ausência de um governo central; para Waltz, ela é uma estrutura que constrange os Estados a se preocuparem com a sobrevivência e a buscar poder relativo, gerando competição."
"Como a teoria da ""interdependência complexa"" de Keohane e Nye desafia o realismo?";Argumenta que, em áreas como economia e meio ambiente, a interdependência múltipla e as instituições reduzem o papel da força militar, criando novas lógicas de poder e cooperação.
"Qual é a contribuição de Robert Cox à teoria crítica com sua frase ""a teoria é sempre para alguém e para algum propósito""?";Afirma que as teorias de RI refletem interesses e perspectivas particulares (geralmente do Ocidente e do poder), sendo necessário desvelar essas posicionalidades para uma análise mais emancipatória.
Como o feminismo nas RI critica as abordagens tradicionais?;Denuncia a invisibilidade das mulheres como atores, a naturalização da guerra e da violência, e a construção de gênero nas hierarquias internacionais, propondo uma agenda de paz e justiça social.
"O que é o ""pós-colonialismo"" nas RI e como ele reinterpreta a história internacional?";Desconstrói a narrativa eurocêntrica de desenvolvimento e ordem, destacando o legado do colonialismo, a exploração periférica e as vozes subalternas, propondo uma pluralidade de cosmovisões.
"Como a teoria do ""sistema-mundo"" de Wallerstein classifica os países e quais as dinâmicas centro-periferia?";Divide o mundo em centro (explorador), periferia (explorado) e semiperiferia (intermediário), com relações de troca desigual e acumulação de capital que perpetua o subdesenvolvimento.
"O que é a ""diplomacia de cúpula"" e como ela se insere nos processos de negociação multilateral?";"Encontros diretos entre chefes de Estado que podem desbloquear negociações paralisadas, mas também podem criar expectativas irreais e sofrer de ""fadiga de cúpula"" pela sobrecarga de agendas."
"Como a ""política de alianças"" influencia a estabilidade sistêmica na visão realista?";"Alianças servem para agregar poder, dissuadir agressores e equilibrar ameaças; podem aumentar a estabilidade (equilíbrio) ou gerar insegurança e espirais (alianças rígidas e polarização)."
"O que são ""zonas de paz"" e ""zonas de guerra"" na análise de segurança regional?";"Zonas de paz são regiões com relações estáveis e baixa probabilidade de conflito (ex.: Europa Ocidental); zonas de guerra são áreas de conflito armado ou alta tensão (ex.: Oriente Médio)."
Como a migração internacional tornou-se um tema de segurança nas RI?;Passou a ser securitizada como ameaça à identidade cultural, ao mercado de trabalho e à segurança interna, gerando políticas de controle fronteiriço e acordos de readmissão.
Qual é a distinção entre refugiados, asilados e migrantes econômicos no direito internacional?;"Refugiados fogem de perseguição (Convenção de 1951); asilados buscam proteção por razões políticas; migrantes econômicos movem-se voluntariamente por melhores condições de vida."
Como o ACNUR atua na proteção de refugiados e deslocados internos?;"Oferece proteção legal, abrigo, alimentação e assistência; coordena esforços com Estados e ONGs; e busca soluções duradouras (repatriação voluntária, integração local ou reassentamento)."
"O que são ""missões de observação eleitoral"" e qual seu papel na democracia internacional?";Equipes internacionais que monitoram processos eleitorais para garantir transparência e legitimidade, atuando como mecanismo de promoção de normas democráticas e redução de fraudes.
"Como a ""cooperação Sul-Sul"" se diferencia da cooperação Norte-Sul?";"Sul-Sul é entre países em desenvolvimento, com ênfase em horizontalidade, troca de experiências e não condicionalidade; Norte-Sul é de doadores para receptores, com maior assimetria."
Qual é o papel da diplomacia científica e tecnológica nas relações contemporâneas?;Uso da ciência e tecnologia como ferramentas de soft power, cooperação em pesquisas, e negociação de padrões em áreas como inteligência artificial, biotecnologia e exploração espacial.
"Como a ""geopolítica do Ártico"" ganhou relevância no cenário internacional recente?";Pelo degelo do gelo marinho, que abre novas rotas de navegação e acesso a recursos naturais, gerando disputas territoriais e interesse de potências extra-regionais (China, EUA, Rússia).
"O que é a ""doutrina da responsabilidade de proteger"" e como ela foi aplicada na Líbia (2011) e criticada na Síria?";"A R2P autoriza intervenção humanitária em casos de atrocidades; na Líbia, foi usada para aprovar ação militar, mas criticada por seu excesso; na Síria, foi bloqueada por vetos russos e chineses."
"Como o conceito de ""multipolaridade"" se contrapõe ao de ""unipolaridade"" e ""bipolaridade"" na história das RI?";"Multipolar: vários centros de poder (séc. XIX); bipolar: dois polos (Guerra Fria); unipolar: um polo dominante (pós-Guerra Fria). A tendência atual é a multipolaridade emergente."
Qual é a importância do estudo da história diplomática para a formação do diplomata?;Fornece compreensão das raízes dos conflitos, padrões de negociação, evolução do direito internacional e da identidade nacional, sendo base empírica para a análise teórica e a tomada de decisão.
;
;
Qual foi o principal alinhamento da política externa brasileira durante a Guerra Fria e por quê?;Alinhamento automático com os Estados Unidos, baseado na Doutrina Truman e na percepção de ameaça comunista, buscando segurança e desenvolvimento com apoio norte-americano.
"Em que consistiu a ""política externa independente"" (PEI) do governo Jânio Quadros/Jango Goulart e quais seus objetivos?";Foi uma ruptura com o alinhamento automático, buscando uma inserção internacional mais autônoma, com aproximação do Terceiro Mundo, defesa do desarmamento e relações com países socialistas.
Como o Brasil se posicionou em relação à criação da ONU e qual foi seu papel na Carta de São Francisco (1945)?;O Brasil foi membro fundador da ONU, participou ativamente da Conferência de São Francisco, defendeu a ampliação do Conselho de Segurança e a inclusão de princípios como a não intervenção.
O que foi a Operação Pan-Americana (OPA) e qual sua relevância para a PEB?;Proposta brasileira de 1958 para um plano de desenvolvimento conjunto das Américas com investimentos externos, antecedendo a Aliança para o Progresso, marcando a busca por uma relação mais simétrica com os EUA.
Qual a diferença entre o alinhamento automático dos anos 1940/50 e o alinhamento pragmático dos anos 1970?;"O alinhamento automático era ideológico e incondicional; o pragmático do governo Médici/Geisel buscava interesses econômicos concretos (comércio, tecnologia) mesmo com regimes de diferentes orientações."
"Em que consistiu a ""política externa do pragmatismo ecumênico"" do governo Geisel?";Busca de mercados e fontes de energia em todos os países, independentemente de regime político, com destaque para acordos com a Alemanha (energia nuclear) e aproximação com o Oriente Médio e África.
Como o Brasil justificou a ruptura com o alinhamento automático nos anos 1960?;Argumentou que o alinhamento automático não havia trazido desenvolvimento econômico e que o Brasil precisava de autonomia para negociar com os dois blocos e com os países em desenvolvimento.
Qual foi o papel do Brasil na crise dos mísseis de Cuba (1962) e como a PEB reagiu?;O Brasil apoiou a posição dos EUA no âmbito da OEA, mas também defendeu a desnuclearização da América Latina, refletindo o dualismo da PEI entre alinhamento e autonomia.
O que foi a Doutrina da Segurança Nacional e como ela influenciou a PEB durante o regime militar?;Justificou a aliança com os EUA no combate ao comunismo, a repressão interna e a participação em mecanismos de segurança hemisférica, alinhando a PEB à guerra fria ideológica.
Como o Brasil se posicionou em relação ao apartheid na África do Sul durante o regime militar?;Inicialmente manteve relações ambíguas (interesses econômicos e militares), mas progressivamente adotou postura crítica, condenando o apartheid, especialmente sob o governo Geisel.
"O que foi a ""política de aproximação com a África"" no governo Geisel e quais seus objetivos?";Objetivava expandir o comércio, obter votos em fóruns internacionais (especialmente para a vaga no CS da ONU) e fortalecer o diálogo Sul-Sul, com viagens presidenciais e abertura de embaixadas.
Em que consistiu o Acordo Nuclear Brasil-Alemanha (1975) e qual sua importância estratégica?;Previa a transferência de tecnologia nuclear completa (ciclo do combustível), com usinas e enriquecimento, visando a autonomia energética e tecnológica, mas gerando pressão dos EUA.
Como o Brasil conduziu a questão da Hidrovia Paraná-Paraguai nas relações com a Argentina?;Firmou acordos de cooperação hidroviária e energética (Itaipu), mas também enfrentou disputas sobre o uso dos recursos hídricos, resolvidas com a mediação diplomática e o entendimento bilateral.
Qual foi a posição brasileira na Guerra das Malvinas (1982)?;Manifestou neutralidade e apoio à integridade territorial argentina, mas sem rompimento com o Reino Unido, equilibrando interesses regionais e relações com a Europa.
O que foi o Tratado de Assunção (1991) e como ele se insere na PEB?;Criou o Mercosul, marco da inserção regional brasileira, priorizando a integração econômica com a Argentina, Uruguai e Paraguai, como eixo central da política externa a partir dos anos 1990.
Como a PEB se adaptou ao fim da Guerra Fria e à globalização dos anos 1990?;"Buscou uma inserção competitiva, com abertura comercial, adesão a regimes internacionais (TNP, Convenção do Clima) e fortalecimento do Mercosul, sob o signo do ""consenso de Washington"" moderado."
"O que foi a ""diplomacia presidencial"" no governo Fernando Henrique Cardoso?";Intensificação de viagens e encontros de cúpula para promover negócios, reforçar o Mercosul e construir alianças estratégicas, com destaque para a relação com EUA, Europa e Ásia.
Qual a contribuição do Itamaraty para a consolidação da Alca (Área de Livre Comércio das Américas) e por que o Brasil se opôs?;O Brasil participou das negociações, mas opôs-se à ALCA por entender que ela impunha um modelo assimétrico e prejudicial à indústria nacional, priorizando o Mercosul e a OMC.
Como o Brasil conduziu a política de não proliferação nuclear após aderir ao TNP (1998)?;Manteve o compromisso com o uso pacífico da energia nuclear, mas defendeu o direito de desenvolver tecnologias próprias, incluindo o enriquecimento de urânio, sob salvaguardas da AIEA.
O que foi a Iniciativa para a Integração da Infraestrutura Regional Sul-Americana (IIRSA)?;Projeto de integração física (estradas, hidrovias, energia) entre os países sul-americanos, lançado em 2000, visando articular economias nacionais e facilitar o comércio intra-regional.
Em que consistiu a política externa do governo Lula (2003-2010) e qual seu lema?;"Conhecida como ""autonomia pela diversificação"", buscou atores múltiplos (Sul-Sul, BRICS, América do Sul) para reduzir a dependência dos EUA e Europa, com ênfase no desenvolvimento e na inclusão social."
Como o Brasil liderou a missão de paz no Haiti (MINUSTAH) e qual o significado dessa atuação?;Foi a primeira liderança de uma missão de paz da ONU pelo Brasil, demonstrando capacidade militar e diplomática, reforçando o papel como ator global e a doutrina de responsabilidade regional.
Qual foi o papel do Brasil na criação da UNASUL e quais seus objetivos?;A UNASUL foi criada em 2008 para fortalecer a integração política, econômica e social da América do Sul, com instituições próprias, como o Conselho de Defesa Sul-Americano.
Como o Brasil atuou no processo de negociação do acordo nuclear com o Irã (Declaração de Teerã, 2010)?;Atuou como mediador junto à Turquia, propondo a troca de urânio enriquecido, em uma tentativa de solução diplomática, mas a iniciativa foi preterida por sanções lideradas pelos EUA.
O que foi o papel do Brasil no BRICS e como esse grupo influenciou a PEB?;O BRICS consolidou a aliança com potências emergentes (Rússia, Índia, China, África do Sul), ampliando o poder de barganha do Brasil em reformas da governança global (FMI, ONU).
"Em que consiste o conceito de ""potência média"" e como ele se aplica ao Brasil?";"Refere-se a países com capacidade regional, mas sem poder global hegemônico; o Brasil atua como potência média, buscando assentos em fóruns, liderança regional e soft power."
Como a PEB lidou com a crise da Venezuela a partir de 2013?;Manteve uma postura de não intervenção e mediação, alternando entre críticas à falta de democracia e o apoio ao diálogo (processo de Montevidéu), evitando sanções unilaterais.
O que foi a Operação Acolhida e qual sua inserção na política externa humanitária do Brasil?;Resposta brasileira à crise migratória venezuelana, com acolhimento e interiorização de refugiados, coordenada por forças armadas e agências humanitárias, alinhada à tradição de hospitalidade.
Como o Brasil se posicionou nas negociações da Rodada Doha da OMC?;Defendeu a redução de subsídios agrícolas dos países desenvolvidos e o acesso a mercados, atuando no G20 agrícola, mas sem fechar um acordo final, dada a complexidade das negociações.
Qual a diferença entre a política externa de FHC e a de Lula em relação aos EUA?;"FHC buscou uma ""parceria estratégica"" com os EUA em temas globais; Lula privilegiou a diversificação de parceiros e a redução da assimetria, com críticas ao Consenso de Washington."
"O que foi a ""diplomacia da boa vizinhança"" na PEB e como ela se manifestou?";Originalmente um termo dos EUA para a América Latina, no Brasil foi adotado para enfatizar a cooperação regional, a integração fronteiriça e a solução pacífica de controvérsias.
Como o Brasil conduziu a questão da Amazônia no plano internacional?;Defendeu a soberania nacional sobre a Amazônia, a cooperação com países vizinhos (OTCA) e a gestão sustentável, rejeitando a internacionalização e as pressões externas de governança.
"Em que consiste a ""autonomia pela participação"" e em que difere da ""autonomia pela diversificação""?";"A ""participação"" busca influenciar as regras globais por meio de engajamento em instituições existentes; a ""diversificação"" amplia o leque de parceiros para reduzir vulnerabilidades."
Qual foi a importância da Conferência Rio-92 para a PEB?;Consolidou o Brasil como líder em negociações ambientais, sediando a ECO-92, e adotou a agenda do desenvolvimento sustentável como parte da identidade diplomática brasileira.
Como o Brasil se posicionou em relação à criação da Corte Penal Internacional (CPI)?;Foi um dos primeiros a ratificar o Estatuto de Roma, defendendo a justiça internacional, mas com ressalvas quanto à complementaridade e à não politização do Tribunal.
"O que foi o ""Consenso de Buenos Aires"" e como ele se relaciona com a PEB?";Conjunto de acordos de integração entre Brasil e Argentina nos anos 1980, que pavimentou o caminho para o Mercosul, com ênfase na cooperação nuclear, econômica e política.
Como o Brasil atuou na mediação do conflito entre Peru e Equador (1995)?;Participou como garantidor junto a Argentina, Chile e EUA, facilitando a assinatura do acordo de paz de Brasília (1998), que pôs fim à disputa territorial de longa data.
Qual é o papel do Itamaraty na coordenação da política de cooperação técnica internacional?;Gerencia a Agência Brasileira de Cooperação (ABC), que executa projetos de cooperação Sul-Sul em países em desenvolvimento, especialmente na África e América Latina, em áreas como saúde e agricultura.
Como a PEB se posiciona em relação à reforma do Conselho de Segurança da ONU?;Defende a ampliação do CS com assentos permanentes para o Brasil (G4), baseado na representatividade regional e na legitimidade, além de maior transparência e eficácia.
"O que foi a ""Operação Prato"" e como ela se relaciona com a defesa do Atlântico Sul?";Foi uma operação da Força Aérea Brasileira nos anos 1970, mas no contexto diplomático, a defesa do Atlântico Sul refere-se à ZOPACAS, iniciativa brasileira para desnuclearizar e pacificar a região.
Qual a importância da Zona de Paz e Cooperação do Atlântico Sul (ZOPACAS) para a PEB?;ZOPACAS é uma iniciativa brasileira de 1986 para promover a cooperação entre os países do Atlântico Sul, desnuclearização, proteção ambiental e prevenção de conflitos, reforçando a liderança regional.
Como o Brasil conduz a relação com a China no século XXI?;Como principal parceiro comercial, com ênfase no comércio de commodities, mas também com tensões em setores industriais e em questões de tecnologia e investimentos estratégicos.
"O que é a ""política externa ativa e altiva"" e como ela foi definida no governo Lula?";Termo usado para descrever a postura de afirmação do Brasil no cenário global, com alto ativismo diplomático, defesa da soberania e não submissão a pressões externas.
Como o Brasil se posicionou na crise do golpe de Estado em Honduras (2009)?;Condenou o golpe e apoiou o retorno do presidente Zelaya, defendendo a legalidade democrática, mas sem aderir a sanções econômicas, mantendo a mediação regional.
"O que foi o ""Brasil como ator global"" no contexto dos governos petistas?";Buscou-se a inserção do Brasil como protagonista em temas como segurança alimentar, mudanças climáticas, comércio justo e paz, com atuação em fóruns como G20 e BRICS.
Qual foi a posição brasileira na crise síria e no uso de armas químicas?;Condenou o uso de armas químicas e defendeu solução política negociada, com participação na remoção de armas químicas, mas sem intervenção militar direta ou sanções unilaterais.
Como a PEB incorporou a questão das mudanças climáticas a partir de 2009?;Com a Lei da Política Nacional sobre Mudança do Clima, o Brasil assumiu metas voluntárias de redução de emissões, participando ativamente da COP15 e do Acordo de Paris.
"O que foi a ""Conferência de Alto Nível sobre Segurança Alimentar"" sediada pelo Brasil?";Evento de 2004 que lançou a Aliança Internacional contra a Fome, vinculando combate à pobreza com cooperação Sul-Sul e agricultura familiar, como eixo da diplomacia humanitária.
Como o Brasil conduziu a relação com a União Europeia ao longo das décadas?;Inicialmente focada em acordos de comércio e cooperação (hoje Acordo Mercosul-UE), mas com tensões em temas ambientais (Amazônia) e tarifas agrícolas, alternando fases de aproximação e distanciamento.
"Qual o significado da ""diplomacia do desenvolvimento"" para a PEB?";Significa que a política externa brasileira está diretamente ligada a objetivos de desenvolvimento nacional, utilizando a inserção internacional para promover crescimento, inovação e bem-estar social.
Como o Brasil participou da criação do Banco do Sul?;O Brasil integrou a iniciativa (junto com Argentina, Bolívia etc.) para criar um banco de fomento regional, com capital próprio, visando reduzir dependência de instituições financeiras internacionais.
"O que é a ""política de defesa"" como extensão da PEB, especialmente no Atlântico Sul?";A defesa da Amazônia Azul e do Atlântico Sul é parte da estratégia de soberania e segurança, com o Projeto de Desenvolvimento de Submarinos e a atuação em exercícios navais.
Como o Brasil se posicionou na questão do referendo da independência da Catalunha?;Manteve postura de não intervenção, respeitando a soberania espanhola e a ordem constitucional, sem reconhecer a declaração de independência.
Qual a importância da CPLP (Comunidade dos Países de Língua Portuguesa) para a PEB?;O Brasil utiliza a CPLP como plataforma de cooperação cultural, política e econômica com os países lusófonos, reforçando laços históricos e o soft power linguístico.
Como o Brasil atuou no processo de paz na Colômbia (governo Santos)?;Apoiou o processo de paz entre governo colombiano e as FARC, participando como observador e garantidor, oferecendo apoio diplomático e técnico à implementação dos acordos.
"O que foi a ""Cúpula da América do Sul – Países Árabes"" (ASPA) e qual sua relevância?";Fórum de diálogo político e econômico entre América do Sul e Liga Árabe, iniciativa brasileira de 2005 para ampliar relações Sul-Sul e diversificar parceiros comerciais.
"Em que consiste a ""política de portas abertas"" para refugiados e imigrantes no Brasil?";Tradição de acolhimento humanitário, com vistos humanitários para sírios, haitianos e venezuelanos, baseada em princípios constitucionais e na Convenção de Refugiados de 1951.
Como a PEB trata a questão da integração energética na América do Sul?;Promove a interconexão elétrica, o gasoduto Bolívia-Brasil e a cooperação em biocombustíveis, visando segurança energética e integração produtiva regional.
Qual foi a posição brasileira durante a crise da Ucrânia (2014) e na anexação da Crimeia?;Condenou a anexação da Crimeia pela Rússia, mas defendeu o diálogo e a solução diplomática, sem impor sanções, mantendo relações pragmáticas com Moscou.
Como o Brasil se posiciona em relação ao programa nuclear iraniano pós-2015?;Apoiou o JCPOA (acordo nuclear) como ferramenta de não proliferação e diálogo, criticando a retirada dos EUA e defendendo a via diplomática.
"O que é a ""Estratégia Nacional de Defesa"" (END) e como ela se conecta à PEB?";Estabelece diretrizes para a modernização das Forças Armadas, a indústria de defesa e a projeção do Brasil no Atlântico Sul, alinhando-se à soberania e à diplomacia de defesa.
Como o Brasil atua na governança ambiental da Antártica (Tratado da Antártica)?;É membro consultivo do Tratado, com a Estação Comandante Ferraz, participando de pesquisas científicas e da conservação do continente, sem reivindicações territoriais.
Qual é o papel do Brasil na Comunidade de Estados Latino-Americanos e Caribenhos (CELAC)?;O Brasil participa como membro pleno, defendendo a CELAC como fórum de diálogo político sem a presença dos EUA e Canadá, fortalecendo a integração latino-americana.
Como a PEB se posicionou em relação à saída do Reino Unido da UE (Brexit)?;Defendeu a negociação de acordos bilaterais com o Reino Unido, mas priorizou as relações com a UE, vendo o Brexit como um fator de incerteza para o comércio e as parcerias.
"O que é a ""diplomacia econômico-comercial"" do Itamaraty?";É a atuação voltada para a promoção de exportações, atração de investimentos, negociação de acordos comerciais e defesa de interesses empresariais brasileiros no exterior.
Como o Brasil participou das negociações para a criação da Aliança do Pacífico?;Manteve-se fora da Aliança (que inclui México, Colômbia, Peru e Chile), mas buscou mecanismos de aproximação com o bloco, como acordos bilaterais e diálogos comerciais.
"Qual a importância da ""diplomacia cultural"" para a imagem internacional do Brasil?";Utiliza a música, a literatura, o cinema, a culinária e o futebol para promover a imagem de país diverso, criativo e aberto, como forma de soft power e atração turística.
Como o Brasil conduz a relação com os países do Oriente Médio, especialmente Irã e Arábia Saudita?;Mantém relações pragmáticas, equilibrando interesses econômicos (petróleo, comércio) e posições políticas, com mediação em conflitos e defesa da solução de dois Estados para Israel-Palestina.
"O que foi a ""política de integração produtiva"" na América do Sul?";Busca criar cadeias produtivas regionais (ex.: automotiva, petroquímica) entre os países sul-americanos, superando a mera integração comercial e aprofundando a interdependência.
Como o Brasil se posiciona em relação à dívida externa e aos fluxos financeiros internacionais?;Defendeu a renegociação da dívida nos anos 1980 (Plano Brady), e hoje atua em fóruns financeiros (G20, FMI) para regulação de fluxos de capitais e prevenção de crises.
Qual o papel da diplomacia brasileira na mediação de conflitos na África (ex.: Guiné-Bissau)?;O Brasil participa como mediador em crises políticas, apoiando a estabilidade, a democracia e a cooperação técnica, especialmente em países lusófonos.
Como a PEB incorporou a agenda de igualdade de gênero e direitos das mulheres?;Por meio de iniciativas como a criação da Comissão Mista de Direitos Humanos, a participação em conferências mundiais e a defesa de cotas e representação feminina em fóruns internacionais.
"O que é a ""diplomacia de vacinas"" do Brasil durante a pandemia de COVID-19?";Refere-se ao uso da cooperação internacional e do conhecimento do Butantan/Fiocruz para produzir e distribuir vacinas, como parte da estratégia de saúde global e imagem de país solidário.
Como o Brasil atuou na negociação do Tratado de Comércio de Armas (ATT)?;Participou ativamente da negociação e ratificou o ATT, defendendo regras claras para a transferência de armas, especialmente para prevenir desvios para conflitos e violações de direitos humanos.
Qual a posição brasileira sobre a taxação de serviços digitais e a economia da big tech?;Defende a tributação justa e a regulação de plataformas digitais, mas com cautela para não prejudicar a inovação, participando de discussões na OCDE e no G20.
Como o Brasil conduz a relação com a Índia e com o eixo Ásia-Pacífico?;Busca fortalecer a parceria estratégica com a Índia (BRICS, IBSA), e ampliar relações com ASEAN, Japão e Coreia, diversificando rotas de comércio e investimento.
"O que é a ""política de defesa da democracia"" no âmbito da OEA e como o Brasil a aplica?";O Brasil apoia a Carta Democrática Interamericana, mas com ênfase no diálogo e na não intervenção, evitando sanções automáticas e priorizando a mediação regional.
Como a PEB reagiu à ascensão de governos de direita na América do Sul (ex.: Argentina, Chile)?;Manteve relações normais, pautadas por interesses econômicos e de integração, evitando politização ideológica, mas com críticas pontuais a retrocessos democráticos.
"Qual a relevância do ""diálogo de alto nível"" Brasil-EUA para a PEB?";Reúne autoridades para discutir comércio, defesa, ciência e meio ambiente, sendo um canal de relacionamento bilateral que busca superar assimetrias históricas.
Como o Brasil participa da governança dos oceanos e da pesca internacional?;Membro da FAO, defende a sustentabilidade da pesca, a conservação marinha e a delimitação da plataforma continental, com atuação em comissões regionais de pesca.
"O que é a ""diplomacia da saúde"" e como o Brasil a exerce?";É a atuação em temas de saúde pública global, como combate a epidemias, acesso a medicamentos e cooperação técnica em saúde, com destaque para a Fiocruz e o programa de AIDS.
Como o Brasil se posiciona em relação ao conflito israelo-palestino?;Defende a solução de dois Estados, com fronteiras de 1967, e reconhece o Estado da Palestina, mantendo relações econômicas com Israel e críticas à ocupação.
"Qual a importância da ""cooperação técnica horizontal"" na PEB?";Diferencia-se da cooperação vertical (doador-receptor) por ser baseada em troca de experiências e know-how, sendo uma marca da diplomacia brasileira na África e América Latina.
Como o Brasil atuou na reforma do sistema ONU em temas de desenvolvimento?;Defendeu a criação do Conselho de Direitos Humanos e do Conselho de Desenvolvimento Sustentável, e a reforma do ECOSOC para dar mais voz aos países em desenvolvimento.
"O que é a ""política de fronteiras"" na PEB e quais seus principais desafios?";Refere-se à gestão integrada das fronteiras terrestres (com 10 países), envolvendo segurança, desenvolvimento, controle migratório e cooperação em infraestrutura.
Como o Brasil conduz a relação com a Rússia no pós-Guerra Fria?;Mantém relações pragmáticas em áreas como energia nuclear, espacial e defesa, com cooperação em fóruns como BRICS, mas com críticas pontuais à política externa russa.
"Qual o papel da ""diplomacia da inovação"" para a PEB no século XXI?";Busca inserir o Brasil em cadeias globais de valor tecnológico, com acordos em ciência, tecnologia e inovação (ex.: internet, biotecnologia, nanotecnologia).
Como o Brasil participou da criação do Novo Banco de Desenvolvimento (NBD) do BRICS?;O Brasil é um dos sócios-fundadores, com capital e governança compartilhados, visando financiar projetos de infraestrutura e desenvolvimento sustentável.
"O que é a ""diplomacia da sustentabilidade"" e como ela se expressa na PEB?";Integra a agenda ambiental, social e econômica nas negociações, defendendo a produção sustentável, a bioeconomia e a proteção da biodiversidade como ativos estratégicos.
Como o Brasil se posiciona em relação à reforma da governança da internet?;Participa do Comitê Gestor da Internet (CGI.br) e defende o modelo multissetorial, com governança descentralizada e inclusão de países em desenvolvimento.
"Qual a importância da ""memória diplomática"" e dos arquivos do Itamaraty para a PEB?";Os arquivos históricos e a tradição diplomática fornecem lições, continuidade e identidade para a formulação da política externa, preservando a autonomia do serviço diplomático.
Como o Brasil conduz a relação com os pequenos Estados insulares e o Caribe?;Mantém cooperação técnica, comércio e apoio em fóruns climáticos, reconhecendo a vulnerabilidade desses países e buscando parcerias em energia e turismo.
"O que é a ""política de defesa do multilateralismo"" na PEB?";É a defesa de um sistema internacional baseado em regras, com forte atuação em organizações multilaterais (ONU, OMC, OEA), rejeitando ações unilaterais e intervencionistas.
Como a PEB se adaptou à nova realidade da economia do conhecimento e da revolução digital?;Busca acordos de comércio digital, proteção de dados, e cooperação em cibersegurança, equilibrando inovação, soberania e privacidade.
"Qual o legado da ""política externa independente"" para a PEB contemporânea?";O legado é a busca permanente por autonomia, a diversificação de parceiros, a defesa dos interesses nacionais e a atuação em temas de desenvolvimento, que persistem até hoje.
Como o Brasil se posiciona em relação à migração e refugiados ambientais?;Reconhece o fenômeno como um desafio crescente, mas atua com políticas de acolhimento e cooperação, sem classificação jurídica específica para refugiados climáticos.
Qual a visão brasileira sobre a relação entre comércio e direitos humanos?;Defende que o comércio deve promover o desenvolvimento e o bem-estar, rejeitando a condicionalidade unilateral e a vinculação de acordos comerciais a padrões de direitos humanos impostos externamente.
Como o Brasil conduz a agenda de reforma do sistema financeiro global?;Atua no G20 e no FMI para defender maior representatividade dos emergentes, regulação dos fluxos de capitais, e mecanismos de prevenção a crises financeiras.
"O que é a ""diplomacia de resultados"" e como ela se contrapõe a uma ""diplomacia de princípios""?";"A diplomacia de resultados foca em ganhos concretos e negociáveis; a de princípios enfatiza valores e ideais (direitos humanos, não intervenção). A PEB historicamente busca conciliar ambas."
Como o Brasil se posiciona na questão da exploração de recursos minerais em alto-mar (áreas além da jurisdição nacional)?;Defende a regulamentação pela Autoridade Internacional dos Fundos Marinhos, com proteção ambiental e participação equitativa, respeitando a Convenção de Montego Bay.
"Qual a importância da ""diplomacia da língua portuguesa"" para o soft power brasileiro?";O português é um ativo cultural e diplomático, usado para aproximar o Brasil de países lusófonos e de comunidades imigrantes, além de promover a literatura e a música brasileiras.
Como o Brasil reage a tentativas de internacionalização da gestão da Amazônia?;Rejeita qualquer forma de soberania internacional, mas aceita a cooperação técnica (ex.: Fundo Amazônia) sob supervisão e controle nacional, como forma de gestão sustentável.
"O que é a ""política de defesa do regime democrático"" nas relações intra-regionais?";Baseia-se no Protocolo de Ushuaia e no compromisso do Mercosul com a democracia, prevendo sanções a Estados que sofram ruptura institucional (ex.: Paraguai em 2012).
;
;
Qual é a principal motivação geopolítica para o Brasil priorizar a integração sul-americana?;Consolidar a liderança regional, criar um espaço econômico ampliado, garantir a segurança das fronteiras e projetar poder de negociação em fóruns globais.
"Como a percepção de ""fronteira viva"" influencia a política brasileira para a América do Sul?";Transforma as fronteiras de áreas de isolamento em zonas de integração produtiva, social e cultural, com ênfase no desenvolvimento local e na cooperação transfronteiriça.
"Qual foi o papel da ""política de boa vizinhança"" na aproximação do Brasil com seus vizinhos sul-americanos?";Baseou-se na solução pacífica de controvérsias, no respeito à soberania e na cooperação econômica e infraestrutural, reduzindo tensões históricas e construindo confiança mútua.
Em que consistiu a mediação brasileira na disputa entre Peru e Equador (1995-1998) e qual seu legado?;O Brasil atuou como garantidor junto a Argentina, Chile e EUA, resultando no Acordo de Brasília (1998), que pôs fim ao litígio territorial e consolidou o papel do Brasil como fiador da paz regional.
Como o Brasil utiliza a Organização do Tratado de Cooperação Amazônica (OTCA) para sua estratégia regional?;A OTCA é usada para coordenar ações de desenvolvimento sustentável, gestão hídrica e defesa da soberania amazônica, evitando a internacionalização do tema e promovendo a cooperação entre os oito países amazônicos.
Qual foi a contribuição do Brasil para a criação da UNASUL e qual era seu objetivo central?;O Brasil foi um dos principais articuladores da UNASUL (2008), que visava criar uma identidade sul-americana, integração política, social e econômica, com instituições como o Conselho de Defesa Sul-Americano.
Por que a UNASUL entrou em crise e qual foi a posição brasileira nesse processo?;"A crise decorreu de polarização ideológica, falta de consenso e desinteresse de governos; o Brasil apoiou a reativação do organismo, mas não impediu a saída de países como Colômbia e Equador."
O que é o Fórum para o Progresso e Desenvolvimento da América do Sul (PROSUL) e como ele se relaciona com a UNASUL?;"Criado em 2019 como alternativa à UNASUL, com foco em cooperação prática, liberdades democráticas e integração flexível; o Brasil participa ativamente, mas sem sobreposição institucional plena."
Como o Brasil concilia sua participação na UNASUL, na PROSUL e na CELAC?;Busca uma atuação pragmática, participando de múltiplos fóruns, mas priorizando aqueles que oferecem resultados concretos e evitando duplicidade de esforços.
Qual é a posição brasileira em relação à adesão da Bolívia ao MERCOSUL e quais os impactos?;O Brasil apoiou a adesão plena da Bolívia (2023), vendo-a como oportunidade de integrar a região andina ao mercado comum e ampliar a cooperação energética (gás) e infraestrutural.
Como o MERCOSUL lida com a assimetria entre seus membros (Brasil, Argentina, Paraguai, Uruguai)?;Por meio do Fundo de Convergência Estrutural do MERCOSUL (FOCEM), que financia projetos em países menores, e de prazos diferenciados para implementação de normas comuns.
Qual foi o impacto da crise econômica argentina de 2001-2002 sobre o MERCOSUL?;Gerou desconfiança, adoção de barreiras comerciais bilaterais e desaceleração da integração, mas também estimulou mecanismos de coordenação macroeconômica e de defesa comercial.
O que é a cláusula democrática do MERCOSUL (Protocolo de Ushuaia) e como ela é aplicada?;Prevê a suspensão de um país-membro em caso de ruptura da ordem democrática, aplicada ao Paraguai em 2012 (golpe contra Lugo) e à Venezuela em 2017, com a suspensão de direitos e voto.
Como a Venezuela foi incorporada e posteriormente suspensa do MERCOSUL?;Admitida em 2012, teve seus direitos suspensos em 2017 por violação da cláusula democrática e descumprimento de compromissos, com o Brasil apoiando a suspensão.
Qual é a diferença entre a Tarifa Externa Comum (TEC) do MERCOSUL e a Zona de Livre Comércio?;"A TEC é uma alíquota única aplicada por todos os membros às importações de terceiros; a ZLC elimina tarifas internas entre os membros, mas sem política comercial externa comum."
"Em que consiste o ""MERCOSUL em marcha"" e quais são seus eixos prioritários?";É uma iniciativa de revitalização do bloco, com foco em eliminar barreiras não tarifárias, integrar cadeias produtivas, modernizar a TEC e aprofundar a agenda externa.
Quais são os principais obstáculos à conclusão do acordo MERCOSUL-União Europeia?;Divergências sobre acesso a mercados agrícolas, exigências ambientais da UE, cláusulas de sustentabilidade e a resistência de setores industriais europeus e de países como França e Áustria.
Como a PEB avalia a possível ampliação do MERCOSUL com a entrada de novos países?;O Brasil apoia a ampliação, desde que os novos membros cumpram os requisitos democráticos e tarifários, priorizando a integração sul-americana, mas com cautela para não diluir o bloco.
"O que é a ""agenda externa"" do MERCOSUL e quais os principais acordos assinados?";É o conjunto de negociações comerciais com outros blocos e países, incluindo acordos com Israel, Egito, Palestina e negociações em curso com Canadá, Coreia do Sul e Singapura.
"Como o MERCOSUL enfrenta o desafio da ""flexibilização"" e do ""mercado aberto"" versus o aprofundamento institucional?";Há um debate entre os que defendem maior flexibilidade (assinatura de acordos bilaterais fora do bloco) e os que priorizam o aprofundamento da união aduaneira, com o Brasil pendendo para o pragmatismo.
Qual é o papel do Parlamento do MERCOSUL (Parlasul) na integração regional?;Tem função consultiva e de deliberação em temas sociais, mas com poderes limitados, servindo como fórum de diálogo entre legisladores dos países-membros.
Em que consiste a Iniciativa para a Integração da Infraestrutura Regional Sul-Americana (IIRSA) e qual seu legado?;Foi um programa (2000-2015) para mapear e executar projetos de transporte, energia e telecomunicações, com 10 eixos de integração, que evoluiu para o COSIPLAN (Conselho Sul-Americano de Infraestrutura e Planejamento).
O que é o COSIPLAN e como ele substitui a IIRSA?;COSIPLAN (Conselho Sul-Americano de Infraestrutura e Planejamento) é a instância da UNASUL que sucedeu a IIRSA, com foco na integração de infraestrutura, mas com atuação reduzida após a crise da UNASUL.
Quais são os principais projetos de integração física na fronteira Brasil-Peru (rodovia Interoceânica)?;A rodovia Interoceânica (BR-317 e trechos peruanos) liga o Pacífico ao Atlântico, facilitando o escoamento de produtos do Brasil para a Ásia, mas com impactos ambientais e sociais na Amazônia peruana.
Como a Ponte sobre o Rio Oyapock (Brasil-Guiana Francesa) simboliza a integração regional?;Inaugurada em 2017, foi a primeira ligação terrestre entre o Brasil e a Guiana Francesa, integrando o extremo norte e facilitando o fluxo de pessoas e mercadorias, apesar de desafios sanitários e alfandegários.
Qual é a importância do Corredor Bioceânico (Brasil-Paraguai-Argentina-Chile) para o comércio sul-americano?;Projeto que liga o Atlântico (Santos/Paranaguá) ao Pacífico (portos do norte do Chile), reduzindo custos logísticos para o agronegócio brasileiro e ampliando a integração do Centro-Oeste.
Como o Brasil participa da integração energética na América do Sul, especialmente no setor de gás?;Por meio do gasoduto Bolívia-Brasil (GASBOL), que transporta gás boliviano para o Sudeste brasileiro, e de projetos de interconexão com a Argentina e o Uruguai.
O que é o Sistema de Interconexão Elétrica da América do Sul (SIESUR)?;É a rede que interliga os sistemas elétricos de Brasil, Argentina, Uruguai e Chile (via Paraguai), permitindo o intercâmbio de energia, especialmente hidrelétrica, e a segurança energética regional.
Como a usina de Itaipu representa um marco de integração energética bilateral?;Binacional Brasil-Paraguai, Itaipu é a maior hidrelétrica do mundo em capacidade, abastecendo parte significativa do Paraguai e do Sudeste/Sul do Brasil, com acordos de compra de excedentes.
Qual o papel da Eletrobras e da Petrobras na integração energética sul-americana?;"A Eletrobras atua em interconexões elétricas e na gestão de Itaipu; a Petrobras explora e comercializa petróleo e gás, com investimentos em refinarias na Argentina e na Bolívia."
Como o Brasil posiciona a questão da integração produtiva na América do Sul?;Como um passo além do comércio, buscando criar cadeias regionais de valor (automotiva, farmacêutica, eletrônica) com complementaridade e investimentos, em vez de competição pura.
"O que é a ""diplomacia da saúde"" na integração sul-americana e qual o papel do Brasil?";Envolve a cooperação em vigilância sanitária, combate a endemias, acesso a medicamentos e produção de vacinas, com o Brasil atuando via Fiocruz e Butantan na capacitação de países vizinhos.
Como o MERCOSUL aborda a questão da mobilidade laboral e migratória?;Por meio do Acordo de Residência para Nacionais dos Estados Partes, que facilita a obtenção de residência temporária e o acesso a direitos trabalhistas e previdenciários.
Qual é o papel do Fundo de Convergência Estrutural do MERCOSUL (FOCEM) na redução de assimetrias?;Financia projetos de infraestrutura, competitividade, desenvolvimento social e capacitação em países menores (Paraguai, Uruguai, Bolívia), com recursos do Brasil e Argentina.
Como o Brasil se posiciona sobre a criação de uma moeda comum no MERCOSUL (SUR)?;O projeto (discutido por Brasil e Argentina) visa reduzir custos de transação e dependência do dólar, mas esbarra em assimetrias macroeconômicas, falta de convergência fiscal e baixa institucionalidade.
Em que consiste o Conselho de Defesa Sul-Americano (CDS) da UNASUL e qual a posição brasileira?;"Fórum para cooperação em defesa, medidas de confiança mútua, indústria de defesa e operações de paz; o Brasil foi um de seus principais impulsionadores, mas o CDS está atualmente inativo."
Como o Brasil participa de exercícios militares conjuntos na América do Sul (ex.: Operação Ágata)?;A Operação Ágata é um exercício de fiscalização de fronteiras, com participação de vários países, visando combate a ilícitos e cooperação em inteligência, mas não é um exercício de guerra.
Qual é a importância da Zona de Paz e Cooperação do Atlântico Sul (ZOPACAS) para o Brasil?;A ZOPACAS reúne países do Atlântico Sul (incluindo brasileiros e africanos), sendo usada pelo Brasil para promover desnuclearização, cooperação científica e segurança marítima, com foco no Atlântico Sul.
Como o Brasil se posiciona em relação à presença militar extracontinental na América do Sul?;Defende a não presença permanente de forças estrangeiras, com base no princípio de não intervenção, e promove a autonomia regional em questões de defesa.
"O que é a ""Estratégia de Defesa Nacional"" e como ela prioriza a integração sul-americana?";A END prevê a estruturação de uma indústria de defesa e a Amazônia como área estratégica, e incentiva a cooperação com vizinhos para vigilância e controle de fronteiras.
Como o Brasil conduz a integração em ciência, tecnologia e inovação na América do Sul?;Através de programas como o CYTED (Ciência e Tecnologia para o Desenvolvimento) e acordos bilaterais (ex.: Brasil-Argentina em satélites e energia nuclear), promovendo redes de pesquisa.
Quais são os principais desafios logísticos para a integração física na Amazônia?;A infraestrutura precária, a sazonalidade dos rios, os custos ambientais, as limitações de navegação, a falta de manutenção e a necessidade de licenciamento ambiental rigoroso.
Como o Brasil e a Argentina coordenaram a integração nuclear (cooperação tecnológica)?;Por meio da CNEN e da ARN, com acordos de salvaguardas e cooperação em ciclos de combustível e medicina nuclear, embora sem transferência de tecnologias sensíveis.
Qual é o papel da Agência Brasileira de Cooperação (ABC) na integração sul-americana?;A ABC executa projetos de cooperação técnica (agricultura, saúde, educação) em países sul-americanos, com enfoque na transferência de conhecimento e no fortalecimento de capacidades locais.
Como o MERCOSUL lida com a questão das micro e pequenas empresas e da integração produtiva?;Possui grupos de trabalho sobre competitividade e acesso a mercados, mas a integração ainda é limitada, com barreiras burocráticas e falta de harmonização tributária.
"O que é a ""agenda social"" do MERCOSUL e quais são seus instrumentos?";"Inclui o Instituto Social do MERCOSUL, a Reunião de Ministros de Desenvolvimento Social e programas como o ""MERCOSUL Social e Solidário"", focando em erradicação da pobreza."
"Como o Brasil se posiciona em relação à integração fronteiriça e aos ""povos indígenas"" na região amazônica?";Defende a proteção dos direitos indígenas e o desenvolvimento sustentável, com cooperação com países vizinhos, mas enfrenta tensões sobre a exploração de recursos em terras indígenas.
Qual é a situação atual do acordo Mercosul-CAN (Comunidade Andina)?;As negociações para um acordo de livre comércio entre os blocos estão estagnadas, sendo substituídas por acordos bilaterais e pela participação conjunta em fóruns de integração sul-americana.
Como o Brasil lida com a questão da hidrovia Paraná-Paraguai na integração regional?;"A hidrovia é essencial para o escoamento da soja e minérios; o Brasil participa de acordos com Argentina, Paraguai e Uruguai para sua manutenção, mas há disputas sobre pedágios e uso da água."
"O que é o ""Arco Norte"" na estratégia brasileira de integração com a América do Sul?";Corresponde aos estados do Norte do Brasil, com potencial para exportação via portos do Atlântico, e que precisam de integração com a Guiana, Suriname e Venezuela para escoamento.
"Como a PEB avalia a construção da ""Ferrovia Bioceânica"" (Brasil-Peru-Bolívia)?";É um projeto em estudo para ligar o Atlântico ao Pacífico via ferrovia, reduzindo custos logísticos, mas enfrenta desafios ambientais, financeiros e de viabilidade econômica.
"Qual a relevância do ""Tratado de Cooperação Energética da América do Sul"" (não formalizado)?";Refere-se a esforços para criar um mercado comum de energia, incluindo gás, eletricidade e biocombustíveis, mas ainda sem um tratado formal, apenas acordos bilaterais e setoriais.
Como o Brasil atua na integração do setor de telecomunicações com países sul-americanos?;Por meio da conectividade de fibra óptica (ex.: cabos submarinos e terrestres) e acordos de roaming internacional, integrando redes de internet e serviços digitais na fronteira.
"Em que consiste a ""integração turística"" na América do Sul e qual o papel brasileiro?";Envolve a facilitação de vistos, a promoção de roteiros conjuntos (ex.: roteiro dos jesuítas, Amazônia) e a cooperação em patrimônio cultural, com o Brasil incentivando o turismo regional.
Como o MERCOSUL e a CAN interagem em temas de direitos humanos e democracia?;Há convergência na defesa da democracia (Carta da OEA, Protocolo de Ushuaia), mas a CAN tem mecanismos próprios, enquanto o MERCOSUL possui a cláusula democrática e a suspensão de membros.
"Qual é o desafio da ""coordenação macroeconômica"" no MERCOSUL?";É a dificuldade de alinhar políticas fiscais, cambiais e monetárias entre países com ciclos econômicos diferentes, desequilíbrios estruturais e autonomia política, o que gera assimetrias comerciais.
Como o Brasil enfrenta o contencioso com a Argentina sobre restrições comerciais (licenças não automáticas)?;Utiliza o mecanismo de solução de controvérsias do MERCOSUL, e negocia acordos bilaterais setoriais (ex.: automotivo, têxtil) para administrar as barreiras não tarifárias.
"O que é o ""Código Aduaneiro do MERCOSUL"" e qual seu objetivo?";É um conjunto de normas para unificar procedimentos alfandegários, simplificar controles e combater a fraude, mas sua implementação completa ainda é um desafio.
"Como o Brasil se posiciona sobre a ""flexibilização"" do MERCOSUL para negociação de acordos bilaterais?";Defende que os países-membros possam negociar acordos de comércio individualmente, desde que respeitem a TEC e os princípios do bloco, posição que gera atritos com Argentina e Paraguai.
"Qual é a importância do ""Protocolo de Santa Cruz"" (ou Protocolo de La Paz) para a integração?";Refere-se a acordos de complementação econômica entre MERCOSUL e Comunidade Andina (ACE-59), mas que não evoluíram para um acordo de livre comércio pleno.
"Como o Brasil lida com a questão da ""desnuclearização"" e ""zona livre de armas nucleares"" na América do Sul?";O Brasil é signatário do Tratado de Tlatelolco (que cria a zona livre de armas nucleares na América Latina) e, por extensão, defende a mesma zona para a América do Sul, sendo fiscal pela AIEA.
"O que é o ""Instituto de Políticas Públicas de Direitos Humanos"" do MERCOSUL?";É uma instituição que apoia a formulação de políticas e a capacitação em direitos humanos nos países-membros, atuando na promoção da memória e da justiça.
Como a integração cultural se manifesta no MERCOSUL (ex.: audiovisual, educação)?;Por meio da Reunião de Ministros de Cultura, da criação de fundos de fomento ao audiovisual (ex.: RECAM) e de programas de intercâmbio universitário e reconhecimento de diplomas.
"Qual é o papel do ""Fórum de Consulta e Concertação Política"" do MERCOSUL?";É um espaço para diálogo sobre temas políticos regionais e globais, coordenando posições em fóruns internacionais, como a ONU e a OEA.
"Como o Brasil avalia a possível criação de um ""Parlamento Andino"" e sua relação com o Parlasul?";"Ambos são órgãos consultivos sem poder decisório; o Brasil vê a integração institucional como secundária, priorizando a integração econômica e física."
"Qual o impacto da ""Revolução Digital"" e da ""Agenda Digital"" na integração sul-americana?";Cria oportunidades para comércio eletrônico, fintechs e serviços, mas também desafios de regulação, proteção de dados e cibersegurança, com o Brasil liderando o diálogo sobre governança da internet.
"Como o Brasil atua na questão da ""gestão de bacias hidrográficas compartilhadas"" (ex.: Bacia do Prata)?";Por meio de comissões mistas e tratados de cooperação, coordenando o uso dos recursos hídricos para navegação, energia e abastecimento, com ênfase na Bacia do Prata e na Amazônica.
"O que é a ""Iniciativa para o Desenvolvimento da América do Sul"" (não formalizada)?";Refere-se a projetos de financiamento do BNDES e do Novo Banco de Desenvolvimento (BRICS) para infraestrutura regional, com foco em estradas, energia e saneamento.
Como o Brasil se posiciona sobre a reforma do Conselho de Segurança da ONU no contexto sul-americano?;Defende que a América do Sul tenha um assento permanente (o Brasil), com apoio regional, mas enfrenta resistência da Argentina e do México, que preferem rodízio ou ampliação com outros critérios.
Qual é a posição brasileira sobre a integração militar e operações de paz na região?;"Apoia a cooperação militar, mas sem criação de um ""exército sul-americano""; defende a participação em operações de paz da ONU e exercícios multinacionais (ex.: UNASUR)."
Como o Brasil coordena a luta contra o narcotráfico e o crime organizado na América do Sul?;Por meio da cooperação policial, do intercâmbio de inteligência e de operações conjuntas na tríplice fronteira (Brasil, Argentina, Paraguai), mas com respeito à soberania nacional.
"O que é o ""Plano Estratégico de Ação Social"" do MERCOSUL e qual sua finalidade?";É um documento que orienta políticas de combate à pobreza e à exclusão social, com metas de erradicação da fome, acesso a serviços básicos e proteção social.
"Como a PEB avalia os acordos de ""complementação econômica"" entre MERCOSUL e países da ALADI?";São instrumentos para conceder preferências tarifárias a países não membros (como Chile, Colômbia, México), sem necessidade de adesão plena ao bloco, ampliando o comércio regional.
"Qual é o papel das ""Missões de Observação Eleitoral"" do MERCOSUL e da OEA na região?";Servem para garantir a transparência de processos eleitorais, com o Brasil participando como observador, promovendo a democracia e a estabilidade regional.
Como o Brasil se posiciona em relação à integração da Guiana e do Suriname no esquema sul-americano?;Busca estreitar laços comerciais e de cooperação, com foco em infraestrutura (ponte, hidrovias) e na integração energética, mas sem pressionar para uma adesão imediata a blocos como o MERCOSUL.
"O que é a ""diplomacia de cidades"" e como ela se aplica à integração sul-americana?";"Refere-se à cooperação entre municípios fronteiriços para gestão de serviços, saneamento, transporte e desenvolvimento local, facilitando a integração ""por baixo""."
"Como o Brasil lida com a questão da ""soberania alimentar"" e da agricultura familiar na região?";Promove programas de cooperação técnica em agricultura (ex.: EMBRAPA), transferindo tecnologia para países vizinhos, e defende a agricultura familiar como eixo de desenvolvimento rural.
"Qual é o estado atual da ""Zona de Livre Comércio das Américas"" (ALCA) e sua relação com o MERCOSUL?";"A ALCA está paralisada desde 2005; o MERCOSUL priorizou a negociação de acordos com a UE e outros blocos, e o Brasil se opôs à ALCA por considerá-la assimétrica."
"Como o Brasil conduz a integração no âmbito da ""Associação Latino-Americana de Integração"" (ALADI)?";Utiliza a ALADI como marco para acordos de alcance parcial e preferências tarifárias, mas o MERCOSUL é o principal veículo da integração comercial brasileira.
"Qual a importância da ""Cúpula de Chefes de Estado do MERCOSUL"" para o processo de integração?";É a instância máxima de decisão, que define orientações políticas e estratégicas, ratifica acordos e resolve controvérsias, ocorrendo semestralmente.
"Como o Brasil se posiciona sobre a ""integração financeira"" no MERCOSUL (ex.: sistema de pagamentos)?";Apoia sistemas como o SML (Sistema de Pagamentos em Moeda Local) para reduzir custos de transação e a dependência do dólar, mas sem uma união monetária completa.
"O que é a ""Reunião de Ministros de Relações Exteriores do MERCOSUL"" e qual sua função?";Prepara as decisões da Cúpula, coordena a agenda de negociações e gerencia a política externa comum do bloco.
"Como o Brasil avalia a possibilidade de criação de um ""Tribunal de Justiça do MERCOSUL"" permanente?";O Brasil é favorável a mecanismos de solução de controvérsias, mas resiste a um tribunal supranacional com poder de sanção, preferindo arbitragem ad hoc e mediação política.
"Qual é o papel do ""Grupo do Mercado Comum"" (GMC) na estrutura do MERCOSUL?";É o órgão executivo, composto por representantes dos ministérios e bancos centrais, que implementa as decisões da Cúpula e coordena os grupos técnicos.
"Como o Brasil lida com a ""integração fronteiriça"" no contexto da ""faixa de fronteira"" (150 km)?";Permite regimes especiais de comércio, circulação e tributação para cidades gêmeas, facilitando a vida dos habitantes e a economia local.
"O que é o ""Acordo de Residência e Negócios"" do MERCOSUL e qual sua abrangência?";Permite que nacionais dos países-membros obtenham residência temporária (2 anos) e, após comprovação de meios de subsistência, residência permanente, com direitos laborais.
"Como a PEB avalia a ""integração logística"" e os ""corredores de exportação"" na América do Sul?";Considera essencial para a competitividade, com projetos de portos secos, ferrovias e rodovias, mas com investimentos insuficientes e entraves ambientais e burocráticos.
"Qual é a posição brasileira sobre a ""cooperação em educação"" no MERCOSUL (ex.: pós-graduação)?";Apoia programas de mobilidade acadêmica (ex.: MARCA), o reconhecimento de títulos e a integração curricular, com ênfase na formação de recursos humanos.
"Como o Brasil e a Argentina coordenam posições sobre a ""agenda ambiental"" no MERCOSUL?";Em fóruns como a Reunião de Ministros de Meio Ambiente, com harmonização de normas sobre resíduos, produtos químicos e florestas, embora com assimetrias de implementação.
"O que é o ""Observatório de Direitos Humanos do MERCOSUL""?";É um mecanismo de monitoramento de violações e de promoção de políticas, com relatórios periódicos sobre a situação dos direitos humanos nos países-membros.
"Como o Brasil se posiciona sobre a ""cooperação sul-americana em biotecnologia e nanociência""?";Como oportunidade para inovação e desenvolvimento regional, com acordos bilaterais e participação em redes de pesquisa, especialmente com Argentina e Chile.
"Qual é o impacto da ""diplomacia do clima"" na integração sul-americana, especialmente na Amazônia?";A pressão internacional por conservação gera a necessidade de posições conjuntas (ex.: OTCA, Leticia Pact) para financiamento verde e desenvolvimento sustentável.
"Como o Brasil atua na ""cooperação contra desastres naturais"" na América do Sul?";Através do envio de ajuda humanitária, da cooperação em defesa civil e da participação em mecanismos regionais de alerta precoce e resposta.
"O que é a ""Cúpula de Países Amazônicos"" e qual sua relevância atual?";É uma reunião dos países da OTCA para discutir políticas comuns, combate ao desmatamento e desenvolvimento sustentável, com o Brasil buscando reativar o diálogo.
"Como o Brasil lida com a ""integração produtiva em cadeias de valor"" (ex.: automotiva, têxtil) no MERCOSUL?";Por meio de regimes de origem e acordos setoriais (ex.: Protocolo Automotivo), que estabelecem percentuais de conteúdo regional e vantagens tarifárias.
"Qual é a posição brasileira sobre a ""integração em telecomunicações e internet"" na América do Sul?";Defende a conectividade como direito e a governança multissetorial, com investimentos em cabos submarinos e terrestres para reduzir a dependência de hubs extracontinentais.
"Como a PEB avalia a ""presença chinesa"" na infraestrutura sul-americana (ex.: portos, estradas)?";Como um fator que pode acelerar a integração, mas também gerar dependência e desafios ambientais e geopolíticos, exigindo uma postura de equilíbrio e transparência.
"O que é o ""Plano de Ação para a Integração da Infraestrutura"" (não formalizado)?";Refere-se a um conjunto de projetos prioritários mapeados pelo COSIPLAN (cerca de 600), mas com execução lenta por falta de financiamento e coordenação política.
Como o Brasil coordena a integração com a Colômbia, especialmente na Amazônia e no comércio?;Por meio da Comissão de Vizinhança, da cooperação em segurança e da negociação de acordos de comércio (ACE), mas com desafios logísticos na fronteira.
"Qual é a relevância da ""diplomacia da pesca e recursos hídricos"" na integração sul-americana?";A gestão compartilhada de bacias e estoques pesqueiros (ex.: Bacia do Prata) requer acordos bilaterais e regionais para sustentabilidade e prevenção de conflitos.
"Como o Brasil se posiciona sobre a ""integração em saúde pública"" (SUS e sistemas de saúde) na região?";Apoia a troca de experiências, a produção de medicamentos e vacinas, e a criação de redes de vigilância epidemiológica, especialmente em doenças transfronteiriças.
"O que é a ""Comissão de Comércio do MERCOSUL"" e qual sua função?";É o órgão que administra a TEC, resolve dúvidas sobre classificação tarifária e negocia a aplicação de salvaguardas e antidumping no bloco.
"Como o Brasil lida com a ""integração em ciência espacial"" na América do Sul?";Participa da Agência Latino-Americana e Caribenha do Espaço (ALCE), com satélites para monitoramento ambiental e defesa, em cooperação com Argentina e outros.
Qual é o futuro do MERCOSUL na visão da PEB, dado o cenário de crise e polarização?;"A PEB vê o MERCOSUL como um instrumento prioritário, mas admite flexibilizações e a coexistência com outros fóruns (ex.: PROSUL), buscando um ""MERCOSUL mais leve"" e focado em resultados práticos."
;
;
;
Qual é a principal característica da política externa argentina desde a redemocratização (1983) em relação ao Brasil?;A busca por uma relação de parceria estratégica, alternando entre cooperação e competição, mas com um núcleo de convergência em integração regional e equilíbrio de poder no Cone Sul.
Como a Argentina percebe o Brasil no contexto da disputa por liderança regional na América do Sul?;"Historicamente vê o Brasil como um ""contrapeso"" natural e um competidor por hegemonia, mas também como um parceiro indispensável para projetos de integração e para a balança de poder global."
"Em que consiste o ""eixo Buenos Aires-Brasília"" e qual sua importância para a política sul-americana?";É o eixo geopolítico e diplomático que articula as duas maiores economias e potências do Cone Sul, sendo fundamental para a estabilidade regional e para a liderança em fóruns como o MERCOSUL e a UNASUL.
Como a Guerra das Malvinas (1982) influenciou a política externa argentina e sua relação com o Brasil?;"A derrota gerou um isolamento internacional e uma reorientação democrática; o Brasil manteve neutralidade crítica, mas posteriormente apoiou a reivindicação argentina sobre as ilhas, fortalecendo a cooperação."
Qual foi a posição brasileira durante o conflito das Malvinas e como ela afetou a relação bilateral?;O Brasil declarou neutralidade, mas ofereceu bases para pouso de aeronaves argentinas (embora não tenha autorizado), e após o conflito, passou a apoiar abertamente a soberania argentina sobre as Malvinas.
Como a Argentina conduziu sua política externa durante a ditadura militar (1976-1983) em relação ao Brasil?;Houve aproximação em temas de integração energética (Itaipu-Corpus) e nuclear, mas também disputas por hegemonia e desconfiança, com o Brasil sendo visto como um adversário estratégico.
O que foi o Acordo Nuclear Brasil-Argentina (1985) e qual sua relevância para a confiança mútua?;Foi o marco da cooperação nuclear bilateral, estabelecendo o compromisso com o uso pacífico da energia nuclear, a transparência e a criação de mecanismos de salvaguardas conjuntas (ABACC).
Em que consiste a Agência Brasileiro-Argentina de Contabilidade e Controle de Materiais Nucleares (ABACC) e qual seu papel?;É uma agência binacional que verifica o uso pacífico dos materiais nucleares de ambos os países, sendo um modelo de confiança mútua e um dos pilares da relação estratégica.
Como a Argentina e o Brasil coordenaram a adesão ao Tratado de Não Proliferação Nuclear (TNP)?;Ambos aderiram ao TNP como países não nucleares (Brasil em 1998, Argentina em 1995), mas antes disso, coordenaram posições e criaram a ABACC, demonstrando maturidade na relação.
Qual foi o papel da Argentina na mediação do Brasil em conflitos regionais (ex.: Equador-Peru)?;"A Argentina atuou como garantidora junto ao Brasil no Acordo de Brasília (1998), consolidando a cooperação em segurança regional e a confiança mútua como ""pares"" na mediação."
Como a crise econômica argentina de 2001-2002 afetou as relações com o Brasil?;Gerou desconfiança comercial, com a imposição de barreiras argentinas e a desvalorização do peso, mas também estimulou a coordenação macroeconômica e a criação de mecanismos de defesa comercial.
"O que é o ""Programa de Integração e Cooperação Econômica"" (PICE) entre Brasil e Argentina?";Foi um acordo de 1986 que estabeleceu a base para a integração gradual, com protocolos setoriais (capitais, bens de capital, alimentos), sendo o antecedente direto do MERCOSUL.
Como a Argentina vê a parceria estratégica com o Brasil no âmbito do MERCOSUL?;Como um eixo central, mas com tensões devido a assimetrias (tamanho econômico, estrutura produtiva) e à necessidade de equilibrar a relação com a China, EUA e Europa.
Qual é a posição argentina sobre a reforma do MERCOSUL e a flexibilização para acordos bilaterais?;A Argentina defende um MERCOSUL mais flexível para acordos bilaterais (como fez com Chile e Colômbia), mas critica o Brasil quando este busca acordos fora do bloco (ex.: com a UE).
Como a Argentina conduz sua relação com o Brasil em temas de defesa e segurança regional?;Há cooperação em exercícios militares conjuntos, intercâmbio de inteligência e coordenação em operações de paz, mas há também competição por capacidades de defesa no Atlântico Sul.
Qual é a visão argentina sobre a Zona de Paz e Cooperação do Atlântico Sul (ZOPACAS)?;A Argentina apoia a ZOPACAS, mas com ênfase na soberania sobre as Malvinas, usando o fórum para contrabalançar a presença britânica no Atlântico Sul.
Como o Brasil se posicionou em relação à reivindicação argentina sobre as Malvinas nas últimas décadas?;O Brasil reconhece a soberania argentina sobre as Malvinas e apoia o diálogo com o Reino Unido, reiterando sua posição em fóruns internacionais (ONU, OEA, CELAC).
"O que é o ""Fundo de Convergência Estrutural do MERCOSUL"" (FOCEM) e qual a posição argentina?";A Argentina contribui para o FOCEM, mas critica sua distribuição (que beneficia mais Paraguai e Uruguai), defendendo que os recursos sejam usados também para projetos de infraestrutura na Argentina.
Como a Argentina e o Brasil coordenam posições em negociações agrícolas na OMC?;Atuam juntos no G20 agrícola, defendendo a redução de subsídios agrícolas dos países desenvolvidos, mas com diferenças táticas em relação à sensibilidade de produtos específicos.
"Qual é a importância da ""integração energética"" Brasil-Argentina, especialmente em gás e eletricidade?";A Argentina é destino do gás boliviano via Gasbol, mas a integração elétrica (interconexões) e a cooperação em petróleo e biocombustíveis são áreas de crescente cooperação e interdependência.
"Como a Argentina lida com a ""guerra comercial"" China-EUA e como isso afeta sua relação com o Brasil?";A Argentina busca equilibrar relações com China (comércio de soja, investimentos) e EUA (FMI, ideologia), enquanto o Brasil faz o mesmo, mas com diferentes prioridades setoriais, gerando convergências e divergências.
"O que é o ""Acordo de Complementação Econômica"" (ACE) entre Brasil e Argentina?";É um conjunto de protocolos (ex.: Protocolo Automotivo) que estabelecem preferências tarifárias e regras de origem, antecedendo e complementando o MERCOSUL.
"Como a Argentina vê a iniciativa brasileira do ""Arco Norte"" e a integração com a Guiana e Suriname?";Com interesse e cautela, pois pode deslocar o centro de gravidade da integração sul-americana para o norte, enquanto a Argentina prioriza o eixo Atlântico-Pacífico via Chile.
Qual foi o papel da Argentina na criação da UNASUL e como ela vê sua substituição pelo PROSUL?;A Argentina foi cofundadora da UNASUL, mas com a crise do bloco, apoia o PROSUL como fórum prático, embora com críticas à sua institucionalidade limitada.
"Como a Argentina conduz a política de ""abertura ao mundo"" em contraste com o protecionismo brasileiro?";A Argentina alterna entre protecionismo (barreiras não tarifárias) e abertura (acordos com Chile, Colômbia), enquanto o Brasil é mais cauteloso, gerando fricções comerciais no MERCOSUL.
"Qual é a visão argentina sobre o ""assento permanente"" do Brasil no Conselho de Segurança da ONU?";A Argentina apoia a reforma do CS, mas defende que a América do Sul tenha um assento rotativo ou que a Argentina também seja contemplada, gerando uma competição velada.
Como o Brasil e a Argentina coordenam suas políticas em relação à Venezuela (crise migratória e política)?;Ambos participam de mediações (processo de Montevidéu), mas a Argentina tem uma posição mais crítica ao regime de Maduro, enquanto o Brasil busca um equilíbrio entre não intervenção e defesa da democracia.
"O que é o ""Conselho de Defesa Sul-Americano"" e qual a posição argentina?";"A Argentina participou ativamente, mas com o esvaziamento da UNASUL, o CDS está inativo; a Argentina vê a cooperação militar com o Brasil como importante, mas limitada."
Como a Argentina e o Brasil cooperam em ciência e tecnologia (ex.: satélites, biotecnologia)?;Há acordos em satélites (ex.: CBERS, com a China, envolvendo a Argentina), energia nuclear e biotecnologia, com programas de intercâmbio e centros binacionais.
"Qual é a posição argentina sobre a ""diplomacia da saúde"" e a produção de vacinas na região?";A Argentina apoia a cooperação com o Brasil (Butantan, Fiocruz) para produção de vacinas e medicamentos, com projetos conjuntos durante a pandemia de COVID-19.
"Como a Argentina lida com a questão da ""dívida externa"" e do FMI em sua relação com o Brasil?";"A Argentina tem relações tensionadas com o FMI, enquanto o Brasil, embora crítico, tem uma relação mais institucional; ambos coordenam posições em fóruns financeiros (G20, FMI)."
"O que é o ""Acordo de Cooperação Técnica"" entre Brasil e Argentina em agricultura familiar?";É um programa de troca de experiências e transferência de tecnologia para pequenos agricultores, com ênfase em segurança alimentar e desenvolvimento rural.
"Como a Argentina e o Brasil se posicionam em relação à ""integração produtiva"" no setor automotivo?";O Protocolo Automotivo estabelece regras de origem e comércio livre de veículos, sendo um dos setores mais integrados da relação bilateral, com flexibilizações periódicas.
"Qual é a importância da ""hidrovia Paraná-Paraguai"" para a relação Brasil-Argentina?";É uma rota de escoamento crucial para a soja e minérios brasileiros, e a Argentina cobra pedágios e taxas de manutenção, gerando disputas que são resolvidas por negociações bilaterais.
Como a Argentina vê a presença brasileira em projetos de infraestrutura na Bolívia e no Peru?;Com preocupação, pois pode ampliar a influência brasileira na região andina, mas também com interesse em participar de corredores bioceânicos que beneficiem a Argentina.
"O que é o ""Tratado de Itaipu"" e como ele afeta a relação Argentina-Brasil?";Itaipu é binacional Brasil-Paraguai, mas a Argentina tem interesse na energia e no uso da água do rio Paraná, participando de acordos de coordenação hidroenergética (ex.: Acordo Tripartite).
Como a Argentina conduz sua política externa em relação à China e como isso se compara à do Brasil?;A Argentina é mais dependente da China para financiamento (swap cambial, investimentos) e tem maior alinhamento ideológico em momentos de governo peronista, enquanto o Brasil é mais pragmático e diversificado.
"Qual é a posição argentina sobre a ""integração financeira"" no MERCOSUL (Sistema de Pagamentos em Moeda Local)?";A Argentina apoia o SML (Sistema de Pagamentos em Moeda Local) como forma de reduzir custos e a dependência do dólar, mas enfrenta dificuldades operacionais e de lastro cambial.
Como a Argentina e o Brasil atuam conjuntamente na OEA e na CELAC?;Coordenam posições sobre democracia (defesa da Carta Democrática), direitos humanos e integração, mas divergem em temas como intervenção e sanções (ex.: Venezuela).
"O que é o ""Acordo de Residência para Nacionais dos Estados Partes"" do MERCOSUL e qual seu impacto na relação bilateral?";Facilita a migração e a residência de argentinos no Brasil e vice-versa, com impacto social e laboral, sendo um dos pilares da integração social.
"Como a Argentina vê a ""diplomacia da defesa"" brasileira e os gastos militares do Brasil?";Com atenção, pois o Brasil tem um orçamento de defesa maior e uma indústria militar mais desenvolvida, mas sem rivalidade direta, dada a cooperação em exercícios e a confiança mútua.
Qual é a posição argentina sobre a reforma do Conselho de Segurança da ONU e o papel do Brasil?;A Argentina apoia a reforma, mas defende que a América do Sul tenha representação, seja por assento permanente (Brasil) com reivindicação argentina de um assento rotativo ou adicional.
Como a Argentina e o Brasil coordenam políticas em relação à Antártica (Tratado da Antártica)?;"Ambos são membros consultivos do Tratado, com bases e programas de pesquisa; coordenam posições sobre conservação e regulamentação da pesca e turismo na região."
"O que é o ""Fórum de Diálogo e Cooperação"" Brasil-Argentina em direitos humanos?";É um espaço para troca de experiências e denúncias sobre violações, com ênfase em memória, verdade e justiça, especialmente sobre as ditaduras militares.
"Como a Argentina lida com a ""integração fronteiriça"" com o Brasil na região da tríplice fronteira (Brasil-Argentina-Paraguai)?";Há cooperação em segurança, combate ao contrabando e ao narcotráfico, mas também desafios de coordenação aduaneira e de desenvolvimento local.
"Qual é a visão argentina sobre a ""presença dos EUA"" na América do Sul e como isso afeta a relação com o Brasil?";A Argentina, com governos de diferentes orientações, alterna entre alinhamento e distanciamento dos EUA, enquanto o Brasil mantém uma posição mais pragmática, gerando convergências ou tensões.
"Como a Argentina e o Brasil se posicionam em relação à ""paz na Colômbia"" e ao acordo com as FARC?";Ambos apoiam o processo de paz, com o Brasil como garantidor e a Argentina como observadora, sendo um exemplo de convergência em segurança regional.
"O que é o ""Programa Binacional de Fronteiras"" entre Brasil e Argentina?";É um programa de cooperação para o desenvolvimento de regiões de fronteira, com projetos de infraestrutura, saúde, educação e integração social.
"Como a Argentina conduz sua relação com o Brasil em temas de ""energia renovável"" e ""biocombustíveis""?";Há cooperação em pesquisa e desenvolvimento de biocombustíveis (etanol, biodiesel) e em energia eólica, com acordos de complementação tecnológica.
"Qual é a posição argentina sobre a ""integração da infraestrutura"" (IIRSA/COSIPLAN) e os projetos no Cone Sul?";A Argentina apoia a integração, mas prioriza projetos que a conectem ao Chile (corredor bioceânico) e ao Brasil (hidrovia, gasodutos), embora com financiamento limitado.
Como a Argentina e o Brasil coordenam suas políticas de comércio exterior em relação à União Europeia?;Ambos negociam o acordo MERCOSUL-UE, mas a Argentina é mais sensível a questões ambientais e de acesso a mercados agrícolas, enquanto o Brasil prioriza a indústria.
"O que é a ""Comissão de Coordenação Política"" Brasil-Argentina?";É um mecanismo bilateral para alinhar posições em temas regionais e globais, composta por chanceleres e representantes de alto nível.
"Como a Argentina vê a ""indústria de defesa"" brasileira (Embraer, submarinos) e sua projeção regional?";Com interesse, pois há cooperação em áreas como aeronáutica e nuclear, mas também com cautela, pois o Brasil pode se tornar um fornecedor militar para vizinhos, afetando o equilíbrio regional.
"Qual é a posição argentina sobre a ""internacionalização da Amazônia"" e a gestão ambiental?";A Argentina apoia a soberania brasileira sobre a Amazônia, mas defende a cooperação internacional e a responsabilidade compartilhada em temas de mudança climática.
"Como a Argentina lida com a ""diplomacia da COVID"" e a cooperação com o Brasil?";Houve cooperação em compras de insumos e vacinas, mas também disputas por fornecimento e logística, com gestões bilaterais e no âmbito do MERCOSUL.
"O que é o ""Acordo de Cooperação em Ciência e Tecnologia"" Brasil-Argentina (1980)?";É o marco legal para a cooperação científica, com projetos em áreas como biotecnologia, física, química e engenharia, atualizado periodicamente.
Como a Argentina vê a participação brasileira em operações de paz da ONU (ex.: Haiti)?;Com apoio, mas a Argentina também participa de missões, e há coordenação para evitar sobreposição e para compartilhar experiências.
"Qual é a importância da ""diplomacia presidencial"" na relação Brasil-Argentina?";Encontros de cúpula são frequentes e servem para desbloquear negociações comerciais e definir rumos estratégicos, como a criação do MERCOSUL e a coordenação em crises.
"Como a Argentina e o Brasil se posicionam em relação à ""reforma do sistema financeiro internacional""?";Ambos defendem maior representatividade dos emergentes, regulação de fluxos de capitais e criação de mecanismos de prevenção a crises, mas com ênfases diferentes.
"O que é o ""Acordo de Cooperação em Matéria de Defesa"" entre Brasil e Argentina?";Estabelece a cooperação em atividades militares, exercícios conjuntos, intercâmbio de oficiais e desenvolvimento de tecnologia de defesa, com foco na confiança mútua.
"Como a Argentina conduz sua relação com o Brasil no âmbito do ""diálogo 2+2"" (Defesa e Relações Exteriores)?";É um mecanismo de alto nível para coordenar políticas de defesa e diplomáticas, reforçando a parceria estratégica e a confiança em temas sensíveis.
"Qual é a posição argentina sobre a ""crise da água"" e a gestão compartilhada de bacias (ex.: Bacia do Prata)?";A Argentina defende a gestão integrada e a cooperação, mas com cautela quanto à construção de barragens e ao uso da água por parte do Brasil e Paraguai.
"Como a Argentina e o Brasil coordenam suas políticas em relação ao ""terrorismo internacional""?";Ambos compartilham inteligência e participam de fóruns como o Comitê de Combate ao Terrorismo da ONU, mas a Argentina tem uma sensibilidade maior devido aos atentados de 1992 e 1994.
"O que é o ""Instituto de Estudos Estratégicos"" Brasil-Argentina?";É um fórum acadêmico e de think tanks para promover o debate sobre segurança, defesa e integração, contribuindo para a confiança mútua.
"Como a Argentina vê a ""integração energética"" com a Bolívia e como isso afeta o Brasil?";"A Argentina é destino do gás boliviano (via Gasbol), competindo com o Brasil pelo mesmo recurso; há coordenação para evitar conflitos e para gerenciar a oferta."
"Qual é a posição argentina sobre a ""ampliação do MERCOSUL"" com a entrada de novos países (ex.: Bolívia)?";A Argentina apoia a ampliação, desde que os novos membros cumpram os requisitos democráticos e tarifários, mas com receio de diluir o bloco ou aumentar assimetrias.
"Como a Argentina lida com a ""questão das ilhas do Atlântico Sul"" e o apoio do Brasil?";"A Argentina conta com o apoio brasileiro em fóruns internacionais, mas o Brasil mantém um discurso de ""legítima reivindicação"" sem confronto direto com o Reino Unido."
"O que é o ""Programa de Cooperação Técnica"" Brasil-Argentina em direitos humanos e memória?";É um programa para preservar arquivos, promover a verdade sobre as ditaduras e capacitar agentes públicos, com ênfase na justiça de transição.
"Como a Argentina e o Brasil se posicionam em relação à ""guerra da Ucrânia"" e suas consequências econômicas?";Ambos condenaram a invasão russa, mas o Brasil tem uma posição mais neutra e de mediação, enquanto a Argentina se alinhou mais explicitamente ao Ocidente, gerando diferenças.
"Qual é a visão argentina sobre a ""diplomacia climática"" e a COP30 (a ser sediada pelo Brasil)?";A Argentina apoia a COP30 como oportunidade para a região, mas espera que o Brasil lidere com uma agenda de financiamento e adaptação, não apenas mitigação.
"Como a Argentina e o Brasil atuam na ""cooperação Sul-Sul"" em países africanos e caribenhos?";Ambos têm programas de cooperação técnica (ABC e a agência argentina), e coordenam projetos em saúde, agricultura e educação, especialmente em países lusófonos e hispânicos.
"O que é o ""Acordo de Reconhecimento de Títulos Universitários"" entre Brasil e Argentina?";É um acordo para facilitar a validação de diplomas de ensino superior, promovendo a mobilidade acadêmica e profissional entre os dois países.
"Como a Argentina vê a ""presença da Rússia"" no Atlântico Sul e a cooperação com o Brasil?";Com preocupação, mas a Argentina mantém relações pragmáticas com a Rússia (comércio agrícola e energia), enquanto o Brasil tem uma parceria mais ampla, inclusive em defesa.
"Qual é a posição argentina sobre a ""reforma da governança global"" (G20, FMI, Banco Mundial)?";A Argentina defende uma reforma que dê mais voz a países em desenvolvimento, mas sua posição é menos enfática que a do Brasil, dado seu endividamento e dependência do FMI.
"Como a Argentina e o Brasil coordenam a ""política de migração"" e a acolhida de refugiados venezuelanos?";Ambos têm políticas de acolhimento, mas a Argentina é mais restritiva em alguns momentos, enquanto o Brasil tem uma política mais humanitária e estruturada (Operação Acolhida).
"O que é o ""Fórum de Reitores"" Brasil-Argentina e qual sua importância?";É um espaço de cooperação acadêmica, intercâmbio de alunos e professores, e desenvolvimento de projetos de pesquisa conjuntos, fortalecendo a integração universitária.
"Como a Argentina lida com a ""integração produtiva"" no setor farmacêutico e de medicamentos?";Há cooperação na produção de genéricos e vacinas, com acordos entre laboratórios públicos (ex.: Fiocruz e ANMAT), mas com barreiras regulatórias e de patentes.
"Qual é a visão argentina sobre a ""Estratégia Nacional de Defesa"" brasileira e o projeto de submarinos nucleares?";"A Argentina acompanha com atenção, mas não vê como ameaça, pois há cooperação em defesa e a ABACC garante transparência; no entanto, há um debate sobre a corrida armamentista regional."
"Como a Argentina e o Brasil se posicionam em relação à ""crítica ambiental"" da União Europeia ao Mercosul?";Ambos rejeitam condicionalidades unilaterais, mas a Argentina é mais sensível às exigências de sustentabilidade, enquanto o Brasil as vê como barreiras protecionistas.
"O que é o ""Centro de Estudos Estratégicos"" da ABACC e qual sua função?";É um fórum para debates sobre não proliferação, segurança nuclear e cooperação tecnológica, fortalecendo a confiança mútua e o papel da ABACC.
"Como a Argentina lida com a ""integração da infraestrutura de telecomunicações"" com o Brasil?";Há acordos para fibra óptica e roaming, mas a Argentina prioriza a conectividade com o Chile e a Europa, sendo menos integrada ao Brasil do que a integração energética.
"Qual é a posição argentina sobre a ""cooperação policial"" e o combate ao crime organizado na tríplice fronteira?";A Argentina participa de operações conjuntas com Brasil e Paraguai, mas há desafios de soberania e de coordenação jurisdicional.
"Como a Argentina e o Brasil atuam na ""mediação de conflitos"" na América Latina (ex.: Bolívia, Chile)?";Têm atuado juntos em crises, como na Bolívia (2019) e no Equador (disputa com o Peru), com a Argentina muitas vezes seguindo a liderança brasileira ou atuando como complemento.
"O que é o ""Acordo de Cooperação em Turismo"" entre Brasil e Argentina?";Facilita o trânsito de turistas, promove roteiros integrados e simplifica vistos, sendo um dos pilares da integração social e econômica.
"Como a Argentina vê a ""integração da infraestrutura portuária"" com o Brasil (ex.: Porto de Rio Grande, Buenos Aires)?";Há cooperação logística e acordos para evitar duplicidade de investimentos, mas também competição por rotas de exportação para a Ásia e Europa.
"Qual é a posição argentina sobre a ""reforma do sistema de solução de controvérsias"" do MERCOSUL?";A Argentina defende um mecanismo mais ágil e com decisões vinculantes, mas o Brasil prefere a arbitragem e a negociação política, gerando tensões.
"Como a Argentina e o Brasil coordenam a ""política de preços de transferência"" e tributação internacional?";Há acordos para evitar dupla tributação e combater a evasão fiscal, mas com diferenças nas alíquotas e regimes especiais.
"O que é o ""Programa de Capacitação de Funcionários Públicos"" Brasil-Argentina?";É uma iniciativa para trocar experiências em gestão pública, políticas sociais e diplomacia, fortalecendo o capital humano da integração.
"Como a Argentina lida com a ""ascensão da China"" na América do Sul e seu impacto na relação com o Brasil?";"A Argentina vê a China como um parceiro financeiro crucial, mas também como um fator de desequilíbrio; o Brasil tem uma abordagem mais cautelosa, buscando equilibrar com os EUA e a Europa."
"Qual é a visão argentina sobre a ""União Europeia"" e o acordo MERCOSUL-UE em relação ao Brasil?";A Argentina é mais receptiva ao acordo, desde que haja salvaguardas para sua indústria, enquanto o Brasil é mais assertivo na defesa de seus interesses agrícolas.
"Como a Argentina e o Brasil se posicionam em relação à ""dívida pública"" e à ""sustentabilidade fiscal""?";Há divergências: a Argentina tem alta vulnerabilidade fiscal e recorre a negociações com credores, enquanto o Brasil mantém uma política fiscal mais conservadora, mas ambos coordenam em fóruns financeiros.
"O que é a ""Comissão Binacional de Monitoramento de Fronteiras"" Brasil-Argentina?";É um órgão para supervisionar a integração fronteiriça, a segurança e o desenvolvimento local, com reuniões periódicas e relatórios de progresso.
"Como a Argentina lida com a ""integração em biocombustíveis"" e a parceria com o Brasil?";Há acordos para troca de tecnologia e comércio de etanol e biodiesel, mas a Argentina tem uma política mais voltada para o biodiesel de soja, enquanto o Brasil prioriza o etanol de cana.
"Qual é a posição argentina sobre a ""extensão da plataforma continental"" e seu impacto no Atlântico Sul?";A Argentina reivindica a extensão de sua plataforma, incluindo as Malvinas, e o Brasil apoia a reivindicação, coordenando posições na Comissão de Limites da ONU.
"Como a Argentina e o Brasil atuam na ""cooperação em desastres naturais"" (ex.: enchentes, terremotos)?";Há mecanismos de ajuda mútua e coordenação na Defesa Civil, com treinamentos conjuntos e compartilhamento de informações.
"O que é o ""Acordo de Cooperação em Esporte"" entre Brasil e Argentina?";Promove o intercâmbio de atletas, técnicos e organização de eventos esportivos, utilizando o esporte como ferramenta de integração cultural.
"Como a Argentina vê a ""diplomacia da Soja"" e a competição com o Brasil no mercado internacional?";Ambos são grandes exportadores de soja, competindo em mercados (China, UE) e em preços, mas coordenam em fóruns agrícolas para defender interesses comuns.
"Qual é a importância da ""reunião de chanceleres"" Brasil-Argentina para a estabilidade regional?";É o mecanismo de coordenação política de mais alto nível, que define estratégias conjuntas, resolve crises e mantém o diálogo aberto em temas sensíveis.
"Como a Argentina e o Brasil se posicionam em relação à ""reforma do Conselho de Segurança da ONU"" e à ""representação regional""?";Ambos defendem a reforma, mas há divergência: o Brasil quer um assento permanente, enquanto a Argentina defende um assento rotativo para a América Latina ou a ampliação sem exclusividade.
"O que é o ""Fundo de Integração Energética"" Brasil-Argentina?";É um mecanismo (ainda em estudo) para financiar projetos de interconexão elétrica, gasodutos e energias renováveis, com recursos de bancos de desenvolvimento.
"Como a Argentina lida com a ""integração cultural"" com o Brasil (cinema, literatura, música)?";Há intercâmbio de artistas, coproduções cinematográficas e festivais binacionais, promovendo a compreensão mútua e o soft power regional.
"Qual é a visão argentina sobre o ""futuro do MERCOSUL"" e a relação com o Brasil?";A Argentina vê o MERCOSUL como essencial, mas admite a necessidade de flexibilidade e de uma agenda mais focada em comércio e infraestrutura, com o Brasil como parceiro central.
;
Qual é o eixo central da relação do Brasil com os Estados Unidos ao longo do século XX?;Alternância entre alinhamento automático (Guerra Fria) e autonomia pragmática, com picos de cooperação e crises pontuais, sempre marcada pela assimetria de poder.
Como a Doutrina Monroe influenciou a percepção brasileira sobre a relação com os EUA?;"O Brasil sempre rejeitou a ideia de ""América para os americanos"" como justificativa para intervenção, preferindo o princípio de não intervenção e a cooperação hemisférica igualitária."
"Em que consistiu a ""política de boa vizinhança"" dos EUA e qual foi a resposta brasileira?";"Foi a estratégia de aproximação cultural e econômica dos EUA com a AL durante os anos 1930-40; o Brasil aderiu, mas com ressalvas, mantendo sua autonomia e buscando benefícios comerciais (ex.: Acordos de Washington)."
Qual foi a importância da Segunda Guerra Mundial para a relação Brasil-EUA?;O Brasil se aliou aos EUA, cedeu bases militares (ex.: Natal, Fernando de Noronha) e participou da FEB, em troca de investimentos (Companhia Siderúrgica Nacional) e apoio político.
Como o Brasil reagiu à Aliança para o Progresso (1961-1970)?;O Brasil aderiu ao programa, mas o criticou por seu caráter assistencialista e condicionado, defendendo uma reforma estrutural e maior autonomia para os países latino-americanos.
Qual foi a posição brasileira durante a crise dos mísseis de Cuba (1962) e seu impacto na relação com os EUA?;O Brasil apoiou a quarentena naval, mas também defendeu a desnuclearização da AL e a mediação, equilibrando o alinhamento com a autonomia da PEI.
Como o governo militar brasileiro (1964-1985) conduziu a relação com os EUA?;"Manteve alinhamento automático inicialmente, mas a partir dos anos 1970 adotou o ""pragmatismo ecumênico"", divergindo em temas como direitos humanos e energia nuclear."
"O que foi o ""Acordo de Assistência Militar"" Brasil-EUA e qual sua importância?";Foi o marco da cooperação militar, com treinamento de oficiais, compra de equipamentos e intercâmbio de inteligência, mas com críticas à assimetria e à subordinação.
Como a questão dos direitos humanos afetou a relação Brasil-EUA durante a ditadura militar?;"Os EUA, sob Carter, pressionaram o Brasil por violações; o governo brasileiro reagiu com uma política de ""distanciamento responsável"" e denunciou a ingerência."
Qual foi o papel do Brasil na criação da OEA e como ele percebe a organização?;O Brasil é membro fundador e vê a OEA como um fórum para diálogo hemisférico, mas critica seu viés intervencionista e defende a reforma para maior representatividade.
Como o Brasil se posiciona em relação à Carta Democrática Interamericana (2001)?;O Brasil apoia a Carta, mas defende sua aplicação com base no diálogo e na não intervenção, evitando sanções automáticas e priorizando a mediação regional.
"Em que consiste a ""parceria estratégica"" Brasil-EUA no pós-Guerra Fria?";É uma tentativa de aproximação em temas globais (meio ambiente, comércio, não proliferação), mas com limites devido a divergências comerciais e à percepção de hegemonia norte-americana.
Como o Brasil reagiu à Iniciativa das Américas (1990) e à proposta da ALCA?;O Brasil participou das negociações, mas opôs-se à ALCA por considerá-la assimétrica, defendendo negociações na OMC e priorizando o MERCOSUL.
"Qual foi o impacto do ""Consenso de Washington"" nas relações Brasil-EUA e na PEB?";"O Consenso gerou atritos, com o Brasil criticando as reformas neoliberais impostas; nos anos 2000, a PEB adotou uma postura mais crítica, buscando diversificar parceiros."
Como o Brasil conduziu a relação com os EUA no governo Lula (2003-2010)?;Manteve uma relação pragmática, com divergências em temas como o acordo nuclear com o Irã e a ALCA, mas com cooperação em biocombustíveis e meio ambiente.
"O que foi a ""Declaração Conjunta Brasil-EUA sobre Cooperação Energética"" (2007)?";Foi um acordo para promover biocombustíveis, com transferência de tecnologia e padrões de sustentabilidade, mas com críticas por seu caráter comercial e não ambiental.
Como o Brasil e os EUA cooperam na área de defesa e segurança no Atlântico Sul?;Há exercícios conjuntos, intercâmbio de inteligência e cooperação em operações de paz (ex.: Haiti), mas com ressalvas brasileiras sobre a presença militar norte-americana na região.
"Qual é a posição brasileira em relação ao ""Escudo Antimísseis"" dos EUA na Europa e no Pacífico?";O Brasil não tem posição direta, mas defende que iniciativas de defesa não afetem a estabilidade estratégica global e respeitem o direito internacional.
Como o Brasil lida com a Lei de Combate à Corrupção (FCPA) dos EUA e seus efeitos extraterritoriais?;O Brasil critica a extraterritorialidade da FCPA, mas coopera com os EUA em casos de corrupção bilateral, buscando equilíbrio entre soberania e combate a ilícitos.
Qual é a posição brasileira sobre a reforma da OEA e a criação de novos mecanismos hemisféricos?;O Brasil defende a reforma da OEA para torná-la mais inclusiva, com participação de todos os Estados, e apoia a coexistência com a CELAC como fórum complementar.
Como o Brasil vê a presença do Canadá no hemisfério e sua relação bilateral?;"O Canadá é um parceiro comercial importante e um aliado em temas ambientais e de direitos humanos; o Brasil busca acordos de comércio e cooperação em mineração e energia."
Qual é a relação do Brasil com o México no contexto hemisférico?;É uma relação de concorrência e cooperação, com o México sendo o principal parceiro comercial do Brasil na AL (excluindo EUA) e ambos competindo por influência na CELAC e na OEA.
Como o Brasil e o México coordenam posições em fóruns internacionais (ex.: G20, ONU)?;Há convergência em temas como reforma da governança global e desenvolvimento, mas divergem em assuntos como a ALCA (México apoiou, Brasil se opôs) e a crise venezuelana.
"Qual é a importância do ""Acordo de Livre Comércio"" México-UE e como o Brasil o vê?";O Brasil vê o acordo como uma concorrência para o MERCOSUL, mas também como um incentivo para acelerar as negociações MERCOSUL-UE.
Como o Brasil se relaciona com os países da América Central (Guatemala, Honduras, etc.)?;A relação é modesta, focada em cooperação técnica (via ABC), comércio e apoio à estabilidade democrática, com atuação em fóruns como a CELAC.
Qual é a posição brasileira sobre a crise política em Honduras (2009) e o golpe contra Zelaya?;O Brasil condenou o golpe e apoiou o retorno de Zelaya, defendendo a democracia, mas evitou sanções econômicas, preferindo a mediação regional.
Como o Brasil lida com a relação com Cuba, especialmente no pós-Guerra Fria?;Mantém relações diplomáticas e comerciais, com cooperação em saúde e educação, mas critica o embargo dos EUA e defende o fim do bloqueio, sem aderir ao regime cubano.
"Qual é o papel do Brasil na ""Comunidade de Estados Latino-Americanos e Caribenhos"" (CELAC)?";O Brasil é membro ativo, vendo a CELAC como um fórum de diálogo político sem a presença dos EUA e Canadá, fortalecendo a identidade latino-americana.
"Como o Brasil se posiciona em relação ao ""processo de integração caribenha"" (CARICOM)?";O Brasil mantém relações diplomáticas e de cooperação com a CARICOM, com foco em comércio, turismo e mudanças climáticas, mas sem adesão ao bloco.
"Qual é a importância da ""diplomacia do desenvolvimento"" para a relação do Brasil com o Caribe?";O Brasil oferece cooperação técnica em saúde, agricultura e energia para países caribenhos, como forma de soft power e de ampliação de sua influência na região.
"Como o Brasil lida com a questão da ""dívida externa"" dos países caribenhos e a cooperação financeira?";O Brasil participa de fóruns como o FMI e o Banco Mundial para alívio da dívida, mas sem programas específicos, focando em cooperação técnica não reembolsável.
"Qual é a posição brasileira em relação à ""guerra contra as drogas"" no hemisfério e à política dos EUA?";O Brasil critica a militarização e a abordagem punitiva, defendendo uma política de saúde pública, prevenção e cooperação baseada em responsabilidade compartilhada.
Como o Brasil e os EUA cooperam no combate ao narcotráfico e ao crime transnacional?;Há acordos de cooperação policial, intercâmbio de inteligência e participação em operações conjuntas, mas com ressalvas sobre a jurisdição e a soberania brasileira.
"Qual é o papel do Brasil na ""Junta Interamericana de Defesa"" (JID)?";O Brasil é membro ativo, mas vê a JID como um fórum de cooperação militar, não de decisão política, e defende sua reforma para maior representatividade.
"Como o Brasil se posiciona em relação à ""Zona de Livre Comércio das Américas"" (ALCA) e ao seu arquivamento?";O Brasil foi um dos principais opositores da ALCA, celebrando seu arquivamento como uma vitória da autonomia e do MERCOSUL, mas mantendo o diálogo comercial com os EUA.
Qual é a relação do Brasil com o Chile no contexto hemisférico e fora do MERCOSUL?;O Chile é um parceiro estratégico, com acordos de complementação econômica, cooperação em ciência e defesa, e alinhamento em temas como livre comércio e meio ambiente.
Como o Brasil e o Chile coordenam posições no âmbito da Aliança do Pacífico e do MERCOSUL?;O Brasil não integra a Aliança do Pacífico, mas mantém diálogo com o Chile, que é membro, buscando pontes entre os dois blocos e acordos bilaterais.
"Qual é a posição brasileira sobre a ""integração da infraestrutura"" com o Chile (corredor bioceânico)?";O Brasil apoia o corredor bioceânico (Brasil-Argentina-Chile) como forma de escoar a produção do Centro-Oeste para o Pacífico, com cooperação em estradas e portos.
Como o Brasil se relaciona com a Colômbia no pós-conflito das FARC?;A relação se fortaleceu com o processo de paz, com o Brasil atuando como garantidor e oferecendo cooperação em desenvolvimento rural, segurança e comércio.
"Qual é a importância do ""Acordo de Complementação Econômica"" entre Brasil e Colômbia?";O ACE concede preferências tarifárias e regula o comércio bilateral, sendo um instrumento importante para a relação comercial, que cresceu com a integração amazônica.
Como o Brasil vê a presença dos EUA na Colômbia (bases militares) e sua repercussão regional?;O Brasil criticou a ampliação da presença militar dos EUA na Colômbia (Acordo de 2009), defendendo a consulta regional e a não intervenção, o que gerou tensões.
"Qual é a posição brasileira sobre a ""Venezuela"" e a crise política e migratória?";O Brasil mantém uma posição de não intervenção e mediação (processo de Montevidéu), mas critica a falta de democracia e oferece acolhida humanitária (Operação Acolhida).
"Como o Brasil lida com a ""migração venezuelana"" e a pressão hemisférica para uma solução?";O Brasil adotou a Operação Acolhida, oferecendo abrigo e interiorização, mas resiste a sanções unilaterais e defende o diálogo como via principal.
Qual é a relação do Brasil com o Peru, especialmente em infraestrutura e integração amazônica?;O Brasil tem uma relação estratégica, com projetos de integração (rodovia Interoceânica) e cooperação em defesa, meio ambiente e comércio.
Como o Brasil e o Peru coordenam a gestão da Amazônia e a luta contra o desmatamento?;Por meio da OTCA e de acordos bilaterais, compartilhando informações sobre desmatamento, biopirataria e tráfico de madeira, mas com desafios de soberania.
"Qual é a posição brasileira sobre a ""extradição"" e a cooperação jurídica com os EUA?";O Brasil coopera com os EUA em extradição (com base em tratados), mas resiste a pedidos que envolvam penas de morte ou violações de direitos humanos.
Como o Brasil se relaciona com o Equador, especialmente em temas de ciência e tecnologia?;Há cooperação em projetos de satélites (ex.: com a China, envolvendo o Equador), energia e conservação amazônica, com acordos bilaterais de complementação.
"Qual é a importância da ""diplomacia da água"" na relação do Brasil com os países andinos?";O Brasil compartilha bacias hidrográficas (Amazônica, Prata) com países andinos, e a diplomacia da água busca acordos para uso compartilhado e prevenção de conflitos.
"Como o Brasil vê a ""integração energética"" com a Bolívia e a exploração de gás?";O Brasil é o principal comprador de gás boliviano (via Gasbol), e a relação é estratégica, mas com tensões sobre preços, nacionalização e investimentos.
"Qual é a posição brasileira sobre a ""saída da Bolívia"" do mar (reivindicação ao Chile)?";O Brasil apoia a reivindicação boliviana de uma saída soberana para o Pacífico, desde que por meios pacíficos e com diálogo, sem tomar partido ativo.
Como o Brasil e o Paraguai conduzem a gestão de Itaipu e a relação bilateral?;A gestão de Itaipu é o eixo central, com acordos de compra de energia e cooperação em defesa e integração fronteiriça, com crises pontuais sobre tarifas.
Qual é a relação do Brasil com o Uruguai no âmbito do MERCOSUL e bilateral?;O Uruguai é um parceiro próximo, com cooperação em defesa, comércio e integração energética, mas com divergências sobre flexibilização do MERCOSUL.
"Como o Brasil lida com a ""questão das ilhas"" (ex.: Trindade, Martim Vaz) e a presença de potências extrarregionais?";O Brasil defende sua soberania sobre as ilhas e a ZEE, e reage com diplomacia a qualquer presença militar estrangeira, especialmente no Atlântico Sul.
"Qual é a posição brasileira sobre a ""exploração de petróleo"" na margem equatorial e a relação com a Guiana?";O Brasil está em negociação com a Guiana (e Suriname) sobre a delimitação marítima e a exploração de petróleo, com foco em acordos de cooperação e não confronto.
Como o Brasil se relaciona com o Suriname e a Guiana em temas de integração física e energética?;Há projetos de ponte (Brasil-Guiana), cooperação em energia (ex.: geração hidrelétrica) e comércio, com o Brasil buscando uma aproximação estratégica na região amazônica.
"Qual é a importância do ""Diálogo de Alto Nível"" Brasil-EUA em temas de comércio e investimento?";É o principal mecanismo bilateral para discutir barreiras comerciais, investimentos em infraestrutura e propriedade intelectual, com resultados limitados.
Como o Brasil e o Canadá cooperam em temas ambientais e de mudanças climáticas?;Há cooperação em financiamento verde, tecnologia limpa e gestão de florestas, com o Canadá sendo um parceiro importante no âmbito do Acordo de Paris.
"Qual é a posição brasileira sobre a ""extradição de brasileiros"" para os EUA e a dupla cidadania?";O Brasil entrega brasileiros naturalizados com base em tratados, mas resiste a extradições que envolvam penas severas e usa o princípio da soberania nacional.
"Como o Brasil lida com a ""pressão dos EUA"" sobre a política de drogas e a descriminalização?";"O Brasil tem uma política de ""guerra às drogas"" própria, mas resiste a pressões norte-americanas, e o STF debate a descriminalização do porte, em contraste com a postura dos EUA."
"Qual é a relação do Brasil com a ""Comissão Interamericana de Direitos Humanos"" (CIDH)?";O Brasil reconhece a CIDH e cumpre suas recomendações, mas com críticas à politização e à seletividade, defendendo a autonomia dos Estados.
Como o Brasil e os EUA cooperam em ciência e tecnologia (ex.: NASA, Internet)?;Há acordos de cooperação em pesquisa espacial (ex.: satélites) e em cibersegurança, mas com limitações devido a restrições de transferência de tecnologia.
"Qual é a posição brasileira sobre a ""guerra comercial"" EUA-China e seus efeitos no hemisfério?";O Brasil busca se beneficiar da guerra comercial (exportando para China), mas também sofre com a retaliação, e evita tomar partido, buscando equilíbrio.
"Como o Brasil vê a ""presença chinesa"" na América Latina e sua concorrência com os EUA?";O Brasil vê a China como um parceiro econômico importante, mas também como um concorrente em infraestrutura e comércio, e procura equilibrar com os EUA.
"Qual é a importância do ""Tratado de Cooperação Amazônica"" (OTCA) para a relação do Brasil com os países amazônicos?";A OTCA é o principal fórum para cooperação, gestão ambiental e soberania na Amazônia, com o Brasil atuando como líder e garantidor da não internacionalização.
"Como o Brasil se posiciona em relação à ""exploração de recursos minerais"" na Amazônia e a presença de empresas estrangeiras?";O Brasil defende a soberania sobre os recursos, mas permite investimentos estrangeiros com regras claras de licenciamento e participação nacional.
"Qual é a posição brasileira sobre a ""reforma da ONU"" no contexto hemisférico (ex.: assento para a AL)?";O Brasil defende um assento permanente, com apoio de muitos países hemisféricos, mas com o México e a Argentina defendendo um assento rotativo.
"Como o Brasil lida com a ""crise de refugiados"" no hemisfério (ex.: haitianos, venezuelanos)?";Com políticas de acolhimento (vistos humanitários, Operação Acolhida) e cooperação com o ACNUR e a OEA, sendo um dos países mais abertos da região.
Qual é a relação do Brasil com o Haiti, especialmente após o terremoto de 2010 e a MINUSTAH?;O Brasil liderou a MINUSTAH, ofereceu cooperação técnica e humanitária, e mantém relações de desenvolvimento, sendo o maior doador bilateral no Haiti.
"Como o Brasil e os EUA cooperam em ""defesa cibernética"" e combate a ataques hackers?";Há acordos de cooperação e intercâmbio de informações sobre ciberameaças, mas o Brasil defende a governança multissetorial da internet, divergindo dos EUA.
"Qual é a posição brasileira sobre a ""navegação no Estreito de Bering"" e a passagem no Ártico?";O Brasil não tem posição direta, mas defende a liberdade de navegação e o direito internacional, acompanhando as discussões sobre a rota do Ártico.
"Como o Brasil vê a ""integração da infraestrutura"" no istmo centro-americano (ex.: canal da Nicarágua)?";O Brasil acompanha o projeto com interesse, mas com cautela devido a impactos ambientais e geopolíticos, e defende a consulta regional.
Qual é a relação do Brasil com a Costa Rica e os países da América Central em temas de sustentabilidade?;Há cooperação em energias renováveis, conservação e comércio de produtos verdes, com o Brasil sendo um parceiro técnico para a Costa Rica.
"Como o Brasil lida com a ""diplomacia da saúde"" no hemisfério, especialmente no combate à COVID-19?";O Brasil participou da cooperação hemisférica (via OEA e CELAC), mas com críticas à falta de coordenação e ao acesso desigual a vacinas.
"Qual é a posição brasileira sobre a ""extradição de traficantes"" para os EUA e a cooperação judiciária?";O Brasil coopera com a DEA e o FBI, mas com garantias de direitos e devido processo, recusando extradições que possam levar a penas desumanas.
"Como o Brasil e os EUA cooperam em ""segurança nuclear"" e não proliferação?";Há cooperação via AIEA e acordos bilaterais para proteção de materiais nucleares, mas com divergências sobre o programa nuclear iraniano e o enriquecimento de urânio.
"Qual é a importância da ""Agenda de Defesa"" Brasil-EUA no Atlântico Sul?";A agenda inclui exercícios navais (ex.: UNITAS), intercâmbio de oficiais e cooperação em inteligência, mas com o Brasil defendendo a ZOPACAS como zona de paz.
"Como o Brasil vê a ""presença da Rússia"" no hemisfério (ex.: Venezuela, Nicarágua)?";Com preocupação, pois a Rússia tem exercido influência militar e econômica na região, mas o Brasil mantém relações pragmáticas com Moscou.
"Qual é a posição brasileira sobre a ""intervenção humanitária"" no hemisfério (ex.: Haiti, Honduras)?";O Brasil apoia intervenções sob mandato da ONU ou da OEA, mas rejeita intervenções unilaterais, defendendo o princípio da não intervenção.
Como o Brasil e o México competem por influência na CELAC e na OEA?;Há uma competição saudável, com o México liderando a CELAC em alguns momentos e o Brasil sendo mais ativo na OEA e no MERCOSUL.
"Qual é a relação do Brasil com a ""Comissão Econômica para a América Latina e o Caribe"" (CEPAL)?";O Brasil é membro ativo, mas com críticas ao viés desenvolvimentista da CEPAL, preferindo uma abordagem mais liberal em temas comerciais.
"Como o Brasil lida com a ""questão das mudanças climáticas"" no hemisfério e a pressão dos EUA?";O Brasil defende a responsabilidade comum, mas diferenciada, e resiste à pressão por metas de redução obrigatórias, preferindo acordos voluntários.
"Qual é a posição brasileira sobre a ""exploração de petróleo"" na zona do Caribe e a delimitação de fronteiras?";O Brasil participa de negociações com a Guiana e o Suriname, defendendo a delimitação justa e a cooperação energética, sem confronto.
"Como o Brasil e os EUA cooperam em ""inteligência artificial"" e tecnologia da informação?";Há acordos de pesquisa e desenvolvimento, mas com limitações devido à Lei de Segurança Nacional dos EUA e à proteção de dados no Brasil.
"Qual é a importância da ""diplomacia da soja"" na relação do Brasil com a China e os EUA no hemisfério?";A soja é um fator de competição e cooperação, com o Brasil exportando para a China e concorrendo com os EUA, mas também negociando acordos com ambos.
"Como o Brasil se posiciona em relação ao ""bloqueio dos EUA a Cuba"" e a política hemisférica?";O Brasil condena o bloqueio e vota contra na ONU, defendendo a normalização das relações, mas sem aderir ao regime cubano.
"Qual é a relação do Brasil com a ""Nicarágua"" e a crise política no país?";O Brasil mantém relações diplomáticas, mas critica a repressão e defende o diálogo, sem impor sanções, alinhado à postura da CELAC.
"Como o Brasil lida com a ""migração de haitianos"" e a política de vistos humanitários?";O Brasil concedeu vistos humanitários e acolheu milhares de haitianos, com programas de interiorização e integração, sendo um caso de sucesso de cooperação.
"Qual é a posição brasileira sobre a ""reforma do Conselho Permanente da OEA""?";O Brasil defende a reforma para dar mais poder à Assembleia Geral e reduzir a influência dos EUA, além de ampliar a transparência.
"Como o Brasil e os EUA cooperam em ""desminagem humanitária"" na Colômbia e na América Central?";O Brasil participa de operações de desminagem e capacitação, em parceria com os EUA e a OEA, como parte da cooperação em segurança.
"Qual é a importância do ""Programa de Cooperação em Agricultura"" Brasil-Caribe?";O Brasil transfere tecnologia agrícola (ex.: EMBRAPA) e oferece capacitação para países caribenhos, fortalecendo a segurança alimentar e a integração.
"Como o Brasil vê a ""presença da OTAN"" no Atlântico Sul e as operações de combate à pirataria?";O Brasil defende que a segurança do Atlântico Sul é de responsabilidade dos países da região (ZOPACAS), e critica a presença extracontinental sem consulta.
"Qual é a posição brasileira sobre a ""Zona de Paz e Cooperação do Atlântico Sul"" (ZOPACAS) em relação aos EUA?";O Brasil vê a ZOPACAS como um contrapeso à presença dos EUA no Atlântico Sul, promovendo a cooperação entre países do Sul, sem excluir o diálogo com os EUA.
"Como o Brasil lida com a ""questão das armas químicas"" no hemisfério e o desarmamento?";O Brasil é signatário da Convenção de Armas Químicas e defende o desarmamento universal, com fiscalização pela OPAQ, sem posicionamento específico sobre estoques regionais.
"Qual é a relação do Brasil com a ""Tríplice Fronteira"" (Brasil, Argentina, Paraguai) e a segurança hemisférica?";O Brasil coordena operações com Argentina e Paraguai, e com os EUA via inteligência, para combater o terrorismo e o narcotráfico, mas com cautela soberana.
"Como o Brasil e o Canadá cooperam em ""mineração sustentável"" e responsabilidade social?";Há acordos de cooperação técnica e investimentos canadenses em mineração no Brasil, com diálogo sobre padrões ambientais e direitos das comunidades.
"Qual é a posição brasileira sobre a ""dívida dos países caribenhos"" e a cooperação financeira com os EUA?";O Brasil apoia a renegociação da dívida e a cooperação técnica, mas sem financiamento direto, deixando isso para o FMI e o Banco Mundial.
"Como o Brasil se posiciona em relação à ""crise da energia"" na Venezuela e a oferta de ajuda humanitária?";O Brasil oferece ajuda humanitária (alimentos, medicamentos) e defende uma solução política, mas sem apoio a intervenções militares ou sanções unilaterais.
"Qual é a importância da ""diplomacia cultural"" do Brasil no hemisfério (ex.: telenovelas, música)?";O Brasil utiliza sua cultura para criar soft power, promovendo a língua portuguesa, a música e a arte, mas enfrenta a concorrência do México e dos EUA.
"Como o Brasil lida com a ""questão dos povos indígenas"" e a pressão internacional no hemisfério?";O Brasil defende a proteção dos direitos indígenas, mas critica a pressão externa, e coordena com países amazônicos (OTCA) políticas de proteção.
"Qual é a posição brasileira sobre a ""reforma do sistema interamericano de direitos humanos""?";O Brasil defende a reforma para dar mais eficácia, mas com maior respeito à soberania e à complementaridade das jurisdições nacionais.
"Como o Brasil e o México cooperam em ""comércio e investimento"" no pós-NAFTA/TMEC?";O Brasil busca acordos bilaterais (ACE 53) e dialoga sobre a integração produtiva, mas sem aderir ao TMEC, vendo-o como uma plataforma norte-americana.
"Qual é a visão brasileira sobre o ""futuro do sistema hemisférico"" e a relação com os EUA?";O Brasil vê um sistema mais multipolar, com os EUA perdendo influência, e aposta na CELAC, no MERCOSUL e na OTCA como espaços de autonomia, mas mantendo diálogo com Washington.
;
Qual é o principal fundamento da política externa dos Estados Unidos desde a Doutrina Monroe (1823)?;A oposição à intervenção europeia no hemisfério ocidental e a reivindicação de liderança regional, que evoluiu para uma política global de contenção e promoção da democracia.
"Como o ""Destino Manifesto"" influenciou a expansão territorial e a política externa dos EUA?";Foi a crença de que os EUA tinham uma missão divina de se expandir para o oeste e difundir a democracia e o capitalismo, justificando a anexação de territórios e a intervenção no hemisfério.
Em que consiste a Doutrina Monroe e qual sua relação com a política externa brasileira?;"É a declaração de que as Américas não seriam mais abertas à colonização europeia (""América para os americanos""), sendo reinterpretada pelo Brasil como defesa da não intervenção e da soberania."
"Qual é a evolução da Doutrina Monroe com os ""Corolários"" de Theodore Roosevelt e de outros presidentes?";"O Corolário Roosevelt (1904) autorizou a intervenção dos EUA na América Latina como ""polícia internacional""; o Corolário Olney (1895) afirmou a hegemonia dos EUA no hemisfério; o Corolário Clark (1928) renunciou ao direito de intervenção."
"Como a política de ""Big Stick"" de Theodore Roosevelt se aplicou à América Latina?";Consistiu no uso da força militar (ou ameaça) para proteger interesses econômicos e políticos dos EUA, como no apoio à separação do Panamá da Colômbia e na construção do Canal do Panamá.
"O que foi a ""Política da Boa Vizinhança"" de Franklin Roosevelt e qual sua importância para o Brasil?";Foi uma estratégia de aproximação cultural e econômica, com não intervenção militar, que melhorou as relações com a América Latina, culminando na aliança do Brasil com os EUA na Segunda Guerra.
Como os EUA justificaram sua intervenção no Caribe e na América Central no início do século XX?;Com base no Corolário Roosevelt e na necessidade de proteger vidas, propriedades e interesses do Canal do Panamá, além de conter a influência europeia na região.
Qual foi o papel dos EUA na Revolução Cubana (1959) e no posterior embargo?;Os EUA inicialmente reconheceram o governo de Fidel Castro, mas com a radicalização e a nacionalização de propriedades, impuseram um embargo econômico e apoiam uma política de isolamento que persiste até hoje.
Como a Doutrina Truman (1947) definiu a política externa dos EUA na Guerra Fria?;"Estabeleceu a contenção do comunismo e o apoio a governos ""livres"" (intervenção na Grécia e Turquia), sendo o fundamento do alinhamento automático do Brasil com os EUA."
Em que consistiu o Plano Marshall e qual sua relação com a política externa dos EUA?;Foi o programa de reconstrução da Europa Ocidental (1948-1952), que visava conter o avanço soviético e criar mercados para os EUA, consolidando a liderança econômica e política americana.
Como a Doutrina Eisenhower (1957) abordou o Oriente Médio e a Guerra Fria?;"Autorizou o uso da força militar para proteger os países do Oriente Médio do ""comunismo internacional"", sendo uma extensão da contenção à região, com apoio a regimes aliados."
"O que foi a ""Doutrina do Domínio"" ou ""Doutrina Johnson"" e como ela se aplicou à América Latina?";"Foi a declaração de que os EUA não permitiriam outra Cuba no hemisfério, justificando a invasão da República Dominicana em 1965 para evitar um ""segundo regime comunista""."
"Como a Doutrina Nixon (1969) e a ""vietnamização"" alteraram a política externa dos EUA?";Introduziu o princípio de que os aliados dos EUA deveriam arcar com mais responsabilidade por sua própria defesa, reduzindo o envolvimento militar direto dos EUA, mas mantendo apoio logístico e financeiro.
O que foi a Doutrina Carter (1977) e como ela enfatizou os direitos humanos?;Colocou os direitos humanos no centro da política externa, condicionando ajuda e apoio a regimes que respeitassem liberdades, o que gerou atritos com o Brasil durante a ditadura militar.
"Como a Doutrina Reagan (1980) e a ""Doutrina para a Liberdade"" influenciaram a Guerra Fria?";"Defendeu o apoio a movimentos anticomunistas em todo o mundo (Afeganistão, Nicarágua, Angola), com base no ""rollback"" (reversão do comunismo), intensificando a competição com a URSS."
"Em que consistiu a ""Iniciativa de Defesa Estratégica"" (SDI) ou ""Guerra nas Estrelas""?";Foi um projeto de escudo antimísseis espacial proposto por Reagan para neutralizar a capacidade nuclear soviética, que gerou uma corrida tecnológica e foi um fator na crise financeira da URSS.
"Como a política externa dos EUA se adaptou ao fim da Guerra Fria e à ""Nova Ordem Mundial"" de Bush pai?";Declarou o fim da bipolaridade e a liderança dos EUA como única superpotência, com intervenções autorizadas pela ONU (Guerra do Golfo de 1991) e a promoção de valores democráticos.
"O que é a ""Doutrina Clinton"" e como ela lidou com a expansão da OTAN e a globalização?";"Focou na expansão da democracia e da economia de mercado, com a ampliação da OTAN para o Leste Europeu, e na intervenção humanitária (Bósnia, Kosovo) sob o princípio de ""responsabilidade de proteger""."
"Como a Doutrina Bush (2002) e a ""guerra ao terror"" redefiniram a política externa dos EUA?";Estabeleceu o direito de ataques preventivos contra Estados que abrigassem terroristas, justificando as invasões do Afeganistão (2001) e do Iraque (2003), e a criação do Departamento de Segurança Interna.
"O que foi a ""Doutrina Obama"" e como ela lidou com o multilateralismo e o ""leading from behind""?";"Focou na diplomacia multilateral, na redução de tropas no Iraque e Afeganistão, no uso de drones e na abordagem de ""liderar por trás"" (intervenção na Líbia em 2011), com ênfase em questões climáticas e o acordo nuclear com o Irã."
"Como a ""Doutrina Trump"" e o ""America First"" alteraram as relações multilaterais?";Priorizou interesses unilaterais dos EUA, com saída de acordos (Acordo de Paris, TPP, JCPOA), guerras comerciais (especialmente com a China) e críticas à OMC, OTAN e ONU.
"Qual é a ""Doutrina Biden"" e como ela busca restaurar o multilateralismo?";Busca retornar a alianças e acordos multilaterais (Acordo de Paris, OMS, JCPOA), mas com ênfase na competição estratégica com a China, na segurança tecnológica e na reconstrução da infraestrutura doméstica.
Como os EUA utilizam sanções econômicas como instrumento de política externa?;Como ferramenta coercitiva para forçar mudanças de comportamento (ex.: Irã, Coreia do Norte, Venezuela, Rússia), sem recorrer à força militar, mas com impactos humanitários e econômicos.
Qual é o papel do Conselho de Segurança Nacional (NSC) dos EUA na formulação da política externa?;É o órgão de coordenação interagências que assessora o presidente, integrando Defesa, Estado, Inteligência e outras agências, sendo crucial na definição de crises e estratégias.
Como o Departamento de Estado dos EUA e o Pentágono (Defesa) interagem na política externa?;"O Departamento de Estado lidera a diplomacia, enquanto o Pentágono executa a defesa e as operações militares; há cooperação e atrito, com o presidente mediando entre as abordagens ""soft"" e ""hard""."
Qual é a importância da CIA (Agência Central de Inteligência) na política externa dos EUA?;A CIA fornece inteligência e conduz operações encobertas, sendo crucial para a tomada de decisão e para ações de influência e desestabilização em regimes adversários.
"Como os EUA usam a ""diplomacia pública"" para projetar sua imagem no mundo?";Utilizam a USAID, a Voz da América, programas de intercâmbio (Fulbright) e redes sociais para promover valores americanos, cultura e influenciar opiniões públicas globais.
"Em que consiste a ""Lei de Controle de Exportação de Armas"" (Arms Export Control Act) dos EUA?";Regula a venda de armas e tecnologia militar a outros países, com critérios de direitos humanos e segurança, sendo uma ferramenta de política externa para alinhar aliados.
"Como a política externa dos EUA lida com a ""diplomacia do dólar"" e o sistema financeiro global?";Usa o poder do dólar como moeda de reserva e o sistema SWIFT para impor sanções, condicionar empréstimos do FMI/Banco Mundial e influenciar políticas econômicas.
Qual é a visão dos EUA sobre a reforma das instituições de Bretton Woods (FMI, Banco Mundial)?;Os EUA defendem reformas incrementais, mas mantêm seu poder de veto e a liderança no sistema, resistindo a mudanças que diluam sua influência.
Como os EUA vêem a ascensão da China e como isso afeta sua política externa?;Como a principal competição estratégica do século XXI, com uma abordagem que combina contenção (alianças, tecnologia) e competição econômica, mas com cooperação em temas climáticos.
Qual é a posição dos EUA sobre o conflito Israel-Palestina e como isso afeta a política do Oriente Médio?;Os EUA são aliados históricos de Israel, mas defendem a solução de dois Estados, com mediação e apoio financeiro a Israel, gerando tensões com o mundo árabe.
Como os EUA conduzem sua política no Oriente Médio pós-Arab Spring?;Com um realinhamento de alianças (com a Arábia Saudita e Israel contra o Irã), redução de tropas no Iraque e Afeganistão, e uso de sanções e ataques aéreos contra grupos terroristas.
Qual é a política dos EUA em relação à Coreia do Norte e ao programa nuclear?;Combina sanções econômicas severas, pressão militar (exercícios com Coreia do Sul) e negociações diplomáticas (Cúpulas de Singapura e Hanói), com objetivo de desnuclearização.
Como os EUA abordam a questão da Rússia e a invasão da Ucrânia (2022)?;Com sanções coordenadas com a UE, fornecimento de armas à Ucrânia e reforço da OTAN no flanco leste, buscando enfraquecer a Rússia sem um confronto direto.
Qual é o papel da OTAN na política externa dos EUA e como o Brasil vê essa aliança?;A OTAN é a principal aliança militar dos EUA, e o Brasil vê a expansão da OTAN com cautela, defendendo a desmilitarização do Atlântico Sul e a não intervenção.
"Como os EUA lidam com o ""terrorismo internacional"" (Al-Qaeda, ISIS) no pós-11 de setembro?";Com uma abordagem que combina ataques com drones, operações especiais, cooperação de inteligência e apoio a governos locais, além de esforços de contra-radicalização.
"Qual é a visão dos EUA sobre a ""responsabilidade de proteger"" (R2P) e a intervenção humanitária?";Os EUA apoiam a R2P, mas a aplicam seletivamente, com base em seus interesses nacionais, como visto na Líbia (2011) e na não intervenção na Síria.
Como os EUA veem a América Latina e o Caribe em sua política externa contemporânea?;Como uma região de interesse secundário, com foco em comércio (TMEC), migração, combate a drogas, e parcerias em energia e clima, mas com crescente influência chinesa.
Qual é a política dos EUA em relação à Venezuela e qual o papel do Brasil nesse tema?;"Os EUA impuseram sanções severas e não reconhecem o regime de Maduro; o Brasil atua como mediador (processo de Montevidéu), buscando uma solução negociada, mas com divergências sobre sanções."
Como os EUA abordam a migração e os refugiados da América Central e do México?;Com uma política de contenção na fronteira sul, programas de cooperação (Plano México, Aliança para a Prosperidade) e pressão para que os países da América Central contenham a migração.
Qual é a posição dos EUA sobre o Acordo de Paris e a mudança climática (com saída e reentrada)?;"A saída de Trump e a reentrada de Biden mostram a polarização; hoje os EUA buscam liderar com metas de redução, financiamento climático e tecnologia verde."
Como os EUA veem a governança da internet e a disputa com a China nesse campo?;Defendem o modelo multissetorial (com participação privada) e criticam a abordagem chinesa de cibersoberania, mas também usam sanções a empresas de tecnologia chinesas (Huawei).
"Em que consiste a ""Aliança do Pacífico"" e qual a relação dos EUA com esse bloco?";"A Aliança (México, Colômbia, Peru, Chile) é um bloco comercial; os EUA veem com bons olhos e mantêm acordos bilaterais com seus membros, mas não aderiram ao bloco."
"Como os EUA lidam com o ""crime organizado transnacional"" e o narcotráfico no hemisfério?";Com a Agência de Combate às Drogas (DEA), cooperação policial e programas de erradicação, mas com críticas à militarização e à abordagem punitiva.
Qual é a política dos EUA em relação ao canal do Panamá e sua segurança?;Os EUA entregaram o canal em 1999 (Tratado Torrijos-Carter), mas mantêm acordos de defesa e liberdade de navegação, considerando-o um interesse estratégico.
"Como os EUA veem a ""integração sul-americana"" (MERCOSUL, UNASUL) e a liderança brasileira?";Com interesse moderado, pois preferem relações bilaterais ou a ALCA, mas reconhecem a liderança brasileira e negociam acordos com o MERCOSUL.
"Qual é a importância do ""Acordo de Livre Comércio"" EUA-Chile e como ele influencia o Brasil?";É um modelo de acordo dos EUA com um país sul-americano, que o Brasil vê como uma concorrência, mas também como um estímulo para negociar acordos similares.
"Como os EUA veem a ""cooperação Sul-Sul"" do Brasil na África e no Caribe?";Com cautela, pois pode reduzir a influência dos EUA nessas regiões, mas também com reconhecimento da liderança brasileira em temas como saúde e agricultura.
"Qual é a posição dos EUA sobre a ""reforma do Conselho de Segurança da ONU"" e o assento brasileiro?";Os EUA são favoráveis a uma reforma limitada, mas não apoiam explicitamente o assento brasileiro, preferindo uma ampliação que inclua Japão e Alemanha, além de índia.
"Como os EUA e o Brasil cooperaram em ""energia nuclear"" (usinas e enriquecimento)?";Houve cooperação nos anos 1970 (Acordo Nuclear), mas depois os EUA pressionaram contra o programa nuclear brasileiro (TNP), e hoje há cooperação limitada em salvaguardas.
"O que foi o ""Acordo de Cooperação em Energia"" Brasil-EUA de 2007?";Foi um acordo para promover biocombustíveis, com transferência de tecnologia e padrões de sustentabilidade, mas que não se concretizou plenamente.
"Como os EUA e o Brasil cooperam em ""ciência e tecnologia"" (ex.: satélites, biotecnologia)?";Há acordos de pesquisa espacial (ex.: NASA), biomedicina e agricultura, mas com restrições de transferência de tecnologia sensível e de propriedade intelectual.
"Qual é a visão dos EUA sobre o ""Programa Espacial Brasileiro"" e a Base de Alcântara?";Os EUA têm interesse em usar a Base de Alcântara para lançamentos, mas há restrições de tecnologia e de soberania brasileira, com negociações sobre um acordo de salvaguardas.
"Como os EUA e o Brasil cooperam em ""defesa"" no Atlântico Sul?";Há exercícios navais conjuntos (ex.: UNITAS), intercâmbio de oficiais e cooperação em inteligência, mas o Brasil mantém a ZOPACAS como um espaço de autonomia.
"Qual é a posição dos EUA sobre a ""internacionalização da Amazônia"" e a política ambiental brasileira?";Os EUA apoiam a cooperação internacional e o financiamento climático, mas respeitam a soberania brasileira, embora critiquem o desmatamento e pressionem por metas.
"Como os EUA veem a ""questão das Malvinas"" e a reivindicação argentina?";Os EUA mantêm neutralidade oficial, mas têm relações estreitas com o Reino Unido e, historicamente, apoiaram a posição britânica durante a Guerra de 1982.
"Qual é a política dos EUA em relação à ""Base de Guantánamo"" e à detenção de prisioneiros?";"A base em Cuba é usada para detenção de suspeitos de terrorismo, mas com críticas de direitos humanos; os EUA buscam fechá-la, mas o Congresso resiste."
"Como os EUA e o Brasil lidam com a ""questão da propriedade intelectual"" e a quebra de patentes?";Há tensões sobre patentes de medicamentos e tecnologia, com o Brasil defendendo a flexibilidade (ex.: AIDS) e os EUA pressionando por proteção mais rígida.
"Qual é a importância do ""Conselho Empresarial Brasil-EUA"" (CÉU) para a relação bilateral?";É um fórum de diálogo entre empresários para promover comércio, investimentos e recomendar políticas, influenciando a agenda bilateral.
"Como os EUA veem o ""Acordo MERCOSUL-UE"" e seu impacto no comércio hemisférico?";Com preocupação, pois pode desviar comércio e criar barreiras para produtos americanos, mas os EUA não se opõem abertamente, preferindo acordos bilaterais.
"Qual é a posição dos EUA sobre a ""reforma da OEA"" e a criação da CELAC?";Os EUA são céticos quanto à CELAC, pois exclui o Canadá e os EUA, e preferem a OEA como fórum principal, mas toleram a CELAC como espaço de diálogo.
"Como os EUA veem a ""ascensão da China"" na América Latina e a competição com o Brasil?";Com preocupação, especialmente em infraestrutura e tecnologia, e veem o Brasil como um contrapeso potencial, mas também como um competidor em commodities.
"Qual é a política dos EUA em relação ao ""programa nuclear iraniano"" e o JCPOA?";Os EUA saíram do acordo em 2018 (Trump) e reimplantaram sanções, mas Biden busca retornar ao JCPOA, com negociações indiretas com o Irã.
"Como os EUA lidam com a ""crise alimentar global"" e a exportação de grãos?";Os EUA são grandes exportadores de grãos e usam a ajuda alimentar como ferramenta de influência, competindo com o Brasil e a Rússia no mercado global.
"Qual é a posição dos EUA sobre a ""taxação de serviços digitais"" e a tributação de big techs?";Os EUA opõem-se a impostos digitais unilaterais (França, Brasil) e defendem um acordo na OCDE, ameaçando com retaliações comerciais.
"Como os EUA e o Brasil cooperam em ""pesquisa e desenvolvimento"" de vacinas e medicamentos?";Há parcerias entre Butantan, Fiocruz e institutos americanos (NIH), especialmente durante a COVID-19, com transferência de tecnologia e ensaios clínicos.
"Qual é a visão dos EUA sobre o ""programa de subsídios"" do Brasil à agricultura (ex.: seguro rural)?";Os EUA criticam subsídios que distorcem o comércio, mas ambos têm programas de apoio à agricultura e atuam no G20 para reduzir subsídios agrícolas globais.
"Como os EUA veem a ""política externa independente"" do Brasil e a aproximação com a Rússia e China?";Com cautela, mas sem confronto, desde que o Brasil não se alinhe abertamente contra os interesses dos EUA, especialmente em temas de segurança e tecnologia.
"Qual é o papel dos ""lobbys"" e dos grupos de interesse na política externa dos EUA em relação ao Brasil?";Grupos agrícolas, de energia e de direitos humanos influenciam a agenda, pressionando por acesso a mercados, biocombustíveis e questões ambientais.
"Como os EUA e o Brasil lidam com a ""questão da OMC"" e o contencioso do algodão (Brasil x EUA)?";"O Brasil ganhou o contencioso na OMC sobre subsídios americanos ao algodão, resultando em um acordo de compensação e no ""Pacote do Algodão"", que ainda gera tensões."
"Qual é a posição dos EUA sobre a ""exploração de petróleo"" na margem equatorial e a disputa com a Guiana?";Os EUA apoiam a exploração por empresas americanas (Exxon) e a solução pacífica de disputas, sem tomar partido na delimitação entre Brasil e Guiana.
"Como os EUA veem a ""política de defesa"" do Brasil e a compra de equipamentos militares (ex.: Gripen)?";Com interesse, pois os EUA competem com a Europa (Saab) e a Rússia no mercado de defesa, e tentam vender equipamentos americanos ao Brasil.
"Qual é a posição dos EUA sobre a ""reforma da ONU"" e a ampliação do Conselho de Segurança?";Os EUA apoiam a ampliação limitada (com Alemanha, Japão e Índia), mas sem compromisso com o veto para novos membros, e sem apoio explícito ao Brasil.
"Como os EUA e o Brasil cooperam em ""cybersegurança"" e combate a ataques cibernéticos?";Há acordos de cooperação e intercâmbio de informações sobre ameaças, mas com divergências sobre a governança da internet e a vigilância de dados.
"Qual é a importância da ""diplomacia do clima"" na relação EUA-Brasil, especialmente para a COP30?";Os EUA veem o Brasil como um líder em clima, e a COP30 é uma oportunidade para parcerias em financiamento verde, conservação e energias renováveis.
"Como os EUA lidam com a ""questão dos direitos humanos"" no Brasil (ex.: indígenas, meio ambiente)?";Pressionam por proteção e transparência, condicionando ajuda e investimentos, mas sem sanções, em uma abordagem de diálogo e cooperação.
"Qual é a posição dos EUA sobre a ""política de migração"" brasileira e a acolhida de venezuelanos?";Os EUA elogiam a Operação Acolhida e cooperam com o Brasil em assistência humanitária e no processamento de refugiados, como parte da resposta regional.
"Como os EUA e o Brasil cooperam em ""ciência espacial"" (satélites e exploração)?";Há acordos para lançamentos de satélites (em Alcântara) e para pesquisa conjunta (NASA e AEB), mas com restrições de tecnologia e de uso militar.
"Qual é a visão dos EUA sobre a ""integração energética"" sul-americana e o papel do Brasil?";Os EUA veem o Brasil como um líder em biocombustíveis e energia renovável, e apoiam a integração, desde que não crie um bloco energético fechado.
"Como os EUA veem a ""presença chinesa"" na infraestrutura brasileira (ex.: portos, 5G)?";Com preocupação, e pressionam o Brasil a adotar medidas de segurança em redes 5G, mas sem vetar investimentos chineses, preferindo competição leal.
"Qual é a posição dos EUA sobre o ""Acordo de Pesca"" no Atlântico Sul e a conservação marinha?";Os EUA participam de organizações regionais de pesca e apoiam a conservação, mas com divergências sobre cotas e métodos de pesca.
"Como os EUA e o Brasil cooperam na ""luta contra o tráfico de pessoas"" e a escravidão moderna?";Há acordos de cooperação e diálogo sobre prevenção e repressão, com relatórios anuais que avaliam os esforços de cada país.
"Qual é a visão dos EUA sobre a ""reforma agrária"" no Brasil e a questão dos latifúndios?";Os EUA não têm uma posição ativa, mas condicionam ajuda a programas de desenvolvimento rural, sem envolver-se diretamente na reforma agrária.
"Como os EUA e o Brasil cooperam em ""educação"" e intercâmbio acadêmico (ex.: Ciência sem Fronteiras)?";"Houve programas de intercâmbio (Ciência sem Fronteiras com os EUA), mas o programa foi descontinuado; atualmente, há acordos universitários e bolsas."
"Qual é a posição dos EUA sobre a ""dívida externa"" brasileira e o financiamento do BNDES?";Os EUA não têm posição formal sobre a dívida, mas influenciam as políticas do FMI e do Banco Mundial, que afetam o Brasil indiretamente.
"Como os EUA veem a ""integração produtiva"" no MERCOSUL e a indústria automotiva brasileira?";Com interesse comercial, pois os EUA exportam autopeças e competem com a Europa e a Ásia no mercado brasileiro, mas sem envolvimento no bloco.
"Qual é a política dos EUA em relação à ""questão da água"" na Bacia do Prata e na Amazônia?";Os EUA apoiam a cooperação técnica e a gestão sustentável, mas sem papo ativo, deixando a gestão para os países da região.
"Como os EUA e o Brasil lidam com a ""propriedade intelectual"" em software e inovação?";Há tensões sobre patentes de software e direitos autorais, com os EUA pressionando por leis mais rígidas e o Brasil defendendo a inovação aberta.
"Qual é a visão dos EUA sobre o ""futuro do MERCOSUL"" e a relação com a Aliança do Pacífico?";Os EUA preferem a Aliança do Pacífico (mais liberal) e veem o MERCOSUL como protecionista, mas mantêm diálogo com ambos os blocos.
"Como os EUA e o Brasil cooperam em ""assistência humanitária"" em desastres (ex.: Haiti, enchentes)?";Há coordenação em missões de ajuda, com o Brasil liderando (MINUSTAH) e os EUA fornecendo logística e financiamento, em uma parceria prática.
"Qual é a posição dos EUA sobre a ""reforma da governança da internet"" e o Comitê Gestor da Internet (CGI.br)?";Os EUA apoiam o modelo multissetorial e veem o CGI.br como um exemplo, mas divergem do Brasil sobre a regulação de conteúdo e privacidade.
"Como os EUA veem a ""relação do Brasil com a África"" (cooperação Sul-Sul)?";Com interesse moderado, pois veem o Brasil como um parceiro em desenvolvimento na África, mas também como um concorrente em comércio e influência.
"Qual é a importância da ""diplomacia da saúde"" na relação EUA-Brasil (ex.: HIV, Zika)?";Há cooperação em pesquisa e programas de combate a epidemias, com o Brasil sendo um parceiro global em saúde pública e no acesso a medicamentos.
"Como os EUA e o Brasil cooperam em ""turismo"" e na promoção da imagem do país?";Há acordos de promoção turística e facilitação de vistos, além de parcerias culturais, com o objetivo de aumentar o fluxo de viajantes e negócios.
"Qual é a visão dos EUA sobre a ""indústria de defesa"" brasileira (Embraer, submarinos) e a exportação de armas?";Os EUA veem o Brasil como um concorrente em aeronaves (ex.: KC-390) e um parceiro em tecnologias navais, mas com restrições de exportação de equipamentos sensíveis.
"Como os EUA e o Brasil lidam com a ""questão da biopirataria"" e os recursos genéticos da Amazônia?";Os EUA apoiam a proteção de patentes e o acesso a recursos genéticos, mas há tensões sobre a repartição de benefícios e a soberania sobre a biodiversidade.
"Qual é a posição dos EUA sobre a ""crise na Nicarágua"" e a repressão a opositores?";Os EUA impõem sanções e apoiam a oposição, enquanto o Brasil defende o diálogo e a não intervenção, alinhado à CELAC.
"Como os EUA veem a ""integração da infraestrutura"" sul-americana (IIRSA/COSIPLAN) e os projetos brasileiros?";Com interesse, pois veem oportunidades para empresas americanas, mas também com preocupação sobre a influência chinesa e o financiamento chinês.
"Qual é a visão dos EUA sobre a ""política externa ativa e altiva"" do Brasil durante os governos Lula?";Com desconforto, pois o Brasil se opôs à ALCA, aproximou-se de regimes como Irã e Venezuela, e buscou uma liderança global autônoma, mas sem ruptura total.
"Como os EUA e o Brasil cooperam em ""energia limpa"" e transição energética (ex.: hidrogênio verde)?";Há parcerias em pesquisa e desenvolvimento de hidrogênio, eólicas e solares, com o Brasil sendo visto como um líder potencial em energia renovável.
"Qual é a posição dos EUA sobre a ""reforma do sistema financeiro internacional"" e o papel do BRICS?";Os EUA são críticos ao BRICS (que veem como um fórum anti-ocidental), mas toleram o NBD, desde que não desafie o FMI e o Banco Mundial.
"Como os EUA veem a ""relação do Brasil com a Rússia"" (BRICS, defesa, energia)?";Com cautela, mas sem confronto, desde que a parceria não envolva transferência de tecnologia militar sensível ou alinhamento geopolítico contra os EUA.
"Qual é a visão dos EUA sobre o ""futuro da relação EUA-Brasil"" no contexto de multipolaridade?";Como uma parceria importante, mas com desafios, em que os interesses convergem em clima, comércio e defesa, mas divergem em autonomia e liderança regional.
;
;
Qual foi o principal objetivo do Tratado de Paris (1951) ao criar a CECA?;Criar a Comunidade Europeia do Carvão e do Aço, integrando as produções desses setores entre França, Alemanha, Itália, Bélgica, Países Baixos e Luxemburgo, como forma de evitar novas guerras na Europa.
Como os Tratados de Roma (1957) ampliaram o projeto de integração europeia?;Criaram a Comunidade Econômica Europeia (CEE) e a Comunidade Europeia de Energia Atômica (EURATOM), estabelecendo um mercado comum e a cooperação nuclear, com o objetivo de uma integração econômica mais ampla.
"Em que consistiu o ""Compromisso de Luxemburgo"" (1966) e qual sua importância para o funcionamento da CEE?";"Foi um acordo que permitiu que um Estado-membro invocasse o ""interesse nacional vital"" para vetar decisões de maioria qualificada, preservando a soberania nacional em temas sensíveis, mas paralisando o processo decisório."
"Qual foi a contribuição do ""Relatório Werner"" (1970) para a integração monetária europeia?";Propôs a criação de uma união monetária e econômica em três etapas, com coordenação de políticas fiscais e cambiais, sendo o embrião do Sistema Monetário Europeu (SME) e, posteriormente, do euro.
"Como o ""Sistema Monetário Europeu"" (SME) e o ECU prepararam o caminho para o euro?";O SME estabeleceu bandas de flutuação cambial entre as moedas europeias, e o ECU (Unidade de Conta Europeia) serviu como cesta de moedas e referência, criando disciplina cambial e convergência para a moeda única.
"O que foi o ""Ato Único Europeu"" (1986) e como ele reformou a integração?";Foi o primeiro grande tratado de reforma, que estabeleceu o mercado único (livre circulação de bens, serviços, capitais e pessoas) com prazo para 1992, e ampliou a cooperação em política externa e pesquisa.
Como o Tratado de Maastricht (1992) transformou a CEE na União Europeia?;Criou a União Europeia com três pilares: Comunidades Europeias (supranacional), Política Externa e de Segurança Comum (PESC, intergovernamental) e Justiça e Assuntos Internos (cooperação policial e judiciária).
Quais foram os critérios de convergência (Critérios de Maastricht) para adoção do euro?;Estabilidade de preços (inflação baixa), sustentabilidade das finanças públicas (déficit e dívida dentro de limites), estabilidade cambial e convergência das taxas de juros de longo prazo.
Como o Tratado de Amsterdã (1997) reformou a estrutura da UE e a PESC?;Incorporou o Acordo de Schengen ao direito da UE, reforçou a PESC com a figura do Alto Representante, e ampliou os poderes do Parlamento Europeu, mas manteve a estrutura intergovernamental para política externa.
Qual foi a inovação do Tratado de Nice (2001) em relação à ampliação da UE?;Reformou a composição e a votação no Conselho da UE e no Parlamento Europeu para preparar o alargamento para 25 membros, estabelecendo novas ponderações de votos e um sistema de maioria qualificada.
Por que o Tratado que estabelece uma Constituição Europeia (2004) foi rejeitado?;"Foi rejeitado em referendos na França e na Holanda (2005) por temores de perda de soberania, déficit democrático e percepção de ""Europa neoliberal"", levando ao seu abandono e à elaboração do Tratado de Lisboa."
Como o Tratado de Lisboa (2007) absorveu elementos da Constituição Europeia sem o nome?;Incorporou a Carta dos Direitos Fundamentais (com valor jurídico), criou o cargo de Presidente do Conselho Europeu, o Alto Representante para a PESC e o Serviço Europeu de Ação Externa, e ampliou a co-decisão do Parlamento.
Qual é a diferença entre o Conselho Europeu e o Conselho da União Europeia?;"O Conselho Europeu reúne os chefes de Estado ou de governo e define as orientações políticas gerais; o Conselho da UE reúne ministros por área temática e exerce o poder legislativo e orçamentário."
Qual é o papel da Comissão Europeia na estrutura da UE?;É o órgão executivo, com poder de iniciativa legislativa, guardiã dos tratados e responsável pela implementação das políticas e gestão orçamentária, representando o interesse geral da UE.
Como funciona o processo de codecisão (hoje procedimento legislativo ordinário) entre Parlamento e Conselho?;"A Comissão propõe, e o Parlamento e o Conselho co-decidem em igualdade, com três leituras e um comitê de conciliação; é o processo mais comum para a aprovação de leis na UE."
Qual é a função do Tribunal de Justiça da União Europeia (TJUE)?;Garante a interpretação e aplicação uniforme do direito da UE, julga litígios entre Estados, instituições e particulares, e tem primazia sobre o direito nacional em matérias de competência da UE.
"Em que consiste a ""primazia do direito da UE"" sobre o direito nacional?";O direito da UE tem primazia sobre o direito dos Estados-membros, conforme jurisprudência do TJUE, sendo aplicado inclusive contra leis nacionais posteriores, garantindo uniformidade.
"O que é o ""princípio da subsidiariedade"" na UE?";A UE só atua quando os objetivos de uma ação não podem ser suficientemente alcançados pelos Estados-membros (nível nacional/regional), sendo um princípio para limitar o poder supranacional.
"Como a UE lida com o ""déficit democrático"" e a participação cidadã?";Por meio da eleição direta do Parlamento Europeu, do direito de petição, da Iniciativa de Cidadania Europeia e da transparência das instituições, embora o déficit ainda seja criticado.
"O que é a ""Carta dos Direitos Fundamentais da UE"" e qual seu valor jurídico?";É um documento que reúne direitos civis, políticos, econômicos e sociais, com força jurídica vinculante desde o Tratado de Lisboa, aplicável às instituições da UE e aos Estados na implementação do direito da UE.
Como a UE gerencia a política de concorrência e o combate a trustes (cartéis)?;Por meio da Direção-Geral da Concorrência, que investiga e multa empresas por práticas anticompetitivas (cartéis, abuso de posição dominante) e controla fusões e auxílios estatais.
Qual é a Política Agrícola Comum (PAC) e como ela evoluiu?;É a política de subsídios à agricultura, que evoluiu de um sistema de preços garantidos e excedentes para um sistema de pagamentos diretos condicionados a requisitos ambientais e de bem-estar animal (PAC pós-2013).
"O que é a ""Política de Coesão"" da UE e como ela reduziu as disparidades regionais?";É a política de fundos estruturais (FEDER, FSE, Fundo de Coesão) que financia projetos em regiões menos desenvolvidas, promovendo convergência econômica e social entre os Estados-membros.
Como funciona o Espaço Schengen e quais países dele participam?;"É a área de livre circulação de pessoas, com eliminação de controles nas fronteiras internas; participam 27 países (incluindo todos da UE, exceto Irlanda, mais Islândia, Noruega, Suíça e Liechtenstein)."
Qual é o papel do Banco Central Europeu (BCE) na Zona do Euro?;Define a política monetária para a Zona do Euro, com objetivo de estabilidade de preços (inflação em torno de 2%), atua na supervisão bancária (Mecanismo Único de Supervisão) e no fornecimento de liquidez.
Como o Mecanismo Europeu de Estabilidade (MEE) atua em crises financeiras?;É um fundo de resgate (500 bilhões de euros) que concede empréstimos a países da Zona do Euro em dificuldades financeiras, condicionados a programas de ajuste estrutural (ex.: Grécia, Portugal, Irlanda).
Qual é a diferença entre a Zona do Euro e a União Bancária?;"A Zona do Euro é o grupo de países que adotam o euro; a União Bancária é o sistema de supervisão (BCE) e resolução bancária para bancos da Zona do Euro (e outros que aderirem)."
Como a UE lida com a crise dos refugiados e o sistema de Dublin?;"O sistema de Dublin determina que o primeiro país de entrada é responsável pelo pedido de asilo; a UE busca reformá-lo com quotas obrigatórias de realocação, mas há resistência de países como Hungria e Polônia."
Qual é a política de vizinhança da UE (ENP) e quais são seus objetivos?;É a política de cooperação com países vizinhos (Leste e Sul do Mediterrâneo) para promover estabilidade, democracia e comércio, com acordos de associação e planos de ação bilaterais.
Como a UE conduz suas relações com os Balcãs Ocidentais e o processo de alargamento?;Oferece perspectivas de adesão, com condicionalidades (democracia, Estado de direito, economia de mercado) e assistência financeira (IPA), mas o processo é lento e com estagnação em alguns casos.
Qual é o status da Turquia nas negociações de adesão à UE?;A Turquia é candidata desde 1999, mas as negociações estão estagnadas devido a preocupações com direitos humanos, democracia, o conflito com Chipre e a oposição de alguns Estados-membros.
Como a UE negocia acordos de livre comércio (ex.: com o Mercosul)?;A Comissão Europeia negocia em nome da UE, com mandato do Conselho, e o acordo precisa ser ratificado pelo Parlamento Europeu e pelos parlamentos nacionais (no caso de acordos mistos).
"O que é a ""Política Europeia de Defesa"" e como ela se desenvolveu?";Inclui a Política Comum de Segurança e Defesa (PCSD), com missões de paz e gestão de crises, e a Cooperação Estruturada Permanente (PESCO), que aprofunda a cooperação militar entre Estados-membros.
Qual é a relação da UE com a OTAN (Organização do Tratado do Atlântico Norte)?;"A UE e a OTAN cooperam em gestão de crises e defesa, mas há sobreposição e tensões sobre autonomia estratégica da UE; o princípio de ""non-duplication"" e ""mutual reinforcement"" orienta a parceria."
"Como a ""Brexit"" afetou a estrutura e o orçamento da UE?";A saída do Reino Unido reduziu o orçamento da UE (cerca de 15%), alterou o equilíbrio de poder (sem UK, a Alemanha e França têm mais peso), e criou novas questões sobre o Quadro Financeiro Plurianual.
"Qual é o ""Quadro Financeiro Plurianual"" (QFP) e como ele é aprovado?";"É o orçamento de longo prazo da UE (7 anos), que define os tetos de despesa por rubrica; aprovado por unanimidade no Conselho e com consentimento do Parlamento Europeu."
"Como o ""Plano de Recuperação"" pós-COVID-19 (NextGenerationEU) inovou o financiamento da UE?";Pela primeira vez, a UE emitiu dívida comum (Eurobonds) para financiar o fundo de recuperação (750 bilhões de euros), com empréstimos e subvenções condicionados a reformas (Mecanismo de Recuperação e Resiliência).
"O que é o ""Mecanismo de Recuperação e Resiliência"" e como ele funciona?";É o principal instrumento do NextGenerationEU, que financia projetos de reforma e investimento nos Estados-membros, com base em planos nacionais aprovados pela Comissão e pelo Conselho, condicionados a marcos e metas.
"Como a UE lida com a ""autonomia estratégica"" em defesa e tecnologia?";"Busca reduzir dependências externas (especialmente da China e dos EUA) em áreas como semicondutores, baterias, nuvem e defesa, com a ""Bússola Estratégica"" e a criação de fundos de investimento."
"Qual é a ""Lei de Mercados Digitais"" (DMA) e seu impacto na regulação de big techs?";É uma legislação que impõe obrigações a plataformas digitais (gatekeepers) para garantir concorrência, interoperabilidade e transparência, com multas pesadas por infrações.
"Como a UE aborda a transição ecológica e o ""Pacto Ecológico Europeu"" (Green Deal)?";É um conjunto de políticas para tornar a UE neutra em carbono até 2050, com metas intermediárias (55% até 2030), financiamento (InvestEU), e mecanismo de ajuste de carbono nas fronteiras (CBAM).
"O que é o ""Mecanismo de Ajuste de Carbono na Fronteira"" (CBAM) e como ele afeta o Brasil?";"É uma tarifa sobre importações de setores intensivos em carbono (aço, cimento, fertilizantes), para nivelar preços com a produção europeia; o Brasil pode ser afetado nas exportações de aço e ferro-gusa."
Como a UE trata a proteção de dados e a privacidade (GDPR)?;O Regulamento Geral de Proteção de Dados (GDPR) é a legislação mais rigorosa do mundo, que estabelece direitos dos titulares, obrigações para controladores, e multas de até 4% do faturamento global.
"Qual é a política da UE em relação à imigração legal e aos ""vistos de talento""?";"A UE criou o ""Blue Card"" (visto de trabalho para alta qualificação) e discute políticas de imigração legal para atrair talentos, enquanto as políticas de fronteiras (Frontex) reforçam o controle migratório."
"Como a UE lida com o ""populismo"" e o ""euroceticismo"" dentro de seus Estados-membros?";Por meio de diálogo, concessões em políticas (ex.: Política de Coesão), e defendendo o valor da UE para a paz e o mercado, mas há crescente tensão com governos como Hungria e Polônia.
"Qual é a situação do ""Estado de Direito"" na UE e como a Comissão reage a violações?";A Comissão pode acionar o mecanismo de condicionalidade, suspendendo fundos da UE para Estados que violem o Estado de direito (ex.: Hungria e Polônia), além do processo do artigo 7 do TUE.
Como a UE responde à invasão da Ucrânia pela Rússia (2022)?;Com sanções abrangentes à Rússia, fornecimento de ajuda militar e financeira à Ucrânia, apoio a refugiados, e aceleração do processo de adesão da Ucrânia (candidata em 2022).
"Qual é a ""Política Externa e de Segurança Comum"" (PESC) e como ela é decidida?";É a política externa da UE, decidida por unanimidade no Conselho (intergovernamental), com o Alto Representante e o SEAE para sua execução, abrangendo diplomacia, sanções e missões de paz.
Como a UE usa sanções como instrumento de política externa?;A UE impõe sanções (restrições de vistos, congelamento de ativos, embargos) por violações de direitos humanos, agressões militares ou proliferação, como na Rússia, Irã, Síria e Venezuela.
"Qual é o papel do ""Serviço Europeu de Ação Externa"" (SEAE) na política externa da UE?";É o corpo diplomático da UE, chefiado pelo Alto Representante, que coordena as delegações da UE em todo o mundo e executa a PESC, com embaixadores e equipes técnicas.
"Como a UE e o Brasil mantêm uma ""Parceria Estratégica"" desde 2007?";Baseia-se em diálogo político regular (cúpulas), cooperação em áreas como meio ambiente, energia, ciência e educação, e negociações comerciais (acordo MERCOSUL-UE).
"Qual é a importância do ""Acordo-Quadro"" de cooperação UE-Brasil (1992)?";Estabeleceu as bases para a cooperação em áreas econômica, científica, técnica e cultural, sendo o marco jurídico para a relação bilateral.
"Como a UE vê o Brasil como ""parceiro em desenvolvimento sustentável""?";A UE vê o Brasil como líder em energia renovável, biodiversidade e agricultura, e busca parcerias para a transição ecológica, conservação amazônica e biocombustíveis.
"Qual é a posição da UE sobre a ""questão ambiental"" na Amazônia e como isso afeta o Brasil?";A UE pressiona por metas de desmatamento zero e condiciona acordos (como o MERCOSUL-UE) a compromissos ambientais, gerando tensões com o governo brasileiro.
Em que estágio se encontra o acordo MERCOSUL-UE e quais são os principais entraves?;"Negociado em 2019, o acordo aguarda ratificação; entraves incluem exigências ambientais adicionais da UE, resistência de países europeus (França, Áustria) e preocupações do MERCOSUL com barreiras não tarifárias."
Como a UE coopera com o Brasil em ciência e tecnologia (ex.: Horizonte Europa)?;O Brasil é elegível para projetos do Horizonte Europa (programa de pesquisa da UE), com participação em redes e parcerias em saúde, clima, inteligência artificial e agricultura.
Qual é o volume do comércio UE-Brasil e quais são os principais produtos?;"É um dos principais parceiros comerciais; o Brasil exporta principalmente soja, minérios, petróleo e café, e importa máquinas, produtos químicos, veículos e eletrônicos."
Como a UE vê o Brasil no âmbito do G20 e nas negociações climáticas (COP)?;Como um interlocutor essencial no G20 e um líder potencial em clima, especialmente com a COP30, mas com críticas ao desmatamento e à política ambiental.
"Qual é a cooperação UE-Brasil em ""energia renovável"" (biocombustíveis, hidrogênio verde)?";Há parcerias em pesquisa e investimentos em biocombustíveis, hidrogênio verde e eólicas, com a UE financiando projetos de transição energética no Brasil.
"Como a UE e o Brasil cooperam em ""direitos humanos"" e ""diplomacia da saúde""?";Há diálogos regulares sobre direitos humanos e cooperação em saúde global (HIV, Zika, COVID-19), com financiamento da UE para programas de saúde pública no Brasil.
"Qual é a posição da UE sobre a ""reforma do Conselho de Segurança da ONU"" e o assento brasileiro?";"A UE não tem posição única (é um tema nacional), mas França e Reino Unido (membros permanentes) são cautelosos; a Alemanha apoia a ampliação, mas sem consenso sobre o Brasil."
"Como a UE vê a ""política externa independente"" do Brasil e sua aproximação com a China e Rússia?";Com preocupação, mas sem confronto, preferindo o diálogo e a cooperação em temas multilaterais, desde que o Brasil não se alinhe contra os interesses europeus.
"Qual é a importância da ""Comissão Mista"" UE-Brasil para a relação bilateral?";É o mecanismo de coordenação política que reúne representantes dos dois lados para revisar a parceria estratégica, discutir cooperação e resolver pendências.
"Como a UE vê a ""integração regional"" no Mercosul e a liderança brasileira?";"Como um processo lento e protecionista, mas essencial para o acordo UE-Mercosul; a UE apoia a integração e pressiona por reformas no bloco."
"Qual é a cooperação UE-Brasil em ""educação superior"" (ex.: Erasmus+)?";O Brasil participa do Erasmus+ (mobilidade estudantil e acadêmica), com bolsas e parcerias universitárias, sendo um dos principais países não europeus no programa.
"Como a UE vê a ""política de defesa"" do Brasil e a compra de equipamentos europeus?";Com interesse comercial, já que a Europa (França, Suécia) compete pelos contratos de defesa brasileiros (ex.: submarinos, caças).
"Qual é a posição da UE sobre a ""crise na Venezuela"" e o papel do Brasil?";A UE impõe sanções individuais e apoia a mediação (como o processo de Montevidéu), mas evita sanções econômicas gerais, vendo o Brasil como um ator importante na solução.
"Como a UE e o Brasil cooperam em ""cibersegurança"" e proteção de dados?";Há diálogos sobre cibersegurança e harmonização de normas de proteção de dados (GDPR e LGPD), com cooperação técnica entre agências reguladoras.
"Qual é a importância do ""Diálogo de Alto Nível sobre Mudanças Climáticas"" UE-Brasil?";É um fórum para coordenar posições sobre mitigação, adaptação e financiamento climático, com ênfase na redução de emissões e preservação da Amazônia.
"Como a UE vê a ""questão dos povos indígenas"" no Brasil?";A UE financia projetos de proteção e direitos indígenas, e condiciona sua cooperação a políticas de respeito, mas sem sanções diretas, preferindo o diálogo.
"Qual é o papel da ""Delegação da UE"" em Brasília na relação bilateral?";É a representação diplomática da UE no Brasil, que coordena a cooperação, acompanha políticas e promove o diálogo político e comercial.
"Como a UE e o Brasil cooperam em ""pesca e conservação marinha""?";Há acordos de cooperação técnica e diálogo sobre pesca sustentável, com o Brasil participando de organizações regionais de pesca que incluem a UE.
"Qual é a posição da UE sobre a ""exploração de petróleo na margem equatorial"" e a segurança ambiental?";A UE não tem posição formal, mas financia estudos de impacto ambiental e pressiona por padrões elevados, sem se envolver em disputas de delimitação.
"Como a UE vê a ""política agroambiental"" brasileira e o uso de defensivos agrícolas?";Com preocupação, e condiciona a importação de produtos brasileiros a padrões de resíduos e sustentabilidade, gerando contenciosos comerciais.
"Qual é a cooperação UE-Brasil em ""infraestrutura e logística"" (ex.: hidrovias, portos)?";A UE financia estudos e projetos de infraestrutura sustentável, com foco em hidrovias e corredores logísticos, como parte da assistência técnica.
"Como a UE e o Brasil cooperam em ""luta contra a pobreza e a desigualdade""?";Por meio de programas de cooperação técnica e financiamento de projetos sociais (ex.: Programa de Aquisição de Alimentos), em parceria com o governo brasileiro.
"Qual é a importância do ""Acordo de Cooperação Científica"" UE-Brasil (2004)?";Estabeleceu a base para a pesquisa conjunta e a mobilidade de cientistas, com participação em programas-quadro de pesquisa da UE.
"Como a UE vê a ""integração energética"" na América do Sul e o papel do Brasil?";Com interesse, pois a UE busca diversificar fornecedores de energia, mas também com preocupações ambientais sobre grandes hidrelétricas e exploração de gás.
"Qual é a posição da UE sobre a ""política de não proliferação nuclear"" do Brasil?";A UE apoia o programa nuclear brasileiro sob salvaguardas da AIEA e elogia a ABACC, vendo o Brasil como exemplo de transparência.
"Como a UE e o Brasil cooperam em ""cidades inteligentes"" e tecnologia urbana?";Há projetos de cooperação em mobilidade urbana, gestão de resíduos e eficiência energética, com financiamento e troca de experiências.
"Qual é a visão da UE sobre o ""Programa Espacial Brasileiro"" e a Base de Alcântara?";A UE vê o programa com interesse comercial (lançamento de satélites), mas não tem posição ativa, deixando a negociação para acordos bilaterais com países europeus.
"Como a UE lida com a ""questão da dívida externa"" do Brasil e o financiamento do BNDES?";A UE não tem papel direto, mas influencia o Banco Europeu de Investimento (BEI) e o financiamento de projetos no Brasil, com critérios de sustentabilidade.
"Qual é a cooperação UE-Brasil em ""patentes e propriedade intelectual""?";Há diálogo sobre harmonização de patentes e combate à pirataria, com a UE pressionando por proteção mais rígida, e o Brasil defendendo flexibilidades para saúde pública.
"Como a UE vê a ""política de drogas"" do Brasil e a descriminalização?";"A UE adota uma abordagem de redução de danos e saúde pública, enquanto o Brasil é mais punitivo; há diálogo, mas sem imposição de posições."
"Qual é a importância do ""Diálogo Setorial"" UE-Brasil em biocombustíveis?";É um fórum para promover padrões de sustentabilidade, transferência de tecnologia e comércio de etanol e biodiesel, com metas de descarbonização.
"Como a UE e o Brasil cooperam em ""gestão de desastres e ajuda humanitária""?";Há acordos de cooperação e coordenação em situações de desastre (ex.: enchentes, secas), com a UE fornecendo ajuda financeira e técnica.
"Qual é a posição da UE sobre a ""internacionalização da Amazônia"" e a gestão compartilhada?";A UE respeita a soberania brasileira, mas defende a cooperação internacional e o financiamento de projetos de conservação, sem soberania compartilhada.
"Como a UE vê a ""presença da China"" no Brasil e na América do Sul?";Com preocupação, especialmente em tecnologia e infraestrutura, e busca parcerias com o Brasil para equilibrar a influência chinesa, sem confronto.
"Qual é a cooperação UE-Brasil em ""cultura"" (ex.: cinema, literatura)?";Há programas de intercâmbio cultural, coproduções e festivais, com o Brasil sendo um dos principais parceiros da UE na América Latina.
"Como a UE e o Brasil cooperam em ""direito internacional"" e tribunais (ex.: TPI)?";Ambos são signatários do Estatuto de Roma e cooperam em casos de crimes internacionais, com diálogo sobre justiça e reparação.
"Qual é a visão da UE sobre o ""processo de integração sul-americano"" (UNASUL, PROSUL)?";A UE apoia a integração regional, mas vê a UNASUL como paralisada e prefere o MERCOSUL como parceiro principal, com diálogo sobre PROSUL.
"Como a UE lida com a ""migração de brasileiros"" para a Europa e os acordos de readmissão?";Há acordos bilaterais de readmissão (com Portugal, Espanha) e facilitação de vistos, mas a UE também busca controlar a imigração irregular.
"Qual é o papel do ""Acordo de Cooperação em Pesca"" UE-Brasil?";É um acordo para o acesso de navios europeus a águas brasileiras, com cotas e medidas de conservação, atualmente em revisão.
"Como a UE e o Brasil cooperam em ""biotecnologia e inovação agrícola"" (ex.: EMBRAPA)?";Há parcerias em pesquisa agrícola, transferência de tecnologia e melhoramento genético, com a UE financiando projetos de agricultura sustentável.
"Qual é a posição da UE sobre a ""exploração de lítio"" no Brasil e a transição energética?";A UE vê o lítio como um recurso estratégico e busca acordos de fornecimento com o Brasil, com padrões ambientais e sociais.
"Como a UE e o Brasil cooperam em ""transportes e mobilidade"" (ex.: aviação, ferrovias)?";Há acordos de cooperação em aviação (céus abertos) e projetos de ferrovias e portos, com investimento europeu (ex.: Trem Bala, VLT).
"Qual é a importância do ""Diálogo Político"" UE-Brasil para a coordenação em fóruns globais?";Permite alinhar posições em temas como comércio, clima e direitos humanos, e coordenação em organizações como a OMC, G20 e ONU.
"Como a UE vê a ""política externa do Brasil para a África"" e a cooperação Sul-Sul?";Com interesse, pois a UE também atua na África, e vê o Brasil como um parceiro complementar, mas também como um concorrente em desenvolvimento.
"Qual é a cooperação UE-Brasil em ""inteligência artificial e ética digital""?";Há diálogos sobre governança de IA, com a UE propondo regulação baseada em riscos, e o Brasil desenvolvendo sua própria estratégia, com pontos de convergência.
"Como a UE e o Brasil cooperam em ""gestão de recursos hídricos"" (ex.: Bacia do Prata)?";Há projetos de cooperação técnica e financiamento para gestão integrada de bacias, com foco em navegação e sustentabilidade.
"Qual é a visão da UE sobre o ""futuro da relação UE-Brasil"" em um contexto de multipolaridade?";Como uma parceria estratégica essencial, com potencial em transição ecológica, comércio, ciência e defesa da ordem multilateral, apesar de divergências pontuais.
;
Qual é o principal fundamento histórico da política externa russa desde a era czarista?;"A busca por acesso a mares quentes, a expansão territorial contínua (em direção ao leste e ao sul) e a afirmação como grande potência euroasiática, com um senso de ""missão civilizatória"" e de defesa da ortodoxia."
"Como a ideia de ""Moscou, a Terceira Roma"" influenciou a identidade russa?";A noção de que Moscou sucedeu Roma e Constantinopla como centro da cristandade ortodoxa, conferindo à Rússia um papel messiânico e de defesa da fé, que permeou a política externa imperial.
"Qual foi o papel da Rússia no ""Concerto Europeu"" (Congresso de Viena, 1815) e como isso moldou sua política externa?";"A Rússia foi uma das potências que restaurou a ordem conservadora pós-Napoleão, atuando como ""guarda da Europa"" contra revoluções liberais, o que lhe deu influência nos Bálcãs e na Europa Oriental."
Como a Rússia czarista conduziu sua expansão para o Cáucaso, Ásia Central e Extremo Oriente?;Por meio de guerras contra os Impérios Otomano e Persa, anexações de canatos na Ásia Central (Bukhara, Khiva) e a construção da Ferrovia Transiberiana, buscando acesso ao Pacífico e à Ásia.
Qual foi a política da Rússia em relação ao Império Otomano e aos Estreitos (Bósforo e Dardanelos)?;A Rússia buscou garantir acesso livre aos estreitos para sua frota do Mar Negro, apoiando a independência dos povos balcânicos e entrando em guerras (ex.: Guerra da Crimeia, 1853-1856) contra o Império Otomano e potências ocidentais.
Como a derrota na Guerra da Crimeia (1856) afetou a política externa russa?;"Provocou um reavaliamento da política, levando a reformas internas (abolição da servidão) e a uma estratégia de ""expansão no leste"" (Ásia Central e Extremo Oriente), evitando confronto direto com a Grã-Bretanha e França."
"O que foi a ""Grande Guerra"" (Primeira Guerra Mundial) para a Rússia e como ela levou à Revolução?";A Rússia entrou na guerra ao lado da Tríplice Entente, mas sofreu enormes perdas e crises internas, que culminaram na Revolução de 1917 e na derrocada do Império czarista.
Como a Revolução Bolchevique de 1917 alterou a política externa da Rússia?;Criou a União Soviética, com uma ideologia internacionalista (comunista), que buscava a revolução mundial, rompendo com a diplomacia czarista e assinando o Tratado de Brest-Litovsk com a Alemanha.
"Qual é a doutrina do ""socialismo em um só país"" de Stalin e como ela moldou a política externa soviética?";"Defendeu a construção do socialismo na URSS primeiro, antes de promover a revolução mundial, levando a uma política de ""realismo"" e de acordos com potências capitalistas, como o Pacto Molotov-Ribbentrop."
"Como a URSS se posicionou na Segunda Guerra Mundial e qual foi o papel da ""Grande Guerra Patriótica""?";A URSS inicialmente assinou um pacto de não agressão com a Alemanha (1939), mas foi invadida em 1941, tornando-se o principal teatro de guerra na Europa Oriental, com a vitória em Stalingrado e a ocupação da Europa Oriental.
"O que foi a ""Doutrina Jdanov"" (1947) e como ela definiu a Guerra Fria?";Foi a declaração de que o mundo estava dividido em dois campos: o imperialista (EUA) e o anti-imperialista (URSS), estabelecendo a base ideológica para a guerra fria e a criação do Cominform.
"Como a URSS criou e manteve o ""Bloco Soviético"" na Europa Oriental?";Por meio da imposição de governos comunistas, da criação do Comecon (integração econômica) e do Pacto de Varsóvia (aliança militar), mantendo a influência soviética por meio da doutrina Brejnev.
"O que foi a ""Doutrina Brejnev"" (1968) e como ela justificou a invasão da Tchecoslováquia?";Estabeleceu que a URSS tinha o direito de intervir em qualquer país do bloco socialista para preservar o socialismo, usada para invadir a Tchecoslováquia (Primavera de Praga) e sufocar reformas.
Como a URSS conduziu a corrida armamentista e a competição nuclear com os EUA?;Por meio do desenvolvimento de mísseis balísticos, ogivas nucleares e da corrida espacial (Sputnik), buscando a paridade estratégica, com acordos de controle de armas (SALT, START) em momentos de distensão.
Qual foi o papel da URSS na descolonização da África e da Ásia?;A URSS apoiou movimentos de libertação nacional (ex.: Argélia, Angola, Moçambique, Vietnã) com armas e treinamento, como parte da competição com o Ocidente e da expansão de sua influência.
"Como a ""Doutrina Sinatra"" (anos 1980) e a política de Gorbachev alteraram o controle sobre o Leste Europeu?";A Doutrina Sinatra permitiu que os países do bloco soviético seguissem seus próprios caminhos, com a glasnost e perestroika, acelerando a queda do Muro de Berlim e o fim do Pacto de Varsóvia.
"O que foi a ""perestroika"" e a ""glasnost"" e como elas afetaram a política externa soviética?";Perestroika (reestruturação econômica) e glasnost (abertura política) foram reformas de Gorbachev que buscaram modernizar a URSS, mas também permitiram críticas e nacionalismos, levando ao fim da URSS em 1991.
"Qual é a ""Doutrina Primakov"" e como ela define a política externa russa pós-soviética?";É a visão de uma Rússia como uma grande potência euroasiática, com uma política externa multipolar, rejeitando a hegemonia dos EUA e buscando equilíbrio com China, Índia e Europa.
Como a Rússia pós-soviética (Yeltsin) conduziu sua política externa nos anos 1990?;"Inicialmente buscou uma aproximação com o Ocidente (parceria com a OTAN, apoio aos EUA), mas com a expansão da OTAN e as crises nos Bálcãs, adotou uma postura mais assertiva e de defesa de sua ""zona de influência""."
"Qual é a ""Doutrina Putin"" e como ela redefiniu a política externa russa?";Baseia-se na defesa da soberania e da integridade territorial, no fortalecimento do Exército, no uso da energia como arma geopolítica, na oposição à expansão da OTAN e na defesa da multipolaridade.
Como a Rússia vê a OTAN e a expansão para o Leste Europeu e o Cáucaso?;A Rússia vê a expansão da OTAN como uma ameaça direta à sua segurança, violando promessas de não expansão pós-Guerra Fria, e como um cerco geopolítico, especialmente em relação à Ucrânia e Geórgia.
Qual é a política da Rússia em relação à Ucrânia, especialmente após 2014 (Crimeia) e 2022?;"A Rússia anexou a Crimeia em 2014, apoia separatistas no Donbas, e em 2022 lançou uma invasão em larga escala, justificando-se com a ""desnazificação"" e a defesa de russos étnicos, gerando sanções e isolamento."
Como a Rússia justifica sua intervenção na Síria (2015) e qual é seu objetivo?;A Rússia apoia o regime de Assad para manter sua base naval em Tartus, combater o terrorismo (ISIS) e reafirmar-se como potência no Oriente Médio, contrabalançando a influência dos EUA.
Qual é a política da Rússia em relação ao Cáucaso e à Geórgia (guerra de 2008)?;A Rússia reconheceu a independência da Abkházia e da Ossétia do Sul após a guerra de 2008, mantendo tropas nesses territórios, como forma de evitar a adesão da Geórgia à OTAN.
Como a Rússia conduz sua política energética (gás e petróleo) como ferramenta de poder externo?;Utiliza o controle de gasodutos (ex.: Nord Stream, TurkStream) e o fornecimento de gás para pressionar a Europa e a Ucrânia, além de usar a OPEP+ para influenciar os preços do petróleo.
"O que é a ""Doutrina da Segurança Nacional"" russa e quais são suas principais ameaças?";"Define as ameaças à Rússia: expansão da OTAN, interferência estrangeira nos assuntos internos, terrorismo, e degradação ambiental; e prioriza a soberania, o desenvolvimento militar e a estabilidade interna."
"Como a Rússia utiliza as sanções econômicas e a ""guerra híbrida"" como instrumentos de política externa?";Usa sanções contra países (ex.: Ucrânia) e aplica contra-si (embargo alimentar), além de usar desinformação, ataques cibernéticos e interferência eleitoral como parte de sua estratégia híbrida.
Qual é a relação da Rússia com a China no século XXI e como ela se reflete no BRICS?;"A relação é de ""parceria estratégica abrangente"", com cooperação em energia, defesa, tecnologia e coordenação em fóruns (BRICS, ONU, OCS), mas sem aliança formal, com a Rússia buscando equilíbrio com a China."
Como a Rússia vê a Índia e como essa relação afeta sua política externa?;"A Rússia mantém uma ""parceria estratégica privilegiada"" com a Índia, com cooperação militar (ex.: S-400) e nuclear, além do BRICS, sendo uma relação que contrabalança a influência chinesa."
Qual é o papel da Rússia no BRICS e no Novo Banco de Desenvolvimento (NBD)?;A Rússia é membro fundador do BRICS e do NBD, usando esses fóruns para promover a multipolaridade, a desdolarização e a reforma da governança global, especialmente após as sanções ocidentais.
Como a Rússia vê a OCS (Organização de Cooperação de Xangai) e sua expansão?;A Rússia é membro fundador da OCS e vê a organização como um contrapeso à OTAN, promovendo a segurança e a cooperação na Ásia Central, com a expansão para Índia e Paquistão.
Qual é a posição da Rússia sobre a guerra no Oriente Médio, especialmente entre Israel e Palestina?;A Rússia apoia a solução de dois Estados e tem relações com Israel, Irã e países árabes, buscando um papel de mediador, sem alinhamento exclusivo.
Como a Rússia vê o programa nuclear iraniano e o JCPOA?;A Rússia apoiou o JCPOA, mas com a saída dos EUA, aproximou-se do Irã (cooperação nuclear e militar), usando o tema como contraponto à influência americana na região.
Qual é a política da Rússia em relação à Coreia do Norte e seu programa nuclear?;A Rússia apoia a desnuclearização, mas critica as sanções unilaterais, mantendo relações diplomáticas e econômicas com a Coreia do Norte, e usa o tema para negociar com os EUA.
"Como a Rússia lida com a ""migração"" e os refugiados (ex.: da Síria, Ucrânia) como questão de segurança?";A Rússia usou a migração como arma híbrida (ex.: fronteira com a Polônia, Finlândia), e acolheu refugiados ucranianos, mas com controle rigoroso e uso político do tema.
"Qual é a visão da Rússia sobre a ""intervenção humanitária"" e a R2P (Responsabilidade de Proteger)?";A Rússia é crítica da R2P, vendo-a como uma justificativa para intervenções ocidentais (ex.: Líbia), e defende a não intervenção e o respeito à soberania, usando seu veto no CS da ONU para bloquear ações.
Como a Rússia conduz sua política no Ártico (recursos, rotas, militarização)?;A Rússia reivindica vasta plataforma continental, investe na Rota do Mar do Norte, e militariza a região (bases, exercícios), mas também coopera com outros países árticos (Conselho do Ártico).
"Qual é a importância do ""Conselho do Ártico"" para a Rússia e como a Ucrânia afetou essa cooperação?";O Conselho do Ártico foi um fórum de cooperação, mas após a invasão da Ucrânia, a cooperação foi suspensa, e a Rússia passou a atuar unilateralmente na região.
"Como a Rússia vê a ""Antártida"" e o Tratado da Antártida?";A Rússia é signatária do Tratado da Antártida, com bases de pesquisa, e defende a demilitarização e a liberdade de pesquisa científica, sem reivindicações territoriais oficiais.
Qual é a relação da Rússia com a América Latina e o Caribe na política externa contemporânea?;A Rússia busca ampliar sua influência na região, com acordos de defesa (Venezuela, Nicarágua), comércio (Brasil, Argentina), e cooperação técnica, como contrapeso aos EUA.
"Como a Rússia vê a ""crise venezuelana"" e qual é sua posição?";A Rússia apoia o regime de Maduro, com ajuda financeira, militar e diplomática, opondo-se a sanções e intervenções, e defendendo uma solução negociada sem imposições.
Qual é a relação da Rússia com Cuba no pós-Guerra Fria e como ela evoluiu?;A Rússia mantém relações próximas com Cuba, com acordos de cooperação econômica, militar e energética, além de perdão de dívidas, sendo um símbolo da presença russa na região.
"Como a Rússia vê a ""integração sul-americana"" (MERCOSUL, UNASUL) e a liderança brasileira?";Com interesse, pois vê o Brasil como um parceiro chave no BRICS e um contrapeso aos EUA, mas sem envolvimento ativo na integração regional, preferindo relações bilaterais.
"Qual é o papel da Rússia no ""Conselho de Segurança da ONU"" e como ela usa seu veto?";A Rússia usa seu veto para bloquear ações que considera intervencionistas ou contra seus interesses (ex.: Síria, Venezuela, Ucrânia), defendendo a soberania e a não interferência.
"Como a Rússia lida com a ""propaganda"" e as ""notícias falsas"" como ferramentas de política externa?";A Rússia usa a RT (Russia Today) e a Sputnik para difundir sua visão, além de operações de desinformação e influência em redes sociais, visando polarizar sociedades ocidentais.
"Qual é a visão da Rússia sobre a ""Ordem Mundial Baseada em Regras"" defendida pelo Ocidente?";A Rússia rejeita essa noção, que vê como um instrumento de dominação ocidental, e defende um sistema multipolar baseado na soberania e no equilíbrio de poder.
"Como a Rússia conduz a ""diplomacia do gás"" e a construção de gasodutos (ex.: Nord Stream 1 e 2)?";A Rússia usa gasodutos para abastecer a Europa e criar dependência, mas também como arma política (suspensão de fornecimento), gerando tensões com a Ucrânia e a UE.
"Qual é a posição da Rússia sobre a ""transição energética"" e as energias renováveis?";A Rússia é um grande produtor de petróleo e gás, e tem interesse em manter esses mercados, mas também investe em hidrogênio e energia nuclear, embora de forma limitada.
"Como a Rússia vê a ""governança da internet"" e a ""cibersegurança""?";"A Rússia defende a ""cibersoberania"", com leis que exigem dados em servidores russos, e critica o domínio dos EUA na governança da internet, promovendo a participação de outros países."
"Qual é a política da Rússia em relação à ""desdolarização"" e ao uso de moedas locais?";A Rússia busca reduzir a dependência do dólar, usando o yuan, o rublo e outros ativos (ouro, criptomoedas) no comércio, e criando mecanismos de pagamento alternativos (SPFS).
"Como a Rússia lida com a ""economia de sanções"" e o isolamento financeiro após 2022?";A Rússia adotou contramedidas, como o controle de capitais, a obrigação de conversão de divisas, a busca de mercados alternativos (China, Índia) e a economia de guerra.
Qual é a relação da Rússia com a África e como ela expande sua influência?;A Rússia tem acordos de defesa, mineração, energia e nuclear (ex.: Sudão, Argélia, Nigéria), e sediou a primeira Cúpula Rússia-África em 2019, buscando influência pós-soviética.
"Como a Rússia vê a ""China"" como parceira estratégica e suas áreas de cooperação?";"Como uma parceria ""sem limites"", com cooperação em energia (gasoduto Power of Siberia), tecnologia, defesa (exercícios conjuntos) e coordenação em fóruns como a OCS e o BRICS."
"Qual é a visão da Rússia sobre a ""Índia"" e a rivalidade com a China?";"A Rússia vê a Índia como um parceiro tradicional e uma forma de equilibrar a China, com cooperação militar (S-400, BrahMos) e nuclear, mantendo uma relação de ""triângulo estratégico""."
"Como a Rússia lida com a ""Turquia"" e suas relações complexas (Síria, Cáucaso, gás)?";A Rússia mantém uma relação de cooperação-conflito com a Turquia: parceira em energia (gasoduto TurkStream) e comércio, mas com divergências na Síria, Líbia e Nagorno-Karabakh.
"Qual é a política da Rússia em relação ao ""Cáucaso do Sul"" (Armênia, Azerbaijão, Geórgia)?";A Rússia mantém influência na Armênia (base militar) e mediação no conflito de Nagorno-Karabakh, mas vê a Geórgia como adversária, e usa a paz como forma de manter presença na região.
"Como a Rússia vê a ""Ásia Central"" (Cazaquistão, Quirguistão, etc.) e sua influência pós-soviética?";"A Rússia vê a Ásia Central como sua ""zona de influência"" exclusiva, com a OCS e a EAEU (União Econômica Eurasiana) como instrumentos de integração, e reage com firmeza a interferências externas."
"Qual é a importância da ""EAEU"" (União Econômica Eurasiana) para a política externa russa?";É o projeto de integração econômica da Rússia (com Bielorrússia, Cazaquistão, Armênia, Quirguistão), visando criar um mercado comum e contrabalançar a influência da China e da UE.
"Como a Rússia vê a ""expansão da OTAN"" e quais são suas ""linhas vermelhas""?";"A Rússia considera a adesão da Ucrânia e da Geórgia à OTAN como ""linhas vermelhas"", pois as vê como uma ameaça à segurança nacional, justificando ações militares para evitar a adesão."
"Qual é o papel da ""indústria de defesa"" russa (exportação de armas) na política externa?";A Rússia é o segundo maior exportador de armas, usando a venda de equipamentos (S-400, Su-35, tanques) para forjar alianças (Índia, China, Turquia, Argélia) e pressionar países ocidentais.
"Como a Rússia conduz a ""diplomacia nuclear"" e a modernização de seu arsenal?";A Rússia mantém um enorme arsenal nuclear, que está sendo modernizado (Sarmat, hypersonic missiles), e usa a dissuasão nuclear como pilar de sua segurança, com ameaças em momentos de crise.
"Qual é a posição da Rússia sobre o ""Tratado de Não Proliferação Nuclear"" (TNP)?";A Rússia é signatária e defensor do TNP, mas critica o desequilíbrio entre as potências nucleares, e usa as negociações de desarmamento como contrapeso às iniciativas dos EUA.
"Como a Rússia lida com a ""desinformação"" e a interferência em eleições estrangeiras (ex.: EUA, Europa)?";"A Rússia é acusada de usar trolls, bots e hacking para influenciar eleições e polarizar sociedades, o que nega, mas que faz parte de sua estratégia de ""guerra híbrida""."
"Qual é a política da Rússia em relação ao ""Judiciário Internacional"" (CPI, CIJ)?";A Rússia não reconhece a jurisdição da CPI (não ratificou o Estatuto de Roma) e critica a politização da justiça internacional, usando seu veto para proteger seus aliados.
"Como a Rússia vê a ""União Europeia"" e sua relação pós-2014 (sanções, dependência energética)?";A Rússia vê a UE como um ator político e econômico, mas com relações tensas devido a sanções e à invasão da Ucrânia, embora mantenha a dependência energética da UE.
"Qual é a relação da Rússia com a ""Alemanha"" e como a guerra na Ucrânia a afetou?";A Rússia tinha uma forte relação energética com a Alemanha (Nord Stream), mas a guerra degradou a relação, com a Alemanha apoiando sanções e o rearmamento europeu.
"Como a Rússia vê a ""França"" e o papel de Macron como mediador?";A Rússia vê a França como um interlocutor importante na Europa, com histórico de diálogo (ex.: Normandia), mas as divergências sobre Ucrânia e Síria limitam a cooperação.
"Qual é a posição da Rússia sobre a ""saída do Reino Unido"" da UE (Brexit) e seu impacto?";A Rússia vê o Brexit como um enfraquecimento da UE, mas também como uma oportunidade para relações bilaterais com o Reino Unido, embora tensas devido a envenenamentos e espionagem.
"Como a Rússia lida com a ""diplomacia pública"" e a projeção de sua cultura (língua, ortodoxia)?";"A Rússia usa a língua russa, a Igreja Ortodoxa Russa, e instituições como a Rossotrudnichestvo para projetar soft power, especialmente na ""zona pós-soviética""."
"Qual é o papel da ""Igreja Ortodoxa Russa"" na política externa russa?";"A Igreja atua como uma ferramenta de soft power, especialmente na Ucrânia, Bielorrússia e países balcânicos, apoiando a narrativa de ""mundo russo"" e a defesa dos valores tradicionais."
"Como a Rússia vê a ""Bielorrússia"" e a integração (Estado da União)?";"A Rússia mantém uma relação de ""Estado da União"" com a Bielorrússia, com integração econômica e militar, e usou a Bielorrússia como base para a invasão da Ucrânia em 2022."
"Qual é a política da Rússia em relação à ""Moldávia"" e à Transnístria?";A Rússia apoia a região separatista da Transnístria, com tropas de paz, e vê a Moldávia como um país de influência romena e ocidental, usando a questão para manter pressão.
"Como a Rússia lida com a ""questão dos compatriotas"" (russos étnicos no exterior) como política externa?";"A Rússia usa a defesa dos ""compatriotas"" como justificativa para intervenções (ex.: Ucrânia, Geórgia), e oferece passaportes e proteção a russos étnicos nos países vizinhos."
"Qual é a visão da Rússia sobre o ""futuro do sistema internacional"" e a multipolaridade?";A Rússia defende um sistema multipolar, com a ascensão de China, Índia e Brasil, e o fim da hegemonia dos EUA, com instituições internacionais reformadas e mais representativas.
Como a Rússia e o Brasil cooperam no âmbito do BRICS e do G20?;Coordenam posições sobre reforma financeira, desenvolvimento, comércio, e se opõem a sanções unilaterais, mas com diferentes prioridades (Brasil foca em clima, Rússia em segurança).
"Qual é a importância do ""diálogo estratégico"" Brasil-Rússia na política externa bilateral?";É um mecanismo de consultas de alto nível para alinhar posições em temas multilaterais e bilaterais, incluindo defesa, energia e tecnologia, desde 2006.
"Como a Rússia vê o Brasil como ""parceiro agrícola"" e no comércio de fertilizantes?";A Rússia é um dos principais fornecedores de fertilizantes para o Brasil, e vê o Brasil como um mercado estratégico, além de um parceiro para discutir segurança alimentar.
"Qual é a cooperação Brasil-Rússia em ""energia nuclear"" (usinas, enriquecimento)?";Há acordos de cooperação em tecnologia nuclear (ex.: enriquecimento de urânio, construção de usinas), mas com limitações devido a salvaguardas e ao TNP.
"Como a Rússia vê a ""questão ambiental"" e a Amazônia, em comparação com o Ocidente?";A Rússia não pressiona o Brasil sobre a Amazônia e vê a crítica ocidental como hipocrisia, dada a própria pegada ecológica russa, e apoia a soberania brasileira.
"Qual é a cooperação Brasil-Rússia em ""defesa"" e ""indústria militar"" (ex.: helicópteros, mísseis)?";Há acordos de cooperação em defesa (incluindo a compra de helicópteros, sistemas antiaéreos e a cooperação no programa de submarinos), mas limitada pela dependência de tecnologia ocidental.
"Como a Rússia vê a ""política externa independente"" do Brasil e sua relação com os EUA?";Com simpatia, pois a Rússia também busca autonomia, e vê o Brasil como um contrapeso aos EUA no hemisfério, mas com cautela quanto ao alinhamento brasileiro em sanções.
"Qual é o papel do ""Acordo de Cooperação em Biotecnologia"" Brasil-Rússia?";Há acordos de cooperação em pesquisa e produção de vacinas e medicamentos, com troca de tecnologia e parcerias entre institutos públicos.
"Como a Rússia vê a ""integração sul-americana"" e o MERCOSUL, e como isso afeta o Brasil?";A Rússia vê o MERCOSUL como um parceiro comercial, mas não como um bloco geopolítico, preferindo acordos bilaterais, especialmente com o Brasil.
"Qual é a posição da Rússia sobre a ""reforma do Conselho de Segurança da ONU"" e o assento brasileiro?";A Rússia apoia a ampliação do CS, mas com cautela, e apoia o assento do Brasil, Índia e África do Sul, como parte de sua estratégia de multipolaridade.
"Como a Rússia lida com a ""crise migratória"" na Europa e o fluxo de refugiados (ex.: da Síria)?";A Rússia usou a migração como arma híbrida (ex.: na fronteira com a Polônia) e critica a política de asilo europeia, enquanto acolhe refugiados ucranianos e sírios de forma seletiva.
"Qual é a cooperação Brasil-Rússia em ""ciência e tecnologia"" (ex.: espaço, internet)?";Há acordos de cooperação em pesquisa espacial (satélites), em cibersegurança e em inovação, mas com limitações devido a sanções e restrições de transferência de tecnologia.
"Como a Rússia vê a ""diplomacia da saúde"" e a cooperação com o Brasil (ex.: COVID-19)?";A Rússia ofereceu sua vacina Sputnik V ao Brasil, e houve cooperação técnica, mas com atritos sobre aprovação regulatória e eficácia.
"Qual é a posição da Rússia sobre a ""exploração de petróleo"" na margem equatorial e a disputa com a Guiana?";A Rússia não tem posição ativa, mas apoia a exploração por empresas russas e a cooperação com o Brasil em prospecção, sem se envolver nas delimitações.
"Como a Rússia vê a ""presença chinesa"" no Brasil e na América do Sul?";Com interesse, pois a Rússia também quer expandir sua influência, mas vê a China como um concorrente em alguns setores (energia, defesa) e um parceiro em outros (BRICS).
"Qual é a importância do ""Diálogo sobre Defesa"" Brasil-Rússia para a relação bilateral?";É um mecanismo para coordenar posições sobre segurança regional e global, e para discutir a cooperação na indústria de defesa, incluindo a transferência de tecnologia.
"Como a Rússia vê a ""questão das Malvinas"" e a reivindicação argentina?";A Rússia apoia a reivindicação argentina, como parte de sua política de apoio a países em desenvolvimento contra potências ocidentais, mas sem confronto direto com o Reino Unido.
"Qual é a posição da Rússia sobre a ""crise na Nicarágua"" e a repressão a opositores?";A Rússia apoia o governo Ortega, com cooperação militar e econômica, e critica as sanções ocidentais, vendo a Nicarágua como um aliado na região.
"Como a Rússia e o Brasil cooperam em ""agricultura"" (soja, carnes, fertilizantes) e segurança alimentar?";"O Brasil importa fertilizantes russos e exporta soja e carnes; há diálogo sobre segurança alimentar e comércio, mas sem acordos de integração produtiva."
"Qual é a visão da Rússia sobre o ""futuro do MERCOSUL"" e a relação com a Aliança do Pacífico?";A Rússia não tem preferência, mas vê o MERCOSUL como um parceiro comercial, enquanto a Aliança do Pacífico é menos relevante para os interesses russos.
"Como a Rússia lida com a ""diplomacia do clima"" e o Acordo de Paris, e como isso afeta o Brasil?";"A Rússia ratificou o Acordo de Paris, mas é menos ativa que o Brasil em clima; há cooperação em pesquisas, mas sem metas conjuntas ou financiamento significativo."
"Qual é a posição da Rússia sobre a ""reforma do sistema financeiro global"" e o papel do BRICS?";A Rússia defende uma reforma que dê mais poder aos emergentes, e usa o BRICS e o NBD para criar alternativas ao FMI e ao Banco Mundial.
"Como a Rússia vê a ""política de defesa"" do Brasil e a compra de equipamentos europeus (ex.: Gripen)?";A Rússia vê o Brasil como um mercado para equipamentos militares (ex.: sistemas antiaéreos) e compete com a Europa, mas respeita as escolhas brasileiras.
"Qual é a cooperação Brasil-Rússia em ""luta contra o terrorismo"" e o crime transnacional?";Há acordos de cooperação policial e de inteligência, com troca de informações e operações conjuntas, especialmente contra o tráfico de drogas e armas.
"Como a Rússia vê a ""indústria de defesa brasileira"" (Embraer, submarinos) e a exportação para terceiros?";A Rússia vê o Brasil como um concorrente em aeronaves (KC-390) e em tecnologias navais, mas também como um parceiro para projetos conjuntos.
"Qual é a posição da Rússia sobre a ""internacionalização da Amazônia"" e a gestão ambiental?";A Rússia apoia a soberania brasileira e critica a pressão ocidental, vendo o tema como uma ingerência nos assuntos internos do Brasil.
"Como a Rússia e o Brasil cooperam em ""educação"" e intercâmbio acadêmico (ex.: bolsas de estudo)?";Há acordos de cooperação universitária e bolsas de estudo para brasileiros na Rússia, especialmente em áreas técnicas, mas com número limitado de intercâmbios.
"Qual é a visão da Rússia sobre o ""futuro da relação Brasil-Rússia"" no contexto de sanções e multipolaridade?";Como uma parceria estratégica que deve se aprofundar, especialmente em BRICS, energia, defesa e comércio de fertilizantes, com potencial para crescer apesar das pressões externas.
;
;
Qual é a principal motivação histórica para o interesse do Brasil na África?;A herança cultural e étnica afro-brasileira, a busca por apoio diplomático em fóruns internacionais (especialmente para a reforma da ONU) e o acesso a mercados e recursos energéticos.
Como o tráfico negreiro e a herança colonial conectaram o Brasil à África Ocidental e Central?;O Brasil foi o maior importador de escravizados da África, criando laços culturais, religiosos e econômicos com regiões como Angola, Congo, Costa da Mina e Guiné, que perduram na identidade brasileira.
Qual foi a posição brasileira em relação à independência das colônias africanas (anos 1950-60)?;O Brasil apoiou a descolonização e a autodeterminação dos povos africanos, votando a favor na ONU, mas com cautela para não antagonizar as potências coloniais (Portugal, França, Reino Unido).
Como o Brasil lidou com a questão do apartheid na África do Sul e a independência de Angola e Moçambique?;O Brasil condenou o apartheid, mas manteve relações econômicas com a África do Sul até os anos 1980, e reconheceu a independência de Angola e Moçambique em 1975, sendo um dos primeiros a fazê-lo.
Qual foi o papel do Brasil no apoio aos movimentos de libertação africanos (ex.: MPLA, PAIGC)?;O Brasil forneceu apoio diplomático e, em alguns casos, treinamento e armas a movimentos como o MPLA (Angola) e o PAIGC (Guiné-Bissau), embora de forma menos ativa que Cuba e a URSS.
"Em que consistiu a ""política africana"" do Brasil durante o governo Geisel (1974-1979)?";"Foi uma aproximação sistemática com a África, com a abertura de embaixadas, cooperação técnica, comércio e apoio à descolonização, como parte do ""pragmatismo ecumênico"" e da busca por votos na ONU."
Como o Brasil justificou sua aproximação com a África durante a ditadura militar?;"Como uma estratégia de ""autonomia"" e ""diversificação de parceiros"", mas também como uma forma de obter apoio para a vaga no Conselho de Segurança da ONU e para a candidatura à presidência da ONU."
"Qual foi a importância da ""Cooperação Técnica"" brasileira na África (ex.: EMBRAPA, Fiocruz)?";O Brasil transferiu tecnologia agrícola (EMBRAPA), saúde (Fiocruz) e educação (formação de professores) para países africanos, como um pilar da cooperação Sul-Sul e do soft power brasileiro.
Como a Agência Brasileira de Cooperação (ABC) atua na África?;A ABC gerencia projetos de cooperação técnica em agricultura, saúde, educação, energia e meio ambiente, com foco em países lusófonos e na diáspora africana, sem condicionalidades.
Qual é o papel do Brasil na Comunidade dos Países de Língua Portuguesa (CPLP) em relação à África?;O Brasil usa a CPLP para fortalecer laços com os países lusófonos africanos (Angola, Moçambique, Cabo Verde, Guiné-Bissau, São Tomé e Príncipe), promovendo a cooperação cultural, educacional e econômica.
Como o Brasil vê a integração regional na África (UA, CEDEAO, SADC) e sua relação com esses blocos?;O Brasil apoia a integração africana e mantém diálogos com a União Africana e com blocos sub-regionais, buscando acordos de cooperação e comércio, mas sem adesão a tratados de integração.
"Qual é a importância da ""diplomacia da saúde"" brasileira na África (ex.: combate ao HIV, malária)?";O Brasil fornece medicamentos, transferência de tecnologia para produção de genéricos e capacitação de profissionais, sendo um parceiro respeitado na saúde pública africana.
"Como o Brasil coopera com a África em ""agricultura e segurança alimentar"" (ex.: Programa Mais Alimentos)?";O Brasil transfere tecnologia de cultivo (soja, milho, feijão), promove a agricultura familiar e o programa de aquisição de alimentos, como parte da cooperação técnica em segurança alimentar.
"Qual é o papel do Brasil na ""diplomacia da soja"" e do agronegócio na África?";O Brasil investe em pesquisa agrícola (EMBRAPA), vende tecnologia e sementes, e estabelece parcerias para aumentar a produtividade, especialmente na África subsaariana.
"Como o Brasil e a África cooperam em ""energia renovável"" (ex.: biocombustíveis, solar)?";O Brasil transfere tecnologia de biocombustíveis (etanol, biodiesel) e energia solar para países africanos, promovendo a transição energética e a redução da dependência de combustíveis fósseis.
"Qual é a posição brasileira sobre a ""reforma do Conselho de Segurança da ONU"" e o assento africano?";O Brasil apoia a inclusão de países africanos (África do Sul, Nigéria, Egito) como membros permanentes ou rotativos, como parte de uma reforma abrangente e de sua estratégia de aliança com o continente.
"Como o Brasil vê a ""União Africana"" e seu papel na governança global?";O Brasil reconhece a União Africana como um interlocutor legítimo e apoia sua participação no G20 e em fóruns globais, como parte do fortalecimento do Sul Global.
"Qual é a importância do ""Fórum de Diálogo Brasil-África"" e como ele evoluiu?";"Criado em 2010, o fórum reúne líderes brasileiros e africanos para discutir cooperação em comércio, agricultura, saúde e energia; teve várias edições, mas perdeu impulso após 2016."
"Como o Brasil lida com a ""dívida externa"" dos países africanos e a cooperação financeira?";O Brasil não é um grande credor, mas participa do alívio da dívida por meio do Clube de Paris e de acordos bilaterais, com foco em cooperação técnica, não em empréstimos.
"Qual é a posição brasileira sobre a ""exploração de recursos naturais"" na África (petróleo, minérios)?";O Brasil apoia a soberania africana sobre seus recursos e busca parcerias (Petrobras, Vale) para exploração, com ênfase em investimentos sustentáveis e transferência de tecnologia.
Como a Petrobras atua na África e qual sua importância para a relação Brasil-África?;A Petrobras tem investido em exploração de petróleo e gás na África (Angola, Nigéria, Moçambique), sendo uma das principais empresas brasileiras no continente, além de transferir tecnologia de biocombustíveis.
Qual é o papel da Vale na África (ex.: Moçambique, Angola) e como isso afeta a relação bilateral?;A Vale tem investimentos em mineração (carvão em Moçambique, ferro em Angola) e logística, contribuindo para a presença econômica brasileira e a cooperação em infraestrutura.
"Como o Brasil coopera com a África em ""educação"" e ""formação profissional"" (ex.: bolsas, universidades)?";O Brasil oferece bolsas de estudo (PEC-G) para estudantes africanos, e apoia a criação de centros de formação profissional e universidades (ex.: Universidade Federal da Integração Luso-Afro-Brasileira).
"Qual é a importância do ""Programa de Estudantes-Convênio de Graduação"" (PEC-G) para a relação com a África?";O PEC-G oferece bolsas de estudo a estudantes de países em desenvolvimento, com grande número de africanos, especialmente lusófonos, fortalecendo os laços educacionais e culturais.
"Como o Brasil e a África cooperam em ""ciência e tecnologia"" (ex.: biotecnologia, satélites)?";Há acordos de cooperação em pesquisa, com destaque para a biotecnologia (EMBRAPA), a medicina tropical (Fiocruz) e a exploração espacial (CBERS, com a China, envolvendo a África).
"Qual é a posição brasileira sobre o ""conflito no Saara Ocidental"" e a autodeterminação?";O Brasil apoia o direito à autodeterminação do povo saaraui e uma solução pacífica negociada, mas mantém relações com Marrocos, equilibrando interesses comerciais e princípios.
"Como o Brasil vê a ""crise no Corno de África"" (Somália, Etiópia, Sudão) e a atuação da UA?";O Brasil apoia os esforços de paz da UA e da ONU (AMISOM, UNAMID) e oferece cooperação humanitária, mas sem envolvimento militar direto, limitando-se a doações e assistência técnica.
"Qual é a posição brasileira sobre o ""conflito na Nigéria"" (Boko Haram) e o terrorismo na África?";O Brasil condena o terrorismo, oferece cooperação em inteligência e apoio a operações de paz, mas não tem tropas ou envolvimento ativo, limitando-se à assistência humanitária.
"Como o Brasil vê a ""questão da pirataria"" no Golfo da Guiné e no Corno de África?";O Brasil participa de exercícios navais e de cooperação com a Marinha da África do Sul e de outros países, para proteger o comércio marítimo, mas sem uma operação permanente.
"Qual é o papel do Brasil na ""cooperação em defesa"" com países africanos (ex.: exercícios, treinamento)?";O Brasil realiza exercícios navais (ex.: com a África do Sul), treinamento de oficiais e cooperação em vigilância marítima, especialmente com países lusófonos e da costa atlântica.
"Como o Brasil vê a ""Zona de Paz e Cooperação do Atlântico Sul"" (ZOPACAS) e o papel da África?";A ZOPACAS inclui países africanos (Angola, Nigéria, África do Sul, etc.) e é um fórum importante para a cooperação Brasil-África em segurança marítima, desnuclearização e meio ambiente.
"Qual é a importância da ""ZOPACAS"" para a relação Brasil-África no Atlântico Sul?";A ZOPACAS é o principal fórum de cooperação entre Brasil e África no Atlântico, tratando de temas como pesca, navegação, recursos minerais e defesa, com reuniões ministeriais.
"Como o Brasil lida com a ""migração africana"" para o Brasil (ex.: senegaleses, angolanos)?";O Brasil mantém políticas de acolhimento, com vistos humanitários e programas de interiorização, e coopera com países de origem para gestão migratória, em linha com a tradição brasileira.
"Qual é a posição brasileira sobre a ""dívida dos países africanos"" e o papel do FMI e do Banco Mundial?";O Brasil defende a renegociação da dívida e a criação de mecanismos de alívio, mas sem uma posição própria, seguindo as diretrizes do G20 e do Clube de Paris.
Como o Brasil e a África do Sul cooperam no âmbito do BRICS e do IBSA?;São parceiros no BRICS (com China, Índia, Rússia) e no Fórum IBSA (Índia-Brasil-África do Sul), coordenando posições sobre reforma da governança global, comércio e desenvolvimento.
"Qual é a importância do ""Fórum IBSA"" para a relação Brasil-África?";O IBSA é um fórum de coordenação política e de cooperação técnica entre Índia, Brasil e África do Sul, que beneficia a África com projetos de desenvolvimento, mas está menos ativo atualmente.
"Como o Brasil vê a ""África do Sul"" como parceiro estratégico na África Austral?";A África do Sul é a maior economia da África e um parceiro-chave para o Brasil no BRICS e na ZOPACAS, com cooperação em comércio, mineração, energia e ciência.
Qual é a cooperação Brasil-Angola e por que Angola é um parceiro prioritário?;Angola é o maior parceiro lusófono na África, com investimentos da Petrobras, Vale e construção civil, além de cooperação em saúde (Fiocruz) e agricultura (EMBRAPA).
"Como o Brasil vê a ""Moçambique"" e sua cooperação em agricultura e energia?";O Brasil coopera em agricultura (ProSAVANA), com a Vale em mineração e em energia (hidrelétrica de Cahora Bassa), e tem laços históricos e culturais com o país.
"Qual é a posição brasileira sobre a ""crise em Moçambique"" (insurgência em Cabo Delgado) e a atuação da SADC?";O Brasil apoia os esforços da SADC (Comunidade para o Desenvolvimento da África Austral) e da UA, e oferece assistência humanitária, mas sem envolvimento militar direto.
"Como o Brasil coopera com a ""Guiné-Bissau"" e a estabilização política do país?";O Brasil apoia a estabilização da Guiné-Bissau com cooperação técnica em segurança, saúde e educação, e participa da mediação política na CPLP e na UA.
"Qual é o papel do Brasil na ""Comunidade dos Países de Língua Portuguesa"" (CPLP) em relação à paz na Guiné-Bissau?";O Brasil atua na CPLP para promover o diálogo político, a reforma do setor de defesa e a cooperação técnica, sendo um dos principais doadores para a estabilização do país.
"Como o Brasil vê a ""Cabo Verde"" e sua parceria em energia renovável e turismo?";Cabo Verde é parceiro em energia renovável (solar, eólica) e turismo, com cooperação na formação de profissionais e no desenvolvimento de infraestrutura.
Qual é a cooperação Brasil-São Tomé e Príncipe em saúde, educação e pesca?;Há cooperação em pesca, saúde (combate à malária) e educação, com bolsas e capacitação de professores, além de acordos de comércio.
"Como o Brasil vê a ""Nigéria"" como parceiro econômico e diplomático na África Ocidental?";A Nigéria é a maior economia da África e um parceiro para o Brasil em comércio (petróleo, manufaturados) e na coordenação em fóruns como a ZOPACAS e a UA.
"Qual é a posição brasileira sobre a ""crise no Sudão"" e a secessão do Sudão do Sul?";O Brasil reconheceu a independência do Sudão do Sul e apoia os esforços de paz da UA e da ONU, oferecendo assistência humanitária e cooperação em agricultura.
"Como o Brasil vê a ""Etiópia"" e a construção da barragem de Grand Renaissance?";O Brasil não tem posição sobre a barragem, mas oferece cooperação técnica em energia e agricultura, respeitando a soberania do Egito, Sudão e Etiópia sobre o Nilo.
"Qual é a importância da ""cooperação em biocombustíveis"" entre Brasil e África (ex.: etanol de cana)?";O Brasil transfere tecnologia de etanol de cana e biodiesel para países africanos (ex.: Moçambique, Angola, Etiópia), promovendo a substituição de importações e o desenvolvimento rural.
"Como o Brasil vê a ""integração infraestrutural"" na África (ex.: corredores de transporte) e a participação brasileira?";O Brasil apoia a integração regional e participa de projetos de infraestrutura (estradas, portos, ferrovias) por meio de empresas como a Vale e a Odebrecht (agora Novonor), mas com escopo limitado.
"Qual é a posição brasileira sobre a ""exploração de lítio"" na África (ex.: Zimbábue, RD Congo) e a transição energética?";O Brasil vê a África como um fornecedor estratégico de lítio e outros minerais para a indústria de baterias, e busca parcerias para a mineração sustentável.
"Como o Brasil coopera com a África em ""gestão de resíduos"" e ""economia circular""?";Há projetos de cooperação técnica em gestão de resíduos e reciclagem, com transferência de tecnologias brasileiras para cidades africanas.
"Qual é o papel do Brasil na ""diplomacia da água"" e na gestão de bacias hidrográficas na África?";O Brasil compartilha sua experiência em gestão de bacias (ex.: Bacia do Prata, Amazônica) com países africanos, especialmente na bacia do Nilo e do Zambeze, por meio de cooperação técnica.
"Como o Brasil vê a ""África Oriental"" e a costa do Índico (Quênia, Tanzânia) como parceiros comerciais?";O Brasil tem relações comerciais modestas, com foco em carnes, açúcar e máquinas, e busca expandir a cooperação em agricultura e energia com esses países.
"Qual é a posição brasileira sobre a ""reforma da União Africana"" e o papel da UA no G20?";O Brasil apoia a inclusão da UA como membro permanente do G20 e defende o fortalecimento da UA como instituição de governança continental.
"Como o Brasil e a África cooperam em ""intelecção e inteligência artificial"" e inovação tecnológica?";Há acordos de cooperação em pesquisa e desenvolvimento de IA, com foco em agricultura de precisão, saúde e educação, mas em estágio inicial.
"Qual é a importância da ""diplomacia cultural"" brasileira na África (ex.: música, capoeira, telenovelas)?";O Brasil utiliza a cultura (capoeira, samba, telenovelas) para criar soft power e proximidade, promovendo a imagem de um país diverso e acolhedor para os africanos.
"Como o Brasil vê a ""religião"" e a ""diáspora africana"" como elementos de política externa?";O Brasil reconhece a influência das religiões de matriz africana (candomblé, umbanda) e da diáspora como pontes culturais e diplomáticas, promovendo o diálogo inter-religioso.
"Qual é a posição brasileira sobre a ""reparação histórica"" e o tráfico negreiro em relação à África?";O Brasil reconhece o legado do tráfico negreiro e promove políticas de valorização da cultura afro-brasileira, mas não adota uma política oficial de reparações, concentrando-se na cooperação atual.
"Como o Brasil vê a ""crise dos refugiados"" na África (ex.: Sudão, Sahel) e a ajuda humanitária?";O Brasil doa recursos para agências da ONU (ACNUR, PMA) e oferece cooperação técnica, mas não aceita refugiados africanos em grande número, limitando-se a vistos humanitários.
"Qual é a posição brasileira sobre a ""paz e segurança"" na África (ex.: operações de paz da UA)?";O Brasil apoia as operações de paz da UA e da ONU, e contribui financeiramente, mas não envia tropas, preferindo cooperação técnica e apoio logístico.
"Como o Brasil coopera com a África em ""desminagem"" e remoção de minas terrestres?";O Brasil participa de programas de desminagem (ex.: em Angola, Moçambique) com treinamento e equipamentos, como parte da cooperação em defesa e ajuda humanitária.
"Qual é a importância da ""cooperação em pesca"" entre Brasil e África (Atlântico Sul)?";Há acordos de cooperação em pesca sustentável, com compartilhamento de dados, treinamento e combate à pesca ilegal, no âmbito da ZOPACAS e da FAO.
"Como o Brasil vê a ""presença chinesa"" na África e a competição com o Brasil?";O Brasil vê a China como um concorrente em comércio, infraestrutura e influência, mas também como um parceiro em projetos multilaterais, e busca nichos (cooperação técnica, cultura).
"Qual é a posição brasileira sobre a ""dívida da África"" com a China e o risco de dependência?";O Brasil não tem posição oficial, mas defende a transparência e a sustentabilidade da dívida, e oferece a cooperação técnica como uma alternativa menos onerosa.
"Como o Brasil vê a ""presença dos EUA"" na África (AFRICOM) e sua relação com o continente?";O Brasil respeita a presença dos EUA, mas defende a autonomia africana e a não militarização do continente, preferindo a cooperação técnica e o diálogo político.
"Qual é a posição brasileira sobre a ""exploração de petróleo"" na África Oriental (ex.: Uganda, Quênia)?";O Brasil vê a exploração como uma oportunidade para a Petrobras e para a cooperação energética, mas com preocupações ambientais e sociais.
"Como o Brasil coopera com a África em ""energia nuclear"" (usinas, pesquisa)?";Há acordos de cooperação em pesquisa nuclear (medicina, agricultura) e em construção de usinas (ex.: Angola, África do Sul), mas com restrições de salvaguardas.
"Qual é o papel do ""Banco de Desenvolvimento da África Austral"" (DBSA) e a participação brasileira?";O Brasil não é membro, mas colabora com o DBSA em projetos de infraestrutura e energia, por meio de parcerias público-privadas e de financiamento do BNDES.
"Como o Brasil vê a ""integração energética"" na África Austral (SADC) e o papel de Moçambique?";O Brasil apoia a integração energética e participa de projetos de gás (Moçambique) e hidrelétricas, como parte da cooperação com a SADC.
"Qual é a posição brasileira sobre a ""crise na República Democrática do Congo"" (RDC) e a exploração de minerais?";O Brasil apoia a estabilização da RDC, oferece cooperação em saúde e agricultura, e vê a RDC como um parceiro para minérios (cobalto, cobre) e para a paz.
"Como o Brasil vê a ""África do Norte"" (Egito, Marrocos, Argélia) e suas relações comerciais?";O Brasil tem relações comerciais com os países do Magrebe, com exportação de carnes, açúcar e manufaturados, e importação de fertilizantes (Marrocos) e petróleo (Argélia).
"Qual é a posição brasileira sobre a ""questão do Saara Ocidental"" e a mediação da UA?";O Brasil apoia a mediação da UA e a autodeterminação, mas mantém relações com Marrocos, equilibrando interesses comerciais e princípios, sem reconhecer a anexação.
"Como o Brasil coopera com a ""África do Norte"" em ""energia renovável"" (solar, eólica)?";Há projetos de cooperação em energia solar e eólica, com transferência de tecnologia brasileira e investimentos em parques solares (ex.: Marrocos, Egito).
"Qual é a importância da ""cooperação em saúde"" entre Brasil e África no combate à COVID-19?";O Brasil compartilhou protocolos de tratamento e ofereceu vacinas (Fiocruz, Butantan) para países africanos, mas com alcance limitado, em comparação com China e EUA.
"Como o Brasil vê a ""África Austral"" (SADC) e o papel da África do Sul como potência regional?";O Brasil vê a África do Sul como o principal interlocutor na SADC, com quem coordena posições no BRICS, na ZOPACAS e no G20, e com quem compartilha interesses em comércio e mineração.
"Qual é a posição brasileira sobre a ""crise em Zimbábue"" e a transição política?";O Brasil defende o diálogo e a solução pacífica, oferece cooperação técnica em agricultura, mas não aplica sanções, seguindo a posição da UA e da SADC.
"Como o Brasil vê a ""questão do Nilo"" e a construção de barragens (Etiópia, Egito, Sudão)?";O Brasil oferece cooperação técnica em gestão de recursos hídricos e mediação, mas sem tomar partido, respeitando a soberania dos países ribeirinhos.
"Qual é o papel do Brasil na ""cooperação em defesa"" com a África Austral (ex.: exercícios navais)?";O Brasil participa de exercícios navais (ex.: com a África do Sul, Angola) e de intercâmbio de oficiais, como parte da estratégia de presença no Atlântico Sul.
"Como o Brasil vê a ""presença da Rússia"" na África (vendas de armas, contratos de mineração)?";O Brasil vê a Rússia como um concorrente na venda de armas e em mineração, mas também como um parceiro no BRICS, e busca diferenciar-se com cooperação técnica e soft power.
"Qual é a posição brasileira sobre a ""exploração de urânio"" na África (ex.: Níger, Namíbia) e a segurança nuclear?";O Brasil vê a África como um fornecedor de urânio e defende a segurança nuclear, com salvaguardas da AIEA, e coopera em pesquisa nuclear (medicina, agricultura).
"Como o Brasil coopera com a África em ""ciência e tecnologia"" (satélites, internet) para o desenvolvimento?";Há acordos de cooperação em satélites (CBERS, com a China, envolvendo a África do Sul) e em conectividade (fibra óptica), promovendo a inclusão digital.
"Qual é a importância da ""cooperação em agricultura familiar"" entre Brasil e África (ex.: ProSAVANA)?";O Programa ProSAVANA (Moçambique) é um exemplo de cooperação em agricultura familiar, com transferência de tecnologia e fortalecimento de cadeias produtivas, embora com críticas.
"Como o Brasil vê a ""questão da terra"" na África e os conflitos relacionados (ex.: Zimbábue, África do Sul)?";O Brasil oferece cooperação em reforma agrária e desenvolvimento rural, compartilhando sua experiência, mas sem se envolver em conflitos políticos.
"Qual é a posição brasileira sobre a ""reforma da arquitetura financeira global"" e o papel da África?";O Brasil defende uma maior representatividade da África no FMI, no Banco Mundial e no G20, como parte da reforma da governança global.
"Como o Brasil vê a ""integração africana"" (AfCFTA) e o potencial para o comércio Brasil-África?";O Brasil vê a Zona de Livre Comércio Continental Africana (AfCFTA) como uma oportunidade para expandir o comércio e os investimentos, e apoia o fortalecimento do mercado africano.
"Qual é a posição brasileira sobre a ""crise no Mali"" e a intervenção da França e da MINUSMA?";O Brasil apoia a MINUSMA e a estabilização do Mali, mas critica a intervenção unilateral da França, defendendo a liderança da UA e da ONU.
"Como o Brasil vê a ""África Ocidental"" (CEDEAO) e sua relação com a Nigéria e a Costa do Marfim?";O Brasil tem relações comerciais com a Nigéria e a Costa do Marfim, e oferece cooperação em agricultura e saúde, mas com menos intensidade do que com a África Austral.
"Qual é a cooperação Brasil-África em ""gestão de desastres"" e resposta a emergências (ex.: secas, enchentes)?";O Brasil oferece assistência técnica e humanitária, com doação de alimentos, medicamentos e capacitação em defesa civil, em parceria com a UA e a ONU.
"Como o Brasil vê a ""questão dos direitos das mulheres"" na África e a cooperação em gênero?";O Brasil oferece cooperação em políticas de gênero e empoderamento feminino, compartilhando experiências em saúde, educação e participação política.
"Qual é a posição brasileira sobre a ""crise no Chifre da África"" (Somália, Eritreia, Djibuti) e a pirataria?";O Brasil apoia os esforços de paz da UA e da ONU, e participa de operações de combate à pirataria, mas sem uma presença militar permanente.
"Como o Brasil vê a ""presença da Índia"" na África e a competição com o Brasil?";O Brasil vê a Índia como um parceiro no IBSA, mas também como um concorrente em comércio e cooperação técnica, especialmente em agricultura e saúde.
"Qual é o papel do Brasil na ""diplomacia do café"" e do cacau com a África (ex.: Costa do Marfim, Etiópia)?";O Brasil, como grande produtor de café e cacau, coopera em pesquisa, melhoramento genético e comércio, compartilhando tecnologia com países africanos.
"Como o Brasil vê a ""África Central"" (Camarões, Gabão, Congo) e a cooperação em florestas e biodiversidade?";O Brasil coopera em gestão de florestas tropicais e biodiversidade, com troca de experiências em conservação e desenvolvimento sustentável, especialmente com a Bacia do Congo.
"Qual é a posição brasileira sobre a ""exploração de madeira"" na África e o combate ao desmatamento?";O Brasil oferece cooperação em manejo florestal e combate ao desmatamento ilegal, com tecnologias de monitoramento por satélite e certificação.
"Como o Brasil coopera com a África em ""turismo sustentável"" e ecoturismo?";Há projetos de cooperação em ecoturismo, com troca de experiências em parques nacionais e comunidades locais, promovendo o turismo como ferramenta de desenvolvimento.
"Qual é a importância da ""diplomacia da biodiversidade"" na relação Brasil-África (ex.: bioprospecção)?";O Brasil compartilha sua experiência em acesso a recursos genéticos e repartição de benefícios, com acordos de cooperação em pesquisa de fármacos e cosméticos.
"Como o Brasil vê a ""África e a mudança climática"" e a cooperação em adaptação e mitigação?";O Brasil oferece cooperação em energias renováveis, agricultura sustentável e gestão de recursos hídricos, e coordena posições com a África na COP, defendendo o financiamento climático.
"Qual é o papel do Brasil no ""Fundo Verde para o Clima"" e na cooperação com a África?";O Brasil contribui para o Fundo Verde e apoia projetos na África, em parceria com bancos de desenvolvimento, para adaptação e mitigação climática.
"Como o Brasil vê a ""África e a economia digital"" (startups, fintechs) e a cooperação em tecnologia?";O Brasil oferece cooperação em inovação digital, com transferência de tecnologia para fintechs, agrotech e saúde digital, mas em estágio inicial.
"Qual é a posição brasileira sobre a ""reforma da União Africana"" e a integração do continente?";O Brasil apoia a reforma da UA e a integração política e econômica, como parte do fortalecimento do Sul Global e da cooperação Sul-Sul.
"Como o Brasil vê o ""futuro da relação Brasil-África"" no contexto da multipolaridade e da crise global?";Como uma parceria estratégica que deve se diversificar, com foco em comércio, cooperação técnica, energia e clima, mas que enfrenta a concorrência de China, EUA e Rússia.
;
Qual é o principal motor da aproximação do Brasil com a Ásia nas últimas décadas?;O comércio de commodities (soja, minério de ferro, petróleo) com a China, seguido pela diversificação de parceiros (Japão, Coreia, Índia, ASEAN) e pela busca de investimentos em infraestrutura e tecnologia.
Como a imigração japonesa e a presença de nikkeis influenciaram a relação bilateral Brasil-Japão?;A grande comunidade nikkei (maior fora do Japão) criou laços culturais e econômicos, facilitando o comércio, os investimentos e a cooperação em tecnologia, além de ser um pilar do soft power brasileiro no Japão.
Qual foi o papel do Brasil na aproximação com o Japão durante o governo Geisel (projeto de álcool, mineração)?;O Japão financiou grandes projetos (ex.: mineração em Carajás, Proálcool) e foi um parceiro estratégico para o desenvolvimento e a diversificação de investimentos, além de um mercado para a soja brasileira.
Como a relação Brasil-Japão evoluiu após a Segunda Guerra Mundial e a assinatura do Tratado de Paz de 1952?;O Brasil foi um dos primeiros a retomar relações diplomáticas e a assinar um tratado de paz, abrindo caminho para acordos de comércio, cooperação técnica e investimentos japoneses em infraestrutura.
"Qual é a importância do ""Acordo de Cooperação Tecnológica"" Brasil-Japão (ex.: em biotecnologia, robótica)?";O Japão é um parceiro em pesquisa e desenvolvimento de ponta, especialmente em áreas como robótica, biotecnologia, nanotecnologia e energia limpa, com transferência de tecnologia e projetos conjuntos.
"Como o Brasil vê a ""diplomacia da soja"" e a competição com os EUA no mercado asiático (China, Japão)?";A soja é o principal produto de exportação do Brasil para a Ásia, e o país compete com os EUA em preço e qualidade, mas também coopera para atender a demanda crescente por alimentos na Ásia.
Qual é a relação do Brasil com a Coreia do Sul e quais são os principais setores de cooperação?;A Coreia do Sul é um parceiro em tecnologia (eletrônicos, automóveis), com investimentos no Brasil (ex.: Hyundai, Samsung), e há cooperação em defesa (K-FX, submarinos) e na área de energia.
"Como o Brasil e a Coreia do Sul cooperam em ""ciência e tecnologia"" (ex.: 5G, inteligência artificial)?";Há acordos de cooperação em pesquisa e desenvolvimento de 5G, IA, cibersegurança e cidades inteligentes, com transferência de tecnologia e parcerias universitárias.
"Qual é a posição brasileira em relação à ""Coreia do Norte"" e seu programa nuclear?";O Brasil condena o programa nuclear norte-coreano, defende a desnuclearização da península, mas mantém relações diplomáticas e comerciais limitadas, sem sanções severas.
"Como o Brasil vê a ""Questão da Segunda Guerra Mundial"" com o Japão e a Coreia do Sul?";O Brasil não tem um contencioso histórico com esses países, mas apoia a reconciliação e o diálogo, e vê a cooperação econômica como o foco das relações.
"Qual é a importância da ""Comunidade de Países de Língua Portuguesa"" (CPLP) para a relação do Brasil com o Timor-Leste?";O Brasil apoia o Timor-Leste na CPLP, com cooperação em educação, língua portuguesa e desenvolvimento, e é um dos principais parceiros na estabilização do país.
"Como o Brasil vê a ""presença da China"" na Ásia e no mundo, e como isso afeta sua política externa?";O Brasil vê a China como o principal parceiro comercial e um ator central na multipolaridade, mas com cautela quanto à dependência e à concorrência em manufaturados.
"Qual é o papel do ""BRICS"" na relação do Brasil com a China e a Índia?";O BRICS é um fórum de coordenação política e econômica, e de cooperação em áreas como desenvolvimento, comércio e reforma da governança global, sendo central para a parceria com China e Índia.
Como o Brasil e a China coordenam posições na ONU e no G20?;Coordenam-se em temas como reforma da ONU, mudanças climáticas, comércio e desenvolvimento, com o Brasil buscando equilibrar sua relação com a China e com o Ocidente.
"Qual é a importância do ""Novo Banco de Desenvolvimento"" (NBD) do BRICS para o Brasil e a Ásia?";O NBD financia projetos de infraestrutura e desenvolvimento sustentável no Brasil e na Ásia, sendo uma alternativa ao FMI e ao Banco Mundial, com participação igualitária dos membros.
"Como o Brasil vê a ""Iniciativa do Cinturão e Rota"" (Belt and Road) da China?";O Brasil não aderiu formalmente à Iniciativa, mas participa de projetos de infraestrutura (ex.: portos, ferrovias) com investimentos chineses, e vê a iniciativa com interesse e cautela.
"Qual é a posição brasileira sobre o ""Acordo de Livre Comércio"" China-ASEAN e seu impacto no comércio brasileiro?";O Brasil não é parte do acordo, mas vê a ASEAN como um mercado potencial e busca acordos de comércio e cooperação com países como Singapura, Vietnã e Indonésia.
"Como o Brasil vê a ""rivalidade EUA-China"" e seu impacto na Ásia e no Brasil?";O Brasil não toma partido, buscando equilibrar relações com ambos, e se beneficia da guerra comercial (exportação para China), mas sofre com retaliações e incertezas.
"Qual é a importância da ""Índia"" como parceiro estratégico do Brasil no BRICS e no IBSA?";A Índia é um parceiro no BRICS e no IBSA (com África do Sul), com cooperação em defesa, energia, tecnologia e comércio, e coordenação em reforma da governança global.
"Como o Brasil e a Índia cooperam em ""defesa"" (ex.: aeronaves, submarinos, mísseis)?";Há cooperação em aeronáutica (ex.: Embraer com a Hindustan Aeronautics), em submarinos e em sistemas de defesa, além de exercícios militares conjuntos e intercâmbio de oficiais.
"Qual é a posição brasileira sobre a ""Questão da Caxemira"" e o conflito entre Índia e Paquistão?";O Brasil defende a solução pacífica e o diálogo bilateral, e apoia as resoluções da ONU, sem tomar partido, mantendo relações com ambos os países.
"Como o Brasil vê o ""Paquistão"" e a cooperação em energia e comércio?";O Brasil mantém relações com o Paquistão, com comércio de algodão, couro e instrumentos cirúrgicos, e cooperação em energia (petróleo), mas sem uma parceria estratégica profunda.
"Qual é a importância da ""ASEAN"" (Associação de Nações do Sudeste Asiático) para o Brasil?";A ASEAN é um mercado emergente para o Brasil, com acordos de comércio e cooperação em agricultura, energia e ciência, e o Brasil busca um acordo de livre comércio com o bloco.
"Como o Brasil vê o ""Vietnã"" como parceiro comercial e de cooperação em agricultura?";O Vietnã é um parceiro em agricultura (café, arroz, frutas) e em comércio (calçados, têxteis), com acordos de cooperação em pesquisa e desenvolvimento.
"Qual é a relação do Brasil com a ""Indonésia"" e a cooperação em biocombustíveis e energia?";A Indonésia é parceira em biocombustíveis (palma, etanol), energia e comércio, com acordos de cooperação em agricultura e florestas tropicais.
"Como o Brasil vê a ""Malásia"" e a cooperação em petróleo e energia renovável?";A Malásia é parceira em petróleo (Petrobras) e em energia renovável (biodiesel), com acordos de cooperação em ciência e tecnologia.
"Qual é a posição brasileira sobre a ""Questão do Mar do Sul da China"" e a disputa territorial?";O Brasil defende a solução pacífica de disputas, com base no direito internacional e na Convenção de Montego Bay, sem tomar partido nas reivindicações.
"Como o Brasil vê a ""presença dos EUA"" na Ásia (alianças com Japão, Coreia, Filipinas) e seu impacto na região?";O Brasil vê a presença dos EUA como um fator de estabilidade, mas também como uma fonte de tensão com a China, e defende a diplomacia e a desmilitarização.
"Qual é a importância do ""Diálogo de Alto Nível"" Brasil-ASEAN para a relação bilateral?";É o mecanismo de coordenação política e econômica para discutir comércio, investimentos e cooperação, com reuniões ministeriais e planos de ação.
"Como o Brasil vê a ""Ásia Central"" (Cazaquistão, Uzbequistão) e as oportunidades de comércio e energia?";O Brasil tem relações com a Ásia Central, com foco em comércio de minérios, petróleo e gás, e em cooperação em agricultura e energia.
"Qual é a posição brasileira sobre a ""Questão do Cáucaso"" (Armênia, Azerbaijão, Geórgia) e os conflitos na região?";O Brasil defende a solução pacífica e o diálogo, e mantém relações com todos os países, sem tomar partido nos conflitos (ex.: Nagorno-Karabakh).
"Como o Brasil vê a ""Ásia Meridional"" (Bangladesh, Sri Lanka, Nepal) e a cooperação em desenvolvimento?";O Brasil oferece cooperação técnica em agricultura, saúde e educação, e vê esses países como parceiros em desenvolvimento e comércio de commodities.
"Qual é a importância do ""Fórum de Diálogo Brasil-Índia-África do Sul"" (IBSA) para a cooperação com a Ásia?";O IBSA coordena posições e projetos de cooperação técnica entre Brasil, Índia e África do Sul, e a Índia atua como ponte para a Ásia e o Sul Global.
"Como o Brasil vê a ""presença da Rússia"" na Ásia (ex.: aliança com China, Índia) e seu impacto na região?";O Brasil vê a Rússia como um parceiro no BRICS e na multipolaridade, e sua presença na Ásia como um contrapeso à influência dos EUA, mas com cautela sobre a guerra na Ucrânia.
"Qual é a posição brasileira sobre a ""Questão do Turcomenistão"" e a cooperação em gás e energia?";O Brasil mantém relações com o Turcomenistão, com foco em energia (gás) e comércio, e apoia a estabilidade na Ásia Central.
"Como o Brasil vê a ""Ásia e a mudança climática"" e a cooperação em energia limpa (hidrogênio verde, solar)?";O Brasil coopera com países asiáticos em energia renovável, com transferência de tecnologia e investimentos em biocombustíveis, hidrogênio e energia solar.
"Qual é a importância da ""diplomacia do café"" e do ""cacau"" na relação do Brasil com a Ásia (ex.: Vietnã, Indonésia)?";O Brasil é um grande produtor e exportador, e coopera com países asiáticos em pesquisa, melhoramento genético e comércio de café e cacau.
"Como o Brasil vê a ""Ásia e a economia digital"" (fintechs, comércio eletrônico) e a cooperação em tecnologia?";O Brasil busca parcerias com países asiáticos (Coreia, Japão, Singapura) em inovação digital, com transferência de tecnologia e investimentos em startups.
"Qual é a posição brasileira sobre a ""Reforma do Conselho de Segurança da ONU"" e o assento para a Ásia (Índia, Japão)?";O Brasil apoia a inclusão de Índia e Japão como membros permanentes, como parte de uma reforma ampla que também inclua África e América Latina.
"Como o Brasil vê a ""China e a guerra comercial"" com os EUA e seu impacto no comércio brasileiro?";O Brasil se beneficia da guerra comercial (exportando para China), mas sofre com a desaceleração global e com as retaliações, e busca diversificar seus mercados.
"Qual é a importância do ""Acordo de Livre Comércio"" Mercosul-Cingapura?";O Brasil, via Mercosul, negociou um acordo com Singapura (2024), que é um exemplo de flexibilização do bloco e de abertura para a Ásia, com foco em serviços e investimentos.
"Como o Brasil vê a ""ASEAN"" como um bloco econômico e o potencial para um acordo de livre comércio?";O Brasil vê a ASEAN como um parceiro comercial importante e negocia um acordo de livre comércio com o bloco, mas há desafios de assimetrias e de protecionismo.
"Qual é a posição brasileira sobre a ""Questão do Timor-Leste"" e o papel da CPLP na estabilização do país?";O Brasil apoia a estabilidade e o desenvolvimento de Timor-Leste, com cooperação em educação, saúde e língua portuguesa, e atua na CPLP para esse fim.
"Como o Brasil vê a ""Ásia e a segurança alimentar"" e a cooperação em agricultura (soja, carnes, açúcar)?";O Brasil é um fornecedor chave de alimentos para a Ásia (China, Japão, Coreia, ASEAN), e coopera em pesquisa e desenvolvimento agrícola para aumentar a produtividade.
"Qual é a importância da ""diplomacia da carne"" (bovina, aves, suína) na relação do Brasil com a Ásia?";A carne é o segundo principal produto de exportação do Brasil para a Ásia, e o país compete com EUA, Austrália e Nova Zelândia, mas também coopera em padrões de qualidade.
"Como o Brasil vê a ""presença chinesa"" na infraestrutura asiática (ex.: portos, ferrovias) e o impacto global?";O Brasil vê a presença chinesa como um fator de integração, mas também com preocupação sobre a dependência e o endividamento, e busca equilibrar com outros parceiros.
"Qual é a posição brasileira sobre a ""Questão do Mar do Japão"" (Mar do Leste) e a disputa com a Coreia do Sul?";O Brasil não tem posição ativa, mas defende a solução pacífica e o direito internacional, sem tomar partido nas disputas de nomenclatura ou territoriais.
"Como o Brasil vê a ""Ásia e a energia nuclear"" (Japão, Coreia, China) e a cooperação em segurança nuclear?";O Brasil coopera com países asiáticos em segurança nuclear, com salvaguardas da AIEA, e vê a Ásia como um parceiro em pesquisa nuclear (medicina, agricultura).
"Qual é a importância da ""Comissão Mista"" Brasil-China para a relação bilateral?";É o principal mecanismo de coordenação política e econômica, que discute comércio, investimentos, cooperação e temas multilaterais, com reuniões anuais.
"Como o Brasil vê a ""Ásia e a reforma do sistema financeiro global"" (FMI, Banco Mundial)?";O Brasil coordena com países asiáticos (China, Índia) a defesa de uma maior representatividade dos emergentes no FMI e no Banco Mundial, e a criação de alternativas (NBD).
"Qual é a posição brasileira sobre a ""Questão da Caxemira"" e o papel da China e do Paquistão?";O Brasil não toma partido, mas apoia o diálogo bilateral entre Índia e Paquistão, e a solução pacífica com base nas resoluções da ONU.
"Como o Brasil vê a ""Ásia e a mudança climática"" (China, Índia) e a cooperação em energia limpa?";O Brasil coopera com a China e a Índia em energias renováveis (solar, eólica, hidrogênio) e em tecnologias de baixo carbono, com projetos conjuntos e transferência de tecnologia.
"Qual é a importância do ""Diálogo Estratégico"" Brasil-Japão para a relação bilateral?";É um fórum de coordenação política e econômica de alto nível, que discute comércio, investimentos, cooperação tecnológica e temas globais (ex.: clima, reforma da ONU).
"Como o Brasil vê a ""Coreia do Sul e a questão da península coreana"" (nuclear, reunificação)?";O Brasil apoia a desnuclearização e a reunificação pacífica, e mantém relações com a Coreia do Sul, com cooperação em tecnologia e comércio.
"Qual é a posição brasileira sobre a ""Ásia Central e a guerra na Ucrânia"" e seu impacto na região?";O Brasil vê a Ásia Central como uma região de estabilidade relativa, mas com preocupação sobre a dependência da Rússia e a pressão da China, e defende a neutralidade.
"Como o Brasil vê a ""presença da Índia"" no Oceano Índico e a cooperação em segurança marítima?";O Brasil vê a Índia como um ator importante no Oceano Índico, e coopera em exercícios navais e em segurança marítima, mas sem envolvimento direto.
"Qual é a importância da ""diplomacia do petróleo"" na relação do Brasil com a Ásia (ex.: China, Índia, Japão)?";O Brasil exporta petróleo para a Ásia, e a Petrobras tem investimentos em exploração e refino na região, com acordos de cooperação energética.
"Como o Brasil vê a ""Ásia e a indústria 4.0"" (robótica, automação) e a cooperação em tecnologia?";O Brasil busca parcerias com Japão, Coreia e China em robótica, automação e manufatura avançada, com transferência de tecnologia e investimentos.
"Qual é a posição brasileira sobre a ""Questão do Tibete"" e a posição da China?";O Brasil reconhece a soberania da China sobre o Tibete e não apoia movimentos separatistas, em linha com a política de uma só China.
"Como o Brasil vê a ""Ásia e a segurança cibernética"" (ataques hackers, espionagem) e a cooperação?";O Brasil coopera com países asiáticos (Coreia, Japão, Singapura) em cibersegurança, com acordos de proteção de dados e combate a ataques, mas com cautela sobre a vigilância.
"Qual é a importância do ""Acordo de Cooperação em Pesca"" Brasil-Japão?";É um acordo para o acesso de navios japoneses a águas brasileiras, com cotas e medidas de conservação, atualmente em revisão, e com diálogo sobre pesca sustentável.
"Como o Brasil vê a ""Ásia e o comércio de minérios"" (ferro, cobre, lítio) e a cooperação em mineração?";O Brasil é um grande exportador de minérios para a Ásia (China, Japão, Coreia), e coopera em mineração sustentável, com investimentos e transferência de tecnologia.
"Qual é a posição brasileira sobre a ""Questão do Mar de Okinawa"" e a presença dos EUA no Japão?";O Brasil não tem posição ativa, mas apoia a solução pacífica e o direito internacional, e mantém relações com o Japão, respeitando seus acordos de defesa com os EUA.
"Como o Brasil vê a ""Ásia e a diplomacia da saúde"" (vacinas, medicamentos, combate a epidemias)?";O Brasil coopera com países asiáticos (Índia, China, Japão) em pesquisa e produção de vacinas, medicamentos e combate a epidemias (ex.: COVID-19, Zika).
"Qual é a importância do ""Fórum de Cooperação China-África"" e como o Brasil se posiciona?";O Brasil não é membro, mas vê o fórum com interesse, pois a China atua na África, onde o Brasil tem interesses, e busca parcerias trilaterais (Brasil-China-África).
"Como o Brasil vê a ""Ásia e a economia circular"" (reciclagem, gestão de resíduos) e a cooperação?";O Brasil coopera com países asiáticos em gestão de resíduos e reciclagem, com transferência de tecnologia e projetos de economia circular.
"Qual é a posição brasileira sobre a ""Questão do Mar da China Meridional"" e a arbitragem de Haia?";O Brasil defende a solução pacífica e o direito internacional, incluindo a Convenção de Montego Bay, e apoia o diálogo entre as partes.
"Como o Brasil vê a ""Ásia e a transição energética"" (hidrogênio verde, solar, eólica) e a cooperação?";O Brasil coopera com países asiáticos (Japão, Coreia, China) em hidrogênio verde, solar e eólica, com projetos de investimento e transferência de tecnologia.
"Qual é a importância da ""diplomacia do açúcar"" na relação do Brasil com a Ásia (ex.: China, Índia, Japão)?";O Brasil é um grande exportador de açúcar e etanol, e coopera com países asiáticos em pesquisa e comércio de açúcar e biocombustíveis.
"Como o Brasil vê a ""Ásia e a segurança alimentar"" e o papel do Brasil como fornecedor de alimentos?";O Brasil vê a Ásia como um mercado estratégico para a segurança alimentar, e coopera em pesquisa agrícola e na produção sustentável de alimentos.
"Qual é a posição brasileira sobre a ""Questão do Curdistão"" e a presença turca e iraniana na região?";O Brasil não tem posição ativa, mas defende a solução pacífica e o diálogo, e mantém relações com Turquia, Irã e Iraque, sem tomar partido.
"Como o Brasil vê a ""Ásia e a governança da internet"" (China, Índia, Japão) e a cooperação em tecnologia?";O Brasil coopera com países asiáticos em governança da internet (modelo multissetorial) e em cibersegurança, mas com divergências sobre a abordagem chinesa.
"Qual é a importância do ""Acordo de Cooperação em Biotecnologia"" Brasil-Índia?";É um acordo de cooperação em pesquisa e desenvolvimento de medicamentos, vacinas e biotecnologia, com transferência de tecnologia e parcerias entre institutos públicos.
"Como o Brasil vê a ""Ásia e a reforma da governança global"" (ONU, FMI, Banco Mundial)?";O Brasil coordena com países asiáticos (Índia, China) a defesa de uma reforma que amplie a representatividade dos emergentes e do Sul Global.
"Qual é a posição brasileira sobre a ""Questão do Afeganistão"" e a presença de refugiados?";O Brasil não toma partido, mas oferece ajuda humanitária e apoio a refugiados, e defende uma solução política inclusiva, com respeito aos direitos humanos.
"Como o Brasil vê a ""Ásia e a indústria de defesa"" (China, Rússia, Índia) e a competição por mercados?";O Brasil vê a Ásia como um mercado para a indústria de defesa (aeronaves, submarinos), e compete com China, Rússia e Índia, mas também coopera em alguns projetos.
"Qual é a importância da ""diplomacia do aço"" e do ""ferro"" na relação do Brasil com a Ásia?";O Brasil exporta minério de ferro e aço para a Ásia (China, Japão, Coreia), e coopera em pesquisa e comércio de aço, com concorrência com a Austrália e a Índia.
"Como o Brasil vê a ""Ásia e a ciência espacial"" (satélites, exploração) e a cooperação com a China e a Índia?";O Brasil coopera com a China no programa CBERS (satélites) e com a Índia em pesquisa espacial, com transferência de tecnologia e lançamentos a partir de Alcântara.
"Qual é a posição brasileira sobre a ""Questão do Paquistão"" e a cooperação em energia nuclear?";O Brasil não tem uma relação nuclear com o Paquistão, mas mantém relações diplomáticas e comerciais, e apoia a não proliferação nuclear.
"Como o Brasil vê a ""Ásia e a economia verde"" (financiamento, créditos de carbono) e a cooperação?";O Brasil coopera com países asiáticos (Japão, Coreia) em financiamento verde e comércio de créditos de carbono, com projetos de redução de emissões e sustentabilidade.
"Qual é a importância do ""Acordo de Cooperação em Educação"" Brasil-Coreia do Sul?";É um acordo de cooperação em educação, com intercâmbio de estudantes, professores e pesquisadores, e com programas de capacitação em tecnologia e inovação.
"Como o Brasil vê a ""Ásia e a diplomacia da água"" (bacias transfronteiriças) e a cooperação?";O Brasil coopera com países asiáticos em gestão de recursos hídricos e em projetos de água e saneamento, com transferência de tecnologia e experiência.
"Qual é a posição brasileira sobre a ""Questão do Azerbaijão"" e o conflito com a Armênia?";O Brasil defende a solução pacífica e o diálogo, e mantém relações com ambos os países, sem tomar partido no conflito de Nagorno-Karabakh.
"Como o Brasil vê a ""Ásia e a indústria da moda"" (têxteis, calçados) e a competição com o Vietnã e a China?";O Brasil compete com países asiáticos em têxteis e calçados, mas também coopera em pesquisa e comércio, e busca nichos de mercado (luxo, sustentabilidade).
"Qual é a importância da ""diplomacia do algodão"" na relação do Brasil com a Ásia (ex.: China, Paquistão)?";O Brasil é um grande exportador de algodão, e coopera com países asiáticos em pesquisa e comércio, competindo com EUA e Austrália.
"Como o Brasil vê a ""Ásia e a produção de alimentos processados"" (soja, milho, trigo) e a cooperação?";O Brasil exporta soja e milho para a Ásia, e coopera em pesquisa e processamento de alimentos, com investimentos em silos e portos.
"Qual é a posição brasileira sobre a ""Questão do Nepal"" e a estabilidade política do país?";O Brasil mantém relações diplomáticas com o Nepal, e oferece cooperação técnica em agricultura e desenvolvimento, sem envolvimento político.
"Como o Brasil vê a ""Ásia e a inovação em startups"" (Singapura, Índia, China) e a cooperação?";O Brasil busca parcerias com ecossistemas de inovação asiáticos, com acordos de cooperação e investimentos em startups de tecnologia e sustentabilidade.
"Qual é a importância da ""diplomacia do carvão"" na relação do Brasil com a Austrália e a Indonésia?";O Brasil importa carvão da Austrália e da Indonésia, e coopera em pesquisa e comércio, mas busca reduzir a dependência com energias renováveis.
"Como o Brasil vê a ""Ásia e a segurança marítima"" (pirataria, disputas territoriais) e a cooperação?";O Brasil apoia a segurança marítima e a liberdade de navegação, e coopera com países asiáticos em exercícios navais e em fóruns como a ZOPACAS.
"Qual é a posição brasileira sobre a ""Questão do Mianmar"" (Birmânia) e a repressão militar?";O Brasil não tem posição ativa, mas defende o diálogo e a democracia, e mantém relações diplomáticas, sem sanções unilaterais.
"Como o Brasil vê a ""Ásia e a diplomacia do cacau"" e a cooperação com a Indonésia e a Malásia?";O Brasil é um grande produtor de cacau, e coopera com a Indonésia e a Malásia em pesquisa e comércio, competindo com a Costa do Marfim e Gana.
"Qual é a importância do ""Acordo de Cooperação em Pesca"" Brasil-Índia?";É um acordo de cooperação em pesca sustentável, com compartilhamento de dados, treinamento e combate à pesca ilegal, no âmbito da FAO e de organizações regionais.
"Como o Brasil vê a ""Ásia e a economia criativa"" (cinema, música, jogos) e a cooperação cultural?";O Brasil coopera com países asiáticos em cinema, música e jogos, com coproduções e festivais, promovendo o soft power e a indústria criativa.
"Qual é a posição brasileira sobre a ""Questão do Butão"" e a sua relação com a China e a Índia?";O Brasil mantém relações com o Butão, e apoia o diálogo entre Butão e China, sem tomar partido, e coopera em turismo e desenvolvimento sustentável.
"Como o Brasil vê a ""Ásia e a transição energética"" (hidrogênio, baterias) e a cooperação em lítio?";O Brasil é um produtor de lítio, e coopera com países asiáticos (China, Japão, Coreia) em pesquisa e comércio de lítio e baterias, para a transição energética.
"Qual é a posição brasileira sobre a ""Questão do Sri Lanka"" e a crise econômica e política do país?";O Brasil oferece cooperação técnica e humanitária, e apoia o diálogo e a estabilidade, sem envolvimento político direto.
"Como o Brasil vê a ""Ásia e a segurança alimentar"" (arroz, trigo) e a cooperação em pesquisa?";O Brasil coopera com países asiáticos em pesquisa de arroz e trigo (ex.: Embrapa com a Índia, Filipinas) e em comércio de grãos, para a segurança alimentar.
"Qual é a importância da ""diplomacia da soja"" e do ""milho"" na relação do Brasil com a China e o Japão?";A soja e o milho são os principais produtos de exportação do Brasil para a Ásia, e o país coopera em pesquisa e comércio com China e Japão, competindo com os EUA.
"Como o Brasil vê a ""Ásia e a inovação em saúde"" (telemedicina, IA) e a cooperação em tecnologia?";O Brasil coopera com países asiáticos (Coreia, Japão, Singapura) em telemedicina, IA e saúde digital, com transferência de tecnologia e parcerias.
"Qual é a posição brasileira sobre a ""Questão do Kuwait"" e a estabilidade do Golfo Pérsico?";O Brasil mantém relações com o Kuwait, e apoia a estabilidade e a segurança do Golfo Pérsico, com comércio de petróleo e cooperação em energia.
"Como o Brasil vê o ""futuro da relação Brasil-Ásia"" no contexto da multipolaridade e da transição energética?";Como uma parceria estratégica, que deve se aprofundar em comércio, energia, tecnologia e clima, mas que exige diversificação (menos dependência da China) e uma agenda de inovação e sustentabilidade.
;
;
Qual é o principal fundamento da política externa chinesa desde a reforma e abertura (1978)?;"A busca por um ""ambiente internacional pacífico"" para o desenvolvimento econômico, com ênfase na não interferência, na multipolaridade e na defesa da soberania nacional, especialmente em Taiwan."
"Como a ""política de uma só China"" molda a relação da China com o Brasil e outros países?";A China exige que os países reconheçam Taiwan como parte integrante do território chinês, condicionando suas relações diplomáticas e comerciais a esse reconhecimento, o que o Brasil acata.
"Em que consiste a ""Iniciativa do Cinturão e Rota"" (BRI) e qual é o interesse chinês na América do Sul?";"É um mega-projeto de infraestrutura e conectividade global; na América do Sul, a China busca garantir acesso a recursos (minérios, soja) e abrir mercados para seus produtos e investimentos."
"Qual é a posição da China sobre a ""reforma da governança global"" (ONU, FMI, Banco Mundial)?";A China defende uma reforma que aumente a representatividade dos países em desenvolvimento, mas sem abrir mão de seu poder de veto na ONU, e promove alternativas como o NBD e o AIIB.
"Como a China utiliza o ""soft power"" (Instituto Confúcio, mídia) para ampliar sua influência no Brasil?";Por meio da difusão da língua e cultura chinesas, da cooperação acadêmica e de investimentos em mídia, a China busca criar uma imagem positiva e facilitar seus negócios e sua influência política.
"Qual é a importância da ""Comissão de Alto Nível de Concertação e Cooperação"" (COSBAN) Brasil-China?";É o principal mecanismo de diálogo político e econômico bilateral, com reuniões anuais que coordenam comércio, investimentos, cooperação e temas multilaterais.
"Como o Brasil vê a ""dependência da China"" (commodities) e como busca diversificar sua relação?";O Brasil reconhece o risco da dependência e busca diversificar parcerias (com a UE, EUA, Japão), além de promover a industrialização e a agregação de valor às suas exportações.
"Qual é a posição brasileira sobre a ""guerra comercial EUA-China"" e seus efeitos no Brasil?";O Brasil adota uma postura de neutralidade, beneficiando-se da exportação de commodities para a China, mas sofrendo com a desaceleração global e as incertezas tarifárias.
"Como a China vê o Brasil no contexto do BRICS e do ""Sul Global""?";A China vê o Brasil como um parceiro estratégico no BRICS, um contrapeso aos EUA e um aliado para promover a multipolaridade e a reforma da governança global.
"Qual é a cooperação Brasil-China em ""ciência e tecnologia"" (satélites CBERS, 5G, IA)?";A cooperação é intensa no programa CBERS (satélites), em 5G (Huawei) e em inteligência artificial, com acordos de pesquisa, mas com preocupações sobre segurança de dados e tecnologia.
"Como a China e o Brasil cooperam em ""energia"" (petróleo, energia renovável, lítio)?";A China investe em exploração de petróleo (Pré-Sal), em energia renovável (solar, eólica) e na extração de lítio, com acordos de fornecimento e transferência de tecnologia.
"Qual é a posição da China sobre a ""Amazônia"" e a política ambiental brasileira?";A China defende a soberania brasileira sobre a Amazônia, mas também pressiona por padrões ambientais, pois investe em commodities que podem ser afetadas por sanções ambientais.
"Como a China vê a ""integração sul-americana"" (MERCOSUL, UNASUL) e o papel do Brasil?";A China vê a integração sul-americana com interesse, pois facilita o comércio e os investimentos chineses, e apoia o Brasil como líder regional, mas prefere acordos bilaterais.
"Qual é a relação da China com a ""Venezuela"" e a ""Nicarágua"" na América Latina e como isso afeta o Brasil?";A China tem acordos de cooperação com Venezuela e Nicarágua, o que pode criar atritos com o Brasil em termos de influência regional, mas o Brasil mantém relações independentes com esses países.
"Como a China vê o ""Acordo MERCOSUL-UE"" e seu impacto no comércio com a América do Sul?";A China vê o acordo com preocupação, pois pode reduzir sua participação no mercado sul-americano, mas também como um estímulo para negociar acordos bilaterais com países do MERCOSUL.
"Qual é a posição da China sobre a ""reforma do Conselho de Segurança da ONU"" e o assento brasileiro?";A China apoia a reforma do CS e a inclusão de países em desenvolvimento, mas não se compromete explicitamente com o assento brasileiro, preferindo apoiar a Índia e a África do Sul.
"Como a China vê a ""presença dos EUA"" na América Latina e a competição com o Brasil?";A China vê a presença dos EUA como um fator de contenção, mas busca superá-la com investimentos e comércio, e vê o Brasil como um parceiro que pode equilibrar a influência americana.
"Qual é a importância do ""Novo Banco de Desenvolvimento"" (NBD) para a relação Brasil-China?";O NBD financia projetos de infraestrutura no Brasil e na China, e é um símbolo da parceria estratégica e da busca por alternativas ao FMI e ao Banco Mundial.
"Como a China lida com a ""Questão de Taiwan"" em sua relação com o Brasil?";"A China exige que o Brasil mantenha a política de ""uma só China"", e condiciona a cooperação a esse reconhecimento, rejeitando qualquer contato oficial do Brasil com Taiwan."
Qual é o principal fundamento da política externa da Índia desde sua independência (1947)?;A defesa da soberania, a não-alienação (movimento dos Não-Alinhados), a busca por status de potência regional e global, e a ênfase no desenvolvimento econômico e na segurança.
"Como a ""política de não-alinhamento"" influenciou a relação da Índia com o Brasil?";Ambos compartilharam uma visão de autonomia e de terceiro-mundismo, que facilitou a cooperação no G77, no IBSA e no BRICS, e uma visão comum sobre a reforma da governança global.
"Qual é a visão da Índia sobre o ""BRICS"" e o papel do Brasil nesse fórum?";A Índia vê o BRICS como um fórum importante para a multipolaridade e a reforma global, e como um contrapeso à China, e valoriza a parceria com o Brasil como um equilíbrio.
"Em que consiste a ""Política de Olhar para o Leste"" (Look East) e sua evolução para ""Agir no Leste"" (Act East)?";É a estratégia indiana de se engajar com o Sudeste Asiático e a Ásia-Pacífico, para equilibrar a China e ampliar seu comércio e influência, que evoluiu para uma política mais ativa (Act East).
"Como a Índia vê a ""Iniciativa do Cinturão e Rota"" (BRI) da China e como isso afeta sua relação com o Brasil?";A Índia se opõe à BRI, por considerá-la uma ferramenta de dominação chinesa, especialmente no Paquistão (CPEC), e isso cria uma convergência com o Brasil, que também tem cautela.
"Qual é a cooperação entre Brasil e Índia em ""defesa"" (ex.: aeronaves, mísseis, exercícios)?";Há cooperação em aeronáutica (Embraer-HAL), em mísseis (Brahmos) e em exercícios militares (ex.: Indra Naval), com transferência de tecnologia e parcerias estratégicas.
"Como o Brasil e a Índia cooperam em ""energia"" (petróleo, gás, biocombustíveis, solar)?";Há acordos em biocombustíveis, energia solar e exploração de petróleo (Petrobras-ONGC), e cooperação em pesquisa e desenvolvimento de energias renováveis.
"Qual é a posição da Índia sobre a ""reforma do Conselho de Segurança da ONU"" e o assento brasileiro?";A Índia apoia a reforma e busca um assento permanente para si, e é parceira do Brasil no G4 (com Alemanha e Japão), coordenando posições para uma reforma ampla.
"Como a Índia vê a ""presença da China"" no Oceano Índico e como isso afeta sua relação com o Brasil?";A Índia vê a presença chinesa como uma ameaça à sua segurança, e busca parcerias com o Brasil em segurança marítima e em fóruns como a IORA (Associação do Oceano Índico).
"Qual é a importância do ""Fórum IBSA"" (Índia-Brasil-África do Sul) para a relação bilateral?";O IBSA coordena projetos de cooperação técnica e posições políticas em temas de desenvolvimento, comércio e reforma global, e é um pilar da parceria estratégica Índia-Brasil.
"Como a Índia vê a ""América Latina"" e a integração sul-americana (MERCOSUL)?";A Índia vê a América Latina como um parceiro comercial importante (commodities, energia) e negocia acordos de livre comércio com o MERCOSUL, mas sem priorizar a integração política.
"Qual é a cooperação Brasil-Índia em ""ciência e tecnologia"" (biotecnologia, espaço, farmacêutica)?";Há cooperação em biotecnologia, em satélites (compartilhamento de dados) e em medicamentos (genéricos, vacinas), com acordos de pesquisa e transferência de tecnologia.
"Como a Índia vê a ""Questão da Caxemira"" e como o Brasil se posiciona?";"A Índia defende que a Caxemira é uma questão bilateral com o Paquistão; o Brasil apoia a solução pacífica e o diálogo, sem tomar partido, e mantém relações com ambos."
"Qual é a posição da Índia sobre a ""guerra na Ucrânia"" e como isso afeta sua relação com o Brasil?";A Índia adotou uma postura de neutralidade e de compra de petróleo russo, que converge com a posição brasileira de não alinhamento, e ambos coordenam posições no G20.
"Como a Índia vê a ""presença dos EUA"" na região do Indo-Pacífico e a aliança QUAD?";A Índia participa do QUAD (com EUA, Japão, Austrália) como um contrapeso à China, e isso cria uma convergência com o Brasil, que também vê com cautela a expansão chinesa.
"Qual é a importância do ""Acordo de Livre Comércio"" MERCOSUL-Índia?";O MERCOSUL e a Índia têm um acordo de preferências tarifárias (desde 2004), que é limitado, mas que pode ser ampliado para um acordo de livre comércio, com negociações em andamento.
"Como a Índia vê a ""Questão do Mar da China Meridional"" e a posição brasileira?";A Índia defende a liberdade de navegação e o direito internacional, posição que converge com a do Brasil, que também defende a solução pacífica e a Convenção de Montego Bay.
"Qual é a cooperação Brasil-Índia em ""agricultura"" (soja, algodão, café, açúcar)?";Há cooperação em pesquisa agrícola, em comércio de commodities (soja, açúcar, café) e em programas de desenvolvimento rural, com a EMBRAPA atuando na Índia.
"Como a Índia vê o ""Brasil"" como parceiro no G20 e na reforma da governança global?";A Índia vê o Brasil como um parceiro natural no G20, com visões convergentes sobre comércio, clima e desenvolvimento, e ambos coordenam posições para ampliar a representatividade do Sul Global.
Qual é o principal fundamento da política externa japonesa no pós-Segunda Guerra Mundial?;A defesa do pacifismo (Constituição de 1947, Artigo 9), a aliança com os EUA, a ênfase no comércio e no desenvolvimento, e a busca por um papel ativo na ONU e na Ásia.
"Como o ""pacifismo"" e o ""Artigo 9"" da Constituição japonesa moldaram sua relação com o Brasil?";O Japão priorizou a cooperação econômica e técnica, e evitou o envolvimento militar, o que convergiu com a tradição brasileira de não intervenção e de diplomacia pacífica.
"Como a política de ""comércio, não guerra"" do Japão influenciou seus investimentos no Brasil?";O Japão investiu em mineração, indústria, agricultura e infraestrutura no Brasil (ex.: Carajás, Proálcool), como parte de sua estratégia de garantir recursos e mercados, sem envolvimento político-militar.
"Qual é a importância da ""comunidade nikkei"" para a relação Brasil-Japão?";A comunidade de descendentes de japoneses (maior fora do Japão) é um elo cultural e econômico, facilitando o comércio, os investimentos e a cooperação técnica, além de ser um ativo de soft power.
"Como o Japão vê a ""ascensão da China"" e como isso afeta sua relação com o Brasil?";O Japão vê a China como uma preocupação de segurança e como um competidor econômico, e busca diversificar parcerias, incluindo o Brasil, para reduzir sua dependência da China.
"Qual é a posição do Japão sobre a ""reforma do Conselho de Segurança da ONU"" e o assento brasileiro?";O Japão é parceiro do Brasil no G4, buscando um assento permanente para ambos (com Alemanha e Índia), e coordenam posições para uma reforma abrangente do CS.
"Como o Japão vê a ""América Latina"" e a integração sul-americana (MERCOSUL)?";O Japão vê a América Latina como uma região de recursos e mercado, e negocia acordos de comércio e cooperação com o MERCOSUL, mas com menos prioridade do que a Ásia.
"Qual é a cooperação Brasil-Japão em ""ciência e tecnologia"" (robótica, biotecnologia, 5G)?";O Japão é um parceiro de ponta em robótica, biotecnologia, nanotecnologia e 5G, com acordos de pesquisa e transferência de tecnologia, e com investimentos em centros de pesquisa no Brasil.
"Como o Japão e o Brasil cooperam em ""energia renovável"" (biocombustíveis, hidrogênio, solar)?";Há acordos de cooperação em biocombustíveis (etanol), em hidrogênio verde (projetos piloto) e em energia solar, com financiamento japonês e transferência de tecnologia.
"Qual é a posição do Japão sobre a ""Questão das Ilhas Senkaku"" e como o Brasil se posiciona?";"O Japão reivindica as ilhas Senkaku, em disputa com a China; o Brasil defende a solução pacífica e o direito internacional, sem tomar partido, mantendo relações com ambos."
"Como o Japão vê a ""presença da China"" no Mar do Leste (Mar da China Oriental) e a liberdade de navegação?";O Japão vê a presença chinesa como uma ameaça e defende a liberdade de navegação, posição que converge com o Brasil, que também defende o direito internacional.
"Qual é a importância do ""Acordo de Cooperação em Pesca"" Brasil-Japão?";É um acordo para o acesso de navios japoneses a águas brasileiras, com cotas e medidas de conservação, atualmente em revisão, e com diálogo sobre pesca sustentável.
"Como o Japão vê o ""Brasil"" como parceiro no G20 e na reforma da governança global?";O Japão vê o Brasil como um parceiro importante no G20, com convergências em comércio, clima e desenvolvimento, e coordena posições sobre reforma financeira e ambiental.
"Qual é a cooperação Brasil-Japão em ""defesa"" (ex.: aeronaves, exercícios navais)?";Há cooperação em aeronáutica (ex.: Embraer-Kawasaki), em exercícios navais e em intercâmbio de oficiais, mas com menos intensidade do que com a China e a Índia.
"Como o Japão vê a ""Questão da Coreia do Norte"" e seu programa nuclear, e como o Brasil se posiciona?";O Japão apoia as sanções e a desnuclearização, e o Brasil também condena o programa nuclear norte-coreano, defendendo a solução pacífica e o diálogo.
"Qual é a posição do Japão sobre a ""guerra na Ucrânia"" e como isso afeta sua relação com o Brasil?";O Japão adotou sanções à Rússia e apoiou a Ucrânia, divergindo da posição brasileira, que é mais neutra, mas ambos mantêm o diálogo e a cooperação em outras áreas.
"Como o Japão vê a ""Amazônia"" e a política ambiental brasileira?";O Japão apoia a conservação da Amazônia e a cooperação em pesquisa (ex.: satélites), e condiciona investimentos a padrões ambientais, mas respeita a soberania brasileira.
"Qual é a importância da ""diplomacia da soja"" e da ""carne"" na relação do Brasil com o Japão?";O Japão é um importador tradicional de soja e carne brasileiras, e o Brasil coopera em pesquisa e qualidade, competindo com os EUA e a Austrália.
"Como a China vê a ""integração da infraestrutura"" na América do Sul (ex.: portos, ferrovias) e a presença chinesa?";A China investe em portos (ex.: Santos, Paranaguá), ferrovias e projetos de energia, como parte de sua estratégia de garantir acesso a recursos e mercados na região.
"Qual é a posição da Índia sobre a ""Questão do Paquistão"" e o terrorismo, e como o Brasil se posiciona?";"A Índia acusa o Paquistão de apoiar terrorismo; o Brasil condena o terrorismo, mas não toma partido, e mantém relações com ambos os países."
"Como o Japão vê a ""dependência do Brasil"" em commodities e a necessidade de diversificação?";O Japão incentiva a diversificação da economia brasileira e a agregação de valor, e investe em setores de alta tecnologia e inovação para reduzir a dependência de commodities.
"Qual é a cooperação Brasil-China em ""infraestrutura"" (ex.: portos, ferrovias, linhas de transmissão)?";Há investimentos chineses em portos (ex.: Santos, Itaqui), ferrovias (ex.: Ferrovia Norte-Sul) e em linhas de transmissão de energia, com financiamento e construção.
"Qual é a posição da China sobre a ""Questão do Tibete"" e a reivindicação de autonomia?";A China considera o Tibete uma parte inalienável de seu território e rejeita qualquer movimento separatista, posição que o Brasil acata, mantendo relações com a China.
"Como a Índia vê a ""presença chinesa"" no Oceano Índico e como isso afeta a segurança marítima global?";"A Índia vê a presença chinesa (ex.: portos no Sri Lanka, Paquistão) como um ""encordoamento"" e busca alianças (QUAD) e parcerias para equilibrar a China."
"Qual é a cooperação Brasil-Índia em ""segurança alimentar"" e ""agricultura sustentável""?";Há cooperação em pesquisa agrícola (EMBRAPA-ICAR), em agricultura familiar e em programas de segurança alimentar, com transferência de tecnologia e troca de experiências.
"Qual é a importância do ""diálogo 2+2"" (Defesa e Relações Exteriores) entre Brasil e Japão?";É um mecanismo de coordenação política e de defesa, que aprofunda a parceria estratégica e permite discutir temas regionais e globais, como segurança marítima e reforma da ONU.
"Como a China vê a ""indústria de defesa brasileira"" (Embraer, submarinos) e a competição por mercados?";A China vê o Brasil como um concorrente em aeronaves (KC-390) e em submarinos, mas também como um parceiro para projetos conjuntos, especialmente em tecnologia.
"Qual é a posição da Índia sobre a ""reforma da OMC"" e o comércio agrícola, em relação ao Brasil?";A Índia e o Brasil coordenam posições na OMC, defendendo a redução de subsídios agrícolas dos países desenvolvidos e a flexibilidade para a segurança alimentar.
"Como o Japão vê a ""integração sul-americana"" (MERCOSUL) e o papel do Brasil como líder regional?";O Japão vê o MERCOSUL com interesse comercial, mas prefere acordos bilaterais com o Brasil, que é seu principal parceiro na região, e apoia a liderança brasileira.
"Qual é a cooperação Brasil-China em ""saúde"" (vacinas, medicamentos, combate a epidemias)?";Há cooperação em pesquisa e produção de vacinas (ex.: COVID-19), em medicamentos (genéricos) e em combate a epidemias, com transferência de tecnologia e investimentos.
"Como a China vê a ""presença dos EUA"" no Brasil (comércio, investimentos, defesa)?";A China vê a presença dos EUA como uma concorrência, mas busca superá-la com investimentos e comércio, e mantém uma relação pragmática com o Brasil, independentemente da relação com os EUA.
"Qual é a posição da Índia sobre a ""Questão do Nepal"" e a instabilidade política, e como o Brasil se posiciona?";A Índia tem influência no Nepal, e o Brasil respeita essa influência, mantendo relações com o Nepal e apoiando a estabilidade e o diálogo, sem tomar partido.
"Como o Japão vê a ""transição energética"" e a cooperação com o Brasil em hidrogênio verde e baterias?";O Japão é um líder em hidrogênio e baterias, e coopera com o Brasil em projetos de hidrogênio verde (ex.: no Ceará) e em reciclagem de baterias, com transferência de tecnologia.
"Qual é a importância do ""Acordo de Cooperação em Educação"" Brasil-Japão (ex.: bolsas de estudo)?";O acordo promove o intercâmbio de estudantes e pesquisadores, com bolsas (MEXT, CAPES) e parcerias universitárias, fortalecendo os laços educacionais e científicos.
"Como a China vê a ""Questão do Mar da China Meridional"" e as disputas com Vietnã e Filipinas?";"A China reivindica a maior parte do Mar da China Meridional, com base em ""linha dos nove traços"", e busca resolver as disputas bilateralmente, o que gera tensões regionais."
"Qual é a posição da Índia sobre a ""guerra na Ucrânia"" e as sanções à Rússia, e como o Brasil se posiciona?";A Índia e o Brasil adotaram posições similares de neutralidade e de não alinhamento, evitando sanções e mantendo relações com a Rússia, o que cria convergência.
"Como o Japão vê a ""presença da Rússia"" na Ásia (ex.: Ilhas Curilas, Coreia do Norte) e a cooperação com o Brasil?";"O Japão tem disputas com a Rússia (Ilhas Curilas) e vê a Rússia como uma ameaça; o Brasil mantém relações com a Rússia, mas respeita a posição japonesa, e busca equilibrar."
"Qual é a cooperação Brasil-Índia em ""energia nuclear"" (usinas, pesquisa, salvaguardas)?";Há acordos de cooperação em pesquisa nuclear (medicina, agricultura) e em construção de usinas (ex.: com a Índia), com salvaguardas da AIEA e com transferência de tecnologia.
"Como a China vê a ""reforma da ONU"" e o papel do Brasil no Conselho de Segurança?";A China apoia a reforma, mas sem um compromisso explícito com o Brasil, preferindo apoiar a Índia e a África do Sul, e defende uma reforma que inclua países em desenvolvimento.
"Qual é a importância da ""diplomacia do aço"" e do ""ferro"" na relação do Brasil com a China?";O Brasil exporta minério de ferro para a China, e a China exporta aço para o Brasil, com cooperação em pesquisa e comércio, e com concorrência em alguns setores.
"Como o Japão vê a ""Questão da Coreia do Sul"" (disputas históricas e comerciais) e a relação com o Brasil?";"O Japão tem disputas com a Coreia do Sul; o Brasil mantém relações com ambos, e busca equilibrar suas relações, sem tomar partido nas disputas."
"Qual é a posição da China sobre a ""exploração de petróleo"" na margem equatorial e a disputa com a Guiana?";A China apoia a exploração por empresas chinesas e a solução pacífica de disputas, sem tomar partido na delimitação entre Brasil e Guiana, mas com interesse na exploração.
"Como a Índia vê a ""Amazônia"" e a política ambiental brasileira, em comparação com a China?";A Índia vê a Amazônia com interesse, mas não pressiona o Brasil, e tem uma posição similar à da China, de respeitar a soberania e de buscar cooperação técnica.
"Qual é a cooperação Brasil-Índia em ""produtos farmacêuticos"" e ""acesso a medicamentos""?";O Brasil e a Índia são produtores de genéricos e cooperam em pesquisa e comércio de medicamentos, e defendem a flexibilidade de patentes e o acesso a medicamentos a preços acessíveis.
"Como a China vê a ""África"" e a competição com o Brasil no continente?";A China é o maior parceiro da África, e vê o Brasil como um concorrente em cooperação técnica e comércio, mas também como um parceiro para projetos trilaterais (Brasil-China-África).
"Qual é a posição da Índia sobre a ""exploração de lítio"" na América do Sul e a transição energética?";A Índia busca fornecedores de lítio (Bolívia, Argentina, Brasil) e coopera com o Brasil em pesquisa e comércio de lítio, como parte da transição energética e da indústria de baterias.
"Como o Japão vê a ""presença da China"" na América do Sul (investimentos, comércio) e a competição?";O Japão vê a presença chinesa como uma concorrência, e busca diferenciar-se com investimentos em tecnologia de ponta e em projetos sustentáveis, e com cooperação técnica.
"Qual é a importância da ""diplomacia do café"" na relação do Brasil com a China, a Índia e o Japão?";O Brasil é um grande exportador de café, e coopera com esses países em pesquisa, comércio e consumo, competindo com outros produtores (Vietnã, Colômbia).
"Como a China vê a ""integração da infraestrutura de energia"" na América do Sul (ex.: gasodutos, hidrelétricas)?";A China investe em hidrelétricas e gasodutos na América do Sul, como parte de sua estratégia de garantir acesso a energia e de integrar a região ao seu sistema de comércio.
"Qual é a posição da Índia sobre a ""Questão do Butão"" e sua relação com a China, e o Brasil?";A Índia tem influência no Butão, e o Brasil respeita essa influência, mantendo relações com o Butão e apoiando a estabilidade, sem tomar partido nas disputas com a China.
"Como o Japão vê a ""reforma da governança da internet"" e a cooperação com o Brasil em cibersegurança?";O Japão e o Brasil defendem o modelo multissetorial de governança da internet e cooperam em cibersegurança, com acordos de proteção de dados e combate a ataques.
"Qual é a cooperação Brasil-China em ""mineração"" (ferro, cobre, lítio, ouro)?";A China investe em mineração no Brasil (ex.: Vale, lítio), com acordos de fornecimento e transferência de tecnologia, e coopera em pesquisa e desenvolvimento de mineração sustentável.
"Como a Índia vê a ""presença da China"" no Sri Lanka e o impacto na segurança do Oceano Índico?";A Índia vê a presença chinesa no Sri Lanka (porto de Hambantota) com preocupação, e busca parcerias com o Brasil em segurança marítima para equilibrar a China.
"Qual é a posição do Japão sobre a ""Questão das Ilhas Curilas"" e a Rússia, e o Brasil?";"O Japão reivindica as Ilhas Curilas; o Brasil não tem posição ativa, e mantém relações com ambos, respeitando a posição japonesa e russa, sem tomar partido."
"Como a China vê a ""integração produtiva"" no MERCOSUL e a indústria automotiva brasileira?";A China vê o MERCOSUL como um mercado para seus produtos, e investe em montadoras no Brasil, mas também enfrenta barreiras protecionistas e concorrência com a indústria local.
"Qual é a importância da ""diplomacia do turismo"" na relação do Brasil com a China, Índia e Japão?";O Brasil promove o turismo para esses países, com facilitação de vistos e campanhas de marketing, e vê o turismo como uma fonte de renda e de soft power.
"Como a Índia vê a ""presença dos EUA"" no Indo-Pacífico e a aliança QUAD, e a posição do Brasil?";"A Índia participa do QUAD, e vê a aliança como um contrapeso à China; o Brasil vê o QUAD com interesse, mas não participa, e mantém relações com a China."
"Qual é a posição da China sobre a ""Questão do Afeganistão"" e o regime talibã, e o Brasil?";A China busca relações com o Talibã, e o Brasil mantém relações limitadas, defendendo a estabilidade e os direitos humanos, mas sem envolver-se ativamente.
"Como o Japão vê a ""transição energética"" na América do Sul e a cooperação com o Brasil em biocombustíveis?";O Japão é um parceiro em biocombustíveis (etanol) e em energia renovável, e investe em projetos de transição energética no Brasil, como parte de sua estratégia de descarbonização.
"Qual é a cooperação Brasil-Índia em ""produtos químicos"" e ""fertilizantes""?";Há cooperação em comércio e pesquisa de fertilizantes, com a Índia sendo um fornecedor de fertilizantes e o Brasil um importador, além de acordos de desenvolvimento de novos produtos.
"Como a China vê a ""reforma da OMC"" e o papel do Brasil nas negociações?";A China e o Brasil coordenam posições na OMC, defendendo a redução de subsídios e a flexibilidade para países em desenvolvimento, e se opõem a condicionalidades unilaterais.
"Qual é a posição da Índia sobre a ""Questão do Sri Lanka"" e a crise econômica, e o Brasil?";A Índia oferece ajuda financeira ao Sri Lanka, e o Brasil oferece cooperação técnica e humanitária, apoiando a estabilidade e o diálogo, sem envolvimento político.
"Como o Japão vê a ""presença chinesa"" no Mar da China Oriental e o impacto na segurança regional?";O Japão vê a presença chinesa como uma ameaça, e defende a liberdade de navegação, posição que converge com a do Brasil, que também defende o direito internacional.
"Qual é a cooperação Brasil-Índia em ""biotecnologia"" (genoma, vacinas, medicamentos)?";Há cooperação em pesquisa genômica, em desenvolvimento de vacinas (ex.: COVID-19) e em medicamentos, com transferência de tecnologia e parcerias entre institutos públicos.
"Como a China vê a ""diplomacia da soja"" e a competição com o Brasil no mercado chinês?";A China importa soja tanto do Brasil quanto dos EUA, e vê o Brasil como um parceiro estável e de longo prazo, mas também como um fornecedor que pode ser influenciado por fatores climáticos e políticos.
"Qual é a importância da ""diplomacia da carne"" na relação do Brasil com a China, Índia e Japão?";A carne é um dos principais produtos de exportação do Brasil para esses países, e o país coopera em pesquisa, qualidade e rastreabilidade, competindo com EUA, Austrália e Nova Zelândia.
;
Qual é o princípio fundamental da política brasileira para o Oriente Médio desde a redemocratização?;O princípio da não intervenção, da solução pacífica de controvérsias e do respeito ao direito internacional, combinado com a defesa da solução de dois Estados para o conflito israelo-palestino.
Como o Brasil justifica seu ativismo diplomático no Oriente Médio, apesar da distância geográfica?;Com base em interesses econômicos (petróleo, comércio), na presença de comunidades de imigrantes árabes e judaicas no Brasil, e no papel de potência média com vocação para a mediação de conflitos.
"Qual é a posição brasileira sobre a ""solução de dois Estados"" para o conflito israelo-palestino?";O Brasil defende a criação de um Estado palestino viável e soberano, ao lado de Israel, com base nas fronteiras anteriores a 1967 e com Jerusalém Oriental como capital da Palestina.
Como o Brasil reconheceu o Estado da Palestina e qual foi a repercussão internacional?;Em 2010, o Brasil reconheceu o Estado da Palestina nas fronteiras de 1967, sendo um dos primeiros países a fazê-lo, o que gerou atritos com Israel, mas foi seguido por outros países.
"Qual é a posição brasileira sobre o ""status de Jerusalém"" e a transferência de embaixadas?";O Brasil defende que o status de Jerusalém deve ser definido por negociações diretas entre as partes, e não reconhece Jerusalém como capital de Israel, mantendo sua embaixada em Tel Aviv.
"Como o Brasil vê a ""questão dos assentamentos"" israelenses na Cisjordânia?";O Brasil considera os assentamentos israelenses em territórios ocupados como ilegais à luz do direito internacional, e um obstáculo à paz, e condena sua expansão.
"Qual é a posição brasileira sobre o ""bloqueio a Gaza"" e as operações militares israelenses?";O Brasil condena o bloqueio e as operações militares que causam vítimas civis, defende o direito de Israel à segurança, mas critica o uso desproporcional da força e as violações do direito humanitário.
Como o Brasil atuou na mediação do conflito israelo-palestino (ex.: durante a crise de 2023)?;O Brasil, como presidente do Conselho de Segurança da ONU em outubro de 2023, convocou reuniões de emergência e propôs resoluções pedindo tréguas humanitárias, mas sem sucesso devido a vetos.
"Qual foi o papel do Brasil na criação da ""Resolução 242"" do Conselho de Segurança da ONU?";O Brasil não participou diretamente (1967), mas a apoia como base para a paz, defendendo a retirada de Israel dos territórios ocupados e o reconhecimento de todos os Estados da região.
"Como o Brasil vê o ""papel dos EUA"" como mediador no processo de paz no Oriente Médio?";O Brasil reconhece a importância dos EUA, mas critica seu viés pró-Israel e defende um papel mais ativo da ONU, da UE, da Rússia e do Quarteto (EUA, Rússia, UE, ONU).
"Qual é a posição brasileira sobre o ""direito de retorno"" dos refugiados palestinos?";O Brasil apoia o direito dos refugiados palestinos ao retorno ou à compensação, com base na Resolução 194 da AGNU, e defende uma solução justa para a questão.
"Como o Brasil vê o ""Hezbollah"" e o ""Hamas"" como atores políticos e militares?";O Brasil não reconhece o Hamas como organização terrorista (apenas o considera um movimento político), mas condena seus ataques contra civis, e mantém contato com o Hezbollah? Não, o Brasil não mantém contato oficial com o Hezbollah.
"Qual é a relação do Brasil com a ""Autoridade Nacional Palestina"" (ANP)?";O Brasil mantém relações diplomáticas com a ANP, com um escritório de representação em Ramallah, e apoia a ANP como o representante legítimo do povo palestino.
"Como o Brasil lida com a ""comunidade judaica"" e a ""comunidade árabe"" no Brasil em relação ao conflito?";O Brasil mantém um diálogo equilibrado com ambas as comunidades, buscando evitar tensões internas e promovendo a convivência pacífica, e usa esse diálogo para informar sua política externa.
"Qual é a posição brasileira sobre a ""Corte Penal Internacional"" e a investigação de crimes em territórios ocupados?";O Brasil apoia a CPI e a investigação de crimes de guerra e crimes contra a humanidade, inclusive nos territórios ocupados, e defende a complementaridade da jurisdição.
"Como o Brasil vê a ""normalização"" das relações entre Israel e países árabes (Acordos de Abraão)?";O Brasil vê a normalização com cautela, pois pode enfraquecer a causa palestina, mas também como um passo positivo para a estabilidade regional, desde que não prejudique a solução de dois Estados.
"Qual é a posição brasileira sobre a ""questão dos recursos hídricos"" no conflito israelo-palestino?";O Brasil defende a gestão compartilhada e equitativa dos recursos hídricos, como parte de um acordo de paz abrangente, e oferece cooperação técnica em gestão de água.
"Como o Brasil vê a ""construção do muro de separação"" na Cisjordânia?";O Brasil considera o muro ilegal, com base no parecer consultivo da CIJ de 2004, e critica seu impacto na vida dos palestinos e na viabilidade do Estado palestino.
"Qual é a posição brasileira sobre a ""anexação de Jerusalém Oriental"" por Israel?";O Brasil não reconhece a anexação e a considera uma violação do direito internacional, e defende que o status da cidade seja decidido por negociações.
"Como o Brasil vê o ""papel da Liga Árabe"" e da ""Organização de Cooperação Islâmica"" no conflito?";O Brasil vê a Liga Árabe e a OCI como atores importantes para uma solução negociada e para o apoio à causa palestina, e mantém diálogo com ambas.
"Qual é a posição brasileira sobre a ""crise na Síria"" desde o início da guerra civil em 2011?";O Brasil defende uma solução política negociada, com o fim do conflito e a transição para um governo inclusivo, condena o uso de armas químicas e apoia a mediação da ONU (Enviado Especial).
"Como o Brasil vê o ""papel da Rússia"" e do ""Irã"" na Síria e o apoio ao regime de Assad?";O Brasil vê a presença russa e iraniana como um fator de complexidade, mas defende o diálogo com todos os atores, e critica intervenções externas que prolongam o conflito.
"Qual é a posição brasileira sobre o ""uso de armas químicas"" na Síria e a responsabilização?";O Brasil condena veementemente o uso de armas químicas e apoia as investigações da OPAQ (Organização para a Proibição de Armas Químicas) e a responsabilização dos culpados.
Como o Brasil contribuiu para a remoção de armas químicas da Síria?;O Brasil participou da operação de escolta naval para a remoção de armas químicas da Síria, sob os auspícios da OPAQ e da ONU, em uma missão conjunta com outros países.
"Qual é a posição brasileira sobre os ""refugiados sírios"" e a crise humanitária?";O Brasil concedeu vistos humanitários a milhares de sírios e acolheu refugiados, sendo um dos países com maior número de sírios na América Latina, em uma política de abertura.
"Como o Brasil vê a ""intervenção da Turquia"" no norte da Síria (ex.: contra curdos)?";O Brasil critica a intervenção turca, que considera uma violação da soberania síria, e defende a solução política e o respeito à integridade territorial da Síria.
"Qual é a posição brasileira sobre a ""presença dos EUA"" na Síria e a retirada de tropas?";O Brasil não tem posição oficial sobre a presença dos EUA, mas defende que todas as forças estrangeiras se retirem da Síria, com base em um acordo político e na soberania do país.
"Como o Brasil vê a ""questão curda"" na Síria e no Iraque?";O Brasil defende os direitos dos curdos como minoria étnica, mas respeita a soberania dos Estados, e apoia uma solução negociada que garanta a participação curda nos governos.
"Qual é a posição brasileira sobre o ""Iraque"" pós-Saddam Hussein e a instabilidade política?";O Brasil defende a estabilidade e a soberania do Iraque, com um governo inclusivo, e condena o terrorismo (ISIS), apoiando a assistência da ONU e a reconstrução do país.
"Como o Brasil vê a ""presença dos EUA"" no Iraque e a retirada das tropas?";O Brasil não tem posição oficial, mas defende o respeito à soberania iraquiana e a não intervenção, e apoia o papel da ONU na estabilização do país.
"Qual é a posição brasileira sobre o ""programa nuclear do Irã"" e o acordo nuclear (JCPOA)?";"O Brasil apoiou o JCPOA e defendeu o direito do Irã ao uso pacífico da energia nuclear, mas condenou o enriquecimento de urânio sem salvaguardas; com a saída dos EUA, o Brasil defende o retorno ao acordo."
Como o Brasil atuou na mediação do acordo nuclear com o Irã (Declaração de Teerã, 2010)?;O Brasil, junto com a Turquia, mediou um acordo para a troca de urânio enriquecido pelo Irã, mas a iniciativa foi preterida por sanções dos EUA, gerando críticas e, posteriormente, um distanciamento do Brasil.
"Qual é a posição brasileira sobre as ""sanções ao Irã"" impostas pelos EUA e pela UE?";O Brasil critica sanções unilaterais e extraterritoriais, e defende o diálogo e a negociação como via principal, mantendo relações comerciais e diplomáticas com o Irã.
"Como o Brasil vê a ""influência do Irã"" na região (Hezbollah, Houthis, Síria)?";O Brasil vê a influência iraniana com preocupação, mas sem confronto, e defende que o Irã atue como um ator responsável, contribuindo para a estabilidade regional.
"Qual é a posição brasileira sobre o ""conflito no Iêmen"" e a intervenção da Arábia Saudita?";O Brasil defende uma solução política negociada, com o fim do conflito e a garantia de ajuda humanitária, e critica a intervenção externa que prolonga a guerra.
"Como o Brasil vê a ""crise no Líbano"" (crise econômica, política e o papel do Hezbollah)?";O Brasil mantém relações com o Líbano, com uma grande comunidade de libaneses no Brasil, e defende a estabilidade política, a reforma econômica e o desarmamento de milícias.
"Qual é a posição brasileira sobre a ""Questão do Golfo Pérsico"" e a disputa entre Qatar e Arábia Saudita?";O Brasil não tomou partido na disputa (que foi resolvida em 2021), e manteve relações com ambos os países, defendendo o diálogo e a integração regional.
"Como o Brasil vê a ""Arábia Saudita"" como parceiro comercial e diplomático?";A Arábia Saudita é um parceiro comercial importante (petróleo, fertilizantes) e um ator regional com quem o Brasil busca uma parceria estratégica, com investimentos e diálogo político.
"Qual é a posição brasileira sobre a ""guerra no Afeganistão"" e a retirada dos EUA?";O Brasil apoia a estabilidade do Afeganistão, condena o terrorismo, mas não reconhece o regime talibã, e defende a proteção dos direitos humanos, especialmente das mulheres.
"Como o Brasil vê a ""presença da Turquia"" no Oriente Médio (Síria, Líbia, Catar)?";O Brasil vê a Turquia como um ator regional importante, e mantém relações comerciais e diplomáticas, mas critica intervenções militares que violam a soberania de outros Estados.
"Qual é a posição brasileira sobre a ""crise na Líbia"" e a intervenção estrangeira?";O Brasil defende uma solução política negociada, com o fim do conflito e a estabilização do país, e critica a intervenção externa, apoiando o papel da ONU (UNSMIL).
"Como o Brasil vê o ""Egito"" pós-revolução de 2011 e a estabilidade do país?";O Brasil mantém relações com o Egito, com comércio e cooperação, e apoia a estabilidade e o desenvolvimento econômico, sem tomar partido em disputas políticas internas.
"Qual é a posição brasileira sobre a ""Questão da Palestina"" na UNESCO e na ONU?";O Brasil vota a favor da admissão da Palestina como membro pleno da UNESCO e apoia sua participação na ONU como Estado observador não membro.
"Como o Brasil vê o ""papel da ONU"" no Oriente Médio (UNIFIL, UNTSO, UNDOF)?";O Brasil apoia as missões de paz da ONU na região, e contribui com observadores e tropas (ex.: UNIFIL no Líbano), defendendo o papel central da ONU na manutenção da paz.
"Qual é a posição brasileira sobre o ""Programa Nuclear"" do Irã e a AIEA?";O Brasil apoia o trabalho da AIEA e defende que o Irã cumpra com suas obrigações de salvaguardas, e que as inspeções sejam realizadas de forma transparente.
"Como o Brasil vê a ""questão dos direitos humanos"" no Oriente Médio (Arábia Saudita, Irã, Síria)?";O Brasil defende o diálogo e a cooperação em direitos humanos, mas evita sanções unilaterais e críticas públicas excessivas, preferindo a diplomacia silenciosa.
"Qual é a posição brasileira sobre a ""guerra entre Israel e Hezbollah"" (2006) e a atuação da UNIFIL?";O Brasil apoiou a Resolução 1701 do CS da ONU, que pôs fim ao conflito, e contribuiu com tropas para a UNIFIL, defendendo a soberania do Líbano e o desarmamento de milícias.
"Como o Brasil vê a ""questão dos curdos"" no Iraque e a autonomia do Curdistão iraquiano?";O Brasil mantém relações com o governo regional do Curdistão, mas respeita a soberania e a integridade territorial do Iraque, e apoia o diálogo entre Bagdá e Erbil.
"Qual é a posição brasileira sobre a ""Primavera Árabe"" e as transições democráticas?";O Brasil apoiou as aspirações democráticas das populações, mas defendeu a estabilidade e a não intervenção, evitando tomar partido em conflitos internos (ex.: Egito, Líbia, Síria).
"Como o Brasil vê o ""papel do Catar"" como mediador no Oriente Médio (ex.: Hamas, Afeganistão)?";O Brasil vê o Catar como um mediador importante, com quem mantém relações estreitas, e apoia seus esforços de paz, especialmente em Gaza e no Afeganistão.
"Qual é a posição brasileira sobre a ""Questão do Saara Ocidental"" e o papel da MINURSO?";O Brasil apoia a autodeterminação do Saara Ocidental, mas não reconhece a República Árabe Saaraui Democrática, e apoia a mediação da ONU (MINURSO) para um referendo.
"Como o Brasil vê a ""presença da França"" no Oriente Médio (ex.: bases no Líbano, Emirados)?";O Brasil não tem posição ativa, mas respeita a presença francesa e vê a França como um ator relevante para a estabilidade da região, com quem coordena posições.
"Qual é a posição brasileira sobre a ""Questão do Chipre"" e a divisão da ilha?";O Brasil apoia a solução pacífica e a reunificação do Chipre, com base nas negociações da ONU, e mantém relações com ambas as comunidades (grega e turca).
"Como o Brasil vê a ""presença da Rússia"" no Oriente Médio (Síria, Líbia, Egito)?";O Brasil vê a Rússia como um ator relevante, com quem coordena posições na ONU (especialmente no CS), e defende o diálogo e a cooperação para a estabilidade regional.
"Qual é a posição brasileira sobre a ""Questão do Golfo de Aqaba"" e a navegação marítima?";O Brasil defende a liberdade de navegação e o direito internacional, e não tem posição ativa sobre as disputas, mas apoia a solução pacífica.
"Como o Brasil vê a ""presença dos EUA"" no Golfo Pérsico e a segurança marítima?";O Brasil defende a liberdade de navegação e a segurança marítima, mas critica a militarização excessiva e defende o papel da ONU e de fóruns regionais.
"Qual é a posição brasileira sobre a ""crise humanitária"" no Iêmen e a ajuda humanitária?";O Brasil doa para agências da ONU e apoia o esforço humanitário, mas não tem uma presença significativa, e defende a solução política como a via principal.
"Como o Brasil vê a ""Questão do Jordão"" e a estabilidade do país?";O Brasil mantém relações com a Jordânia, um país estável e parceiro em diálogo inter-religioso e comércio, e apoia seu papel na manutenção do status quo em Jerusalém.
"Qual é a posição brasileira sobre a ""Questão do Bahrein"" e a repressão a protestos?";O Brasil não tem posição ativa, mas defende o diálogo e os direitos humanos, e mantém relações diplomáticas com o Bahrein, sem críticas públicas.
"Como o Brasil vê o ""papel da Organização para a Cooperação Islâmica"" (OCI) no Oriente Médio?";O Brasil vê a OCI como um fórum importante para o diálogo e a promoção da paz, e mantém relações com a organização, especialmente em temas de comércio e direitos humanos.
"Qual é a posição brasileira sobre a ""Questão do Kuwait"" e a invasão do Iraque (1990)?";O Brasil condenou a invasão do Kuwait e apoiou as resoluções da ONU, mas não participou da coalizão militar, mantendo uma postura de não intervenção.
"Como o Brasil vê a ""presença da China"" no Oriente Médio (comércio, investimentos, mediação)?";O Brasil vê a China como um ator econômico importante, e como um mediador potencial (ex.: entre Arábia Saudita e Irã), e coordena posições com a China em fóruns como a ONU.
"Qual é a posição brasileira sobre a ""Questão do Omã"" e a mediação em conflitos regionais?";O Brasil mantém relações com o Omã, um país que atua como mediador em disputas (ex.: entre Irã e EUA), e vê o Omã como um parceiro para o diálogo.
"Como o Brasil vê a ""presença de milícias xiitas"" no Iraque e na Síria (ex.: Hashd al-Shaabi)?";O Brasil não tem posição ativa, mas defende o desarmamento e a integração dessas milícias nas forças de segurança estatais, e apoia a soberania do Iraque.
"Qual é a posição brasileira sobre a ""Questão do Líbano"" e o Tribunal Especial para o Líbano?";O Brasil apoia o Tribunal Especial para o Líbano (que julgou o assassinato de Hariri), e defende a justiça e a estabilidade do Líbano, mantendo relações com o país.
"Como o Brasil vê a ""crise de refugiados"" no Oriente Médio (sírios, iraquianos, palestinos)?";O Brasil acolhe refugiados com vistos humanitários e coopera com o ACNUR, e defende a responsabilidade compartilhada e o apoio aos países de acolhimento (Jordânia, Líbano, Turquia).
"Qual é a posição brasileira sobre a ""Questão do Curdistão"" e o referendo de independência (2017)?";O Brasil respeitou a soberania do Iraque e não reconheceu o referendo curdo, defendendo o diálogo entre Bagdá e Erbil e a integridade territorial do Iraque.
"Como o Brasil vê o ""papel da Arábia Saudita"" na liderança sunita e a rivalidade com o Irã?";O Brasil vê a rivalidade com preocupação, e mantém relações equilibradas com ambos, defendendo o diálogo e a redução de tensões (ex.: acordo mediado pela China em 2023).
"Qual é a posição brasileira sobre a ""Questão da Faixa de Gaza"" e o controle do Hamas?";O Brasil defende a reconciliação palestina entre Hamas e Fatah, e apoia a Autoridade Palestina como a legítima representante, condenando o bloqueio e a violência.
"Como o Brasil vê a ""presença dos Emirados Árabes Unidos"" no Corno de África (bases militares)?";O Brasil não tem posição ativa, mas vê a presença dos Emirados como parte da projeção de poder regional, e mantém relações comerciais e diplomáticas com os Emirados.
"Qual é a posição brasileira sobre a ""Questão da Cisjordânia"" e a Autoridade Palestina?";O Brasil apoia a Autoridade Palestina como governo legítimo na Cisjordânia, e defende a sua soberania sobre a área, com exceção dos assentamentos israelenses.
"Como o Brasil vê a ""Questão dos Montes Golan"" e a anexação por Israel?";O Brasil não reconhece a anexação dos Montes Golan, que considera território sírio ocupado, com base no direito internacional e nas resoluções da ONU.
"Qual é a posição brasileira sobre a ""Questão do Sinai"" e a presença de forças de paz (MFO)?";O Brasil não participa da MFO, mas defende a estabilidade do Sinai e o combate ao terrorismo, e respeita a soberania do Egito sobre a região.
"Como o Brasil vê o ""papel da Jordânia"" na guarda dos lugares santos em Jerusalém?";O Brasil reconhece o papel da Jordânia como guardiã dos lugares santos muçulmanos em Jerusalém, e apoia o status quo e o diálogo inter-religioso.
"Qual é a posição brasileira sobre a ""Questão do Golfo de Omã"" e a navegação de petroleiros?";O Brasil defende a liberdade de navegação e a segurança do tráfego marítimo, e apoia o diálogo e a desescalada na região do Golfo.
"Como o Brasil vê a ""presença de tropas turcas"" no Iraque e na Síria (contra os curdos)?";O Brasil critica a presença militar turca, que considera uma violação da soberania, e defende o diálogo e a solução política para a questão curda.
"Qual é a posição brasileira sobre a ""Questão do Saara Ocidental"" e a MINURSO?";O Brasil apoia a MINURSO e a realização de um referendo de autodeterminação, e defende a solução negociada entre Marrocos e a Frente Polisário.
"Como o Brasil vê a ""presença da UE"" no Oriente Médio (missões de paz, mediação)?";O Brasil vê a UE como um ator relevante, com quem coordena posições em temas como o processo de paz e a questão nuclear iraniana, e apoia sua mediação.
"Qual é a posição brasileira sobre a ""Questão da Palestina"" e o Tribunal Penal Internacional?";O Brasil apoia a adesão da Palestina ao Estatuto de Roma e a investigação de crimes nos territórios ocupados, e defende a justiça internacional.
"Como o Brasil vê a ""presença da Rússia"" no Mar Mediterrâneo (base em Tartus, Síria)?";O Brasil vê a presença russa como um fator geopolítico, e não toma partido, defendendo o diálogo e a estabilidade regional, sem criticar abertamente a Rússia.
"Qual é a posição brasileira sobre a ""Questão dos Direitos Humanos"" na Arábia Saudita (ex.: Khashoggi)?";O Brasil evitou críticas públicas ao caso Khashoggi, mantendo relações comerciais e diplomáticas, mas defende o diálogo e a investigação, sem sanções.
"Como o Brasil vê a ""crise política"" no Líbano e o papel do Hezbollah no governo?";O Brasil vê a crise com preocupação, e defende a estabilidade e a reforma econômica, mas não toma posição sobre o Hezbollah, mantendo relações com todos os grupos.
"Qual é a posição brasileira sobre a ""Questão dos Curdos"" na Turquia e o PKK?";O Brasil defende os direitos das minorias, mas não considera o PKK como organização terrorista, e não toma partido no conflito entre a Turquia e o PKK.
"Como o Brasil vê a ""presença dos EUA"" na Base de Guantánamo (Cuba) e sua relação com o Oriente Médio?";O Brasil critica a base de Guantánamo e as detenções, e defende o fechamento da base e o tratamento dos prisioneiros de acordo com o direito internacional.
"Qual é a posição brasileira sobre a ""Questão do Golfo de Aden"" e a pirataria na Somália?";O Brasil defende a segurança marítima e a liberdade de navegação, e apoia as operações de combate à pirataria (EUNAVFOR, NATO), mas não participa ativamente.
"Como o Brasil vê a ""presença do Irã"" no Mar Vermelho e no Golfo de Omã?";O Brasil vê a presença iraniana com preocupação, mas defende o diálogo e a desescalada, e não toma partido nas disputas regionais.
"Qual é a posição brasileira sobre a ""Questão do Curdistão"" na Síria (Rojava) e a autonomia curda?";O Brasil defende os direitos dos curdos e a participação curda na transição síria, mas respeita a soberania da Síria e não reconhece a autonomia unilateral.
"Como o Brasil vê a ""Questão do Líbano"" e a presença de refugiados sírios?";O Brasil defende o apoio ao Líbano para acolher os refugiados sírios, e oferece cooperação humanitária, mas não se envolve na gestão interna do país.
"Qual é a posição brasileira sobre a ""Questão de Jerusalém"" e a reivindicação de soberania?";O Brasil defere o status de Jerusalém para negociações diretas, e não reconhece a anexação de Jerusalém Oriental, mantendo sua embaixada em Tel Aviv.
"Como o Brasil vê a ""Questão dos Refugiados Palestinos"" e a UNRWA?";O Brasil apoia a UNRWA e contribui financeiramente, e defende o direito dos refugiados palestinos ao retorno ou à compensação, com base na Resolução 194.
"Qual é a posição brasileira sobre a ""Questão do Iraque"" e a presença do ISIS?";O Brasil condena o ISIS e apoia a luta contra o terrorismo, e defende a estabilidade do Iraque, com um governo inclusivo e a reconstrução do país.
"Como o Brasil vê a ""presença da Turquia"" no Catar (base militar) e no Azerbaijão?";O Brasil não tem posição ativa, mas vê a presença turca como parte da projeção de poder regional, e mantém relações equilibradas com todos os atores.
"Qual é a posição brasileira sobre a ""Questão do Sinai"" e o conflito com o Egito?";O Brasil apoia a estabilidade do Sinai e o combate ao terrorismo, e defende o diálogo e a solução pacífica, respeitando a soberania egípcia.
"Como o Brasil vê a ""Questão da Líbia"" e a divisão entre Leste e Oeste?";O Brasil defende uma solução política negociada, com a unificação das instituições e o fim do conflito, e apoia o papel da ONU (UNSMIL) e da UA.
"Qual é a posição brasileira sobre a ""Questão do Golfo Pérsico"" e a segurança das rotas de petróleo?";O Brasil defende a segurança das rotas marítimas e a liberdade de navegação, e apoia o diálogo e a desescalada entre os países do Golfo.
"Como o Brasil vê a ""presença da Índia"" no Oriente Médio (comércio, energia, diáspora)?";O Brasil vê a Índia como um ator importante, e coordena posições no BRICS e na ONU sobre o Oriente Médio, mas não tem uma posição ativa sobre a presença indiana.
"Qual é a posição brasileira sobre a ""Questão do Bahrein"" e a presença da base naval dos EUA?";O Brasil não tem posição ativa, mas vê a base dos EUA como um fator de estabilidade regional, e mantém relações com o Bahrein, sem críticas públicas.
"Como o Brasil vê a ""Questão do Curdistão"" e a exploração de petróleo na região?";O Brasil defende que a exploração de petróleo no Curdistão deve respeitar a soberania do Iraque e a repartição de receitas, e não toma partido nas disputas.
"Qual é a posição brasileira sobre a ""Questão do Iêmen"" e a intervenção da coalizão árabe?";O Brasil defende a solução política e o fim da intervenção militar, e apoia a mediação da ONU, condenando o conflito e a crise humanitária.
"Como o Brasil vê a ""Questão da Síria"" e o papel da Rússia e do Irã na transição política?";O Brasil defende que a Rússia e o Irã participem da transição, mas que a solução seja liderada pela ONU e pelos sírios, e que garanta a soberania e a integridade da Síria.
"Qual é a posição brasileira sobre a ""Questão do Egito"" e a repressão à Irmandade Muçulmana?";O Brasil não tem posição ativa, mas defende o diálogo e os direitos humanos, e mantém relações com o Egito, priorizando a cooperação econômica e de comércio.
"Como o Brasil vê o ""futuro do Oriente Médio"" e o papel do Brasil como mediador?";O Brasil vê um futuro de tensões e desafios, mas também de oportunidades de comércio e de diálogo, e busca atuar como mediador e como ponte entre o Ocidente e o mundo árabe-islâmico.
;
;
Qual foi o principal objetivo da criação da CPLP em 1996?;Promover a cooperação multilateral entre os países de língua portuguesa, com base na comunhão da língua, na defesa de interesses comuns e na projeção internacional do português, sem fins de integração política ou econômica obrigatória.
Quais são os países-membros fundadores da CPLP?;Angola, Brasil, Cabo Verde, Guiné-Bissau, Moçambique, Portugal e São Tomé e Príncipe (os sete países de língua portuguesa à época).
Quando e como Timor-Leste e Guiné Equatorial aderiram à CPLP?;"Timor-Leste aderiu em 2002, após sua independência; a Guiné Equatorial aderiu em 2014, sendo o primeiro país não lusófono a entrar, por ter o português como uma de suas línguas oficiais."
Qual é o papel do Brasil na criação e no fortalecimento da CPLP?;O Brasil foi um dos principais articuladores da CPLP, vendo-a como um instrumento de projeção internacional, de cooperação Sul-Sul e de promoção da língua portuguesa, além de um contrapeso à influência lusófona de Portugal.
A CPLP é uma organização de integração política ou uma comunidade de cooperação?;"A CPLP é uma comunidade de cooperação, baseada em valores e interesses comuns, e não um bloco de integração política ou econômica; sua natureza é flexível e intergovernamental."
Qual é a estrutura institucional básica da CPLP?;A Conferência de Chefes de Estado e de Governo (órgão supremo), o Conselho de Ministros, o Secretariado Executivo, as Reuniões de Coordenação e os Comitês Especializados.
"Qual é a função da ""Conferência de Chefes de Estado e de Governo"" da CPLP?";"É o órgão máximo de decisão, que define as orientações estratégicas, aprova o orçamento e elege o Secretário Executivo; reúne-se a cada dois anos, alternando a presidência entre os Estados-membros."
"Como funciona a ""Presidência rotativa"" da CPLP?";A presidência é exercida por um Estado-membro por um período de dois anos, que é responsável por coordenar as atividades, sediar a Conferência de Chefes de Estado e dar continuidade à agenda.
"Qual é a função do ""Secretariado Executivo"" da CPLP?";É o órgão permanente da organização, sediado em Lisboa, que executa as decisões, coordena os projetos, gerencia o orçamento e representa a CPLP no plano internacional.
"Quais são os ""Comitês Especializados"" da CPLP e qual sua função?";São órgãos temáticos (ex.: Educação, Saúde, Juventude, Defesa, Cultura) que preparam e implementam projetos e políticas em suas áreas, com reuniões periódicas.
"Qual é a importância da ""língua portuguesa"" como fator de coesão da CPLP?";"A língua é o elemento central da identidade da CPLP, servindo como um ""patrimônio comum"" que une países de diferentes continentes e realidades políticas, e como ferramenta de cooperação e de projeção internacional."
Quais são os principais eixos de atuação da CPLP?;"Cooperação em educação, ciência e cultura; promoção da língua portuguesa; cooperação em saúde, desenvolvimento social, defesa e segurança; e coordenação política em fóruns internacionais."
"Como a CPLP promove a ""língua portuguesa"" no sistema internacional?";"Por meio de acordos com a ONU, UNESCO, UE e outras organizações para o uso do português como língua de trabalho, e por meio de projetos de difusão do idioma, como o ""Dia da Língua Portuguesa"" (5 de maio)."
"Qual é a posição do Brasil em relação ao ""Acordo Ortográfico de 1990"" e à CPLP?";O Brasil é signatário e ratificou o Acordo, que visa unificar a ortografia do português, e a CPLP atua como fórum para sua implementação e para a promoção de uma política linguística comum.
"Qual é a importância do ""Instituto Internacional da Língua Portuguesa"" (IILP) para a CPLP?";O IILP, sediado em Cabo Verde, é o órgão da CPLP responsável pela promoção, estudo e difusão da língua portuguesa, atuando na formação de professores e na produção de materiais didáticos.
"Como a CPLP lida com a ""diversidade linguística"" interna (ex.: crioulos, línguas nacionais)?";A CPLP reconhece a diversidade linguística e promove o português como língua de comunicação e de educação, mas também valoriza as línguas nacionais como parte do patrimônio cultural.
"Qual é o papel da CPLP na ""cooperação em educação"" (ex.: formação de professores, intercâmbio)?";A CPLP promove a mobilidade de estudantes e professores, a criação de redes universitárias (ex.: AULP - Associação das Universidades de Língua Portuguesa), e o desenvolvimento de currículos comuns.
"Como a CPLP atua na ""cooperação em saúde"" (ex.: combate a endemias, HIV, COVID-19)?";A CPLP coordena políticas de saúde, promove a produção de medicamentos e vacinas, e compartilha experiências no combate a epidemias (ex.: malária, HIV, COVID-19), com o Brasil tendo um papel de destaque.
"Qual é o papel da CPLP na ""cooperação em defesa"" e na segurança marítima?";A CPLP promove a cooperação militar, com exercícios conjuntos e intercâmbio de oficiais, e a segurança marítima (ex.: no Atlântico Sul, Golfo da Guiné), com foco na proteção de recursos e no combate à pirataria.
"Como a CPLP atua na ""cooperação em Justiça e Direitos Humanos""?";A CPLP promove a cooperação judiciária, o combate ao crime transnacional e a proteção dos direitos humanos, com ênfase na luta contra a impunidade e na promoção do Estado de Direito.
"Qual é a posição da CPLP sobre a ""questão da Guiné-Bissau"" e a instabilidade política?";A CPLP atua ativamente na mediação de crises políticas na Guiné-Bissau, promovendo o diálogo, a estabilidade e a reforma do setor de defesa, com o Brasil e Portugal como principais mediadores.
"Como a CPLP atua na ""estabilização de Timor-Leste"" e no apoio ao desenvolvimento?";A CPLP apoiou a independência de Timor-Leste e atua na cooperação para o desenvolvimento, com projetos em educação, saúde, e formação de quadros, além de mediação política.
"Qual é a posição da CPLP sobre a ""autodeterminação"" e a ""descolonização"" (ex.: Timor-Leste)?";A CPLP apoia o direito à autodeterminação dos povos e atuou no apoio à independência de Timor-Leste, sendo um fórum de apoio aos processos de descolonização pacífica.
"Como a CPLP vê a ""questão de Macau"" e a presença de Portugal em Macau?";"A CPLP respeita a soberania da China sobre Macau, e o português é língua oficial em Macau, que é um ""observador associado"" da CPLP, representando os interesses lusófonos na Ásia."
"Quais são os ""Estados Observadores Associados"" da CPLP?";A CPLP possui Observadores Associados, como a Geórgia, a República da Guiné (Conacri), a Índia, a Itália, a Namíbia, a Turquia, a Ucrânia, a França, o Senegal, a Argentina, o Chile e a Hungria.
"Qual é a diferença entre ""Membro"" e ""Observador Associado"" na CPLP?";"Os Membros são Estados com o português como língua oficial; os Observadores Associados são países ou territórios que reconhecem o português como língua de comunicação e cooperação, mas não têm direito a voto."
"Como a CPLP atua na ""cooperação cultural"" (ex.: cinema, literatura, música)?";A CPLP promove festivais, prêmios literários (ex.: Prêmio Camões, Prêmio de Literatura da CPLP), coproduções cinematográficas, e a circulação de artistas e obras, fortalecendo a identidade cultural comum.
"Qual é a importância do ""Prêmio Camões"" para a CPLP?";O Prêmio Camões é o mais importante prêmio literário de língua portuguesa, concedido anualmente a autores lusófonos, sendo um símbolo da unidade cultural da CPLP.
"Como a CPLP promove a ""cooperação científica e tecnológica"" (ex.: pesquisa, inovação)?";A CPLP promove redes de pesquisa, a mobilidade de cientistas, e projetos conjuntos em áreas como biotecnologia, agricultura, energia e saúde, com o Brasil e Portugal como principais parceiros.
"Qual é o papel da CPLP na ""cooperação em agricultura e segurança alimentar""?";A CPLP promove a cooperação em pesquisa agrícola (ex.: EMBRAPA nos PALOP), no combate à fome e na segurança alimentar, com projetos de desenvolvimento rural e de fortalecimento da agricultura familiar.
"Como a CPLP atua na ""cooperação em economia e comércio"" entre os países lusófonos?";A CPLP promove o comércio intracomunitário, a facilitação de investimentos e a criação de um espaço econômico lusófono, mas com resultados limitados, pois não é um bloco econômico.
"Qual é a importância da ""Conferência Empresarial"" da CPLP?";É um fórum para promover negócios e investimentos entre os países da CPLP, reunindo empresários e representantes de câmaras de comércio para discutir oportunidades.
"Como a CPLP lida com a ""dívida externa"" dos países africanos lusófonos?";A CPLP não é um fórum para renegociação de dívidas, mas os países membros podem usar a organização para coordenar posições em fóruns internacionais (ex.: Clube de Paris, FMI).
"Qual é o papel da CPLP na ""promoção dos direitos humanos"" e da democracia?";"A CPLP defende os direitos humanos e a democracia, e tem mecanismos de monitoramento e de diálogo, mas sem poder de sanção, atuando como um fórum de ""pressão suave""."
"Como a CPLP atua na ""mediação de conflitos"" entre ou dentro de seus membros?";"A CPLP atua como mediadora em crises políticas (ex.: Guiné-Bissau, Timor-Leste, São Tomé), por meio de missões de ""boa-fé"" e de diálogo, e com o apoio de países como Brasil e Portugal."
"Qual é a posição da CPLP sobre a ""questão do Saara Ocidental""?";A CPLP não tem posição oficial sobre o Saara Ocidental, mas Portugal e o Brasil, como membros, têm posições diferentes, o que limita a atuação da organização.
"Como a CPLP vê a ""cooperação com a União Europeia"" e com a União Africana?";A CPLP mantém diálogos e acordos de cooperação com a UE (especialmente com Portugal) e com a UA, para promover projetos em saúde, educação e desenvolvimento, e para coordenar posições em fóruns internacionais.
"Qual é a importância da ""CPLP na ONU"" e na defesa da língua portuguesa?";A CPLP atua na ONU para promover o português como língua oficial e de trabalho, e para coordenar as posições dos países lusófonos em temas como direitos humanos, desenvolvimento e paz.
"Como a CPLP lida com a ""questão da migração"" e da ""diáspora"" lusófona?";A CPLP promove a cooperação em migração, com acordos de residência e de trabalho, e valoriza a diáspora lusófona como um elo entre os países e como um ativo de soft power.
"Qual é a importância da ""juventude"" e dos ""esportes"" na CPLP?";A CPLP promove o intercâmbio de jovens, a realização de jogos da CPLP (competições esportivas) e a cooperação em políticas de juventude, como forma de fortalecer a identidade lusófona entre as novas gerações.
"Como a CPLP atua na ""cooperação em turismo"" e na promoção dos destinos lusófonos?";A CPLP promove o turismo entre os países membros, com acordos de facilitação de vistos e campanhas de marketing, como forma de integração econômica e cultural.
"Qual é o papel da ""Assembleia Parlamentar"" da CPLP?";A Assembleia Parlamentar reúne parlamentares dos países-membros para debater temas de interesse comum, mas tem caráter consultivo e não é um órgão legislativo.
"Como a CPLP se relaciona com as ""instituições financeiras internacionais"" (FMI, Banco Mundial)?";A CPLP não tem um papel ativo, mas os países membros coordenam posições em negociações com essas instituições, especialmente em temas de dívida e desenvolvimento.
"Qual é a posição da CPLP sobre a ""cooperação Sul-Sul"" e o papel do Brasil?";A CPLP é um fórum de cooperação Sul-Sul, e o Brasil é o principal provedor de cooperação técnica (saúde, agricultura) para os PALOP e Timor-Leste, sendo um pilar da organização.
"Como a CPLP lida com a ""questão da Guiné Equatorial"" e seu regime político?";"A adesão da Guiné Equatorial (2014) foi polêmica devido a seu regime político; a CPLP evita críticas abertas, mas mantém diálogo e monitoramento, com foco na cooperação técnica."
"Qual é a importância da ""cooperação em defesa"" entre os países da CPLP (ex.: exercícios navais)?";"A CPLP realiza exercícios navais (ex.: ""Guarita"" e ""Feltre"") e promove o intercâmbio de oficiais, fortalecendo a segurança marítima e a confiança mútua entre as forças armadas dos países lusófonos."
"Como a CPLP atua na ""cooperação em gestão de desastres"" e ajuda humanitária?";A CPLP promove a cooperação em defesa civil e proteção civil, e coordena ajuda humanitária em situações de emergência (ex.: enchentes, secas) entre os países membros.
"Qual é a posição da CPLP sobre a ""questão do terrorismo"" no Golfo da Guiné e na África?";A CPLP defende a cooperação no combate ao terrorismo, com troca de informações e capacitação, e apoia as operações de paz da UA e da ONU na região.
"Como a CPLP lida com a ""questão da corrupção"" e do crime organizado?";A CPLP promove a cooperação judiciária e policial, e adotou estratégias de combate à corrupção e ao branqueamento de capitais, com foco na prevenção e na transparência.
"Qual é a importância da ""cooperação em energia"" (renovável, petróleo, gás) na CPLP?";A CPLP promove a cooperação em energia, com projetos em energias renováveis (solar, eólica), e em exploração de petróleo e gás (Angola, Moçambique, Brasil), para garantir a segurança energética.
"Como a CPLP lida com a ""questão da Amazônia"" e as florestas tropicais (ex.: Congo, Brasil)?";A CPLP não tem uma política específica, mas promove a cooperação em gestão florestal e biodiversidade, com foco em desenvolvimento sustentável, e apoia iniciativas como a OTCA.
"Qual é o papel da CPLP na ""promoção da igualdade de gênero"" e do empoderamento feminino?";A CPLP promove a igualdade de gênero, com programas de capacitação, e a participação das mulheres na política e na economia, em linha com os Objetivos de Desenvolvimento Sustentável.
"Como a CPLP atua na ""cooperação em pesca"" e na gestão dos recursos marinhos?";A CPLP promove a cooperação em pesca sustentável, com acordos para o acesso a águas (ex.: Brasil, Angola, Cabo Verde) e para o combate à pesca ilegal, no âmbito da FAO e da ZOPACAS.
"Qual é a posição da CPLP sobre a ""reforma da ONU"" e o Conselho de Segurança?";"A CPLP não tem uma posição única, mas o Brasil, como membro, defende a reforma do CS e a inclusão de países em desenvolvimento; a CPLP pode apoiar essa posição como organização."
"Como a CPLP vê a ""presença da China"" nos países lusófonos (Angola, Moçambique, Brasil)?";"A CPLP não tem uma posição oficial, mas os países membros mantêm relações com a China; a organização pode servir como fórum para discutir a presença chinesa e coordenar posições."
"Qual é a importância da ""cooperação em ciência e tecnologia"" (ex.: satélites, internet) na CPLP?";A CPLP promove a cooperação em ciência e tecnologia, com projetos em satélites (ex.: CBERS, envolvendo o Brasil e Angola) e em conectividade digital, para reduzir a exclusão digital.
"Como a CPLP lida com a ""questão da dívida"" dos PALOP e a cooperação com o Brasil?";A CPLP não é um fórum de renegociação, mas o Brasil, como membro, oferece cooperação técnica e, em alguns casos, perdão de dívidas, como parte da cooperação Sul-Sul.
"Qual é o papel da CPLP na ""cooperação em educação superior"" (ex.: redes de universidades)?";A CPLP promove a Associação das Universidades de Língua Portuguesa (AULP) e a mobilidade de estudantes e professores, com programas de bolsas e de reconhecimento de diplomas.
"Como a CPLP atua na ""cooperação em cultura"" (ex.: patrimônio, música, artes)?";A CPLP promove o diálogo cultural, com a valorização do patrimônio (ex.: arquitetura, gastronomia) e a criação de redes de artistas, como forma de soft power e de integração.
"Qual é a posição da CPLP sobre a ""questão dos direitos dos indígenas"" e das minorias?";A CPLP não tem uma posição específica, mas promove os direitos humanos em geral, e o Brasil pode atuar para incluir a questão indígena na agenda, mas com resistência de outros países.
"Como a CPLP vê a ""cooperação com os países da América Latina"" (ex.: Argentina, Uruguai)?";"A CPLP mantém diálogo com países latino-americanos, mas não há uma política de integração; o Brasil pode usar a CPLP para promover a aproximação entre a América Latina e os PALOP."
"Qual é a importância da ""cooperação em turismo"" para a economia dos PALOP?";"O turismo é uma fonte de divisas para Cabo Verde, São Tomé e Moçambique; a CPLP promove a imagem dos destinos lusófonos e facilita a circulação de turistas, com acordos de visto."
"Como a CPLP lida com a ""questão da migração"" de africanos para o Brasil e para Portugal?";A CPLP promove o diálogo sobre migração, com acordos de residência (ex.: entre Portugal e os PALOP) e de readmissão, e combate o tráfico de pessoas, mas sem uma política única.
"Qual é o papel da CPLP na ""cooperação em saúde"" (ex.: produção de medicamentos, HIV)?";A CPLP atua na produção de medicamentos (genéricos) e vacinas, e no combate a endemias (HIV, malária), com o Brasil sendo um parceiro importante, por meio da Fiocruz e do Butantan.
"Como a CPLP vê a ""questão das mudanças climáticas"" e a cooperação em adaptação?";A CPLP promove a cooperação em adaptação e mitigação, com projetos em energias renováveis, gestão de água e agricultura sustentável, e coordena posições em COPs.
"Qual é a posição da CPLP sobre a ""cooperação em defesa"" e a indústria de defesa?";A CPLP promove a cooperação na indústria de defesa, com projetos conjuntos (ex.: entre Brasil e Portugal), e a compra de equipamentos, como forma de autonomia regional.
"Como a CPLP lida com a ""questão da biopirataria"" e dos recursos genéticos (Amazônia, África)?";A CPLP não tem uma política específica, mas promove o acesso a recursos genéticos e a repartição de benefícios, com base na Convenção sobre Diversidade Biológica.
"Qual é a importância da ""cooperação em agricultura"" (ex.: EMBRAPA, sementes) para a CPLP?";A EMBRAPA (Brasil) é um ator-chave na cooperação agrícola, transferindo tecnologia para os PALOP e Timor-Leste, e a CPLP promove essa parceria, como parte da segurança alimentar.
"Como a CPLP atua na ""cooperação em gestão de recursos hídricos"" (ex.: bacias transfronteiriças)?";A CPLP promove a gestão integrada de recursos hídricos, com projetos em água e saneamento, e compartilha experiências entre países que têm bacias compartilhadas (ex.: Bacia do Prata, Bacia do Congo).
"Qual é a posição da CPLP sobre a ""questão da soberania alimentar"" e da agricultura familiar?";A CPLP defende a soberania alimentar e a agricultura familiar, com programas de fortalecimento de cooperativas e de aquisição de alimentos, como forma de combate à fome.
"Como a CPLP vê a ""presença da Rússia"" na África (ex.: Angola, Moçambique) e a competição?";"A CPLP não tem uma posição ativa, mas os países membros mantêm relações com a Rússia; a organização pode servir como um fórum de coordenação, mas sem confronto."
"Qual é o papel da CPLP na ""cooperação em segurança marítima"" (ex.: ZOPACAS, Golfo da Guiné)?";A CPLP promove a segurança marítima, com exercícios navais e cooperação em vigilância, e atua na ZOPACAS (Atlântico Sul) e no Golfo da Guiné, como parte da proteção de recursos e do combate à pirataria.
"Como a CPLP lida com a ""questão da dívida"" de Portugal e a crise econômica europeia?";"A CPLP não tem um papel ativo, mas a crise em Portugal afetou a cooperação; o Brasil pode assumir um papel mais importante como provedor de cooperação para os PALOP."
"Qual é a importância da ""cooperação em comunicação"" (ex.: rádio, TV, internet) na CPLP?";A CPLP promove a cooperação em mídia e comunicação, com a criação de redes de rádio e televisão (ex.: RTP, TVE) e de conteúdo digital, para difundir a língua e a cultura.
"Como a CPLP atua na ""cooperação em direitos humanos"" e na proteção de refugiados?";A CPLP promove a cooperação em direitos humanos, com a proteção de refugiados (ex.: acolhida de sírios no Brasil, venezuelanos) e o combate à discriminação, como parte de seus valores.
"Qual é a posição da CPLP sobre a ""questão da Guiné-Bissau"" e o papel da CEDEAO?";A CPLP coordena com a CEDEAO (Comunidade Econômica dos Estados da África Ocidental) as ações para a estabilização da Guiné-Bissau, e atua como mediadora complementar.
"Como a CPLP vê a ""cooperação com a Índia"" (ex.: Goa, Damão, Diu) e a presença lusófona?";A Índia é Observadora Associada da CPLP, e a organização mantém diálogo com o Estado de Goa, que tem herança cultural lusófona, promovendo a língua e a cooperação técnica.
"Qual é o papel da CPLP na ""promoção da paz"" e da ""resolução de conflitos"" em seus membros?";"A CPLP atua como mediadora em crises políticas, com o envio de missões de ""boa-fé"" e de observação eleitoral, e com a promoção do diálogo e da reconciliação nacional."
"Como a CPLP lida com a ""questão do desenvolvimento sustentável"" e os ODS?";A CPLP alinha sua agenda aos Objetivos de Desenvolvimento Sustentável (ODS) da ONU, promovendo projetos em pobreza, educação, saúde, energia e meio ambiente, e monitorando o progresso.
"Qual é a importância da ""cooperação em inovação e empreendedorismo"" na CPLP?";A CPLP promove o empreendedorismo, as startups e a inovação, com programas de capacitação e de acesso a financiamento, como forma de gerar emprego e desenvolvimento.
"Como a CPLP vê a ""presença dos EUA"" na África lusófona e a competição com o Brasil?";A CPLP não tem uma posição ativa, mas o Brasil, como membro, competir com os EUA em cooperação técnica e comércio, enquanto a organização mantém relações com todos os atores.
"Qual é o papel da CPLP na ""cooperação em justiça"" e no combate à impunidade?";A CPLP promove a cooperação judiciária, com acordos de assistência jurídica e de combate ao crime transnacional, e a criação de mecanismos de acompanhamento de casos de violações de direitos.
"Como a CPLP lida com a ""questão das drogas"" e do narcotráfico (ex.: Guiné-Bissau, Brasil)?";A CPLP promove a cooperação policial e judiciária no combate ao narcotráfico, com troca de informações e operações conjuntas, e apoia programas de prevenção e tratamento.
"Qual é a posição da CPLP sobre a ""questão do tráfico de pessoas"" e da escravidão moderna?";A CPLP condena o tráfico de pessoas e a escravidão moderna, e promove a cooperação para a prevenção e a proteção das vítimas, com acordos de assistência e de repatriamento.
"Como a CPLP atua na ""cooperação em cultura"" (ex.: patrimônio imaterial, gastronomia)?";A CPLP promove o patrimônio imaterial (ex.: capoeira, fado, candomblé, samba) e a gastronomia, como elementos da identidade lusófona, e apoia a candidatura a patrimônios da UNESCO.
"Qual é a importância da ""cooperação em educação de jovens e adultos"" na CPLP?";A CPLP promove a alfabetização e a educação de jovens e adultos, com programas de formação e de valorização da educação popular, especialmente nos PALOP e no Brasil.
"Como a CPLP vê a ""questão do desenvolvimento rural"" e a agricultura familiar?";A CPLP promove o desenvolvimento rural, com a agricultura familiar e a agroecologia, e apoia a criação de cooperativas e de sistemas de comercialização, como parte da segurança alimentar.
"Qual é a posição da CPLP sobre a ""questão da segurança alimentar"" e o combate à fome?";A CPLP defende a segurança alimentar e a nutrição, com programas de aquisição de alimentos, de fortalecimento da agricultura e de assistência social, como parte dos ODS.
"Como a CPLP lida com a ""questão das mudanças climáticas"" e o financiamento climático?";A CPLP promove a adaptação e a mitigação, com projetos de energias renováveis e de gestão de recursos, e coordena posições para o acesso ao financiamento climático internacional.
"Qual é a importância da ""cooperação em ciência e tecnologia"" (ex.: pesquisa, inovação) na CPLP?";A CPLP promove a cooperação em pesquisa e inovação, com a criação de redes de cientistas e de projetos conjuntos em saúde, agricultura e energia, e com o apoio do Brasil e de Portugal.
"Como a CPLP vê a ""presença da China"" em Moçambique e Angola e a competição com o Brasil?";"A CPLP não tem uma posição ativa, mas o Brasil, como membro, compete com a China em comércio e cooperação técnica; a organização pode ser um fórum para discutir a presença chinesa."
"Qual é o papel da CPLP na ""cooperação em energia renovável"" (solar, eólica, hidrogênio)?";A CPLP promove a cooperação em energias renováveis, com projetos de geração de energia solar, eólica e hidrogênio verde, especialmente em Cabo Verde, Angola e Brasil.
"Como a CPLP lida com a ""questão da transição energética"" e a descarbonização?";A CPLP promove a transição energética, com a redução de emissões e a eficiência energética, e coordena posições em COPs e em fóruns internacionais.
"Qual é a posição da CPLP sobre a ""questão da água"" e a gestão de bacias hidrográficas?";A CPLP promove a gestão integrada dos recursos hídricos, com projetos de saneamento e de irrigação, e compartilha experiências entre países que têm bacias compartilhadas.
"Como a CPLP vê a ""cooperação com a América do Sul"" (ex.: Argentina, Uruguai) e o MERCOSUL?";"A CPLP mantém diálogo com a América do Sul, mas não há uma política de integração; o Brasil pode usar a CPLP para promover a aproximação entre a América do Sul e a África lusófona."
"Qual é a importância da ""cooperação em turismo"" e da ""marca Portugal"" na CPLP?";A CPLP promove a imagem dos destinos lusófonos, e Portugal utiliza a CPLP para promover seu turismo e sua cultura, enquanto o Brasil e os PALOP também buscam visibilidade.
"Como a CPLP atua na ""cooperação em comunicação social"" (ex.: rádio, televisão)?";A CPLP promove a cooperação em mídia, com a criação de redes de rádio e televisão (ex.: RTP, TVC, TVE) e de conteúdo digital, para difundir a língua e a cultura, e para combater a desinformação.
"Qual é o papel da CPLP na ""promoção da língua portuguesa"" como língua de trabalho na ONU?";A CPLP atua junto à ONU para promover o português como língua de trabalho e oficial, e para que a ONU reconheça o português em suas comunicações e documentos.
"Como a CPLP vê o ""futuro da organização"" em um contexto de multipolaridade e de crise global?";A CPLP busca se fortalecer como um fórum de cooperação flexível e de valores, com potencial para crescer em número de membros, e para atuar como uma ponte entre o Sul Global e a Europa
;
;
Qual é a visão brasileira sobre o multilateralismo e seu papel na ordem internacional contemporânea?;O Brasil defende um multilateralismo inclusivo, baseado no direito internacional e na primazia da ONU, como ferramenta essencial para a paz, a segurança e o desenvolvimento, rejeitando ações unilaterais.
Como o Brasil se posiciona em relação à reforma do Conselho de Segurança da ONU?;O Brasil defende uma reforma ampla que inclua novos membros permanentes (Alemanha, Índia, Japão e países africanos), com a eliminação ou limitação do veto, e a ampliação do número de membros não permanentes.
Qual é a importância das conferências internacionais para a política externa brasileira?;As conferências são palcos para o Brasil projetar sua liderança em temas como meio ambiente, direitos humanos e comércio, e para construir consensos e coalizões com países em desenvolvimento.
Como o Brasil participa dos órgãos multilaterais (ex.: ONU, OMC, OEA, UNESCO)?;O Brasil é membro ativo, com representações permanentes, participação em conselhos e comitês, e candidatura a cargos de liderança, buscando influenciar a agenda e as decisões.
"Qual é a posição brasileira sobre a ""responsabilidade de proteger"" (R2P) e a intervenção humanitária?";O Brasil apoia a R2P, mas com ressalvas, defendendo que a intervenção seja autorizada pelo CS da ONU, com base em critérios claros, e que priorize a prevenção e o diálogo, em vez da força.
Como o Brasil contribui para o orçamento da ONU e para as operações de paz?;O Brasil é um dos maiores contribuintes da ONU (entre os 10 primeiros) e participa de operações de paz com tropas, observadores e pessoal civil, sendo um dos principais países contribuintes da América Latina.
"Qual é a definição de ""desenvolvimento sustentável"" adotada pelo Brasil?";O Brasil adota a definição da Comissão Brundtland (1987): desenvolvimento que atende às necessidades do presente sem comprometer a capacidade das gerações futuras de atender às suas próprias necessidades.
Como o Brasil incorporou os Objetivos de Desenvolvimento Sustentável (ODS) em sua política externa?;O Brasil alinhou sua cooperação internacional e suas políticas domésticas aos 17 ODS, com destaque para os ODS 1 (erradicação da pobreza), 2 (fome zero), 13 (ação climática) e 16 (paz, justiça e instituições).
"Qual é a posição brasileira sobre a ""pobreza"" e a ""desigualdade"" como temas da agenda internacional?";O Brasil defende que a pobreza e a desigualdade são desafios globais que exigem cooperação internacional, e que o desenvolvimento sustentável deve ser inclusivo e centrado nas pessoas.
"Como o Brasil atua no combate à ""insegurança alimentar"" e à ""fome"" no plano internacional?";O Brasil promove a cooperação técnica em agricultura (EMBRAPA), o Programa de Aquisição de Alimentos (PAA) e a Aliança contra a Fome e a Pobreza, além de doações e de apoio a programas da FAO e do PMA.
"O que é a ""Aliança Global contra a Fome e a Pobreza"" proposta pelo Brasil no G20?";É uma iniciativa brasileira para mobilizar recursos, compartilhar conhecimento e coordenar ações para erradicar a fome e a pobreza até 2030, com foco em políticas públicas e cooperação Sul-Sul.
"Qual é a posição brasileira sobre a ""segurança alimentar"" como questão de segurança internacional?";O Brasil defende que a segurança alimentar é um direito humano e um pilar do desenvolvimento, e que a fome e a insegurança alimentar são ameaças à paz e à estabilidade global.
"Como o Brasil lida com a ""questão ambiental"" em sua política externa?";O Brasil defende o desenvolvimento sustentável, a proteção da biodiversidade e a ação climática, mas com ênfase na soberania nacional, na responsabilidade comum, mas diferenciada, e no financiamento internacional.
"Qual é a posição brasileira sobre as ""mudanças climáticas"" e o Acordo de Paris?";O Brasil é signatário do Acordo de Paris e assumiu metas de redução de emissões (NDCs), defendendo o financiamento climático, a transferência de tecnologia e a adaptação, especialmente para países em desenvolvimento.
"Como o Brasil vê a ""governança dos oceanos"" e a proteção do meio ambiente marinho?";O Brasil defende a proteção do meio ambiente marinho, a gestão sustentável dos recursos pesqueiros e a delimitação da plataforma continental, com base na Convenção de Montego Bay.
"Qual é a posição brasileira sobre a ""exploração de recursos minerais"" em áreas além da jurisdição nacional (alto-mar)?";O Brasil defende que a exploração deve ser regulada pela Autoridade Internacional dos Fundos Marinhos, com proteção ambiental e repartição equitativa de benefícios, respeitando a Convenção de Montego Bay.
"Como o Brasil participa da ""governança do espaço"" e da exploração espacial?";O Brasil é membro de tratados espaciais (ex.: Tratado do Espaço, Acordo da Lua) e coopera com a NASA, a ESA e outros, defendendo o uso pacífico do espaço e a proibição de armas espaciais.
"Qual é o papel do Brasil no ""Tratado da Antártida"" e na pesquisa científica?";O Brasil é membro consultivo do Tratado da Antártida, com a Estação Comandante Ferraz, participando de pesquisas científicas e da conservação ambiental, e defendendo a desmilitarização e a liberdade de pesquisa.
"Como o Brasil vê a ""questão dos recursos hídricos"" e a gestão de bacias transfronteiriças?";"O Brasil defende a gestão compartilhada e sustentável das bacias hidrográficas (Amazônica, Prata), com base em acordos bilaterais e na cooperação técnica, e rejeita a ""guerra da água""."
"Qual é a posição brasileira sobre os ""direitos humanos"" e a universalidade desses direitos?";O Brasil defende a universalidade, a indivisibilidade e a interdependência dos direitos humanos, com ênfase nos direitos econômicos, sociais e culturais, e na luta contra a discriminação.
"Como o Brasil lida com a ""agenda de gênero"" e a igualdade de gênero na política internacional?";O Brasil promove a igualdade de gênero, com políticas de empoderamento feminino, a participação das mulheres em cargos de liderança e a defesa dos direitos das mulheres, incluindo a luta contra a violência.
"Qual é a posição brasileira sobre a ""questão racial"" e o racismo como vetor da política mundial?";O Brasil reconhece o racismo estrutural e promove políticas de ação afirmativa, além de defender a luta contra a discriminação racial em fóruns internacionais, como a ONU e a UNESCO.
"Como o Brasil vê a ""liberdade religiosa"" e o diálogo inter-religioso na política internacional?";O Brasil defende a liberdade religiosa e o diálogo entre religiões como ferramentas de paz e de combate ao extremismo, e promove a tolerância religiosa em sua política externa.
"Qual é a posição brasileira sobre a ""identidade cultural"" e a proteção do patrimônio cultural imaterial?";O Brasil defende a proteção da diversidade cultural e do patrimônio imaterial (ex.: capoeira, samba), e promove a cooperação cultural na UNESCO e na CPLP, como parte do soft power brasileiro.
"Como o Brasil lida com a ""questão migratória"" e a proteção de migrantes e refugiados?";O Brasil adota uma política de portas abertas, com vistos humanitários e programas de interiorização, e defende a proteção dos direitos dos migrantes e refugiados, com base na Convenção de 1951.
"Qual é a posição brasileira sobre a ""apátrida"" e a proteção de pessoas sem nacionalidade?";O Brasil aderiu às convenções sobre apatridia e oferece naturalização facilitada, e defende a proteção dos apátridas, com base no direito internacional e nos direitos humanos.
"Como o Brasil vê a ""migração forçada"" e o deslocamento causado por desastres e mudanças climáticas?";"O Brasil reconhece o fenômeno e oferece proteção humanitária, mas defende que os ""refugiados climáticos"" precisam de uma definição jurídica clara, e apoia a cooperação internacional para lidar com o problema."
"Qual é a posição brasileira sobre o ""comércio internacional"" e o papel da OMC?";O Brasil defende um comércio internacional livre, justo e baseado em regras, com a OMC como fórum central, e se opõe a medidas unilaterais e protecionistas, defendendo a redução de subsídios agrícolas.
Como o Brasil atua nas negociações da OMC (ex.: Rodada Doha)?;O Brasil atua no G20 agrícola, defendendo a redução de subsídios agrícolas, o acesso a mercados e a flexibilidade para países em desenvolvimento, mas a Rodada Doha está estagnada.
"Qual é a posição brasileira sobre as ""cadeias globais de suprimento"" e a segurança do comércio?";O Brasil defende a resiliência e a diversificação das cadeias de suprimento, e a cooperação internacional para evitar rupturas, mas sem aderir a bloqueios ou a políticas de desacoplamento.
"Como o Brasil vê o ""sistema financeiro internacional"" e a reforma do FMI e do Banco Mundial?";O Brasil defende a reforma dos Bretton Woods, com maior representatividade dos países em desenvolvimento, e a criação de mecanismos de prevenção de crises, como o NBD (BRICS).
"Qual é a posição brasileira sobre a ""taxação de serviços digitais"" e a tributação das big techs?";O Brasil defende a tributação justa e a cooperação internacional na OCDE, mas se opõe a sanções unilaterais, e apoia a criação de um imposto mínimo global sobre as grandes empresas de tecnologia.
"Como o Brasil vê a ""regulação financeira"" e a prevenção de crises sistêmicas?";O Brasil defende a regulação prudencial, a supervisão do sistema financeiro e a coordenação internacional (Basileia III, G20), e atua como um país emergente com voz ativa.
"Qual é a posição brasileira sobre o ""desarmamento"" e a ""não proliferação nuclear""?";O Brasil defende o desarmamento nuclear completo, a não proliferação, e o uso pacífico da energia nuclear, com salvaguardas da AIEA, e é signatário do TNP e do Tratado de Tlatelolco.
"Como o Brasil se posiciona sobre o ""Tratado de Proibição de Armas Nucleares"" (TPAN)?";O Brasil assinou e ratificou o TPAN, defendendo a eliminação total das armas nucleares, e critica as potências nucleares por não cumprirem com suas obrigações de desarmamento.
"Qual é a posição brasileira sobre o ""controle de armas convencionais"" (ex.: Tratado de Comércio de Armas)?";O Brasil é signatário e defensor do Tratado de Comércio de Armas (ATT), e apoia a regulação do comércio de armas convencionais, para evitar o desvio para conflitos e violações de direitos.
"Como o Brasil vê a ""questão das armas químicas"" e biológicas?";O Brasil é signatário das convenções de proibição de armas químicas e biológicas, e defende o desarmamento e a fiscalização pela OPAQ e pela ONU, e condena seu uso em qualquer circunstância.
"Qual é a posição brasileira sobre o ""genocídio"" e a definição da Convenção de 1948?";O Brasil é signatário da Convenção para a Prevenção e Repressão ao Crime de Genocídio, e defende a responsabilização dos perpetradores, e a atuação da ONU e do TPI para prevenir e punir o genocídio.
"Como o Brasil vê o ""holocausto"" e a memória histórica em sua política externa?";O Brasil reconhece o holocausto como um crime contra a humanidade, e promove a memória e a educação sobre o holocausto, como parte da luta contra o antissemitismo e o racismo.
"Qual é a posição brasileira sobre o ""Tribunal Penal Internacional"" (TPI) e a justiça internacional?";O Brasil é signatário do Estatuto de Roma, e defende a complementaridade da jurisdição do TPI, a não impunidade e a investigação de crimes de guerra e crimes contra a humanidade.
"Como o Brasil vê a ""responsabilização de líderes políticos"" por crimes contra a humanidade (ex.: imunidades)?";O Brasil defende que líderes políticos não têm imunidade contra crimes de guerra e crimes contra a humanidade, e que o TPI e outros tribunais devem julgar esses crimes, com base no direito internacional.
"Qual é a posição brasileira sobre o ""terrorismo"" e a definição de terrorismo?";O Brasil condena o terrorismo em todas as suas formas, e apoia a cooperação internacional para combatê-lo, mas defende que a definição de terrorismo não seja usada para criminalizar a resistência legítima.
"Como o Brasil participa do combate ao ""terrorismo"" (ex.: cooperação, inteligência, sanções)?";O Brasil coopera com a ONU, a INTERPOL e outros países em inteligência e prevenção, e implementa sanções do CS da ONU, mas não tem tropas em operações antiterrorismo.
"Qual é a posição brasileira sobre o ""narcotráfico"" e o combate ao tráfico de drogas?";O Brasil defende uma abordagem de saúde pública, prevenção e redução de danos, e coopera com a ONU e com países vizinhos no combate ao narcotráfico, mas critica a militarização.
"Como o Brasil lida com o ""crime transnacional"" organizado (ex.: tráfico de pessoas, armas)?";O Brasil coopera com a INTERPOL, a UNODC e outros países no combate ao crime transnacional, com acordos de assistência judiciária e de extradição, e com políticas de prevenção.
"Qual é a posição brasileira sobre os ""crimes cibernéticos"" e a segurança da informação?";O Brasil defende a cooperação internacional no combate aos crimes cibernéticos, a proteção de dados e a segurança da informação, e apoia a governança multissetorial da internet.
"Como o Brasil vê a ""reforma das Nações Unidas"" e a necessidade de modernização da organização?";O Brasil defende uma reforma abrangente da ONU, incluindo o CS, a Assembleia Geral, o ECOSOC e os órgãos de direitos humanos, para torná-la mais representativa, eficaz e democrática.
"Qual é a posição brasileira sobre a ""reforma do Conselho de Segurança"" e o fim do veto?";O Brasil defende a ampliação do CS e a limitação do veto, ou sua eliminação, para torná-lo mais legítimo e responsável, e para evitar o bloqueio de ações da comunidade internacional.
"Como o Brasil vê a ""Assembleia Geral da ONU"" e o fortalecimento de seu papel?";O Brasil defende o fortalecimento da AG, como o fórum mais democrático da ONU, e que ela tenha mais poder de decisão e de fiscalização, especialmente em temas de desenvolvimento e direitos humanos.
"Qual é a posição brasileira sobre o ""ECOSOC"" e o sistema de agências especializadas da ONU?";O Brasil defende o fortalecimento do ECOSOC e das agências (UNESCO, FAO, OMS, etc.), e uma maior coordenação entre elas, para uma abordagem integrada do desenvolvimento.
"Como o Brasil participa das ""operações de paz"" da ONU e qual é sua doutrina?";O Brasil participa de missões de paz com tropas, observadores e pessoal civil, com base nos princípios de consentimento das partes, imparcialidade e não uso da força, exceto em legítima defesa.
"Qual é a posição brasileira sobre o ""peacebuilding"" e a consolidação da paz pós-conflito?";O Brasil defende o peacebuilding como uma abordagem de longo prazo, que aborda as causas estruturais do conflito, com a participação da sociedade civil e o desenvolvimento sustentável.
"Como o Brasil vê o ""papel do Conselho de Segurança"" na autorização de operações de paz?";O Brasil defende que o CS tem a autoridade exclusiva para autorizar operações de paz, mas que deve agir com base em informações confiáveis e com transparência, e com a participação de todos os membros.
"Qual é a posição brasileira sobre a ""reforma do sistema de justiça internacional"" (TPI, CIJ)?";O Brasil defende o fortalecimento da CIJ e do TPI, e a universalidade de sua jurisdição, e apoia a criação de mecanismos de responsabilização por crimes internacionais.
"Como o Brasil vê a ""diplomacia da saúde"" e o papel da OMS na agenda internacional?";O Brasil defende o fortalecimento da OMS, a cooperação em saúde global, o acesso a medicamentos e vacinas, e a preparação para pandemias, como parte da segurança humana.
"Qual é a posição brasileira sobre a ""cooperação para o desenvolvimento"" e a eficácia da ajuda?";O Brasil defende uma cooperação horizontal, baseada na troca de experiências, e na apropriação pelos países beneficiários, e critica a condicionalidade e a ajuda desvinculada.
"Como o Brasil vê a ""agenda de desenvolvimento pós-2015"" e os ODS?";O Brasil foi um dos principais articuladores da agenda pós-2015, e defende a implementação dos ODS, com foco na erradicação da pobreza, na redução da desigualdade e no desenvolvimento sustentável.
"Qual é a posição brasileira sobre a ""dívida externa"" dos países em desenvolvimento e o alívio da dívida?";O Brasil defende a renegociação da dívida e a criação de mecanismos de alívio, com base no princípio da responsabilidade compartilhada, e apoia a reforma do sistema financeiro internacional.
"Como o Brasil vê a ""propriedade intelectual"" e o acesso a medicamentos e tecnologia?";O Brasil defende um equilíbrio entre a proteção da propriedade intelectual e o acesso a medicamentos e tecnologia, e apoia as flexibilidades do TRIPS (ex.: licenças compulsórias).
"Qual é a posição brasileira sobre a ""reforma da OMC"" e o fortalecimento do sistema de solução de controvérsias?";O Brasil defende a reforma da OMC para resolver a crise do sistema de apelação, e para atualizar as regras do comércio, incluindo comércio digital, subsídios e meio ambiente.
"Como o Brasil vê a ""regulação da economia digital"" e a tributação das plataformas digitais?";O Brasil defende a cooperação internacional para a regulação da economia digital, a tributação justa das big techs e a proteção de dados, mas rejeita a imposição de regras unilaterais.
"Qual é a posição brasileira sobre a ""inteligência artificial"" e a governança da IA?";O Brasil defende o desenvolvimento ético e inclusivo da IA, com padrões de transparência e direitos humanos, e apoia a cooperação internacional para evitar a concentração de poder e o viés algorítmico.
"Como o Brasil vê a ""cibersegurança"" e a proteção de infraestruturas críticas?";O Brasil defende a cooperação internacional em cibersegurança, com a proteção de dados e a prevenção de ataques, e rejeita a militarização do ciberespaço e a vigilância excessiva.
"Qual é a posição brasileira sobre a ""guerra no espaço"" e a militarização do espaço exterior?";O Brasil defende a proibição de armas no espaço e a manutenção do espaço como um domínio pacífico, e apoia o Tratado do Espaço e a criação de novos acordos para a prevenção de conflitos.
"Como o Brasil vê a ""exploração da Lua"" e dos recursos lunares?";O Brasil é signatário do Acordo da Lua (1979) e defende que a Lua e seus recursos são patrimônio comum da humanidade, e que sua exploração deve ser regulada e equitativa.
"Qual é a posição brasileira sobre a ""Antártida"" e a proteção do continente?";O Brasil defende a proteção da Antártida como reserva natural dedicada à paz e à ciência, e apoia o Protocolo de Madrid (proteção ambiental) e a proibição da exploração mineral.
"Como o Brasil vê a ""pesca sustentável"" e o combate à pesca ilegal em alto-mar?";O Brasil defende a gestão sustentável da pesca, com base na FAO e em acordos regionais, e apoia o combate à pesca ilegal, não declarada e não regulamentada (INN).
"Qual é a posição brasileira sobre a ""poluição marinha"" (plásticos, poluentes) e a proteção dos oceanos?";O Brasil defende a redução da poluição marinha, com acordos internacionais (ex.: tratado do plástico), e a proteção da biodiversidade marinha, com a criação de áreas marinhas protegidas.
"Como o Brasil vê a ""governança dos recursos genéticos"" e a repartição de benefícios?";O Brasil é signatário do Protocolo de Nagoya, e defende o acesso a recursos genéticos e a repartição justa e equitativa dos benefícios, com base no princípio da soberania sobre os recursos.
"Qual é a posição brasileira sobre a ""bioética"" e a edição genética (CRISPR) em nível internacional?";O Brasil defende a regulamentação da edição genética, com base em princípios éticos e de direitos humanos, e apoia a cooperação internacional para evitar usos não éticos e o controle de populações.
"Como o Brasil vê a ""energia nuclear"" e a segurança nuclear em nível global?";O Brasil defende o uso pacífico da energia nuclear, com salvaguardas da AIEA, e a segurança nuclear, com a cooperação internacional para prevenir acidentes e o terrorismo nuclear.
"Qual é a posição brasileira sobre a ""energia renovável"" e a transição energética global?";O Brasil defende a transição energética para fontes renováveis (solar, eólica, hidrogênio), e apoia a cooperação internacional para o financiamento e a transferência de tecnologia.
"Como o Brasil vê a ""economia de baixo carbono"" e a descarbonização da economia?";O Brasil defende a descarbonização, com metas de redução de emissões, e a criação de mercados de carbono, mas com ênfase na responsabilidade comum, mas diferenciada.
"Qual é a posição brasileira sobre a ""mobilidade elétrica"" e a produção de baterias (lítio)?";O Brasil defende a mobilidade elétrica e a produção de baterias, e apoia a cooperação internacional para a extração sustentável de lítio e a reciclagem de baterias.
"Como o Brasil vê a ""economia circular"" e a redução de resíduos?";O Brasil defende a economia circular, com a redução, reutilização e reciclagem de resíduos, e apoia a cooperação internacional para a gestão de resíduos e a prevenção da poluição.
"Qual é a posição brasileira sobre a ""água como direito humano"" e a gestão da água?";O Brasil defende a água como um direito humano, e a gestão sustentável e integrada dos recursos hídricos, com a cooperação internacional e a participação social.
"Como o Brasil vê a ""segurança hídrica"" e a prevenção de conflitos por água?";O Brasil defende a segurança hídrica, com a gestão compartilhada de bacias transfronteiriças, e a cooperação técnica para evitar conflitos, com base no direito internacional.
"Qual é a posição brasileira sobre a ""segurança energética"" e a diversificação de fontes?";O Brasil defende a segurança energética, com a diversificação de fontes (renováveis, hidrelétricas, biocombustíveis) e a cooperação internacional para o acesso a energia e a estabilidade de preços.
"Como o Brasil vê a ""reforma do sistema de governança global"" e a criação de novos fóruns (ex.: G20)?";O Brasil defende a reforma da governança global, com a ampliação de fóruns como o G20, e a criação de novos mecanismos, para refletir a multipolaridade e dar mais voz ao Sul Global.
"Qual é a posição brasileira sobre o ""G20"" e o papel do Brasil no fórum?";O Brasil é membro do G20 e vê o fórum como uma plataforma para a coordenação econômica e política, e para a defesa de interesses dos países em desenvolvimento, com a presidência brasileira em 2024.
"Como o Brasil vê o ""papel do G77"" e da China na ONU?";O Brasil é membro do G77, e vê o grupo como uma plataforma para a coordenação de posições de países em desenvolvimento, especialmente em temas de comércio, clima e desenvolvimento.
"Qual é a posição brasileira sobre a ""cooperação Sul-Sul"" e sua relação com a cooperação Norte-Sul?";O Brasil defende a cooperação Sul-Sul como complementar, e não substitutiva, à cooperação Norte-Sul, e que ambas devem ser baseadas no respeito à soberania e nas necessidades dos países em desenvolvimento.
"Como o Brasil vê a ""reforma do sistema financeiro internacional"" e a criação de novos bancos (NBD, AIIB)?";O Brasil apoia a reforma do FMI e do Banco Mundial, e também participa de novos bancos (NBD, AIIB), como alternativa e como complemento ao sistema de Bretton Woods.
"Qual é a posição brasileira sobre a ""regulação de fluxos de capitais"" e a prevenção de crises financeiras?";O Brasil defende a regulação dos fluxos de capitais, com base na experiência da crise de 2008, e a criação de mecanismos de prevenção de crises, como a criação de fundos de estabilização.
"Como o Brasil vê a ""dívida pública"" e a sustentabilidade fiscal em nível internacional?";O Brasil defende a sustentabilidade fiscal, com a redução da dívida pública, e a cooperação internacional para evitar crises de dívida, com a participação do FMI e do Clube de Paris.
"Qual é a posição brasileira sobre a ""reforma do sistema tributário internacional"" e a elisão fiscal?";O Brasil defende a cooperação internacional para combater a elisão fiscal, a evasão e o paraíso fiscal, e apoia a criação de um imposto mínimo global, como parte da justiça fiscal.
"Como o Brasil vê a ""regulação do comércio de serviços"" e a liberalização do comércio de serviços?";O Brasil defende a liberalização do comércio de serviços, mas com salvaguardas para setores sensíveis, e apoia a negociação de acordos no âmbito da OMC e de acordos bilaterais.
"Qual é a posição brasileira sobre a ""propriedade intelectual"" e a proteção de patentes farmacêuticas?";O Brasil defende o equilíbrio entre a proteção de patentes e o acesso a medicamentos, e apoia as flexibilidades do TRIPS, especialmente para países em desenvolvimento e para pandemias.
"Como o Brasil vê a ""questão das mudanças climáticas"" e o mecanismo de perdas e danos?";O Brasil defende o mecanismo de perdas e danos, e apoia a sua operacionalização na COP, como parte da responsabilidade dos países desenvolvidos, e da justiça climática.
"Qual é a posição brasileira sobre o ""financiamento climático"" e a transferência de tecnologia?";O Brasil defende o financiamento climático, com recursos novos e adicionais, e a transferência de tecnologia, como parte das obrigações dos países desenvolvidos, e da implementação do Acordo de Paris.
"Como o Brasil vê a ""adaptação climática"" e a resiliência a desastres?";O Brasil defende a adaptação climática, com a criação de planos de adaptação, e a resiliência a desastres, com a cooperação internacional e o compartilhamento de experiências, especialmente para países em desenvolvimento.
"Qual é a posição brasileira sobre a ""agricultura sustentável"" e a agroecologia?";O Brasil defende a agricultura sustentável, com a redução do desmatamento e o uso de práticas de baixo carbono, e apoia a agroecologia e a agricultura familiar, como parte da segurança alimentar.
"Como o Brasil vê a ""bioeconomia"" e a exploração sustentável da biodiversidade?";O Brasil defende a bioeconomia, com a exploração sustentável da biodiversidade, e a criação de cadeias de valor baseadas em recursos naturais renováveis, como parte do desenvolvimento sustentável.
"Qual é a posição brasileira sobre a ""proteção das florestas"" e o desmatamento?";O Brasil defende a proteção das florestas, com a redução do desmatamento, e a cooperação internacional para o financiamento da conservação, mas rejeita a internacionalização da soberania sobre a Amazônia.
"Como o Brasil vê a ""certificação de produtos sustentáveis"" e o comércio de commodities?";O Brasil defende a certificação voluntária e a rastreabilidade, como ferramentas para o comércio sustentável, mas se opõe a barreiras comerciais unilaterais, como as exigências ambientais da UE.
"Qual é a posição brasileira sobre a ""governança da internet"" e a luta contra a desinformação?";O Brasil defende o modelo multissetorial de governança da internet, e a luta contra a desinformação, com a cooperação internacional e a responsabilidade das plataformas, mas rejeita a censura estatal.
"Como o Brasil vê a ""proteção de dados"" e a privacidade em nível global?";O Brasil defende a proteção de dados, com base na LGPD, e a cooperação internacional para a harmonização de normas, e se opõe à vigilância excessiva e à transferência de dados sem consentimento.
"Qual é a posição brasileira sobre a ""regulação da inteligência artificial"" e a ética da IA?";O Brasil defende a regulação da IA, com base em princípios éticos, de transparência e de direitos humanos, e apoia a cooperação internacional para evitar usos discriminatórios e a concentração de poder.
;
Qual foi o principal objetivo da criação da Organização dos Estados Americanos (OEA) em 1948?;Promover a paz, a segurança, a democracia, os direitos humanos e o desenvolvimento integral no continente americano, com base na cooperação interamericana.
Em qual conferência e com qual documento a OEA foi formalmente criada?;A OEA foi criada na IX Conferência Internacional Americana, em Bogotá, em 1948, com a assinatura da Carta da OEA.
A OEA substituiu qual organização anterior e qual era sua principal limitação?;A OEA substituiu a União Pan-Americana (criada em 1890), que era um fórum de cooperação técnica, mas sem poder político ou de segurança.
Quais são os princípios fundamentais da Carta da OEA?;Soberania, não intervenção, solução pacífica de controvérsias, solidariedade, democracia representativa e desenvolvimento integral.
"Como o Brasil vê o princípio da ""não intervenção"" na OEA?";O Brasil é um dos principais defensores da não intervenção, rejeitando ingerências em assuntos internos, e usa esse princípio para limitar ações da OEA em crises políticas.
Qual é a estrutura básica da OEA?;A Assembleia Geral, a Reunião de Consulta de Ministros das Relações Exteriores, o Conselho Permanente, a Secretaria-Geral e os órgãos especializados (ex.: CIDH, CJI).
Qual é a função da Assembleia Geral da OEA?;"É o órgão supremo de decisão, que estabelece as políticas, aprova o orçamento e elege os membros dos órgãos; reúne-se anualmente, com a participação de todos os Estados-membros."
Como funciona a Reunião de Consulta de Ministros das Relações Exteriores?;É um órgão que se reúne em caráter de emergência para tratar de assuntos de paz e segurança, e pode recomendar ações coletivas, incluindo sanções e intervenções.
Qual é a função do Conselho Permanente da OEA?;Atua como o órgão executivo permanente, prepara as sessões da Assembleia Geral, e lida com questões de rotina e de emergência, com a participação de embaixadores dos Estados-membros.
Qual é o papel da Secretaria-Geral da OEA?;É o órgão administrativo, chefiado pelo Secretário-Geral, que executa as decisões, coordena as atividades e representa a OEA internacionalmente.
"Em que consiste o ""Sistema Interamericano de Direitos Humanos"" e quais são seus principais órgãos?";É o subsistema de proteção dos direitos humanos na OEA, composto pela Comissão Interamericana de Direitos Humanos (CIDH) e pela Corte Interamericana de Direitos Humanos (Corte IDH).
Qual é a função da Comissão Interamericana de Direitos Humanos (CIDH)?;A CIDH é um órgão autônomo que recebe petições, realiza visitas in loco, emite relatórios e recomendações, e pode levar casos à Corte IDH.
Qual é a função da Corte Interamericana de Direitos Humanos (Corte IDH)?;A Corte IDH é o órgão judicial que julga casos de violações de direitos humanos, emite sentenças vinculantes para os Estados que aceitaram sua jurisdição, e emite pareceres consultivos.
O Brasil reconhece a jurisdição da Corte IDH?;Sim, o Brasil reconheceu a jurisdição da Corte IDH em 1998, sendo um dos países que aceitam a competência contenciosa da Corte.
Como o Brasil vê a atuação da CIDH e da Corte IDH?;O Brasil reconhece a CIDH e a Corte IDH, mas critica a politização e a seletividade de suas decisões, e defende o princípio da complementaridade e do diálogo com os Estados.
"Qual é a posição brasileira sobre a ""Carta Democrática Interamericana"" (2001)?";O Brasil apoia a Carta Democrática, que estabelece a defesa da democracia e a possibilidade de sanções a Estados que sofram ruptura democrática, mas defende sua aplicação com base no diálogo.
Como a Carta Democrática Interamericana prevê a atuação da OEA em crises de democracia?;A Carta prevê que a OEA pode realizar visitas, mediação e, em último caso, recomendar a suspensão do Estado-membro da OEA, com base no artigo 9.
Qual foi a posição brasileira na aplicação da Carta Democrática na Venezuela?;O Brasil evitou a aplicação de sanções e a suspensão da Venezuela, defendendo o diálogo e a mediação (Processo de Montevidéu), e se opôs a intervenções externas.
Como o Brasil vê a reforma da OEA e a necessidade de modernização da organização?;O Brasil defende uma reforma da OEA, para torná-la mais eficiente, transparente e representativa, e para reduzir a influência dos EUA, com maior participação dos países do Caribe e da América do Sul.
"Qual é a posição brasileira sobre a ""crise da OEA"" e o esvaziamento da organização?";O Brasil vê com preocupação a crise da OEA, mas defende o seu fortalecimento, como um fórum de diálogo e cooperação, e rejeita a sua substituição pela CELAC.
"Como o Brasil vê a ""dualidade"" entre a OEA e a CELAC (Comunidade de Estados Latino-Americanos e Caribenhos)?";O Brasil vê a CELAC como um fórum complementar à OEA, mas sem a presença dos EUA e Canadá, e defende a coexistência e a articulação entre os dois fóruns.
"Qual é a posição brasileira sobre a ""presidência da OEA"" e a eleição do Secretário-Geral?";O Brasil defende um processo transparente e baseado em consenso para a eleição do Secretário-Geral, e que reflita o equilíbrio entre as sub-regiões, sem influência excessiva dos EUA.
"Como o Brasil participa da ""Junta Interamericana de Defesa"" (JID)?";O Brasil é membro da JID, mas vê o fórum com ceticismo, pois é um órgão militar que reflete a influência dos EUA, e defende a sua reforma ou a sua substituição por um fórum mais político.
"Qual é a posição brasileira sobre a ""Zona de Paz e Cooperação do Atlântico Sul"" (ZOPACAS) e a relação com a OEA?";O Brasil vê a ZOPACAS como um fórum complementar à OEA, mas com um foco geográfico no Atlântico Sul, e busca promover a cooperação Sul-Sul, sem a influência dos EUA.
"Como o Brasil lida com a ""questão das Malvinas"" na OEA?";O Brasil apoia a reivindicação argentina sobre as Malvinas na OEA, e defende o diálogo entre Argentina e Reino Unido, e a solução pacífica da disputa, de acordo com as resoluções da ONU.
"Qual é a posição brasileira sobre a ""questão de Cuba"" na OEA?";O Brasil defende o fim do embargo dos EUA a Cuba, e a reintegração de Cuba à OEA (suspensa desde 1962), com base no diálogo e no respeito à soberania.
"Como o Brasil vê a ""Questão do Haiti"" na OEA e a MINUSTAH?";O Brasil apoiou a MINUSTAH (liderada pela ONU) e atua na OEA em apoio à estabilização do Haiti, com cooperação técnica e ajuda humanitária.
"Qual é a posição brasileira sobre a ""intervenção da OEA"" em Honduras (2009) e o golpe contra Zelaya?";O Brasil condenou o golpe e apoiou a mediação da OEA, mas criticou a suspensão de Honduras, e defendeu o retorno de Zelaya e o restabelecimento da ordem constitucional.
"Como o Brasil vê a ""Questão da Nicarágua"" e a crise política na OEA?";O Brasil defende o diálogo e a mediação na Nicarágua, e se opõe a sanções unilaterais, mas apoia as resoluções da OEA que condenam a repressão, sem aderir a sanções.
"Qual é a posição brasileira sobre o ""combate às drogas"" no âmbito da OEA?";O Brasil defende uma abordagem de saúde pública, prevenção e redução de danos, e rejeita a militarização e a abordagem punitiva, defendendo a cooperação e a responsabilidade compartilhada.
"Como o Brasil atua na ""Comissão Interamericana de Combate ao Abuso de Drogas"" (CICAD)?";O Brasil participa da CICAD, mas com ressalvas, defendendo a abordagem de saúde pública e a prevenção, e se opõe à criminalização do usuário e à militarização.
"Qual é a posição brasileira sobre a ""cooperação técnica"" da OEA em temas de desenvolvimento?";O Brasil defende a cooperação técnica da OEA em educação, ciência, cultura, e desenvolvimento social, e contribui com projetos de cooperação Sul-Sul, com base na Carta da OEA.
"Como o Brasil vê a ""missão de observação eleitoral"" da OEA?";O Brasil apoia as missões de observação eleitoral da OEA, como ferramenta para a promoção da democracia, e participa como observador, mas critica a seletividade e a ingerência política.
"Qual é a posição brasileira sobre a ""Carta Social das Américas"" (2012) e os direitos sociais?";O Brasil apoiou a Carta Social, que reconhece os direitos sociais e trabalhistas, e defende a sua implementação, como parte do desenvolvimento integral e da luta contra a pobreza.
"Como o Brasil vê o ""Programa Interamericano de Direitos Humanos"" da OEA?";O Brasil apoia o programa, que promove a capacitação e a proteção dos direitos humanos, mas critica a falta de recursos e a seletividade na aplicação.
"Qual é a posição brasileira sobre a ""Convenção Interamericana contra a Corrupção"" (1996)?";O Brasil é signatário e defensor da Convenção, e participa do Mecanismo de Acompanhamento da Implementação (MESICIC), mas com críticas à eficácia e à falta de mecanismos de sanção.
"Como o Brasil vê a ""Convenção Interamericana para Prevenir e Punir a Tortura"" (1985)?";O Brasil é signatário e defensor da Convenção, e a incorporou em sua legislação, e apoia a atuação da OEA na prevenção e punição da tortura.
"Qual é a posição brasileira sobre a ""Convenção Interamericana sobre a Eliminação de Todas as Formas de Discriminação contra Pessoas com Deficiência"" (1999)?";O Brasil é signatário e defensor da Convenção, e promove políticas de inclusão, como parte dos direitos humanos e do desenvolvimento integral.
"Como o Brasil vê a ""Convenção Interamericana contra o Racismo"" e a discriminação racial?";O Brasil é signatário da Convenção (2013) e defende a sua implementação, como parte da luta contra o racismo estrutural e da promoção da igualdade.
"Qual é a posição brasileira sobre a ""Convenção Interamericana sobre a Proteção dos Direitos Humanos dos Idosos"" (2015)?";O Brasil é signatário e defensor da Convenção, e promove políticas de envelhecimento ativo e de proteção dos direitos dos idosos, como parte da agenda social.
"Como o Brasil vê a ""Convenção Interamericana sobre a Transparência nas Aquisições de Armas"" (1999)?";O Brasil é signatário e defensor da Convenção, e participa do mecanismo de acompanhamento, como parte da política de transparência e de controle de armas.
"Qual é a posição brasileira sobre a ""Convenção Interamericana para a Proteção dos Direitos das Pessoas Idosas""?";O Brasil é signatário e apoia a convenção como um marco para a proteção dos direitos dos idosos na região.
"Como o Brasil vê a ""Convenção de Belem do Pará"" (1994) sobre a violência contra a mulher?";O Brasil é signatário e defensor da Convenção de Belém do Pará, e a incorporou em sua legislação (Lei Maria da Penha), e defende a sua aplicação e o combate à violência contra a mulher.
"Qual é a posição brasileira sobre a ""Convenção Interamericana sobre o Tráfico Internacional de Menores"" (1994)?";O Brasil é signatário e defensor da Convenção, e coopera com a OEA e com outros países no combate ao tráfico de menores, com a participação da INTERPOL e da Polícia Federal.
"Como o Brasil vê a ""Comissão Interamericana de Mulheres"" (CIM)?";O Brasil apoia a CIM, que promove a igualdade de gênero e os direitos das mulheres, e participa de suas atividades, defendendo a implementação de políticas de gênero.
"Qual é a posição brasileira sobre a ""Comissão Interamericana de Direitos Humanos"" (CIDH) e a proteção de defensores de direitos humanos?";O Brasil apoia a CIDH e a proteção de defensores de direitos humanos, mas critica a falta de recursos e a seletividade, e defende o diálogo com os Estados para a implementação de recomendações.
"Como o Brasil vê o ""papel dos EUA"" na OEA e a influência norte-americana?";O Brasil critica a influência dos EUA na OEA, que considera excessiva, e defende um maior equilíbrio de poder, com uma maior participação dos países da América Latina e do Caribe.
"Qual é a posição brasileira sobre a ""reforma do Conselho Permanente"" da OEA?";O Brasil defende a reforma do Conselho Permanente, para torná-lo mais eficiente, e para reduzir a burocracia e o custo da organização.
"Como o Brasil vê a ""Questão do Canal do Panamá"" e a presença dos EUA?";O Brasil respeita a soberania do Panamá sobre o canal, e defende a neutralidade e a liberdade de navegação, com base nos tratados Torrijos-Carter.
"Qual é a posição brasileira sobre a ""Questão da Guiana Essequiba"" e a disputa entre Venezuela e Guiana?";O Brasil defende a solução pacífica da disputa, e apoia a mediação do Secretário-Geral da ONU, e a decisão da CIJ, sem tomar partido, mas com preocupação com a estabilidade regional.
"Como o Brasil vê a ""Questão de Belize"" e a disputa com a Guatemala?";O Brasil defende a solução pacífica da disputa, e apoia a mediação da OEA e a decisão da CIJ, sem tomar partido, mas com interesse na estabilidade da América Central.
"Qual é a posição brasileira sobre a ""Questão da Nicarágua"" e a construção do canal interoceânico?";O Brasil não tem posição ativa sobre o canal, mas defende a liberdade de navegação e o respeito ao direito internacional, e vê o projeto com cautela devido a impactos ambientais e geopolíticos.
"Como o Brasil vê a ""Questão da imigração"" na OEA e a proteção de migrantes?";O Brasil defende a proteção dos direitos dos migrantes, e a cooperação interamericana para a gestão migratória, com base nos direitos humanos e na responsabilidade compartilhada.
"Qual é a posição brasileira sobre a ""Questão dos refugiados"" na OEA e a proteção de refugiados?";O Brasil defende a proteção dos refugiados, com base na Convenção de 1951 e na Declaração de Cartagena, e coopera com a OEA e com o ACNUR na proteção dos refugiados.
"Como o Brasil vê a ""Questão do narcotráfico"" na OEA e a cooperação interamericana?";O Brasil defende a cooperação interamericana no combate ao narcotráfico, mas com uma abordagem de saúde pública e de prevenção, e rejeita a militarização e a criminalização do usuário.
"Qual é a posição brasileira sobre a ""Questão do terrorismo"" na OEA e a Convenção Interamericana contra o Terrorismo (2002)?";O Brasil é signatário e defensor da Convenção, que prevê a cooperação no combate ao terrorismo, mas defende que a definição de terrorismo não seja usada para criminalizar a resistência legítima.
"Como o Brasil vê a ""Questão da segurança cibernética"" na OEA e a cooperação interamericana?";O Brasil defende a cooperação interamericana em cibersegurança, com a proteção de dados e a prevenção de ataques, e apoia a criação de mecanismos de resposta a incidentes.
"Qual é a posição brasileira sobre a ""Questão dos direitos humanos"" e a Corte IDH?";O Brasil defende a Corte IDH e a proteção dos direitos humanos, mas critica a politização e a seletividade, e defende o diálogo e a complementaridade com os sistemas nacionais.
"Como o Brasil vê a ""Questão da democracia"" na OEA e a aplicação da Carta Democrática?";O Brasil defende a democracia e a Carta Democrática, mas se opõe a sanções unilaterais, e defende o diálogo e a mediação, como a via principal para a resolução de crises.
"Qual é a posição brasileira sobre a ""Questão da pobreza"" e da desigualdade na OEA?";O Brasil defende que a OEA atue no combate à pobreza e à desigualdade, com políticas de desenvolvimento integral e de inclusão social, como parte da agenda interamericana.
"Como o Brasil vê a ""Questão da educação"" na OEA e o Programa de Educação Interamericana?";O Brasil defende a cooperação em educação, com a promoção da alfabetização, da educação de jovens e adultos e da formação profissional, como parte do desenvolvimento integral.
"Qual é a posição brasileira sobre a ""Questão da ciência e tecnologia"" na OEA?";O Brasil defende a cooperação em ciência e tecnologia, com a transferência de tecnologia, e a criação de redes de pesquisa, como parte do desenvolvimento e da inovação.
"Como o Brasil vê a ""Questão do meio ambiente"" na OEA e a proteção da biodiversidade?";O Brasil defende a proteção do meio ambiente e da biodiversidade, com a cooperação interamericana, e a implementação de acordos ambientais, como parte do desenvolvimento sustentável.
"Qual é a posição brasileira sobre a ""Questão das mudanças climáticas"" na OEA?";O Brasil defende a cooperação interamericana em mudanças climáticas, com o financiamento e a transferência de tecnologia, e a implementação do Acordo de Paris.
"Como o Brasil vê a ""Questão da energia"" na OEA e a cooperação energética interamericana?";O Brasil defende a cooperação em energia, com a promoção de fontes renováveis (biocombustíveis, solar, eólica), e a integração energética, como parte da segurança energética e do desenvolvimento sustentável.
"Qual é a posição brasileira sobre a ""Questão da agricultura"" na OEA e a segurança alimentar?";O Brasil defende a cooperação em agricultura, com a transferência de tecnologia, e a promoção da agricultura familiar e da segurança alimentar, como parte do desenvolvimento rural.
"Como o Brasil vê a ""Questão do turismo"" na OEA e o desenvolvimento do turismo sustentável?";O Brasil defende o turismo sustentável, com a promoção da imagem dos destinos turísticos, e a cooperação em turismo, como parte do desenvolvimento econômico e da integração.
"Qual é a posição brasileira sobre a ""Questão da cultura"" na OEA e o patrimônio cultural?";O Brasil defende a proteção do patrimônio cultural, com a promoção da diversidade cultural, e a cooperação em cultura, como parte da identidade interamericana.
"Como o Brasil vê a ""Questão da juventude"" na OEA e a participação dos jovens?";O Brasil defende a participação dos jovens, e a criação de políticas de juventude, com a promoção do emprego, da educação e da cidadania, como parte do desenvolvimento.
"Qual é a posição brasileira sobre a ""Questão da igualdade de gênero"" na OEA e os direitos das mulheres?";O Brasil defende a igualdade de gênero, e a proteção dos direitos das mulheres, e participa da CIM (Comissão Interamericana de Mulheres), defendendo a implementação de políticas de gênero.
"Como o Brasil vê a ""Questão dos povos indígenas"" na OEA e os direitos dos povos indígenas?";O Brasil defende os direitos dos povos indígenas, e a implementação da Declaração das Nações Unidas sobre os Direitos dos Povos Indígenas, e participa de fóruns da OEA sobre o tema.
"Qual é a posição brasileira sobre a ""Questão dos afrodescendentes"" na OEA e a luta contra o racismo?";O Brasil defende a luta contra o racismo, e a promoção da igualdade racial, e participa de fóruns da OEA sobre o tema, com a implementação de políticas de ação afirmativa.
"Como o Brasil vê a ""Questão da migração"" na OEA e a proteção de migrantes e refugiados?";O Brasil defende a proteção dos direitos dos migrantes e refugiados, e a cooperação interamericana para a gestão migratória, com base nos direitos humanos e na responsabilidade compartilhada.
"Qual é a posição brasileira sobre a ""Questão da saúde"" na OEA e a cooperação em saúde?";O Brasil defende a cooperação em saúde, com a promoção do acesso a medicamentos e vacinas, e o combate a endemias, com a participação da OMS e da OPAS, e com a cooperação Sul-Sul.
"Como o Brasil vê a ""Questão do trabalho"" na OEA e os direitos trabalhistas?";O Brasil defende os direitos trabalhistas, e a implementação de normas internacionais do trabalho, e participa da OIT e da OEA na promoção do trabalho decente.
"Qual é a posição brasileira sobre a ""Questão da segurança social"" na OEA e a proteção social?";O Brasil defende a proteção social, com a implementação de sistemas de segurança social, e a cooperação interamericana para a cobertura universal e a redução da pobreza.
"Como o Brasil vê a ""Questão do desenvolvimento integral"" na OEA e a Agenda 2030?";O Brasil defende o desenvolvimento integral, com a implementação dos ODS, e a cooperação interamericana para a erradicação da pobreza, a redução da desigualdade e o desenvolvimento sustentável.
"Qual é a posição brasileira sobre a ""Questão da cooperação interamericana"" e o financiamento da OEA?";O Brasil defende uma reforma do financiamento da OEA, com a redução da dependência dos EUA, e a criação de mecanismos de financiamento mais equilibrados e transparentes.
"Como o Brasil vê a ""Questão da reforma da OEA"" e a modernização da organização?";O Brasil defende uma reforma abrangente da OEA, para torná-la mais eficiente, transparente e representativa, e para reduzir a influência dos EUA, com uma maior participação dos países da América Latina e do Caribe.
"Qual é a posição brasileira sobre a ""Questão da CELAC"" e a relação com a OEA?";O Brasil vê a CELAC como um fórum complementar à OEA, que exclui os EUA e o Canadá, e defende a articulação entre os dois fóruns, para uma maior integração e autonomia da América Latina.
"Como o Brasil vê a ""Questão da UNASUL"" e a relação com a OEA?";O Brasil vê a UNASUL como um fórum de integração sul-americana, complementar à OEA, mas com a crise da UNASUL, o Brasil passou a priorizar a OEA e a PROSUL.
"Qual é a posição brasileira sobre a ""Questão da PROSUL"" e a relação com a OEA?";O Brasil vê a PROSUL como um fórum de diálogo político, que pode atuar como uma alternativa ou complemento à OEA, com foco em temas como democracia e desenvolvimento.
"Como o Brasil vê a ""Questão da Comunidade Andina"" (CAN) e a relação com a OEA?";O Brasil não é membro da CAN, mas mantém relações com seus países-membros, e vê a CAN como um fórum de integração regional, complementar à OEA.
"Qual é a posição brasileira sobre a ""Questão do MERCOSUL"" e a relação com a OEA?";O Brasil vê o MERCOSUL como um fórum de integração econômica e política, complementar à OEA, e defende a articulação entre os dois fóruns, para uma maior integração regional.
"Como o Brasil vê a ""Questão do Caribe"" (CARICOM) e a relação com a OEA?";O Brasil mantém relações com a CARICOM e com seus países-membros, e vê a CARICOM como um fórum de integração caribenha, complementar à OEA.
"Qual é a posição brasileira sobre a ""Questão da ALCA"" e a relação com a OEA?";O Brasil se opôs à ALCA, por considerá-la assimétrica e prejudicial aos interesses brasileiros, e defendeu a negociação de acordos na OMC e no MERCOSUL.
"Como o Brasil vê a ""Questão da dívida externa"" na OEA e o alívio da dívida?";O Brasil defende a renegociação da dívida externa dos países em desenvolvimento, e a criação de mecanismos de alívio da dívida, com base no princípio da responsabilidade compartilhada.
"Qual é a posição brasileira sobre a ""Questão da justiça internacional"" na OEA e a Corte Interamericana?";O Brasil defende a Corte Interamericana, e a justiça internacional, mas critica a politização e a seletividade, e defende o diálogo e a complementaridade com os sistemas nacionais.
"Como o Brasil vê a ""Questão da paz e da segurança"" na OEA e o sistema de segurança coletiva?";O Brasil defende a paz e a segurança, com base no Tratado Interamericano de Assistência Recíproca (TIAR), mas critica o TIAR por sua obsolescência e por sua utilização política.
"Qual é a posição brasileira sobre o ""Tratado Interamericano de Assistência Recíproca"" (TIAR)?";O Brasil é signatário do TIAR, mas critica sua obsolescência, e defende sua reforma ou substituição por um mecanismo mais adequado à realidade atual, com base na não intervenção.
"Como o Brasil vê a ""Questão da desnuclearização"" na OEA e o Tratado de Tlatelolco?";O Brasil é signatário do Tratado de Tlatelolco, que estabelece uma zona livre de armas nucleares na América Latina, e defende a sua implementação e a não proliferação nuclear.
"Qual é a posição brasileira sobre a ""Questão do desarmamento"" na OEA e o controle de armas?";O Brasil defende o desarmamento, o controle de armas e a não proliferação, e participa de fóruns da OEA sobre o tema, com a implementação de medidas de confiança.
"Como o Brasil vê a ""Questão da transparência"" na OEA e a luta contra a corrupção?";O Brasil defende a transparência, e a luta contra a corrupção, e participa do MESICIC (Mecanismo de Acompanhamento da Implementação da Convenção Interamericana contra a Corrupção).
"Qual é a posição brasileira sobre a ""Questão da gestão pública"" na OEA e a modernização do Estado?";O Brasil defende a modernização do Estado, e a cooperação em gestão pública, com a troca de experiências e a capacitação de servidores, como parte do desenvolvimento.
"Como o Brasil vê a ""Questão da cooperação técnica"" da OEA e a transferência de tecnologia?";O Brasil defende a cooperação técnica, e a transferência de tecnologia, como ferramentas para o desenvolvimento, e contribui com projetos de cooperação Sul-Sul.
"Qual é a posição brasileira sobre a ""Questão da proteção civil"" na OEA e a gestão de desastres?";O Brasil defende a proteção civil e a gestão de desastres, com a cooperação interamericana para a prevenção, resposta e recuperação de desastres naturais.
"Como o Brasil vê a ""Questão da segurança alimentar"" na OEA e o combate à fome?";O Brasil defende a segurança alimentar, e o combate à fome, como parte dos direitos humanos, e participa de programas da OEA, como a Aliança contra a Fome, e promove a cooperação Sul-Sul.
"Qual é a posição brasileira sobre a ""Questão da água"" na OEA e a gestão dos recursos hídricos?";O Brasil defende a gestão sustentável dos recursos hídricos, e a cooperação interamericana para a água, com base no direito humano à água e no desenvolvimento sustentável.
"Como o Brasil vê a ""Questão da energia renovável"" na OEA e a transição energética?";O Brasil defende a transição energética, com a promoção de fontes renováveis (biocombustíveis, solar, eólica), e a cooperação interamericana para a integração energética e a segurança energética.
"Qual é a posição brasileira sobre a ""Questão da bioeconomia"" na OEA e o uso sustentável da biodiversidade?";O Brasil defende a bioeconomia, com o uso sustentável da biodiversidade, e a cooperação interamericana para a pesquisa e a inovação, como parte do desenvolvimento sustentável.
"Como o Brasil vê a ""Questão da economia criativa"" na OEA e o desenvolvimento da cultura?";O Brasil defende a economia criativa, com a promoção da cultura, do turismo e da inovação, e a cooperação interamericana para o desenvolvimento da indústria criativa.
"Qual é a posição brasileira sobre a ""Questão da igualdade"" na OEA e a inclusão social?";O Brasil defende a igualdade e a inclusão social, com a promoção da diversidade, e a luta contra a discriminação, como parte dos direitos humanos e do desenvolvimento integral.
"Como o Brasil vê a ""Questão da juventude"" na OEA e a participação dos jovens na política?";O Brasil defende a participação dos jovens na política, e a criação de políticas de juventude, com a promoção do emprego, da educação e da cidadania, como parte do desenvolvimento sustentável.
"Qual é a posição brasileira sobre a ""Questão dos direitos humanos"" na OEA e a proteção dos direitos humanos?";O Brasil defende a proteção dos direitos humanos, com a implementação da Convenção Americana sobre Direitos Humanos, e a cooperação com a CIDH e com a Corte IDH, mas com ressalvas sobre a politização.
;
;
Qual é o principal objetivo da política de integração econômica do Brasil?;Ampliar o acesso a mercados, diversificar parceiros comerciais, aumentar a competitividade da indústria nacional e fortalecer o poder de barganha do Brasil em negociações multilaterais.
Como o Brasil avalia a relação entre integração regional e abertura comercial multilateral?;O Brasil vê a integração regional (MERCOSUL) como um passo para a abertura multilateral, mas também como um instrumento de defesa comercial e de fortalecimento da indústria regional.
Qual é o papel do MERCOSUL na estratégia de negociação de acordos comerciais do Brasil?;O MERCOSUL é o principal veículo para a negociação de acordos comerciais, mas o Brasil também defende a flexibilização para negociações bilaterais, como visto com o acordo com Singapura.
Como o Brasil equilibra a negociação de acordos comerciais com a proteção de sua indústria nacional?;O Brasil busca um equilíbrio, defendendo a abertura gradual, com salvaguardas e prazos de implementação, e com a proteção de setores sensíveis (automotivo, têxtil, eletrônico) por meio de barreiras não tarifárias e regimes de origem.
"Qual é a importância da ""cláusula de nação mais favorecida"" (NMF) para a política comercial brasileira?";A NMF, princípio da OMC, garante que o Brasil não discrimine parceiros comerciais, mas o Brasil também utiliza acordos preferenciais (MERCOSUL, ALADI) para conceder vantagens a parceiros específicos.
"Como o Brasil utiliza a ""ALADI"" (Associação Latino-Americana de Integração) como marco para acordos comerciais?";O Brasil utiliza a ALADI como base para acordos de alcance parcial (ex.: com Chile, Colômbia, México), que concedem preferências tarifárias sem a necessidade de um acordo de livre comércio pleno.
"Qual é a posição brasileira sobre a ""flexibilização"" do MERCOSUL para negociação de acordos bilaterais?";O Brasil defende a flexibilização, permitindo que os países-membros negociem acordos comerciais individualmente (com regras de origem e salvaguardas), desde que respeitem a Tarifa Externa Comum (TEC).
Como o Brasil negocia acordos comerciais com parceiros extra-MERCOSUL (ex.: EUA, China, Japão)?;O Brasil negocia acordos de comércio e cooperação (ex.: com a China) e acordos de facilitação de comércio, mas prioriza acordos abrangentes via MERCOSUL (ex.: com a UE, Singapura).
"Qual é a importância da ""promoção comercial"" (trade promotion) para a política externa brasileira?";A promoção comercial é essencial para diversificar as exportações, atrair investimentos, e para a inserção internacional do Brasil, com a atuação da Apex-Brasil e das embaixadas.
Como a Agência Brasileira de Promoção de Exportações e Investimentos (Apex-Brasil) atua na promoção comercial?;A Apex-Brasil promove as exportações de bens e serviços, atrai investimentos estrangeiros, e apoia a internacionalização de empresas brasileiras, com escritórios em vários países.
"Qual é o papel das ""câmaras de comércio"" e dos ""conselhos empresariais"" na negociação de acordos?";As câmaras e conselhos empresariais (ex.: Câmara de Comércio Brasil-EUA, Conselho Empresarial Brasil-China) atuam como canais de diálogo, lobistas, e produtores de estudos para subsidiar as negociações.
"Como o Brasil lida com as ""barreiras não tarifárias"" (medidas sanitárias, técnicas, ambientais) em acordos?";O Brasil busca a harmonização de normas (ex.: Codex Alimentarius, ISO), e a transparência nas medidas, além de usar a OMC e acordos bilaterais para resolver disputas e reduzir barreiras.
"Qual é a posição brasileira sobre as ""salvaguardas"" e as ""medidas de defesa comercial"" (antidumping)?";O Brasil defende o uso de salvaguardas e antidumping como instrumentos legítimos de defesa comercial, mas critica o uso abusivo por outros países, e busca a regulação na OMC.
"Como o Brasil vê a ""propriedade intelectual"" e a proteção de patentes em acordos comerciais?";O Brasil defende um equilíbrio entre a proteção da propriedade intelectual e o acesso a medicamentos e tecnologia, e apoia as flexibilidades do TRIPS, mas aceita cláusulas de propriedade intelectual em acordos.
"Qual é a posição brasileira sobre a ""liberalização de serviços"" em acordos comerciais?";O Brasil defende a liberalização de serviços, mas com salvaguardas para setores sensíveis (saúde, educação, finanças), e com a negociação de compromissos específicos, com base no GATS.
"Como o Brasil lida com a ""questão trabalhista"" e os ""direitos trabalhistas"" em acordos comerciais?";O Brasil defende que os acordos comerciais incluam cláusulas de trabalho (ex.: compromisso com as normas da OIT), mas rejeita a condicionalidade unilateral e a vinculação a sanções comerciais.
"Qual é a posição brasileira sobre a ""questão ambiental"" e a ""sustentabilidade"" em acordos comerciais?";O Brasil defende que os acordos incluam capítulos ambientais, mas rejeita a condicionalidade unilateral (ex.: exigências da UE), e defende a cooperação e o comércio de bens ambientais.
"Como o Brasil vê a ""cláusula de revisão"" e os ""mecanismos de solução de controvérsias"" em acordos?";O Brasil defende mecanismos de solução de controvérsias robustos (ex.: arbitragem) e cláusulas de revisão periódica, para adaptar os acordos às mudanças econômicas e tecnológicas.
"Qual é a posição brasileira sobre os ""acordos de comércio de serviços"" (ex.: TiSA, Acordo de Serviços)?";O Brasil não participou do TiSA (Acordo de Comércio de Serviços), e prefere negociar serviços no âmbito da OMC e em acordos bilaterais, com a preservação de políticas públicas.
"Como o Brasil vê a ""era digital"" e o ""comércio eletrônico"" em acordos comerciais?";O Brasil defende a inclusão de capítulos sobre comércio eletrônico, com a proteção de dados, a não discriminação, e a facilitação do comércio digital, mas com ressalvas sobre a tributação e a soberania digital.
"Qual é a posição brasileira sobre a ""taxação de serviços digitais"" e a tributação das big techs?";O Brasil defende a tributação justa das big techs, e a cooperação internacional na OCDE, mas rejeita a imposição de regras unilaterais, e apoia a criação de um imposto mínimo global.
"Como o Brasil lida com os ""subsídios"" e as ""práticas desleais de comércio"" (ex.: dumping) em acordos?";O Brasil defende a disciplina de subsídios na OMC, e o combate ao dumping, e utiliza medidas antidumping e de compensação para proteger sua indústria, mas critica subsídios de outros países.
"Qual é a posição brasileira sobre a ""concorrência"" e a ""política de concorrência"" em acordos comerciais?";O Brasil defende a cooperação em matéria de concorrência, com a troca de informações e a coordenação de investigações, e apoia a inclusão de capítulos de concorrência em acordos.
"Como o Brasil vê a ""facilitação do comércio"" (desburocratização, procedimentos aduaneiros) em acordos?";O Brasil defende a facilitação do comércio, com a simplificação de procedimentos aduaneiros, a transparência, e a implementação do Acordo de Facilitação do Comércio da OMC.
"Qual é a importância do ""Acordo de Facilitação do Comércio"" (AFC) da OMC para o Brasil?";O AFC, ratificado pelo Brasil, simplifica procedimentos aduaneiros, reduz custos e burocracia, e é fundamental para a competitividade do comércio brasileiro, especialmente para as exportações.
"Como o Brasil vê a ""integração produtiva"" (cadeias regionais de valor) em acordos comerciais?";O Brasil defende a integração produtiva, com a criação de cadeias regionais de valor (ex.: automotiva, farmacêutica) e com a complementaridade produtiva, como forma de aumentar a competitividade.
"Qual é a posição brasileira sobre as ""regras de origem"" em acordos comerciais?";O Brasil defende regras de origem claras e flexíveis, que reflitam a realidade produtiva, e que incentivem a integração produtiva, com percentuais de conteúdo regional e de valor agregado.
"Como o Brasil vê a ""cooperação aduaneira"" e a ""assistência mútua"" em acordos comerciais?";O Brasil defende a cooperação aduaneira, com a troca de informações, a assistência mútua, e o combate à fraude, como parte da facilitação do comércio e da segurança.
"Qual é a posição brasileira sobre a ""cláusula de exceção"" (segurança nacional, saúde pública) em acordos?";O Brasil defende a inclusão de cláusulas de exceção, que permitem medidas para proteger a segurança nacional, a saúde pública e o meio ambiente, com base no GATT e no GATS.
"Como o Brasil vê a ""solução de controvérsias"" na OMC e o sistema de apelação?";O Brasil é um usuário ativo do sistema de solução de controvérsias da OMC, e defende a reforma e o restabelecimento do sistema de apelação, que está paralisado.
"Qual é a posição brasileira sobre a ""reforma da OMC"" e a modernização das regras do comércio?";O Brasil defende a reforma da OMC, para atualizar as regras (comércio digital, subsídios, meio ambiente), e para resolver a crise do sistema de apelação, e para garantir a sua relevância.
"Como o Brasil atua nas negociações da ""Rodada Doha"" e qual é o seu estado atual?";O Brasil atua no G20 agrícola, defendendo a redução de subsídios agrícolas, mas a Rodada Doha está estagnada, e o Brasil busca avanços em temas como facilitação do comércio e serviços.
"Qual é a posição brasileira sobre o ""acordo de facilitação do comércio"" (OMC) e sua implementação?";O Brasil ratificou e implementou o AFC, e defende a sua plena aplicação, e a assistência técnica para países em desenvolvimento, como parte da agenda de comércio.
"Como o Brasil vê a ""agenda de comércio e meio ambiente"" na OMC e a discussão sobre subsídios prejudiciais?";O Brasil defende a discussão sobre comércio e meio ambiente na OMC, mas se opõe a medidas protecionistas disfarçadas de ambientais, e defende a redução de subsídios prejudiciais.
"Qual é a posição brasileira sobre a ""agenda de comércio e desenvolvimento"" na OMC e o tratamento especial e diferenciado?";O Brasil defende o tratamento especial e diferenciado (TED) para países em desenvolvimento, e a sua preservação, mas com a graduação de alguns países, e com a flexibilidade para a implementação de acordos.
"Como o Brasil vê a ""agenda de comércio e saúde"" na OMC e o acesso a medicamentos?";O Brasil defende a flexibilidade do TRIPS (licenças compulsórias, importação paralela), e o acesso a medicamentos, como parte da saúde pública, e se opõe à vinculação de acordos comerciais a patentes.
"Qual é a posição brasileira sobre a ""agenda de comércio e gênero"" na OMC e a igualdade de gênero?";O Brasil defende a inclusão da perspectiva de gênero nas políticas comerciais, e o empoderamento econômico das mulheres, e apoia a discussão na OMC e em outros fóruns.
"Como o Brasil vê a ""agenda de comércio e trabalho"" na OMC e os direitos trabalhistas?";O Brasil defende a inclusão de cláusulas de trabalho em acordos comerciais, mas rejeita a vinculação a sanções, e apoia a cooperação com a OIT e a promoção do trabalho decente.
"Qual é a posição brasileira sobre a ""agenda de comércio digital"" na OMC e a governança da internet?";O Brasil defende a discussão sobre comércio digital na OMC, com a proteção de dados, a não discriminação, e a liberdade de fluxos de dados, mas com ressalvas sobre a soberania digital.
"Como o Brasil vê a ""agenda de comércio e mudanças climáticas"" na OMC e a taxação de carbono?";O Brasil defende a discussão sobre comércio e clima na OMC, mas se opõe a medidas unilaterais (ex.: CBAM da UE), e defende a cooperação e a redução de subsídios a combustíveis fósseis.
"Qual é a posição brasileira sobre a ""agenda de comércio e segurança alimentar"" na OMC e a regulação de estoques?";O Brasil defende a regulação de estoques públicos para a segurança alimentar, e a flexibilidade para a compra de alimentos, como parte do direito humano à alimentação.
"Como o Brasil vê a ""agenda de comércio e propriedade intelectual"" na OMC e a proteção de patentes farmacêuticas?";O Brasil defende a flexibilidade do TRIPS, e o acesso a medicamentos, e se opõe à extensão de patentes e à vinculação de acordos comerciais a patentes.
"Qual é a posição brasileira sobre a ""agenda de comércio e serviços"" na OMC e a liberalização de serviços?";O Brasil defende a liberalização de serviços, mas com salvaguardas para setores sensíveis, e com a negociação de compromissos específicos, com base no GATS.
"Como o Brasil vê a ""agenda de comércio e agricultura"" na OMC e a redução de subsídios agrícolas?";O Brasil é um dos principais defensores da redução de subsídios agrícolas, e da melhoria do acesso a mercados, como parte da agenda de Doha, e atua no G20 agrícola.
"Qual é a posição brasileira sobre a ""agenda de comércio e pesca"" na OMC e a eliminação de subsídios à pesca?";O Brasil apoia a eliminação de subsídios que contribuem para a sobrepesca e a pesca ilegal, e participa das negociações na OMC, como parte da agenda de desenvolvimento sustentável.
"Como o Brasil vê a ""agenda de comércio e investimentos"" na OMC e a proteção de investimentos?";O Brasil defende a discussão sobre investimentos na OMC, mas com a preservação da capacidade regulatória dos Estados, e com a proteção dos investimentos, com base em acordos bilaterais.
"Qual é a posição brasileira sobre a ""agenda de comércio e concorrência"" na OMC e a regulação de cartéis?";"O Brasil defende a cooperação em concorrência, mas a OMC não tem uma agenda ativa sobre o tema; o Brasil prefere negociar capítulos de concorrência em acordos bilaterais e regionais."
"Como o Brasil vê a ""agenda de comércio e compras governamentais"" na OMC e o Acordo de Compras Governamentais (GPA)?";O Brasil não é signatário do GPA, e defende a flexibilidade para a compra de produtos nacionais, e a negociação de compromissos em acordos bilaterais, com salvaguardas para setores estratégicos.
"Qual é a posição brasileira sobre a ""agenda de comércio e desenvolvimento sustentável"" na OMC?";O Brasil defende a integração das dimensões econômica, social e ambiental, e a promoção do desenvolvimento sustentável, como parte dos objetivos da OMC.
"Como o Brasil vê a ""cooperação regulatória"" e a ""harmonização de normas"" em acordos comerciais?";O Brasil defende a cooperação regulatória, com a harmonização de normas (ex.: ISO, Codex) e a transparência, para reduzir barreiras não tarifárias e facilitar o comércio.
"Qual é a posição brasileira sobre a ""facilitação de investimentos"" em acordos comerciais?";O Brasil defende a facilitação de investimentos, com a proteção dos investimentos, a não discriminação, e a solução de controvérsias, mas com a preservação da capacidade regulatória dos Estados.
"Como o Brasil vê a ""cláusula de resolução de controvérsias"" em acordos comerciais (arbitragem)?";O Brasil defende a arbitragem como mecanismo de solução de controvérsias, e a inclusão de cláusulas de resolução de controvérsias em acordos comerciais, como parte da previsibilidade.
"Qual é a posição brasileira sobre a ""cláusula de salvaguarda"" em acordos comerciais (ex.: agrícola)?";O Brasil defende a inclusão de salvaguardas (ex.: agrícolas, de balanço de pagamentos) em acordos comerciais, como forma de proteger setores sensíveis e a estabilidade econômica.
"Como o Brasil vê a ""cláusula de exceção geral"" em acordos comerciais (ex.: saúde pública, meio ambiente)?";O Brasil defende a inclusão de exceções gerais, que permitam a adoção de medidas para proteger a saúde pública, o meio ambiente e a moral pública, com base no GATT.
"Qual é a posição brasileira sobre a ""cláusula de revisão"" em acordos comerciais (ex.: MERCOSUL-UE)?";O Brasil defende a revisão periódica dos acordos, para adaptá-los às mudanças econômicas e tecnológicas, e para resolver problemas de implementação, como parte da flexibilidade.
"Como o Brasil vê a ""cláusula de solução de controvérsias"" na OMC e o mecanismo de apelação?";O Brasil defende o restabelecimento do sistema de apelação da OMC, que está paralisado, e a reforma do sistema de solução de controvérsias, para que ele seja mais eficiente e ágil.
"Qual é a posição brasileira sobre a ""cláusula de transparência"" em acordos comerciais e a participação social?";O Brasil defende a transparência nas negociações, com a consulta à sociedade civil e ao setor privado, e a divulgação de informações, como parte da legitimidade dos acordos.
"Como o Brasil vê a ""cláusula de assistência técnica"" em acordos comerciais e a cooperação?";O Brasil defende a inclusão de cláusulas de assistência técnica e cooperação, para apoiar a implementação de acordos, e para fortalecer a capacidade institucional dos países em desenvolvimento.
"Qual é a posição brasileira sobre a ""cláusula de desenvolvimento"" em acordos comerciais e a flexibilidade?";O Brasil defende que os acordos comerciais incluam a perspectiva do desenvolvimento, com flexibilidade para países em desenvolvimento, e com o tratamento especial e diferenciado.
"Como o Brasil vê a ""cláusula de gênero"" em acordos comerciais e a igualdade de gênero?";O Brasil defende a inclusão de capítulos de gênero em acordos comerciais, como parte da agenda de igualdade de gênero e do empoderamento econômico das mulheres.
"Qual é a posição brasileira sobre a ""cláusula de sustentabilidade"" em acordos comerciais e a proteção ambiental?";O Brasil defende a inclusão de capítulos ambientais e de sustentabilidade em acordos comerciais, mas rejeita a condicionalidade unilateral e a vinculação a sanções comerciais.
"Como o Brasil vê a ""cláusula de trabalho"" em acordos comerciais e os direitos trabalhistas?";O Brasil defende a inclusão de cláusulas de trabalho, com o compromisso com as normas da OIT, e a cooperação, mas rejeita a vinculação a sanções comerciais e a condicionalidade.
"Qual é a posição brasileira sobre a ""cláusula de direitos humanos"" em acordos comerciais?";O Brasil defende a inclusão de cláusulas de direitos humanos, como parte da agenda de comércio e desenvolvimento, mas rejeita a condicionalidade e a vinculação a sanções.
"Como o Brasil vê a ""cláusula de boa governança"" em acordos comerciais e a luta contra a corrupção?";O Brasil defende a inclusão de cláusulas de boa governança, com o compromisso com a transparência e a luta contra a corrupção, como parte da agenda de comércio e desenvolvimento.
"Qual é a posição brasileira sobre a ""cláusula de segurança alimentar"" em acordos comerciais?";O Brasil defende a inclusão de cláusulas de segurança alimentar, que garantam a flexibilidade para a compra de alimentos e a regulação de estoques, como parte do direito humano à alimentação.
"Como o Brasil vê a ""cláusula de serviços financeiros"" em acordos comerciais e a regulação financeira?";O Brasil defende a liberalização de serviços financeiros, mas com salvaguardas para a estabilidade financeira, a proteção do consumidor e a prevenção de crises, e com a regulação prudencial.
"Qual é a posição brasileira sobre a ""cláusula de serviços de telecomunicações"" em acordos comerciais?";O Brasil defende a liberalização de serviços de telecomunicações, mas com a preservação da universalização, da concorrência e da proteção de dados, e com a regulação do setor.
"Como o Brasil vê a ""cláusula de serviços de transporte"" em acordos comerciais e a cabotagem?";O Brasil defende a liberalização de serviços de transporte, mas com a proteção da cabotagem e da bandeira nacional, e com a negociação de compromissos específicos, com base no GATS.
"Qual é a posição brasileira sobre a ""cláusula de serviços de saúde"" em acordos comerciais?";O Brasil defende a liberalização de serviços de saúde, mas com a preservação dos sistemas públicos de saúde, e com a regulação e a garantia do acesso universal.
"Como o Brasil vê a ""cláusula de serviços de educação"" em acordos comerciais?";O Brasil defende a liberalização de serviços de educação, mas com a preservação da educação pública, e com a regulação e a garantia da qualidade, e com a proteção dos direitos dos estudantes.
"Qual é a posição brasileira sobre a ""cláusula de serviços profissionais"" em acordos comerciais?";O Brasil defende a liberalização de serviços profissionais, mas com a regulação e o reconhecimento de qualificações, e com a proteção do consumidor, e com a negociação de compromissos específicos.
"Como o Brasil vê a ""cláusula de comércio de bens"" e as ""regras de origem"" em acordos comerciais?";O Brasil defende regras de origem claras e flexíveis, que reflitam a realidade produtiva, e que incentivem a integração produtiva, com percentuais de conteúdo regional.
"Qual é a posição brasileira sobre a ""cláusula de comércio de bens agrícolas"" e os subsídios agrícolas?";O Brasil defende a redução de subsídios agrícolas, e a melhoria do acesso a mercados, como parte da agenda de Doha, e utiliza o G20 agrícola para coordenar posições.
"Como o Brasil vê a ""cláusula de comércio de bens industriais"" e a redução de tarifas?";O Brasil defende a redução de tarifas, mas com prazos e salvaguardas para setores sensíveis, e com a proteção da indústria nacional, e com a negociação de regimes de origem.
"Qual é a posição brasileira sobre a ""cláusula de comércio de bens de tecnologia"" e a transferência de tecnologia?";O Brasil defende a transferência de tecnologia, e a cooperação em ciência e tecnologia, como parte dos acordos comerciais, e com a proteção da propriedade intelectual.
"Como o Brasil vê a ""cláusula de comércio de bens ambientais"" e a redução de tarifas ambientais?";O Brasil defende a redução de tarifas para bens ambientais (ex.: tecnologias limpas), e a promoção do comércio de bens e serviços ambientais, como parte do desenvolvimento sustentável.
"Qual é a posição brasileira sobre a ""cláusula de comércio de bens culturais"" e a proteção da diversidade cultural?";O Brasil defende a exceção cultural, e a proteção da diversidade cultural, e a inclusão de cláusulas de comércio de bens culturais, com base na Convenção da UNESCO.
"Como o Brasil vê a ""cláusula de comércio de bens usados"" e a regulação do comércio de produtos usados?";O Brasil defende a regulação do comércio de produtos usados, com a proteção da saúde, do meio ambiente, e da segurança, e com a transparência, e com a negociação de compromissos.
"Qual é a posição brasileira sobre a ""cláusula de comércio de bens estratégicos"" (ex.: armas, produtos de dupla uso)?";O Brasil defende a regulação do comércio de bens estratégicos, com base no Tratado de Comércio de Armas (ATT), e com a proteção da segurança nacional, e com a transparência.
"Como o Brasil vê a ""cláusula de comércio de bens de luxo"" e a regulação do comércio de produtos de luxo?";O Brasil não tem uma posição específica, mas defende a transparência e a não discriminação no comércio de bens de luxo, e a regulação para evitar a evasão fiscal e o contrabando.
"Qual é a posição brasileira sobre a ""cláusula de comércio de serviços de turismo"" e a promoção do turismo?";O Brasil defende a promoção do turismo, e a facilitação de vistos, e a liberalização de serviços de turismo, como parte do desenvolvimento econômico e da integração.
"Como o Brasil vê a ""cláusula de comércio de serviços de transporte marítimo"" e a cabotagem?";O Brasil defende a proteção da cabotagem e da bandeira nacional, e a negociação de compromissos específicos para o transporte marítimo, com base no GATS.
"Qual é a posição brasileira sobre a ""cláusula de comércio de serviços de transporte aéreo"" e os céus abertos?";"O Brasil defende a negociação de acordos de ""céus abertos"", mas com a proteção da indústria nacional (Embraer), e com a negociação de compromissos específicos, com base no GATS."
"Como o Brasil vê a ""cláusula de comércio de serviços de logística"" e a facilitação do comércio?";O Brasil defende a facilitação do comércio, com a simplificação de procedimentos aduaneiros, e a liberalização de serviços de logística, como parte da competitividade.
"Qual é a posição brasileira sobre a ""cláusula de comércio de serviços de tecnologia da informação"" e a governança da internet?";O Brasil defende a governança multissetorial da internet, a proteção de dados, e a não discriminação, e a liberalização de serviços de TI, mas com ressalvas sobre a soberania digital.
"Como o Brasil vê a ""cláusula de comércio de serviços de serviços financeiros"" e a regulação financeira?";O Brasil defende a liberalização de serviços financeiros, mas com a preservação da estabilidade financeira, da proteção do consumidor, e da capacidade regulatória dos Estados.
"Qual é a posição brasileira sobre a ""cláusula de comércio de serviços de saúde"" e a proteção da saúde pública?";O Brasil defende a proteção da saúde pública, com a regulação de serviços de saúde, e com a garantia do acesso universal, e com a negociação de compromissos específicos.
"Como o Brasil vê a ""cláusula de comércio de serviços de educação"" e a proteção da educação pública?";O Brasil defende a proteção da educação pública, e a regulação de serviços de educação, e a negociação de compromissos específicos, com base no GATS.
"Qual é a posição brasileira sobre a ""cláusula de comércio de serviços de serviços profissionais"" e o reconhecimento de qualificações?";O Brasil defende o reconhecimento de qualificações, e a regulação de serviços profissionais, e a negociação de compromissos específicos, com base no GATS.
"Como o Brasil vê a ""cláusula de comércio de serviços de serviços de construção"" e a contratação pública?";O Brasil defende a liberalização de serviços de construção, mas com a proteção da contratação pública nacional, e com a negociação de compromissos específicos.
"Qual é a posição brasileira sobre a ""cláusula de comércio de serviços ambientais"" e a proteção ambiental?";O Brasil defende a liberalização de serviços ambientais, e a promoção do comércio de serviços ambientais, como parte do desenvolvimento sustentável, e com a proteção ambiental.
"Como o Brasil vê a ""cláusula de comércio de serviços culturais"" e a proteção da diversidade cultural?";O Brasil defende a exceção cultural, e a proteção da diversidade cultural, e a negociação de compromissos específicos para serviços culturais, com base na Convenção da UNESCO.
"Qual é a posição brasileira sobre a ""cláusula de comércio de serviços de turismo"" e a promoção do turismo?";O Brasil defende a promoção do turismo, e a facilitação de vistos, e a liberalização de serviços de turismo, como parte do desenvolvimento econômico e da integração.
"Como o Brasil vê a ""cláusula de comércio de serviços de serviços de TI"" e a proteção de dados?";O Brasil defende a proteção de dados, e a governança multissetorial da internet, e a liberalização de serviços de TI, mas com ressalvas sobre a soberania digital e a segurança.
"Qual é a posição brasileira sobre a ""cláusula de comércio de serviços de serviços de logística"" e a facilitação do comércio?";O Brasil defende a facilitação do comércio, com a simplificação de procedimentos aduaneiros, e a liberalização de serviços de logística, como parte da competitividade e da integração.
"Como o Brasil vê a ""cláusula de comércio de serviços de serviços de engenharia"" e a proteção da propriedade intelectual?";O Brasil defende a proteção da propriedade intelectual, e a regulação de serviços de engenharia, e a negociação de compromissos específicos, com base no GATS.
"Qual é a posição brasileira sobre a ""cláusula de comércio de serviços de serviços de consultoria"" e a transferência de tecnologia?";O Brasil defende a transferência de tecnologia, e a liberalização de serviços de consultoria, e a negociação de compromissos específicos, com base no GATS.
"Como o Brasil vê a ""cláusula de comércio de serviços de serviços de manutenção"" e a proteção do meio ambiente?";O Brasil defende a proteção do meio ambiente, e a liberalização de serviços de manutenção, e a negociação de compromissos específicos, com base no GATS.
"Qual é a posição brasileira sobre a ""cláusula de comércio de serviços de serviços de telecomunicações"" e a concorrência?";O Brasil defende a concorrência, e a universalização, e a proteção de dados, e a liberalização de serviços de telecomunicações, com a regulação do setor.
"Como o Brasil vê a ""cláusula de comércio de serviços de serviços de transporte"" e a cabotagem?";O Brasil defende a proteção da cabotagem e da bandeira nacional, e a negociação de compromissos específicos para o transporte, com base no GATS.
"Qual é a posição brasileira sobre a ""cláusula de comércio de serviços de serviços de distribuição"" e a concorrência?";O Brasil defende a concorrência, e a proteção do consumidor, e a liberalização de serviços de distribuição, com a regulação do setor.
"Como o Brasil vê a ""cláusula de comércio de serviços de serviços de serviços financeiros"" e a estabilidade financeira?";O Brasil defende a estabilidade financeira, e a proteção do consumidor, e a liberalização de serviços financeiros, com a regulação prudencial e a prevenção de crises.
"Qual é a posição brasileira sobre a ""cláusula de comércio de serviços de serviços de saúde"" e a proteção da saúde pública?";O Brasil defende a proteção da saúde pública, e a regulação de serviços de saúde
;
Qual é o principal documento que orienta a estratégia de defesa e segurança do Brasil?;A Estratégia Nacional de Defesa (END), de 2008, e a Política Nacional de Defesa (PND), que estabelecem as diretrizes para a defesa nacional, com ênfase na Amazônia e no Atlântico Sul.
"Como a ""Estratégia Nacional de Defesa"" (END) define o papel das Forças Armadas brasileiras?";A END define que as Forças Armadas devem atuar na defesa da soberania, na garantia dos poderes constitucionais e na projeção do Brasil no Atlântico Sul, com ênfase na Amazônia Azul e na fronteira amazônica.
"Qual é a importância do ""Atlântico Sul"" para a estratégia de segurança do Brasil?";"O Atlântico Sul é uma área estratégica para o Brasil, com a ""Amazônia Azul"" (plataforma continental) rica em recursos, e com a ZOPACAS, que visa desnuclearizar a região e promover a cooperação entre os países do Sul."
"O que é a ""Amazônia Azul"" e qual sua relevância para a segurança nacional?";A Amazônia Azul é a plataforma continental brasileira, com vastos recursos minerais, energéticos e biológicos, e sua proteção é vital para a soberania e o desenvolvimento econômico, com a Marinha atuando na sua vigilância.
"Como o Brasil define sua ""zona de interesse estratégico"" no Atlântico Sul?";O Brasil considera o Atlântico Sul como sua zona de interesse estratégico, com a ZOPACAS, e com a projeção de poder naval, para proteger a plataforma continental, as rotas de navegação e os recursos.
"Qual é o papel da ""Marinha do Brasil"" na defesa do Atlântico Sul?";"A Marinha é responsável pela vigilância, patrulha e defesa da ""Amazônia Azul"", com o Projeto de Desenvolvimento de Submarinos (PROSUB), a construção de navios e a participação em exercícios navais."
"Como o Brasil vê a ""presença de potências extrarregionais"" no Atlântico Sul (ex.: EUA, Rússia, China)?";O Brasil vê a presença com preocupação, e defende a ZOPACAS como uma zona de paz e cooperação, e a não interferência de potências extrarregionais, e reage a qualquer presença militar que considere uma ameaça.
"Qual é a importância da ""ZOPACAS"" para a segurança do Brasil?";A ZOPACAS é um fórum de cooperação entre os países do Atlântico Sul, que promove a paz, a desnuclearização, a proteção do meio ambiente, e o combate à pirataria, sendo fundamental para a segurança da região.
"Como o Brasil lida com a ""questão da pirataria"" no Atlântico Sul e no Golfo da Guiné?";O Brasil participa de operações de combate à pirataria, com a Marinha atuando em exercícios e em missões de cooperação com países da África, como parte da ZOPACAS e da segurança marítima.
"Qual é o papel da ""Força Aérea Brasileira"" (FAB) na segurança e defesa nacional?";A FAB é responsável pela defesa do espaço aéreo, com o Sistema de Vigilância da Amazônia (SIVAM) e o Sistema de Defesa Aeroespacial (SISDABRA), e pela projeção de poder e transporte.
"Qual é o papel do ""Exército Brasileiro"" na segurança da Amazônia e das fronteiras?";O Exército é responsável pela vigilância e defesa da Amazônia, com o Sistema de Vigilância da Amazônia (SIPAM), e pela proteção das fronteiras terrestres (com 10 países), com o combate a ilícitos.
"Como o Brasil lida com a ""questão da segurança na Amazônia"" e a internacionalização da região?";O Brasil defende a soberania sobre a Amazônia, e rejeita a internacionalização, e atua com a OTCA e com a cooperação com países vizinhos, para a vigilância, o desenvolvimento sustentável e o combate ao desmatamento.
"Qual é o papel do ""Sistema de Vigilância da Amazônia"" (SIPAM) na segurança nacional?";O SIPAM, com o SIVAM, é um sistema de vigilância aeroespacial, que monitora a Amazônia, para o combate ao tráfico, ao desmatamento, e para a proteção das fronteiras, sendo fundamental para a soberania.
"Como o Brasil vê a ""questão das drogas"" e o ""narcotráfico"" como ameaça à segurança?";O Brasil vê o narcotráfico como uma ameaça à segurança, e atua com a Polícia Federal, a Receita, e as Forças Armadas, no combate ao tráfico, com a cooperação com países vizinhos e com a participação em fóruns internacionais.
"Qual é o papel da ""Polícia Federal"" na segurança e na política exterior do Brasil?";A Polícia Federal atua no combate ao crime transnacional, com a cooperação com a INTERPOL, e com a participação em operações conjuntas, e na proteção das fronteiras e da segurança nacional.
"Como o Brasil lida com a ""questão do terrorismo"" e a segurança global?";O Brasil condena o terrorismo, e coopera com a ONU, com a INTERPOL, e com outros países, no combate ao terrorismo, mas defende que a definição de terrorismo não seja usada para criminalizar a resistência legítima.
"Qual é a posição brasileira sobre a ""guerra ao terror"" e a intervenção militar no Oriente Médio?";"O Brasil condena o terrorismo, mas critica a ""guerra ao terror"" e a intervenção militar no Iraque e no Afeganistão, defendendo a solução política, o diálogo e o respeito ao direito internacional."
"Como o Brasil vê a ""questão da segurança cibernética"" e a proteção de infraestruturas críticas?";O Brasil defende a segurança cibernética, com a proteção de infraestruturas críticas (energia, finanças, transporte), e a cooperação internacional, e a governança multissetorial da internet.
"Qual é o papel do ""Gabinete de Segurança Institucional"" (GSI) na segurança nacional?";O GSI é o órgão de assessoramento direto do Presidente, que coordena a segurança nacional, e atua na proteção de infraestruturas críticas, na segurança cibernética, e na gestão de crises.
"Como o Brasil lida com a ""questão da segurança energética"" e a dependência de combustíveis?";O Brasil defende a segurança energética, com a diversificação de fontes (petróleo, gás, renováveis), com a integração energética (ex.: gasoduto Bolívia-Brasil), e com a proteção da infraestrutura energética.
"Qual é a posição brasileira sobre a ""segurança alimentar"" como questão de segurança nacional?";O Brasil defende a segurança alimentar como um pilar da segurança nacional, e atua com a produção de alimentos, com a cooperação internacional, e com o combate à fome e à insegurança alimentar.
"Como o Brasil vê a ""questão da água"" e a segurança hídrica como questão de segurança?";"O Brasil defende a segurança hídrica, com a gestão sustentável dos recursos hídricos, e a cooperação em bacias transfronteiriças, e rejeita a ""guerra da água"", defendendo a diplomacia da água."
"Qual é a posição brasileira sobre a ""questão da migração"" e a segurança das fronteiras?";O Brasil defende a proteção dos migrantes, e a gestão humanitária das fronteiras, mas também atua no controle migratório e no combate ao tráfico de pessoas, com a cooperação com países vizinhos.
"Como o Brasil lida com a ""questão dos refugiados"" e a segurança humanitária?";O Brasil adota uma política de portas abertas, com vistos humanitários, e atua com o ACNUR, na proteção de refugiados, e na interiorização de venezuelanos (Operação Acolhida), como parte da segurança humanitária.
"Qual é o papel das ""Forças Armadas"" na ""garantia da lei e da ordem"" (GLO) em segurança pública?";As Forças Armadas podem atuar na garantia da lei e da ordem (GLO), em situações de crise, com o apoio à segurança pública, mas com a preservação do papel subsidiário e da não intervenção política.
"Como o Brasil vê a ""questão da segurança na América do Sul"" e a cooperação em defesa?";O Brasil defende a cooperação em defesa na América do Sul, com o Conselho de Defesa Sul-Americano (CDS), com exercícios militares conjuntos, e com a confiança mútua, e com a não intervenção.
"Qual é o papel do ""Conselho de Defesa Sul-Americano"" (CDS) na segurança regional?";O CDS, da UNASUL, é um fórum de cooperação em defesa, com a troca de informações, a confiança mútua, e a criação de mecanismos de cooperação, mas está inativo devido à crise da UNASUL.
"Como o Brasil vê a ""presença de bases militares estrangeiras"" na América do Sul?";O Brasil defende a não presença de bases militares estrangeiras na América do Sul, e rejeitou a ampliação da presença dos EUA na Colômbia (2009), defendendo a autonomia e a soberania regional.
"Qual é a posição brasileira sobre a ""venda de armas"" e a indústria de defesa na América do Sul?";O Brasil defende a cooperação em defesa, e a integração da indústria de defesa na América do Sul, com a venda de equipamentos (ex.: Embraer), e com a transferência de tecnologia, e com a confiança mútua.
"Como o Brasil vê a ""questão da fronteira"" e a integração fronteiriça como questão de segurança?";O Brasil defende a integração fronteiriça, com o desenvolvimento das regiões de fronteira, com a cooperação com países vizinhos, e com o combate a ilícitos, como parte da segurança nacional e da integração.
"Qual é o papel do ""Programa de Proteção Integrada de Fronteiras"" (PPIF) na segurança?";O PPIF é um programa do governo federal, para a proteção integrada das fronteiras, com a atuação das Forças Armadas, da Polícia Federal, da Receita, e com a cooperação com países vizinhos.
"Como o Brasil lida com a ""questão da mineração ilegal"" e do garimpo na Amazônia?";O Brasil combate a mineração ilegal, com operações das Forças Armadas, da Polícia Federal, e do IBAMA, e com a cooperação com países vizinhos, e com a proteção do meio ambiente e dos povos indígenas.
"Qual é a posição brasileira sobre a ""questão do desmatamento"" e a segurança ambiental?";O Brasil defende a proteção do meio ambiente, e o combate ao desmatamento, como parte da segurança ambiental e da soberania, e atua com o monitoramento, com a fiscalização, e com a cooperação internacional.
"Como o Brasil vê a ""questão das mudanças climáticas"" e a segurança climática?";O Brasil reconhece as mudanças climáticas como uma ameaça à segurança, e defende a ação climática, com a redução de emissões, a adaptação, e a cooperação internacional, como parte da agenda de segurança.
"Qual é a posição brasileira sobre a ""segurança sanitária"" e a proteção contra pandemias?";O Brasil defende a segurança sanitária, com a cooperação internacional, com a OMS, e com a preparação para pandemias, e atua na produção de vacinas e medicamentos, como parte da segurança humana.
"Como o Brasil vê a ""questão da segurança nuclear"" e a não proliferação?";O Brasil defende a segurança nuclear, com as salvaguardas da AIEA, e a não proliferação, e o uso pacífico da energia nuclear, e é signatário do TNP e do Tratado de Tlatelolco.
"Qual é a posição brasileira sobre a ""segurança química"" e a proibição de armas químicas?";O Brasil é signatário da Convenção de Armas Químicas, e defende a segurança química, com a fiscalização da OPAQ, e a proibição do uso e da produção de armas químicas.
"Como o Brasil lida com a ""questão da segurança biológica"" e a proteção contra agentes biológicos?";O Brasil defende a segurança biológica, com a fiscalização, e a cooperação internacional, e é signatário da Convenção de Armas Biológicas, e atua na prevenção e no combate a agentes biológicos.
"Qual é o papel do ""Ministério da Defesa"" na coordenação da política de segurança e defesa?";O Ministério da Defesa é responsável pela coordenação das Forças Armadas, e pela formulação da política de defesa, e pela articulação com a política externa, e pela participação em fóruns internacionais.
"Como o Brasil vê a ""questão da segurança e defesa"" no âmbito da OEA e do TIAR?";O Brasil é signatário do TIAR, mas critica sua obsolescência, e defende a sua reforma, e atua na OEA, no combate às drogas, na segurança cibernética, e na proteção dos direitos humanos.
"Qual é a posição brasileira sobre a ""missão de paz"" da ONU e a participação em operações de paz?";O Brasil participa de operações de paz da ONU, com tropas, observadores e pessoal civil, com base nos princípios da ONU, e com a defesa da paz, da segurança e da soberania.
"Como o Brasil vê a ""questão da segurança coletiva"" e a responsabilidade de proteger (R2P)?";O Brasil apoia a R2P, mas com ressalvas, defendendo que a intervenção seja autorizada pelo CS da ONU, com critérios claros, e que priorize a prevenção e o diálogo, em vez da força.
"Qual é a posição brasileira sobre a ""reforma do Conselho de Segurança"" e a segurança global?";O Brasil defende a reforma do CS, com a ampliação do número de membros, e a limitação do veto, para torná-lo mais legítimo, representativo e eficaz na manutenção da paz e da segurança.
"Como o Brasil vê a ""questão da segurança e defesa"" no âmbito do BRICS e da cooperação Sul-Sul?";O Brasil defende a cooperação em segurança e defesa no BRICS, com a troca de informações, e a coordenação em fóruns internacionais, e com a defesa da multipolaridade e da não intervenção.
"Qual é o papel do ""Estado-Maior Conjunto das Forças Armadas"" (EMCFA) na segurança e defesa?";O EMCFA é o órgão de assessoramento do Ministério da Defesa, que coordena as operações conjuntas das Forças Armadas, e atua no planejamento estratégico, e na participação em exercícios e missões.
"Como o Brasil lida com a ""questão da segurança e defesa"" no Atlântico Sul e a cooperação com a África?";O Brasil defende a cooperação com a África no Atlântico Sul, com a ZOPACAS, com exercícios navais, e com o combate à pirataria, e com a proteção da plataforma continental e dos recursos.
"Qual é a posição brasileira sobre a ""questão da segurança marítima"" e a liberdade de navegação?";O Brasil defende a segurança marítima, a liberdade de navegação, e o direito internacional, e atua com a Marinha, na proteção das rotas de navegação e do comércio marítimo.
"Como o Brasil vê a ""questão da segurança e defesa"" no âmbito da CPLP e da cooperação lusófona?";O Brasil defende a cooperação em defesa na CPLP, com exercícios militares conjuntos, com a troca de informações, e com a cooperação em segurança marítima, como parte da integração lusófona.
"Qual é o papel da ""indústria de defesa brasileira"" (Embraer, submarinos, etc.) na segurança nacional?";A indústria de defesa é essencial para a autonomia e a soberania, com a produção de aeronaves (Embraer), submarinos (PROSUB), e equipamentos, e com a transferência de tecnologia e a exportação.
"Como o Brasil vê a ""questão da segurança e defesa"" no espaço e a proteção de satélites?";O Brasil defende a segurança espacial, com a proteção de satélites, e a não militarização do espaço, e a cooperação internacional, e atua com o programa espacial (satélites CBERS).
"Qual é a posição brasileira sobre a ""questão da segurança e defesa"" na Antártida?";O Brasil é membro do Tratado da Antártida, e defende a desmilitarização, a liberdade de pesquisa, e a proteção ambiental, e atua com a Estação Comandante Ferraz, na pesquisa científica.
"Como o Brasil lida com a ""questão da segurança e defesa"" e a proteção de recursos naturais (ex.: petróleo)?";O Brasil defende a proteção dos recursos naturais, como parte da soberania, e atua com a Marinha, na proteção da plataforma continental, e com a fiscalização e o combate a ilícitos.
"Qual é o papel da ""Agência Brasileira de Inteligência"" (ABIN) na segurança nacional?";A ABIN é o órgão de inteligência do Estado, que atua na produção de informações, na análise de ameaças, na proteção de dados, e na coordenação com a Polícia Federal e as Forças Armadas.
"Como o Brasil vê a ""questão da segurança e defesa"" e a cooperação com os EUA (exercícios militares)?";O Brasil mantém cooperação com os EUA, com exercícios militares conjuntos, com a troca de informações, e com a compra de equipamentos, mas com a preservação da autonomia e da soberania.
"Qual é a posição brasileira sobre a ""questão da segurança e defesa"" e a cooperação com a China?";O Brasil mantém cooperação com a China, em segurança e defesa, com a compra de equipamentos, e com a troca de informações, e com a participação no BRICS, mas com a preservação da autonomia.
"Como o Brasil vê a ""questão da segurança e defesa"" e a cooperação com a Rússia?";O Brasil mantém cooperação com a Rússia, em segurança e defesa, com a compra de equipamentos (ex.: helicópteros), e com a troca de informações, e com a participação no BRICS.
"Qual é a posição brasileira sobre a ""questão da segurança e defesa"" e a cooperação com a Índia?";O Brasil mantém cooperação com a Índia, em segurança e defesa, com a compra de equipamentos, e com a troca de informações, e com a participação no BRICS e no IBSA.
"Como o Brasil vê a ""questão da segurança e defesa"" e a cooperação com a França?";O Brasil mantém cooperação com a França, em segurança e defesa, com a compra de equipamentos (ex.: submarinos), e com a troca de informações, e com a cooperação na Guiana Francesa.
"Qual é a posição brasileira sobre a ""questão da segurança e defesa"" e a cooperação com o Reino Unido?";O Brasil mantém cooperação com o Reino Unido, em segurança e defesa, com a compra de equipamentos, e com a troca de informações, e com a participação em exercícios militares.
"Como o Brasil lida com a ""questão da segurança e defesa"" na fronteira com a Venezuela e o fluxo migratório?";O Brasil atua na segurança da fronteira, com a Operação Acolhida, e com a fiscalização, e com a cooperação com a Venezuela, e com a proteção dos direitos humanos dos migrantes.
"Qual é o papel da ""Polícia Rodoviária Federal"" e da ""Polícia Federal"" na segurança das fronteiras?";A PRF e a PF atuam na fiscalização das fronteiras, no combate ao contrabando, ao tráfico de drogas e de armas, e na proteção da segurança nacional, com a cooperação com outros órgãos.
"Como o Brasil vê a ""questão da segurança e defesa"" e a proteção de infraestruturas críticas (ex.: usinas)?";O Brasil defende a proteção de infraestruturas críticas, com a fiscalização, e a cooperação com a Polícia Federal, com as Forças Armadas, e com a participação em fóruns internacionais.
"Qual é a posição brasileira sobre a ""questão da segurança e defesa"" e a luta contra a corrupção?";O Brasil defende a luta contra a corrupção, como parte da segurança nacional e do Estado de Direito, e atua com a Polícia Federal, com a Controladoria-Geral da União, e com a cooperação internacional.
"Como o Brasil vê a ""questão da segurança e defesa"" e a proteção dos direitos humanos?";O Brasil defende a proteção dos direitos humanos, como parte da segurança, e atua com a cooperação com a ONU, com a CIDH, e com a implementação de políticas de direitos humanos.
"Qual é a posição brasileira sobre a ""questão da segurança e defesa"" e a participação em missões de paz?";O Brasil defende a participação em missões de paz da ONU, com a contribuição de tropas, observadores e pessoal civil, e com a defesa da paz, da segurança e da soberania.
"Como o Brasil lida com a ""questão da segurança e defesa"" e a cooperação com a OTAN?";O Brasil não é membro da OTAN, mas mantém diálogo e cooperação com a OTAN, em temas de segurança, e em exercícios militares, mas com a preservação da sua autonomia.
"Qual é a posição brasileira sobre a ""questão da segurança e defesa"" e o combate ao terrorismo?";O Brasil defende o combate ao terrorismo, com a cooperação internacional, e com a participação em fóruns da ONU, e com a proteção dos direitos humanos, e com a prevenção do terrorismo.
"Como o Brasil vê a ""questão da segurança e defesa"" e a proteção de dados e da privacidade?";O Brasil defende a proteção de dados e da privacidade, como parte da segurança, e atua com a LGPD, e com a cooperação internacional, e com a governança multissetorial da internet.
"Qual é a posição brasileira sobre a ""questão da segurança e defesa"" e a regulação da inteligência artificial?";O Brasil defende a regulação da IA, com a proteção de dados, e a ética, e a transparência, e a cooperação internacional, como parte da segurança nacional e dos direitos humanos.
"Como o Brasil vê a ""questão da segurança e defesa"" e a luta contra a desinformação?";O Brasil defende a luta contra a desinformação, como parte da segurança, e atua com a promoção da transparência, da educação midiática, e da cooperação internacional.
"Qual é o papel do ""Comitê de Defesa Nacional"" e do ""Conselho de Defesa Nacional"" na segurança?";O Conselho de Defesa Nacional é o órgão de assessoramento do Presidente, que atua em situações de emergência, e na definição da política de defesa, e na proteção da soberania.
"Como o Brasil vê a ""questão da segurança e defesa"" e a proteção dos recursos genéticos (biodiversidade)?";O Brasil defende a proteção da biodiversidade, como parte da soberania, e atua com a fiscalização, e com a cooperação internacional, e com a repartição de benefícios.
"Qual é a posição brasileira sobre a ""questão da segurança e defesa"" e a proteção dos conhecimentos tradicionais?";O Brasil defende a proteção dos conhecimentos tradicionais, como parte da soberania, e atua com a fiscalização, e com a cooperação internacional, e com a repartição de benefícios.
"Como o Brasil lida com a ""questão da segurança e defesa"" e a proteção de povos indígenas?";O Brasil defende a proteção dos povos indígenas, como parte da segurança e dos direitos humanos, e atua com a Fundação Nacional dos Povos Indígenas (FUNAI), e com a cooperação internacional.
"Qual é a posição brasileira sobre a ""questão da segurança e defesa"" e a proteção do patrimônio cultural?";O Brasil defende a proteção do patrimônio cultural, como parte da identidade e da soberania, e atua com o IPHAN, e com a cooperação internacional, e com a luta contra o tráfico ilícito.
"Como o Brasil vê a ""questão da segurança e defesa"" e a proteção do meio ambiente (ex.: queimadas)?";O Brasil defende a proteção do meio ambiente, como parte da segurança, e atua com o monitoramento, a fiscalização, e o combate a ilícitos, e com a cooperação internacional.
"Qual é a posição brasileira sobre a ""questão da segurança e defesa"" e a transição energética?";O Brasil defende a transição energética, como parte da segurança, e atua com a promoção de energias renováveis, e com a cooperação internacional, e com a proteção da infraestrutura energética.
"Como o Brasil vê a ""questão da segurança e defesa"" e a segurança alimentar (ex.: produção de alimentos)?";O Brasil defende a segurança alimentar, como parte da segurança, e atua com a produção de alimentos, e com a cooperação internacional, e com o combate à fome e à insegurança alimentar.
"Qual é a posição brasileira sobre a ""questão da segurança e defesa"" e a segurança hídrica?";O Brasil defende a segurança hídrica, como parte da segurança, e atua com a gestão dos recursos hídricos, e com a cooperação em bacias transfronteiriças, e com a diplomacia da água.
"Como o Brasil lida com a ""questão da segurança e defesa"" e a proteção de crianças e adolescentes?";O Brasil defende a proteção de crianças e adolescentes, como parte dos direitos humanos e da segurança, e atua com o combate ao trabalho infantil e à exploração sexual, e com a cooperação internacional.
"Qual é a posição brasileira sobre a ""questão da segurança e defesa"" e a proteção de mulheres e meninas?";O Brasil defende a proteção de mulheres e meninas, como parte dos direitos humanos e da segurança, e atua com o combate à violência, e com a cooperação internacional, e com a igualdade de gênero.
"Como o Brasil vê a ""questão da segurança e defesa"" e a proteção de pessoas com deficiência?";O Brasil defende a proteção de pessoas com deficiência, como parte dos direitos humanos, e atua com a acessibilidade, e com a cooperação internacional, e com a inclusão social.
"Qual é a posição brasileira sobre a ""questão da segurança e defesa"" e a proteção de idosos?";O Brasil defende a proteção de idosos, como parte dos direitos humanos, e atua com a promoção do envelhecimento ativo, e com a cooperação internacional, e com a proteção social.
"Como o Brasil lida com a ""questão da segurança e defesa"" e a proteção de migrantes e refugiados?";O Brasil defende a proteção de migrantes e refugiados, como parte dos direitos humanos, e atua com a Operação Acolhida, e com a cooperação com o ACNUR, e com a interiorização e a integração.
"Qual é a posição brasileira sobre a ""questão da segurança e defesa"" e a proteção de apátridas?";O Brasil defende a proteção de apátridas, e atua com a naturalização, e com a cooperação com o ACNUR, e com a implementação das convenções sobre apatridia.
"Como o Brasil vê a ""questão da segurança e defesa"" e a proteção de defensores de direitos humanos?";O Brasil defende a proteção de defensores de direitos humanos, como parte da segurança e dos direitos humanos, e atua com a fiscalização, e com a cooperação internacional, e com a prevenção de violências.
"Qual é a posição brasileira sobre a ""questão da segurança e defesa"" e a proteção de jornalistas?";O Brasil defende a proteção de jornalistas, como parte da segurança e da liberdade de imprensa, e atua com a fiscalização, e com a cooperação internacional, e com a prevenção de violências.
"Como o Brasil lida com a ""questão da segurança e defesa"" e a proteção de sindicalistas e líderes sociais?";O Brasil defende a proteção de sindicalistas e líderes sociais, como parte da segurança e dos direitos humanos, e atua com a fiscalização, e com a cooperação internacional, e com a prevenção de violências.
"Qual é o papel do ""Plano Amazônia"" e do ""Plano de Defesa Nacional"" na segurança da região?";O Plano Amazônia e o Plano de Defesa Nacional são planos estratégicos para a proteção e o desenvolvimento da Amazônia, com a atuação das Forças Armadas, e com a cooperação com países vizinhos.
"Como o Brasil vê a ""questão da segurança e defesa"" e a cooperação com a Guiana e o Suriname?";O Brasil defende a cooperação com a Guiana e o Suriname, para a segurança da fronteira, e para a integração física, e para a proteção da Amazônia, e para o combate a ilícitos.
"Qual é a posição brasileira sobre a ""questão da segurança e defesa"" e a cooperação com o Paraguai?";O Brasil mantém cooperação com o Paraguai, para a segurança da fronteira, para o combate ao narcotráfico, e para a integração energética (Itaipu), e para a integração física.
"Como o Brasil vê a ""questão da segurança e defesa"" e a cooperação com a Argentina?";O Brasil mantém cooperação com a Argentina, para a segurança regional, para o combate ao narcotráfico, para a confiança mútua (ABACC), e para a integração energética e de defesa.
"Qual é a posição brasileira sobre a ""questão da segurança e defesa"" e a cooperação com o Uruguai?";O Brasil mantém cooperação com o Uruguai, para a segurança da fronteira, para o combate ao narcotráfico, e para a integração energética e de defesa, e para a cooperação em defesa.
"Como o Brasil lida com a ""questão da segurança e defesa"" e a cooperação com a Colômbia?";O Brasil mantém cooperação com a Colômbia, para a segurança da fronteira amazônica, para o combate ao narcotráfico, e para a integração física, e para a cooperação em defesa.
"Qual é a posição brasileira sobre a ""questão da segurança e defesa"" e a cooperação com o Peru?";O Brasil mantém cooperação com o Peru, para a segurança da fronteira amazônica, para o combate ao narcotráfico, e para a integração física (rodovia Interoceânica), e para a cooperação em defesa.
"Como o Brasil vê a ""questão da segurança e defesa"" e a cooperação com a Bolívia?";O Brasil mantém cooperação com a Bolívia, para a segurança da fronteira, para o combate ao narcotráfico, e para a integração energética (gasoduto), e para a cooperação em defesa.
"Qual é a posição brasileira sobre a ""questão da segurança e defesa"" e a cooperação com o Chile?";O Brasil mantém cooperação com o Chile, para a segurança regional, para o combate ao narcotráfico, e para a integração física (corredor bioceânico), e para a cooperação em defesa.
"Como o Brasil vê a ""questão da segurança e defesa"" e a cooperação com o Equador?";O Brasil mantém cooperação com o Equador, para a segurança da região amazônica, e para o combate ao narcotráfico, e para a cooperação em ciência e tecnologia.
"Qual é a posição brasileira sobre a ""questão da segurança e defesa"" e a cooperação com a Venezuela?";O Brasil mantém cooperação com a Venezuela, para a segurança da fronteira, e para a integração energética, e para o combate ao narcotráfico, mas com a crise, a relação é tensa.
"Como o Brasil lida com a ""questão da segurança e defesa"" e a cooperação com o México?";O Brasil mantém cooperação com o México, para a segurança regional, para o combate ao narcotráfico, e para a cooperação em defesa, e para a integração comercial e de investimentos.
"Qual é a posição brasileira sobre a ""questão da segurança e defesa"" e a cooperação com a Costa Rica?";O Brasil mantém cooperação com a Costa Rica, para a segurança regional, para a proteção do meio ambiente, e para a cooperação em defesa, e para a integração comercial.
"Como o Brasil vê a ""questão da segurança e defesa"" e a cooperação com a África do Sul?";O Brasil mantém cooperação com a África do Sul, para a segurança do Atlântico Sul (ZOPACAS), para o combate à pirataria, e para a cooperação em defesa, e para a integração no BRICS.
;
;
Qual é a principal motivação do Brasil para participar de coalizões internacionais como o G-20, o IBAS e o BRICS?;Buscar maior influência na governança global, diversificar parcerias, reduzir a dependência dos centros tradicionais de poder e promover uma ordem internacional mais multipolar e representativa.
Como o Brasil vê o G-20 (financeiro) como fórum de coordenação econômica global?;O Brasil vê o G-20 como o principal fórum para a coordenação de políticas macroeconômicas e financeiras, e como um espaço para a defesa de interesses dos países emergentes e em desenvolvimento.
Qual é a diferença entre o G-20 financeiro e o G-20 político (Cúpula de Chefes de Estado)?;"O G-20 financeiro reúne ministros de finanças e presidentes de bancos centrais; o G-20 político (Cúpula) reúne chefes de Estado e de governo, e discute uma agenda mais ampla, incluindo comércio, clima e desenvolvimento."
Como o Brasil vê a presidência do G-20 em 2024 e sua agenda prioritária?;O Brasil, na presidência do G-20 em 2024, prioriza o combate à fome e à pobreza, o desenvolvimento sustentável, a reforma da governança global, e a taxação de grandes fortunas, com foco no Sul Global.
"Qual é a posição brasileira sobre a ""reforma da governança global"" no G-20?";O Brasil defende a reforma do FMI, do Banco Mundial e da ONU, com a ampliação da representatividade dos países em desenvolvimento, e com a criação de mecanismos mais justos e eficazes.
Como o Brasil atua no G-20 em temas de comércio e OMC?;O Brasil coordena posições com outros países emergentes (Índia, China, África do Sul) para defender a redução de subsídios agrícolas, a reforma da OMC e a manutenção do sistema de solução de controvérsias.
"Qual é a posição brasileira sobre a ""taxação de grandes fortunas"" e a ""justiça fiscal"" no G-20?";O Brasil defende a taxação de grandes fortunas e a justiça fiscal, como forma de combater a desigualdade e financiar o desenvolvimento sustentável, e apoia a criação de um imposto mínimo global.
"Como o Brasil vê a ""questão das mudanças climáticas"" no G-20 e a transição energética?";O Brasil defende a ação climática, o financiamento climático, e a transição energética, e coordena posições com outros países em desenvolvimento, para garantir a justiça climática e o desenvolvimento sustentável.
"Qual é a posição brasileira sobre a ""questão da dívida"" dos países em desenvolvimento no G-20?";O Brasil defende a renegociação da dívida, e a criação de mecanismos de alívio, e apoia o Common Framework (G20) para a reestruturação da dívida dos países de baixa renda.
"Como o Brasil vê a ""questão da inflação"" e a ""estabilidade financeira"" no G-20?";O Brasil defende a coordenação de políticas macroeconômicas para controlar a inflação, e para garantir a estabilidade financeira, com a atuação dos bancos centrais e do FMI.
"Qual é a posição brasileira sobre a ""regulação de criptomoedas"" e a ""economia digital"" no G-20?";O Brasil defende a regulação de criptomoedas e da economia digital, para prevenir a evasão fiscal, o crime financeiro e a instabilidade, e para garantir a proteção do consumidor.
"Como o Brasil vê a ""reforma do FMI"" e a ""criação de Direitos Especiais de Saque"" (DES) no G-20?";O Brasil defende a reforma do FMI, com o aumento da representatividade dos países em desenvolvimento, e a emissão de Direitos Especiais de Saque (DES) para financiar o desenvolvimento e a recuperação pós-pandemia.
"Qual é a posição brasileira sobre a ""reforma do Banco Mundial"" e o ""financiamento do desenvolvimento"" no G-20?";O Brasil defende a reforma do Banco Mundial, com a ampliação do financiamento para o desenvolvimento sustentável, e com a criação de novos mecanismos de financiamento e de garantias.
"Como o Brasil vê a ""questão da segurança alimentar"" e da ""fome"" no G-20?";O Brasil defende o combate à fome e à insegurança alimentar, com a criação de mecanismos de coordenação e de financiamento, e com a promoção da agricultura sustentável e da segurança alimentar.
"Qual é a posição brasileira sobre a ""questão da saúde global"" e a ""prevenção de pandemias"" no G-20?";O Brasil defende o fortalecimento da OMS, a preparação para pandemias, o acesso a vacinas e medicamentos, e a criação de um tratado internacional sobre pandemias.
"Como o Brasil vê a ""questão da igualdade de gênero"" e o ""empoderamento das mulheres"" no G-20?";O Brasil defende a igualdade de gênero e o empoderamento das mulheres, como parte da agenda de desenvolvimento, e apoia a criação de metas e de mecanismos de monitoramento.
"Qual é a posição brasileira sobre a ""questão da juventude"" e a ""educação"" no G-20?";O Brasil defende o investimento em educação e em juventude, como parte do desenvolvimento sustentável, e apoia a criação de programas de capacitação e de emprego para jovens.
"Como o Brasil vê a ""questão da energia"" e a ""transição energética"" no G-20?";O Brasil defende a transição energética, com o investimento em energias renováveis (solar, eólica, biocombustíveis, hidrogênio), e a redução de subsídios a combustíveis fósseis, como parte da ação climática.
"Qual é a posição brasileira sobre a ""questão da infraestrutura"" e o ""financiamento de projetos"" no G-20?";O Brasil defende o financiamento de projetos de infraestrutura, com a participação do setor privado, e com a criação de mecanismos de garantia e de parcerias público-privadas.
"Como o Brasil vê a ""questão do comércio digital"" e a ""governança da internet"" no G-20?";O Brasil defende a governança multissetorial da internet, a proteção de dados, e a não discriminação no comércio digital, e apoia a criação de regras claras para o comércio digital.
"Qual é a posição brasileira sobre a ""questão da transparência"" e a ""luta contra a corrupção"" no G-20?";O Brasil defende a transparência e a luta contra a corrupção, como parte do desenvolvimento e do Estado de Direito, e apoia a criação de mecanismos de monitoramento e de sanção.
Qual é a principal motivação para a criação do Fórum IBAS (Índia, Brasil, África do Sul) em 2003?;Promover a cooperação Sul-Sul, coordenar posições em fóruns multilaterais (OMC, ONU), e defender os interesses dos países em desenvolvimento, com base em valores comuns e na experiência democrática.
Quais são os três pilares de atuação do Fórum IBAS?;Os três pilares são: diálogo político (coordenação em fóruns), cooperação técnica (projetos de desenvolvimento) e comércio e investimentos (facilitação de negócios).
"Como o Brasil vê o IBAS como um fórum de ""cooperação Sul-Sul""?";O Brasil vê o IBAS como um fórum exemplar de cooperação Sul-Sul, que promove a transferência de tecnologia, a capacitação, e o desenvolvimento, sem condicionalidades, e com a participação de atores não estatais.
"Qual é a importância do ""Fundo IBAS"" para a cooperação técnica entre os três países?";O Fundo IBAS financia projetos de cooperação técnica em países terceiros (ex.: Haiti, Guiné-Bissau), em áreas como agricultura, saúde e educação, e é um dos principais instrumentos do fórum.
Como o IBAS coordena posições na OMC e em outras negociações comerciais?;O IBAS coordena posições para defender a redução de subsídios agrícolas, a proteção de medicamentos genéricos, e a flexibilidade para países em desenvolvimento, e para promover a reforma da OMC.
"Qual é a posição do Brasil no IBAS sobre a ""reforma do Conselho de Segurança da ONU""?";Os três países (Índia, Brasil e África do Sul) são membros do G4 (com a Alemanha) e do G4+ (com Japão e Alemanha?), e defendem a ampliação do CS, com assentos permanentes para os três.
"Como o IBAS atua na ""promoção da paz"" e na ""segurança internacional""?";O IBAS defende a paz e a segurança, com a atuação em operações de paz (ex.: Haiti), com a mediação de conflitos, e com a defesa da não proliferação e do desarmamento.
"Qual é a importância do ""Diálogo Político"" do IBAS para a coordenação em fóruns globais?";O Diálogo Político do IBAS é um mecanismo de coordenação de posições em fóruns como a ONU, a OMC e o G20, e para a defesa de interesses comuns dos países em desenvolvimento.
"Como o Brasil vê a ""relação triangular"" (IBAS) e a cooperação com a África?";O Brasil vê o IBAS como uma plataforma para a cooperação com a África, e para a promoção do desenvolvimento, com projetos em agricultura, saúde e educação, e com a coordenação em fóruns africanos.
"Qual é a posição do Brasil no IBAS sobre a ""questão da dívida"" e o ""financiamento do desenvolvimento""?";O Brasil defende a renegociação da dívida, e o financiamento do desenvolvimento, com a criação de mecanismos de alívio, e com a participação do setor privado e das instituições financeiras internacionais.
"Como o IBAS atua na ""promoção da democracia"" e dos ""direitos humanos""?";O IBAS defende a democracia e os direitos humanos, e coordena posições em fóruns como o Conselho de Direitos Humanos da ONU, e promove a cooperação em políticas de direitos humanos.
Qual é o estado atual do Fórum IBAS (ativo ou estagnado)?;O IBAS perdeu impulso após 2015, com as mudanças de governo no Brasil e na África do Sul, e com o foco em outros fóruns (BRICS), mas ainda tem reuniões e projetos, com potencial de reativação.
Como o IBAS se diferencia do BRICS?;O IBAS é um fórum de cooperação Sul-Sul, com foco em diálogo político e cooperação técnica, enquanto o BRICS é um fórum mais amplo, que inclui a China e a Rússia, e que tem uma agenda mais geopolítica e econômica.
Qual é a principal motivação para a criação do BRICS (Brasil, Rússia, Índia, China, África do Sul)?;Promover a multipolaridade, a reforma da governança global, a cooperação econômica e financeira entre os países emergentes, e aumentar o poder de barganha do Sul Global.
"Como o Brasil vê o BRICS como um fórum de ""países emergentes"" e de ""Sul Global""?";O Brasil vê o BRICS como um fórum de países emergentes, que compartilham interesses comuns em reforma da governança global, desenvolvimento, e cooperação Sul-Sul, e que buscam uma ordem internacional mais equilibrada.
Qual é a estrutura institucional do BRICS (cúpulas, reuniões ministeriais, grupos de trabalho)?;O BRICS tem Cúpulas anuais (chefes de Estado), reuniões ministeriais (ex.: chanceleres, finanças), e grupos de trabalho (ex.: comércio, saúde, agricultura), e um Secretariado rotativo, sem uma sede fixa.
"Como o Brasil vê a ""ampliação do BRICS"" (expansão para novos membros) e quais os critérios?";O Brasil apoiou a expansão do BRICS em 2023, com a inclusão de novos membros (Arábia Saudita, Egito, Etiópia, Irã e Emirados Árabes Unidos), e defende critérios claros para a admissão de novos membros.
"Qual é a importância do ""Novo Banco de Desenvolvimento"" (NBD) do BRICS para o Brasil?";O NBD é uma alternativa ao FMI e ao Banco Mundial, que financia projetos de infraestrutura e desenvolvimento sustentável no Brasil e nos outros países do BRICS, com participação igualitária.
"Como o Brasil vê o ""Acordo de Reservas Contingentes"" (CRA) do BRICS e sua função de estabilização?";O CRA é um mecanismo de pools de reservas cambiais, que permite a assistência financeira a países do BRICS em caso de crise de balanço de pagamentos, como um fundo de estabilização regional.
"Qual é a posição do Brasil no BRICS sobre a ""reforma do FMI"" e a ""governança global""?";O Brasil defende a reforma do FMI, com o aumento da representatividade dos países em desenvolvimento, e a reforma da governança global, com a ampliação do Conselho de Segurança da ONU.
"Como o BRICS atua na ""promoção do comércio e investimentos"" entre seus membros?";O BRICS promove o comércio e os investimentos, com a redução de barreiras, a facilitação do comércio, e a criação de mecanismos de financiamento, e com o incentivo a investimentos em infraestrutura.
"Qual é a posição do Brasil no BRICS sobre a ""desdolarização"" e o ""uso de moedas locais""?";O Brasil defende a diversificação de moedas no comércio e nos investimentos, e o uso de moedas locais, para reduzir a dependência do dólar, e para aumentar a autonomia financeira dos países do BRICS.
"Como o BRICS atua na ""cooperação em saúde"" e na ""produção de vacinas""?";O BRICS promove a cooperação em saúde, com a criação de redes de pesquisa, a produção de vacinas e medicamentos, e a coordenação em saúde pública, como parte da agenda de desenvolvimento.
"Qual é a posição do Brasil no BRICS sobre a ""segurança alimentar"" e a ""agricultura""?";O Brasil defende a segurança alimentar, e a cooperação em agricultura, com a transferência de tecnologia (EMBRAPA), e a promoção da agricultura sustentável, e com a coordenação em fóruns internacionais.
"Como o BRICS atua na ""cooperação em ciência e tecnologia"" (ex.: satélites, energia)?";O BRICS promove a cooperação em ciência e tecnologia, com projetos de pesquisa conjunta, a criação de redes de cientistas, e a transferência de tecnologia, em áreas como energia, agricultura e saúde.
"Qual é a posição do Brasil no BRICS sobre a ""questão das mudanças climáticas""?";O Brasil defende a ação climática, o financiamento climático, e a transição energética, e coordena posições com os outros membros do BRICS, para promover a justiça climática e o desenvolvimento sustentável.
"Como o BRICS atua na ""promoção da paz"" e da ""segurança internacional""?";O BRICS promove a paz e a segurança, com a coordenação em fóruns da ONU, a mediação de conflitos, e a defesa da não proliferação e do desarmamento, e com a participação em operações de paz.
"Qual é a posição do Brasil no BRICS sobre a ""reforma do Conselho de Segurança da ONU""?";O Brasil (como membro do G4) defende a ampliação do CS, com a inclusão de novos membros permanentes, incluindo o Brasil, e com a limitação do veto, como parte da reforma da ONU.
"Como o BRICS atua na ""luta contra o terrorismo"" e o ""crime transnacional""?";O BRICS promove a cooperação no combate ao terrorismo e ao crime transnacional, com a troca de informações, e a coordenação em fóruns internacionais, e com a implementação de sanções da ONU.
"Qual é a posição do Brasil no BRICS sobre a ""questão da digitalização"" e a ""governança da internet""?";O Brasil defende a governança multissetorial da internet, a proteção de dados, e a segurança cibernética, e coordena posições com os outros membros do BRICS, para promover uma governança inclusiva.
"Como o BRICS atua na ""cooperação em educação"" e no ""intercâmbio acadêmico""?";O BRICS promove a cooperação em educação, com a criação de redes universitárias, o intercâmbio de estudantes e professores, e a criação de programas de bolsas e de pesquisa.
"Qual é a importância do ""Conselho Empresarial do BRICS"" (CEBRICS) e do ""Conselho de Pensamento do BRICS""?";"O CEBRICS reúne empresários para promover negócios e investimentos; o Conselho de Pensamento reúne think tanks para produzir análises e recomendações para as cúpulas do BRICS."
"Como o BRICS atua na ""cooperação em energia"" (petróleo, gás, renováveis)?";O BRICS promove a cooperação em energia, com a coordenação de políticas energéticas, a criação de projetos de energia renovável, e a garantia da segurança energética, com a participação de empresas estatais.
"Qual é a posição do Brasil no BRICS sobre a ""questão da infraestrutura"" e o ""financiamento de projetos""?";O Brasil defende o financiamento de projetos de infraestrutura, com a participação do NBD e do setor privado, e com a criação de mecanismos de garantia e de parcerias público-privadas.
"Como o BRICS atua na ""cooperação em saúde"" (ex.: HIV, malária, COVID-19)?";O BRICS promove a cooperação em saúde, com a criação de redes de pesquisa, a produção de medicamentos e vacinas, e a coordenação em saúde pública, como parte da agenda de desenvolvimento.
"Qual é a posição do Brasil no BRICS sobre a ""questão da dívida"" e o ""financiamento do desenvolvimento""?";O Brasil defende a renegociação da dívida, e o financiamento do desenvolvimento, com a criação de mecanismos de alívio, e com a participação do NBD e das instituições financeiras internacionais.
"Como o BRICS atua na ""promoção do desenvolvimento sustentável"" e da ""agenda 2030""?";O BRICS promove o desenvolvimento sustentável, com a implementação dos ODS, a cooperação em áreas como agricultura, energia e saúde, e a coordenação em fóruns internacionais.
"Qual é a posição do Brasil no BRICS sobre a ""questão da igualdade de gênero"" e o ""empoderamento das mulheres""?";O Brasil defende a igualdade de gênero e o empoderamento das mulheres, e coordena posições com os outros membros do BRICS, para promover a participação feminina e a proteção dos direitos das mulheres.
"Como o BRICS atua na ""cooperação em ciência e tecnologia"" (ex.: inteligência artificial)?";O BRICS promove a cooperação em inteligência artificial, com a criação de redes de pesquisa, a transferência de tecnologia, e a coordenação em governança e ética da IA.
"Qual é a posição do Brasil no BRICS sobre a ""questão da segurança cibernética""?";O Brasil defende a segurança cibernética, com a proteção de infraestruturas críticas, a cooperação internacional, e a governança multissetorial da internet, e coordena posições com os outros membros do BRICS.
"Como o BRICS atua na ""cooperação em agricultura"" e na ""segurança alimentar""?";O Brasil lidera a cooperação em agricultura, com a transferência de tecnologia (EMBRAPA), a promoção da agricultura sustentável, e a coordenação em segurança alimentar, e com a criação de bancos de sementes.
"Qual é o papel do ""Fórum de Jovens Líderes"" do BRICS e do ""Fórum da Sociedade Civil""?";O Fórum de Jovens Líderes e o Fórum da Sociedade Civil são espaços de diálogo e de participação social, que reúnem jovens, ONGs e outros atores para influenciar a agenda do BRICS.
"Como o BRICS atua na ""cooperação em pesca"" e na ""gestão de recursos marinhos""?";O BRICS promove a cooperação em pesca, com a gestão sustentável dos recursos marinhos, o combate à pesca ilegal, e a coordenação em fóruns internacionais, como a FAO e a ZOPACAS.
"Qual é a posição do Brasil no BRICS sobre a ""questão da água"" e a ""segurança hídrica""?";O Brasil defende a gestão sustentável dos recursos hídricos, a cooperação em bacias transfronteiriças, e a diplomacia da água, e coordena posições com os outros membros do BRICS.
"Como o BRICS atua na ""cooperação em turismo"" e na ""promoção de destinos turísticos""?";O BRICS promove o turismo, com a facilitação de vistos, a promoção de destinos turísticos, e a cooperação em turismo sustentável, como parte do desenvolvimento econômico e da integração.
"Qual é a posição do Brasil no BRICS sobre a ""questão da cultura"" e a ""promoção da diversidade cultural""?";O Brasil defende a diversidade cultural, e a cooperação em cultura, com a promoção do patrimônio cultural, e com a realização de eventos culturais, como parte do soft power e da integração.
"Como o BRICS atua na ""cooperação em esportes"" e na ""promoção da saúde""?";O BRICS promove o esporte e a saúde, com a realização de eventos esportivos, e a cooperação em políticas de esporte e de saúde, como parte do desenvolvimento humano e da integração.
"Qual é a posição do Brasil no BRICS sobre a ""questão da juventude"" e a ""educação""?";O Brasil defende o investimento em educação e em juventude, e coordena posições com os outros membros do BRICS, para promover a capacitação, o emprego e a participação dos jovens.
"Como o BRICS atua na ""cooperação em comunicação social"" e na ""luta contra a desinformação""?";O BRICS promove a cooperação em comunicação social, com a criação de redes de mídia, e a luta contra a desinformação, e a promoção de uma cobertura jornalística equilibrada.
"Qual é a posição do Brasil no BRICS sobre a ""questão dos direitos humanos"" e a ""democracia""?";O Brasil defende os direitos humanos e a democracia, mas com a ênfase no diálogo e na não intervenção, e coordena posições com os outros membros do BRICS, com a defesa da soberania.
"Como o BRICS atua na ""mediação de conflitos"" e na ""promoção da paz""?";O BRICS tem atuado na mediação de conflitos (ex.: Ucrânia, Oriente Médio), e na promoção do diálogo, e defende a solução política e o respeito ao direito internacional, como parte de sua agenda de paz.
"Qual é a posição do Brasil no BRICS sobre a ""guerra na Ucrânia"" e as sanções à Rússia?";O Brasil defende o diálogo e a solução política, e se opõe a sanções unilaterais, e mantém relações com a Rússia, o que criou tensões com outros membros do BRICS, mas a posição do Brasil foi respeitada.
"Como o BRICS vê a ""ascensão da China"" e o ""novo papel da China"" na ordem global?";O BRICS vê a China como um ator central, e um parceiro para a multipolaridade e a reforma da governança global, mas também como um competidor e um desafio para o equilíbrio dentro do grupo.
"Qual é a posição do Brasil no BRICS sobre a ""questão da Índia"" e a ""rivalidade com a China""?";O Brasil mantém relações equilibradas com a Índia e a China, e busca promover a coesão e o diálogo dentro do BRICS, e evitar que a rivalidade entre os dois países paralise o fórum.
"Como o BRICS atua na ""cooperação em defesa"" e na ""segurança marítima""?";O BRICS promove a cooperação em defesa, com exercícios militares conjuntos, e a cooperação em segurança marítima, com a proteção de rotas de navegação, como parte da agenda de paz e segurança.
"Qual é a posição do Brasil no BRICS sobre a ""questão da não proliferação"" e o ""desarmamento nuclear""?";O Brasil defende a não proliferação, o desarmamento nuclear, e o uso pacífico da energia nuclear, e coordena posições com os outros membros do BRICS, com a defesa do TNP e do Tratado de Tlatelolco.
"Como o BRICS atua na ""cooperação em energia nuclear"" e na ""segurança nuclear""?";O BRICS promove a cooperação em energia nuclear, com o uso pacífico, a segurança nuclear, e as salvaguardas da AIEA, e com a coordenação em fóruns internacionais, como a AIEA.
"Qual é a posição do Brasil no BRICS sobre a ""questão do terrorismo"" e o ""combate ao terrorismo""?";O Brasil defende o combate ao terrorismo, com a cooperação internacional, e com a defesa dos direitos humanos, e coordena posições com os outros membros do BRICS, com a implementação de sanções da ONU.
"Como o BRICS atua na ""cooperação em cibersegurança"" e na ""proteção de dados""?";O BRICS promove a cooperação em cibersegurança, com a proteção de dados, a segurança cibernética, e a luta contra o crime cibernético, e com a coordenação em fóruns internacionais.
"Qual é a posição do Brasil no BRICS sobre a ""questão da corrupção"" e a ""transparência""?";O Brasil defende a luta contra a corrupção, e a transparência, e coordena posições com os outros membros do BRICS, com a implementação de convenções e mecanismos de monitoramento.
"Como o BRICS atua na ""cooperação em gestão de desastres"" e na ""ajuda humanitária""?";O BRICS promove a cooperação em gestão de desastres, e a ajuda humanitária, com a coordenação de esforços, e com a criação de mecanismos de resposta a emergências.
"Qual é a posição do Brasil no BRICS sobre a ""questão da migração"" e a ""proteção de migrantes""?";O Brasil defende a proteção dos migrantes, e a cooperação em migração, e coordena posições com os outros membros do BRICS, com a defesa dos direitos humanos e da responsabilidade compartilhada.
"Como o BRICS atua na ""cooperação em desenvolvimento"" e na ""erradicação da pobreza""?";O BRICS promove a cooperação em desenvolvimento, com a erradicação da pobreza, o desenvolvimento sustentável, e a cooperação Sul-Sul, e com a implementação dos ODS.
"Qual é a posição do Brasil no BRICS sobre a ""questão da reforma da ONU"" e do ""Conselho de Segurança""?";O Brasil defende a reforma abrangente da ONU, com a ampliação do Conselho de Segurança, e a limitação do veto, e coordena posições com os outros membros do BRICS, para a reforma da governança global.
"Como o BRICS atua na ""promoção do comércio internacional"" e na ""facilitação do comércio""?";O BRICS promove a facilitação do comércio, a redução de barreiras, e a coordenação em fóruns como a OMC, e com a criação de mecanismos de financiamento e de garantia.
"Qual é a posição do Brasil no BRICS sobre a ""questão da propriedade intelectual"" e o ""acesso a medicamentos""?";O Brasil defende a flexibilidade do TRIPS, e o acesso a medicamentos, e coordena posições com os outros membros do BRICS, para garantir o acesso a medicamentos e a tecnologia.
"Como o BRICS atua na ""cooperação em ciência e tecnologia"" (ex.: biotecnologia, vacinas)?";O BRICS promove a cooperação em biotecnologia, com a produção de vacinas, e a pesquisa em genoma, e com a coordenação em fóruns internacionais, como a OMS.
"Qual é a posição do Brasil no BRICS sobre a ""questão da bioética"" e a ""edição genética""?";O Brasil defende a regulação da edição genética, com base na ética e nos direitos humanos, e coordena posições com os outros membros do BRICS, para a prevenção de usos antiéticos.
"Como o BRICS atua na ""cooperação em energia renovável"" (solar, eólica, hidrogênio)?";O BRICS promove a cooperação em energia renovável, com a transferência de tecnologia, o investimento em projetos, e a coordenação em fóruns internacionais, como a AIE.
"Qual é a posição do Brasil no BRICS sobre a ""questão da transição energética"" e a ""descarbonização""?";O Brasil defende a transição energética, e a descarbonização, e coordena posições com os outros membros do BRICS, com a promoção de energias renováveis e a redução de emissões.
"Como o BRICS atua na ""cooperação em infraestrutura"" e no ""financiamento de projetos""?";O BRICS promove a cooperação em infraestrutura, com o financiamento de projetos (NBD), a participação do setor privado, e a criação de mecanismos de parcerias público-privadas.
"Qual é a posição do Brasil no BRICS sobre a ""questão da dívida"" e o ""financiamento do desenvolvimento""?";O Brasil defende a renegociação da dívida, e o financiamento do desenvolvimento, com a criação de mecanismos de alívio, e com a participação do NBD e das instituições financeiras internacionais.
"Como o BRICS atua na ""promoção do desenvolvimento sustentável"" e da ""agenda 2030""?";O BRICS promove o desenvolvimento sustentável, com a implementação dos ODS, a cooperação em áreas como agricultura, energia e saúde, e a coordenação em fóruns internacionais.
"Qual é a posição do Brasil no BRICS sobre a ""questão da igualdade de gênero"" e o ""empoderamento das mulheres""?";O Brasil defende a igualdade de gênero e o empoderamento das mulheres, e coordena posições com os outros membros do BRICS, para promover a participação feminina e a proteção dos direitos das mulheres.
"Como o BRICS atua na ""cooperação em ciência e tecnologia"" (ex.: inteligência artificial)?";O BRICS promove a cooperação em inteligência artificial, com a criação de redes de pesquisa, a transferência de tecnologia, e a coordenação em governança e ética da IA.
"Qual é a posição do Brasil no BRICS sobre a ""questão da segurança cibernética""?";O Brasil defende a segurança cibernética, com a proteção de infraestruturas críticas, a cooperação internacional, e a governança multissetorial da internet, e coordena posições com os outros membros do BRICS.
"Como o BRICS atua na ""cooperação em agricultura"" e na ""segurança alimentar""?";O Brasil lidera a cooperação em agricultura, com a transferência de tecnologia (EMBRAPA), a promoção da agricultura sustentável, e a coordenação em segurança alimentar, e com a criação de bancos de sementes.
"Qual é o papel do ""Fórum de Jovens Líderes"" do BRICS e do ""Fórum da Sociedade Civil""?";O Fórum de Jovens Líderes e o Fórum da Sociedade Civil são espaços de diálogo e de participação social, que reúnem jovens, ONGs e outros atores para influenciar a agenda do BRICS.
;
;
Qual é o conceito de Cooperação Sul-Sul (CSS) e como ele se diferencia da cooperação Norte-Sul?;A CSS é a cooperação técnica e financeira entre países em desenvolvimento, baseada na horizontalidade, na não condicionalidade, no respeito à soberania e na troca de experiências, diferenciando-se da cooperação Norte-Sul (vertical, com condicionalidades).
Qual é o principal marco conceitual da Cooperação Sul-Sul para o Brasil, e qual documento o define?;"O marco é a ""horizontalidade"" e a ""solidariedade"", definido na Política de Cooperação Internacional do Brasil, e na atuação da Agência Brasileira de Cooperação (ABC)."
Como o Brasil justifica sua atuação na Cooperação Sul-Sul como um pilar de sua política externa?;Como um instrumento de projeção internacional, de promoção do desenvolvimento, de construção de alianças, de diversificação de parceiros, e de defesa dos interesses do Sul Global.
Qual é o papel da Agência Brasileira de Cooperação (ABC) na execução da Cooperação Sul-Sul?;A ABC é o órgão do Ministério das Relações Exteriores responsável por planejar, coordenar, executar e monitorar os projetos de cooperação técnica do Brasil com outros países em desenvolvimento.
Como a ABC financia e executa os projetos de cooperação técnica do Brasil?;A ABC utiliza recursos do orçamento da União, e também recebe doações e parcerias com organismos internacionais (ex.: PNUD, FAO) e com outros países (ex.: Japão, Alemanha), e executa projetos em parceria com ministérios e instituições brasileiras.
Quais são as principais áreas temáticas da Cooperação Sul-Sul brasileira?;Agricultura e segurança alimentar (EMBRAPA), saúde (Fiocruz), educação (formação de professores), energia renovável, meio ambiente, e desenvolvimento social.
Como o Brasil utiliza a EMBRAPA como ferramenta de Cooperação Sul-Sul?;A EMBRAPA transfere tecnologia agrícola, desenvolve cultivares adaptadas a diferentes climas, e capacita técnicos e agricultores de países em desenvolvimento, principalmente na África e na América Latina.
"Qual é a importância da ""diplomacia da saúde"" e da Fiocruz na Cooperação Sul-Sul?";A Fiocruz atua na cooperação em saúde, com a transferência de tecnologia para a produção de medicamentos e vacinas, a capacitação de profissionais, e o combate a endemias (HIV, malária, dengue, Zika, COVID-19).
"Como o Brasil usa a ""diplomacia da saúde"" como ferramenta de soft power e de projeção internacional?";O Brasil projeta sua imagem como um país inovador, solidário e comprometido com a saúde global, e conquista aliados e apoio em fóruns internacionais (ex.: OMS, ONU), por meio da cooperação em saúde.
Qual é o papel do Programa das Nações Unidas para o Desenvolvimento (PNUD) na Cooperação Sul-Sul brasileira?;O PNUD é um parceiro estratégico do Brasil, que atua como agência implementadora de projetos de cooperação Sul-Sul, e que fornece assistência técnica, recursos e suporte administrativo.
Como o Brasil e a FAO (Organização das Nações Unidas para a Alimentação e a Agricultura) cooperam em projetos de segurança alimentar?;O Brasil e a FAO desenvolvem projetos conjuntos de cooperação Sul-Sul, como o Programa de Aquisição de Alimentos (PAA África), e a transferência de tecnologia agrícola (EMBRAPA) para países em desenvolvimento.
"Qual é a importância do ""Programa de Aquisição de Alimentos"" (PAA) na Cooperação Sul-Sul?";O PAA é um programa brasileiro que compra alimentos da agricultura familiar e os doa a populações vulneráveis, e foi adaptado e implementado em países africanos (ex.: Moçambique, Etiópia), com o apoio da FAO.
"Como o Brasil atua na cooperação em ""energia renovável"" (biocombustíveis, solar, eólica) com países em desenvolvimento?";O Brasil transfere tecnologia de biocombustíveis (etanol, biodiesel) e de energia solar e eólica, e capacita profissionais e formula políticas, como parte da cooperação Sul-Sul, especialmente na África e na América Latina.
"Qual é o papel da ""cooperação técnica"" no desenvolvimento de capacidades locais nos países parceiros?";A cooperação técnica visa fortalecer as capacidades institucionais e humanas dos países parceiros, para que eles possam implementar e manter as políticas e os projetos de forma autônoma e sustentável.
"Como o Brasil lida com a ""condicionalidade"" na Cooperação Sul-Sul?";"O Brasil rejeita a condicionalidade (ex.: imposição de políticas econômicas, exigências de direitos humanos) e defende a ""horizontalidade"", o respeito à soberania e a apropriação pelos países parceiros."
"Qual é a diferença entre ""cooperação técnica"" e ""cooperação financeira"" na CSS brasileira?";"A cooperação técnica é a transferência de conhecimento e capacitação, enquanto a cooperação financeira é a doação de recursos ou a concessão de empréstimos; o Brasil prioriza a cooperação técnica, mas também concede ajuda financeira."
"Como o Brasil vê a ""cooperação triangular"" (Brasil, doador tradicional, país receptor) e quais são seus exemplos?";"A cooperação triangular envolve o Brasil (que fornece conhecimento), um doador tradicional (ex.: Japão, Alemanha, que fornece recursos) e um país receptor (ex.: Moçambique); exemplos são projetos em agricultura e saúde no Haiti e na África."
"Qual é a posição brasileira sobre a ""eficácia da ajuda"" e a ""apropriação"" pelos países parceiros?";O Brasil defende que a ajuda deve ser apropriada pelos países parceiros, e que os projetos devem ser alinhados com as suas prioridades, e que devem ser sustentáveis, com a participação da sociedade civil.
"Como o Brasil utiliza a ""cooperação Sul-Sul"" para fortalecer sua liderança na América Latina?";O Brasil oferece cooperação técnica a países vizinhos (ex.: Haiti, Bolívia, Paraguai) e financia projetos de integração (ex.: infraestrutura), e atua como um polo de desenvolvimento regional.
"Qual é a importância da ""cooperação Sul-Sul"" para a inserção do Brasil na África?";A cooperação Sul-Sul é o principal vetor da inserção do Brasil na África, com projetos em agricultura, saúde, educação e energia, e com a construção de alianças políticas e econômicas.
"Como o Brasil atua na cooperação em ""educação"" (ex.: formação de professores, alfabetização)?";O Brasil oferece bolsas de estudo (PEC-G) a estudantes de países em desenvolvimento, e promove a formação de professores, a alfabetização de adultos, e a educação de jovens, com base na experiência brasileira.
"Qual é o papel do ""Programa de Estudantes-Convênio de Graduação"" (PEC-G) na CSS?";O PEC-G é um programa de bolsas de estudo para estudantes de países em desenvolvimento (especialmente da África e da América Latina) em universidades brasileiras, e é um dos principais instrumentos de cooperação educacional.
"Como o Brasil coopera com a África em ""saúde"" (ex.: combate ao HIV, malária, Zika)?";O Brasil transfere tecnologia para a produção de medicamentos (genéricos) e de testes rápidos, e capacita profissionais de saúde, e desenvolve programas de prevenção, com a participação da Fiocruz e do Ministério da Saúde.
"Qual é o papel do ""Programa de Cooperação em Saúde"" (ex.: com o Haiti, Guiné-Bissau) na CSS?";O Brasil envia equipes de saúde, constrói laboratórios, e capacita profissionais de saúde, e doa medicamentos e equipamentos, como parte da cooperação em saúde, com o apoio da Fiocruz e do ACNUR.
"Como o Brasil atua na ""cooperação em agricultura"" (ex.: EMBRAPA) com países da América Latina?";A EMBRAPA transfere tecnologia agrícola (ex.: soja, milho, feijão) e capacita técnicos e agricultores, e desenvolve projetos de agricultura familiar e de segurança alimentar, em parceria com ministérios da agricultura.
"Qual é a importância da ""cooperação em defesa"" (ex.: exercícios, treinamento) na CSS?";A cooperação em defesa, com exercícios militares conjuntos, intercâmbio de oficiais, e a venda de equipamentos (Embraer), é uma dimensão da CSS, que fortalece a confiança mútua e a integração regional.
"Como o Brasil atua na ""cooperação em ciência e tecnologia"" (ex.: satélites) com outros países em desenvolvimento?";O Brasil compartilha sua experiência em satélites (CBERS, com a China), e em biotecnologia, e promove a pesquisa conjunta, e a criação de redes de cientistas, como parte da cooperação Sul-Sul.
"Qual é a posição brasileira sobre a ""propriedade intelectual"" e o ""acesso a medicamentos"" na CSS?";O Brasil defende a flexibilidade do TRIPS, e o acesso a medicamentos genéricos, e promove a transferência de tecnologia para a produção de medicamentos, como parte da cooperação em saúde.
"Como o Brasil vê a ""cooperação Sul-Sul"" como um contraponto à ""hegemonia"" dos países desenvolvidos?";O Brasil vê a CSS como um instrumento para reduzir a dependência, para diversificar parcerias, e para construir uma ordem internacional mais justa e multipolar, e como um contraponto à influência dos países desenvolvidos.
"Qual é a importância da ""cooperação Sul-Sul"" para a ""diplomacia da saúde"" brasileira?";A CSS é o principal veículo para a diplomacia da saúde, que projeta a imagem do Brasil como um país solidário e inovador, e que constrói alianças e influência em fóruns internacionais de saúde.
"Como o Brasil atua na ""diplomacia da saúde"" no âmbito da OMS e da OPAS?";O Brasil defende o fortalecimento da OMS e da OPAS, o acesso a medicamentos e vacinas, a preparação para pandemias, e a cooperação internacional, e coordena posições com outros países em desenvolvimento.
"Qual é a posição brasileira sobre a ""prevenção de pandemias"" e a ""segurança sanitária global""?";O Brasil defende a cooperação internacional para a prevenção de pandemias, com o compartilhamento de informações, a produção de vacinas e medicamentos, e o fortalecimento dos sistemas de saúde, e apoia a criação de um tratado internacional.
"Como o Brasil atua na ""diplomacia da saúde"" no combate ao HIV/AIDS?";O Brasil foi pioneiro no combate ao HIV, com a produção de medicamentos genéricos e a distribuição gratuita de antirretrovirais, e transferiu essa tecnologia para outros países em desenvolvimento (África, América Latina).
"Qual é a posição brasileira sobre a ""propriedade intelectual"" em medicamentos e o ""acesso a medicamentos""?";O Brasil defende a flexibilidade do TRIPS (licenças compulsórias, importação paralela), e o acesso a medicamentos a preços acessíveis, como um direito humano, e como parte da saúde pública.
"Como o Brasil atua na ""diplomacia da saúde"" no combate à malária e à dengue?";O Brasil desenvolve pesquisas, e transfere tecnologia para o combate à malária e à dengue (ex.: uso de mosquitos transgênicos, testes rápidos), e capacita profissionais de saúde, em parceria com a OMS e a OPAS.
"Qual é o papel da Fiocruz na ""diplomacia da saúde"" e na cooperação internacional?";A Fiocruz é um dos principais atores da diplomacia da saúde, com a produção de vacinas e medicamentos, a pesquisa em saúde pública, e a cooperação técnica com países em desenvolvimento (ex.: África, Haiti).
"Como o Brasil atua na ""diplomacia da saúde"" no combate à COVID-19 e na produção de vacinas?";O Brasil atuou na produção de vacinas (Fiocruz/AstraZeneca, Butantan/Sinovac), e na cooperação com outros países, e defendeu o acesso equitativo a vacinas, e a flexibilidade de patentes (TRIPS waiver).
"Qual é a posição brasileira sobre a ""flexibilidade de patentes"" (TRIPS waiver) para vacinas e medicamentos?";O Brasil defendeu a flexibilidade de patentes (TRIPS waiver) na OMC, para permitir a produção de vacinas e medicamentos durante a pandemia, como parte da saúde pública e do acesso equitativo.
"Como o Brasil atua na ""diplomacia da saúde"" no âmbito da CPLP?";O Brasil promove a cooperação em saúde na CPLP, com a produção de medicamentos, a capacitação de profissionais, e o combate a endemias, e com a coordenação de posições em fóruns internacionais.
"Qual é a posição brasileira sobre o ""tratado de pandemias"" e a ""prevenção de futuras pandemias""?";O Brasil apoia a criação de um tratado internacional sobre pandemias, com a cooperação, a transparência, o acesso a vacinas e medicamentos, e o fortalecimento dos sistemas de saúde, como parte da segurança sanitária global.
"Como o Brasil atua na ""diplomacia da saúde"" no combate à ""desnutrição"" e à ""fome""?";O Brasil desenvolve programas de combate à desnutrição (ex.: suplementação alimentar, fortificação de alimentos) e promove a segurança alimentar, e transfere tecnologia para outros países em desenvolvimento.
"Qual é o papel do ""Programa de Cooperação em Saúde"" com o Haiti?";O Brasil enviou equipes de saúde, construiu laboratórios e hospitais, e capacitou profissionais de saúde no Haiti, como parte da MINUSTAH e da cooperação bilateral, em uma das maiores operações de cooperação em saúde.
"Como o Brasil atua na ""diplomacia da saúde"" no combate à ""tuberculose"" e a outras endemias?";O Brasil desenvolve programas de combate à tuberculose, com a distribuição de medicamentos e a capacitação de profissionais, e transfere essa tecnologia para países em desenvolvimento, especialmente na África.
"Qual é a posição brasileira sobre a ""saúde como direito humano"" e a ""cobertura universal de saúde""?";O Brasil defende a saúde como um direito humano, e a cobertura universal de saúde, e compartilha sua experiência com o Sistema Único de Saúde (SUS), e promove a cooperação internacional para o fortalecimento dos sistemas de saúde.
"Como o Brasil atua na ""diplomacia da saúde"" no combate ao ""tabagismo"" e às ""doenças não transmissíveis""?";O Brasil implementou políticas de controle do tabagismo, e de prevenção de doenças não transmissíveis (ex.: obesidade, diabetes), e compartilhou essas experiências com outros países, e liderou negociações na OMS.
"Qual é a posição brasileira sobre a ""regulação de produtos farmacêuticos"" e a ""segurança de medicamentos""?";O Brasil defende a regulação de produtos farmacêuticos, e a segurança de medicamentos, com a atuação da ANVISA, e promove a cooperação internacional para a harmonização de normas e a prevenção de falsificações.
"Como o Brasil atua na ""diplomacia da saúde"" no combate às ""doenças negligenciadas"" (ex.: doença de Chagas)?";O Brasil desenvolve pesquisas e tratamentos para doenças negligenciadas, e transfere tecnologia para outros países, e promove a cooperação internacional para a prevenção e o controle dessas doenças.
"Qual é o papel da ""diplomacia da saúde"" na ""promoção da paz"" e da ""segurança humana""?";A diplomacia da saúde contribui para a paz e a segurança humana, ao fortalecer os sistemas de saúde, ao prevenir epidemias, e ao promover a cooperação e a solidariedade entre os países, como parte da agenda de segurança.
"Como o Brasil vê a ""cooperação Sul-Sul"" e a ""diplomacia da saúde"" como instrumentos de ""soft power""?";O Brasil utiliza a CSS e a diplomacia da saúde para construir uma imagem positiva, para conquistar aliados, e para ampliar sua influência em fóruns internacionais, sem o uso da força ou da coerção.
"Qual é a posição brasileira sobre a ""responsabilidade de proteger"" (R2P) e a ""intervenção humanitária"" na saúde?";O Brasil defende que a R2P não se aplica a questões de saúde, e que a cooperação em saúde deve ser baseada no consentimento e na soberania, e não na intervenção, e na solidariedade.
"Como o Brasil atua na ""cooperação Sul-Sul"" e na ""diplomacia da saúde"" no âmbito do G-20?";O Brasil defende a agenda de saúde no G-20, com a prevenção de pandemias, o acesso a vacinas e medicamentos, e o financiamento da saúde, e coordena posições com outros países em desenvolvimento.
"Qual é a posição brasileira sobre a ""dívida externa"" e o ""financiamento da saúde"" nos países em desenvolvimento?";O Brasil defende o alívio da dívida e o financiamento da saúde, com a criação de mecanismos de financiamento, e com a participação de instituições internacionais (ex.: Banco Mundial, OMS).
"Como o Brasil atua na ""cooperação Sul-Sul"" e na ""diplomacia da saúde"" no âmbito do IBAS?";O IBAS coordena projetos de cooperação em saúde (ex.: produção de medicamentos) e coordena posições em fóruns internacionais (ex.: OMS), e promove a cooperação Sul-Sul em saúde.
"Qual é a posição brasileira sobre a ""reforma da OMS"" e a ""governança da saúde global""?";O Brasil defende a reforma da OMS, para fortalecê-la, e para torná-la mais representativa e eficaz, e com a participação de todos os países, e com a transparência e a prestação de contas.
"Como o Brasil atua na ""cooperação Sul-Sul"" e na ""diplomacia da saúde"" no âmbito do BRICS?";O BRICS promove a cooperação em saúde, com a produção de vacinas, a pesquisa em saúde, e a coordenação em fóruns internacionais, como a OMS, e com a defesa do acesso a medicamentos.
"Qual é a posição brasileira sobre a ""saúde mental"" e a ""cooperação em saúde mental""?";O Brasil defende a saúde mental como parte da saúde, e promove a cooperação em saúde mental, com a capacitação de profissionais, a prevenção do suicídio, e o combate ao estigma.
"Como o Brasil atua na ""diplomacia da saúde"" no combate ao ""uso de drogas"" e à ""redução de danos""?";O Brasil defende a redução de danos, e a abordagem de saúde pública para o uso de drogas, e compartilha sua experiência com outros países, e coordena posições em fóruns internacionais (ex.: CICAD).
"Qual é a posição brasileira sobre a ""saúde sexual e reprodutiva"" e a ""cooperação em saúde sexual""?";O Brasil defende a saúde sexual e reprodutiva, e o direito ao aborto legal, e promove a cooperação em saúde sexual, com a educação sexual, e o acesso a contraceptivos e a serviços de saúde.
"Como o Brasil atua na ""cooperação Sul-Sul"" e na ""diplomacia da saúde"" no combate à ""violência contra a mulher""?";O Brasil defende o combate à violência contra a mulher, e a cooperação internacional, e compartilha sua experiência com a Lei Maria da Penha, e promove a prevenção e a proteção das vítimas.
"Qual é a posição brasileira sobre a ""saúde do trabalhador"" e a ""cooperação em saúde do trabalhador""?";O Brasil defende a saúde do trabalhador, e a cooperação internacional, e compartilha sua experiência com a prevenção de acidentes de trabalho, e a proteção dos direitos trabalhistas.
"Como o Brasil atua na ""diplomacia da saúde"" no combate à ""violência no trânsito"" e à ""prevenção de acidentes""?";O Brasil implementou políticas de prevenção de acidentes de trânsito, e compartilhou essas experiências com outros países, e coordena posições em fóruns internacionais (ex.: OMS, ONU).
"Qual é a posição brasileira sobre a ""saúde do idoso"" e a ""cooperação em saúde do idoso""?";O Brasil defende a saúde do idoso, e a cooperação internacional, e compartilha sua experiência com o envelhecimento ativo, a prevenção de doenças, e a proteção dos direitos dos idosos.
"Como o Brasil atua na ""cooperação Sul-Sul"" e na ""diplomacia da saúde"" no combate à ""poluição"" e à ""saúde ambiental""?";O Brasil defende a saúde ambiental, e a cooperação internacional, e compartilha sua experiência com a prevenção da poluição, e a proteção da saúde, e coordena posições em fóruns internacionais.
"Qual é a posição brasileira sobre a ""saúde e as mudanças climáticas"" e a ""cooperação em saúde climática""?";O Brasil defende a ação climática, e a cooperação em saúde climática, com a prevenção de doenças relacionadas ao clima, a adaptação dos sistemas de saúde, e a redução de emissões.
"Como o Brasil atua na ""diplomacia da saúde"" no combate à ""resistência antimicrobiana"" (RAM)?";O Brasil defende a luta contra a resistência antimicrobiana, e a cooperação internacional, com a vigilância, a prevenção de infecções, e o uso racional de antibióticos, e coordena posições em fóruns internacionais.
"Qual é a posição brasileira sobre a ""saúde e a alimentação"" (ex.: rotulagem, alimentos ultraprocessados)?";O Brasil defende a regulação de alimentos ultraprocessados, e a rotulagem nutricional, e compartilha sua experiência com outros países, e promove a alimentação saudável, como parte da saúde pública.
"Como o Brasil atua na ""cooperação Sul-Sul"" e na ""diplomacia da saúde"" no combate à ""desinformação em saúde""?";"O Brasil defende a luta contra a desinformação em saúde, com a promoção da comunicação de risco, a educação em saúde, e o combate às ""fake news"", e a cooperação internacional."
"Qual é a posição brasileira sobre a ""saúde e a tecnologia digital"" (ex.: telemedicina, inteligência artificial)?";O Brasil defende o uso da tecnologia digital para a saúde, com a telemedicina, a inteligência artificial, e a proteção de dados, e a cooperação internacional, e a garantia do acesso e da equidade.
"Como o Brasil atua na ""diplomacia da saúde"" no combate à ""hepatite"" e a outras doenças virais?";O Brasil desenvolve programas de combate à hepatite, e transfere tecnologia para outros países, e promove a prevenção, o diagnóstico e o tratamento, como parte da cooperação em saúde.
"Qual é a posição brasileira sobre a ""saúde e os direitos humanos"" e a ""cooperação em direitos humanos""?";O Brasil defende a saúde como parte dos direitos humanos, e a cooperação internacional, e promove a proteção dos direitos humanos na saúde, como a não discriminação e o acesso universal.
"Como o Brasil atua na ""cooperação Sul-Sul"" e na ""diplomacia da saúde"" no combate à ""pobreza"" e à ""desigualdade""?";O Brasil defende que a saúde é um direito humano e que a pobreza é um determinante social da saúde, e promove a cooperação para o desenvolvimento, e a redução da pobreza e da desigualdade.
"Qual é a posição brasileira sobre a ""saúde e a migração"" e a ""cooperação em saúde para migrantes""?";O Brasil defende a proteção da saúde dos migrantes, e a cooperação internacional, e compartilha sua experiência com a Operação Acolhida, e com o acesso universal à saúde para migrantes.
"Como o Brasil atua na ""diplomacia da saúde"" no combate à ""violência armada"" e à ""prevenção de homicídios""?";O Brasil implementou políticas de prevenção de homicídios, e compartilhou essas experiências com outros países, e coordena posições em fóruns internacionais (ex.: ONU, OMS).
"Qual é a posição brasileira sobre a ""saúde e a segurança"" e a ""cooperação em segurança da saúde""?";O Brasil defende a saúde como parte da segurança, e a cooperação internacional para a prevenção de epidemias, e para a segurança sanitária, e coordena posições em fóruns internacionais (ex.: OMS, ONU).
"Como o Brasil atua na ""cooperação Sul-Sul"" e na ""diplomacia da saúde"" no combate à ""malária"" na África?";O Brasil desenvolve projetos de cooperação para o combate à malária na África, com a transferência de tecnologia (testes rápidos, medicamentos), a capacitação de profissionais, e a distribuição de mosquiteiros.
"Qual é a posição brasileira sobre a ""saúde e a educação"" (ex.: educação sexual, saúde nas escolas)?";O Brasil defende a integração da saúde e da educação, e a cooperação internacional, e compartilha sua experiência com a educação sexual, a saúde nas escolas, e a promoção da saúde.
"Como o Brasil atua na ""diplomacia da saúde"" no combate à ""obesidade"" e às ""doenças não transmissíveis""?";O Brasil implementou políticas de prevenção da obesidade e de doenças não transmissíveis (ex.: rotulagem, impostos sobre alimentos ultraprocessados), e compartilhou essas experiências com outros países.
"Qual é a posição brasileira sobre a ""saúde e a cultura"" (ex.: medicina tradicional, práticas de cura)?";O Brasil defende a integração da medicina tradicional e das práticas de cura, e a cooperação internacional, e promove o diálogo intercultural, e a valorização dos conhecimentos tradicionais.
"Como o Brasil atua na ""cooperação Sul-Sul"" e na ""diplomacia da saúde"" no combate à ""doença de Chagas""?";O Brasil desenvolve pesquisas e tratamentos para a doença de Chagas, e transfere tecnologia para outros países, e promove a prevenção e o controle da doença, como parte da cooperação em saúde.
"Qual é a posição brasileira sobre a ""saúde e a inovação"" (ex.: biotecnologia, vacinas)?";O Brasil defende a inovação em saúde, com o investimento em pesquisa e desenvolvimento, e a cooperação internacional, e a transferência de tecnologia, como parte da saúde pública e do desenvolvimento.
"Como o Brasil atua na ""diplomacia da saúde"" no combate à ""hepatite C"" e a outras doenças virais?";O Brasil desenvolve programas de combate à hepatite C, e transfere tecnologia para outros países, e promove o diagnóstico e o tratamento, como parte da cooperação em saúde.
"Qual é a posição brasileira sobre a ""saúde e a equidade"" (ex.: acesso a medicamentos, serviços de saúde)?";O Brasil defende a equidade em saúde, com o acesso universal, a redução das desigualdades, e a cooperação internacional, e promove a justiça social e o direito à saúde.
"Como o Brasil atua na ""cooperação Sul-Sul"" e na ""diplomacia da saúde"" no combate à ""lepra"" e a outras doenças negligenciadas?";O Brasil desenvolve programas de combate à lepra, e transfere tecnologia para outros países, e promove a prevenção, o diagnóstico e o tratamento, como parte da cooperação em saúde.
"Qual é a posição brasileira sobre a ""saúde e a sustentabilidade"" (ex.: sistemas de saúde, meio ambiente)?";O Brasil defende a sustentabilidade dos sistemas de saúde, e a cooperação internacional, e promove a integração da saúde e do meio ambiente, como parte do desenvolvimento sustentável.
"Como o Brasil atua na ""diplomacia da saúde"" no combate à ""violência obstétrica"" e à ""morte materna""?";O Brasil implementou políticas de combate à violência obstétrica, e de redução da mortalidade materna, e compartilhou essas experiências com outros países, e coordena posições em fóruns internacionais.
"Qual é a posição brasileira sobre a ""saúde e a justiça social"" (ex.: acesso à saúde, direitos humanos)?";O Brasil defende a saúde como um direito humano e um pilar da justiça social, e promove a cooperação internacional para o fortalecimento dos sistemas de saúde, e a redução das desigualdades.
