Deve-se usar vírgula entre sujeito e verbo.;❌ Errado. Sujeito e verbo não devem ser separados por vírgula.
2. Verbos e seus objetos diretos não se separam por vírgula.;✅ Certo. Esses termos são essenciais da oração e não se separam.
3. “Discursou, o juiz, calmamente.” está correta.;❌ Errado. O sujeito não deve ser isolado por vírgula.
4. O predicativo pode vir antes do verbo sem vírgula.;✅ Certo. A ordem pode ser alterada sem uso obrigatório da vírgula.
5. “Mostrou a pesquisa os dados relevantes.” precisa de vírgula.;❌ Errado. A estrutura está correta e não exige vírgula.
6. O objeto indireto pode vir antes do verbo sem vírgula.;✅ Certo. A mudança de ordem não exige pontuação.
7. A frase “Entre as ideias está a proteção ambiental.” deve ter vírgula após “ideias”.;❌ Errado. Não se usa vírgula entre predicativo e verbo/sujeito.
8. O agente da passiva não é separado por vírgula do verbo.;✅ Certo. É termo integrante e não se separa do núcleo verbal.
9. O verbo pode vir antes do sujeito sem vírgula obrigatória.;✅ Certo. A inversão da ordem não exige vírgula.
10. “A equipe, venceu, o campeonato.” está correta.;❌ Errado. Sujeito, verbo e objeto direto não devem ser separados por vírgulas.
11. É correto usar vírgula entre o objeto direto e o objeto indireto.;❌ Errado. Os dois complementos são termos integrantes e não se separam.
12. “Cumpre ao governo federal novas medidas.” não exige vírgula.;✅ Certo. A estrutura está na ordem aceita sem vírgula.
13. Verbos de ligação e predicativos não devem ser separados por vírgula.;✅ Certo. São termos essenciais da oração.
14. A vírgula é obrigatória quando o objeto direto aparece antes do verbo.;❌ Errado. A mudança de ordem por si só não exige vírgula.
15. “Ao Supremo Tribunal de Justiça caberá a decisão.” está correto sem vírgula.;✅ Certo. O objeto indireto antes do verbo não exige vírgula.
16. É errado usar vírgula entre o sujeito e o predicativo.;✅ Certo. Esses termos são essenciais e não se separam.
17. “Constam artistas nacionais e estrangeiros no grupo.” está correta sem vírgula.;✅ Certo. Não há termos intercalados que justifiquem vírgula.
18. “A equipe venceu o campeonato com garra.” está correta sem vírgula.;✅ Certo. A ordem direta dispensa vírgula.
19. O adjunto adverbial no fim da oração não exige vírgula.;✅ Certo. Sua posição final normalmente dispensa vírgula.
20. O sujeito no final da oração exige vírgula.;❌ Errado. Só se houver intercalação ou necessidade de ênfase.
21. O objeto direto antes do verbo exige vírgula obrigatoriamente.;❌ Errado. A inversão da ordem não exige pontuação.
22. O complemento nominal se separa do nome com vírgula.;❌ Errado. Não se separa por vírgula.
23. “Já ultrapassou os limites do aceitável o comportamento do réu.” está correta.;✅ Certo. O verbo veio antes do sujeito sem vírgula.
24. O verbo não pode vir antes do sujeito.;❌ Errado. Pode sim, sem que isso exija vírgula.
25. Em orações na ordem direta, não se usa vírgula.;✅ Certo. Os termos essenciais seguem unidos.
26. “A aluna escreveu a redação com dedicação.” exige vírgula entre os termos.;❌ Errado. A ordem direta dispensa vírgula.
27. É correto escrever: “Vimos solicitar de Vossa Senhoria providências.”;✅ Certo. Sujeito, verbo, objeto indireto e direto estão na ordem aceita.
28. “Caberá ao juiz a sentença final.” deve ter vírgula após “caberá”.;❌ Errado. A oração segue estrutura padrão sem vírgula.
29. A vírgula nunca deve ser usada entre verbo e sujeito.;✅ Certo. Essa separação é incorreta gramaticalmente.
30. “Entregou o aluno os documentos ao professor.” pode ser escrita sem vírgula.;✅ Certo. Ordem invertida não obriga uso de vírgula.
31. “Os tribunais de Justiça ficam no seleto grupo.” está correta.;✅ Certo. Ordem direta, sem necessidade de vírgula.
32. “Quanta beleza nos oferecem essas paisagens!” precisa de vírgula após “beleza”.;❌ Errado. Apesar da inversão, a vírgula não é necessária.
33. “A vitória foi o resultado de muito esforço.” deve ser escrita com vírgula após “vitória”.;❌ Errado. Sujeito e predicativo não se separam com vírgula.
34. “Devem enviar os alunos suas propostas.” está correta.;✅ Certo. Verbo antes do sujeito não exige vírgula.
35. O uso da vírgula depende da função sintática e não apenas da posição dos termos.;✅ Certo. A vírgula marca mais a função do que a posição.
36. Sujeito composto também não deve ser separado do verbo com vírgula.;✅ Certo. Mesmo sujeito composto, não se separa do verbo.
37. “Aos interessados cabe a inscrição até dia 20.” está correta.;✅ Certo. Não há exigência de vírgula nessa estrutura.
38. Vírgula é usada obrigatoriamente antes de qualquer adjunto adverbial.;❌ Errado. Adjunto adverbial no final normalmente não leva vírgula.
39. Verbos transitivos e seus complementos nunca se separam com vírgula.;✅ Certo. São partes integrantes da oração.
40. “A abertura do mercado marcou o evento.” está correta.;❌ Errado. Inversão de sujeito e objeto direto. O correto seria: “O evento marcou a abertura do mercado.”
A frase “Quem ama educa” está correta sem vírgula.;"✅ Certo. A vírgula é opcional; a ausência não compromete a clareza."
2. “Quem ama, educa” está gramaticalmente incorreta.;❌ Errado. A vírgula é admitida por estilo e ritmo, ainda que quebre a ordem tradicional.
3. É sempre obrigatório o uso da vírgula entre dois verbos após “quem”.;❌ Errado. A vírgula é facultativa, usada por ênfase ou clareza.
4. “Quem tudo quer tudo perde.” deve conter uma vírgula.;"❌ Errado. Está correta sem vírgula; a clareza está preservada."
5. Em “Quem diz vou, não vai.”, a vírgula está bem empregada.;✅ Certo. A vírgula ajuda na fluidez e marca a pausa entre ideias.
6. “Quem não lê, não escreve.” está incorreta.;❌ Errado. Está correta, com uso facultativo da vírgula.
7. É incorreto escrever: “Quem sabe sabe.”;"❌ Errado. Está correta; a ausência de vírgula não prejudica a compreensão."
8. A frase “Quem for verá.” pode ser escrita sem vírgula.;✅ Certo. A vírgula é opcional nesse padrão.
9. A vírgula em “Quem diz sou, não é.” é incorreta.;❌ Errado. Está correta e usada para realce do ritmo da frase.
10. “Quem consola sabe como é bom ser consolado.” está correta sem vírgula.;✅ Certo. A clareza da frase está preservada.
11. “Quem não deve, não teme.” está correta.;✅ Certo. A vírgula é usada para marcar pausas e dar ênfase.
12. “Quem lê bem escreve bem.” deve conter vírgula.;❌ Errado. Está correta sem vírgula, pois é clara e direta.
13. “Aqueles que lutam vencem.” exige obrigatoriamente vírgula.;❌ Errado. A vírgula é dispensável nessa construção.
14. “Os que perseveram, conseguem.” está gramaticalmente correta.;✅ Certo. A vírgula, apesar de não ser obrigatória, é permitida por estilo.
"15. Não se pode usar vírgula entre sujeito e predicado, mesmo com o pronome ""quem"".";❌ Errado. A norma admite essa quebra estilística nesses casos.
16. “Quem fala muito, erra mais.” está correta com vírgula.;✅ Certo. A vírgula ajuda a marcar as ações distintas.
17. “Quem julga, será julgado.” segue padrão aceitável.;✅ Certo. A vírgula tem função rítmica e de clareza.
18. É obrigatório retirar a vírgula em frases com “quem”.;❌ Errado. A vírgula é opcional, conforme o efeito desejado.
19. “Quem teme, corre.” está correta com vírgula.;✅ Certo. A vírgula marca a pausa entre ações.
20. Em textos formais, a vírgula entre verbos com “quem” é incorreta.;❌ Errado. Mesmo em textos formais, a vírgula é aceita por estilo.
21. “Quem corre, cansa.” está corretamente pontuada.;✅ Certo. A vírgula separa as duas orações de modo apropriado.
22. “Quem pensa muito, decide pouco.” está errada.;"❌ Errado. Está correta; a vírgula reforça a pausa natural."
23. “Quem tenta vence.” é uma frase aceitável na norma culta.;✅ Certo. Não há exigência de vírgula.
24. A vírgula em “Quem mente, não convence.” está errada.;❌ Errado. A vírgula está correta e usada por clareza.
25. “Quem pode, manda.” e “Quem pode manda.” são ambas aceitas.;✅ Certo. A vírgula é opcional e depende da intenção de pausa ou ritmo.
26. “Quem tudo perde, tudo aprendeu.” está correta.;✅ Certo. A vírgula ajuda na clareza e ênfase.
27. É incorreto usar vírgula após “os que”.;❌ Errado. Pode-se usar por ênfase, embora não seja obrigatória.
28. “Os que sonham, realizam.” está correta.;✅ Certo. A vírgula realça a separação entre orações.
29. “Quem respeita aprende.” não exige vírgula.;✅ Certo. A frase está clara e correta sem pontuação extra.
30. “Quem não luta não conquista.” precisa obrigatoriamente de vírgula.;❌ Errado. A vírgula é facultativa e não obrigatória.
31. “Quem não ama não vive.” está escrita corretamente.;✅ Certo. Frase clara, na ordem natural.
32. “Quem pensa, existe.” é uma forma correta de escrita.;✅ Certo. A vírgula é bem-vinda para destacar as ações.
33. “Aqueles que amam educam.” deve conter vírgula entre os verbos.;❌ Errado. A vírgula é permitida, mas não obrigatória.
"34. A vírgula em frases com ""quem"" deve ser usada apenas por estética ou clareza.";✅ Certo. A norma admite esse uso em contextos estilísticos.
35. É obrigatório evitar a vírgula entre dois verbos com o mesmo sujeito.;❌ Errado. Na estrutura com “quem”, essa vírgula é aceitável.
36. “Quem promete, cumpre.” está gramaticalmente correta.;✅ Certo. A vírgula separa as duas ações de forma adequada.
37. A frase “Quem duvida, sofre.” está errada na norma padrão.;"❌ Errado. Está correta; a vírgula tem função estilística."
38. A ausência da vírgula em “Quem cuida protege.” é aceitável.;✅ Certo. A clareza está garantida.
39. “Quem estuda, aprende.” usa a vírgula de forma correta.;✅ Certo. A pontuação dá ênfase à consequência.
40. Não se deve usar vírgula depois de “quem” nunca.;❌ Errado. Em certos contextos, a vírgula é aceitável por estilo, ritmo ou clareza.
A frase “Vamos agora para o escritório.” deve ter vírgula após “agora”.;❌ Errado. O advérbio está junto ao verbo, em posição natural, sem necessidade de vírgula.
2. “Ela comprou aqui um par de luvas.” está correta sem vírgula.;✅ Certo. O advérbio “aqui” está próximo ao verbo e não exige vírgula.
3. Usa-se sempre vírgula antes de advérbios no meio da frase.;❌ Errado. Se estiverem em posição natural (junto ao verbo), não se usa vírgula.
4. “Ele não disse ainda a que veio.” está correta.;✅ Certo. O advérbio “ainda” está em posição natural e não exige vírgula.
5. “As crianças talvez queiram ir junto.” está pontuada corretamente.;✅ Certo. O advérbio “talvez” está bem colocado, sem necessidade de vírgula.
6. “Machado de Assis nasceu no Rio de Janeiro em 1839.” está correta.;✅ Certo. Os adjuntos estão no final da oração, em posição natural.
7. “Todas as compras foram feitas, ontem de manhã.” está correta.;❌ Errado. A vírgula antes de “ontem de manhã” é indevida, pois está no final da oração.
8. “A cantora fez um show em São Paulo recentemente.” deve conter vírgula após “São Paulo”.;❌ Errado. Não se separa adjunto final em posição natural.
9. “A assembleia foi realizada na tarde de terça-feira, no centro da Capital.” está correta.;✅ Certo. A vírgula é aceitável entre duas locuções adverbiais longas e diferentes.
10. “Todos se comportaram muito bem nas manifestações.” exige vírgula entre “bem” e “nas manifestações”.;❌ Errado. Não se separa adjunto final em posição natural.
11. “Ela realmente gosta de você.” está correta sem vírgula.;✅ Certo. Advérbio junto ao verbo, posição natural.
12. “Este lugar é, extremamente, agradável.” está correta.;"❌ Errado. A vírgula é indevida; “extremamente” está junto ao verbo."
13. “As crianças costumam voltar da escola às seis da tarde.” está correta.;✅ Certo. Os adjuntos estão no final, posição esperada.
14. “Eu, realmente, gosto de você.” é a única forma correta.;"❌ Errado. A vírgula é desnecessária; “realmente” está junto ao verbo."
15. “Ela comprou, aqui, um par de luvas.” é obrigatoriamente correta.;"❌ Errado. A vírgula só se usa para dar ênfase; não é obrigatória."
16. “Vamos, agora, para o escritório.” exige vírgula.;❌ Errado. Só se usa vírgula para ênfase, fora isso, é indevida.
17. “Ela comprou um colar ontem.” está correta.;✅ Certo. “Ontem” está no final da oração, posição padrão.
18. “Ele saiu, rapidamente.” está pontuada corretamente.;❌ Errado. Advérbio curto e próximo ao verbo não se separa por vírgula.
19. “Eles viajaram para o interior ontem à noite.” deve ter vírgula antes de “ontem à noite”.;❌ Errado. O adjunto está em posição final e natural.
20. “A resposta chegou por e-mail ontem à tarde.” está gramaticalmente correta.;✅ Certo. Adjuntos finais em ordem natural.
21. Advérbios de tempo no fim da frase geralmente exigem vírgula.;❌ Errado. No fim da frase, a vírgula é dispensável e, em regra, indevida.
22. “Ela geralmente traz o seu lanche.” está correta.;✅ Certo. “Geralmente” junto ao verbo não exige vírgula.
23. “Ontem, ela viajou para o campo.” está correta com vírgula.;✅ Certo. Quando o adjunto vem deslocado para o início, a vírgula é necessária.
24. “Na infância, eu morei em Minas.” deve conter vírgula.;✅ Certo. Advérbio deslocado para o início exige vírgula.
25. “Eu fui ao parque ontem.” está gramaticalmente correta.;✅ Certo. Ordem direta, sem necessidade de vírgula.
26. “Eles chegaram à escola, pela manhã.” está correta.;❌ Errado. A vírgula é indevida no final da oração.
27. “Ontem à tarde, ele compareceu à audiência.” está correta.;✅ Certo. Adjuntos deslocados para o início exigem vírgula.
28. “Vamos agora, para casa.” está pontuada corretamente.;❌ Errado. Vírgula indevida após “agora”.
29. “Ela saiu de casa, com pressa.” está correta.;❌ Errado. O adjunto “com pressa” está em posição final e não precisa de vírgula.
30. “No início da reunião, os diretores falaram.” está correta.;✅ Certo. Adjuntos no início exigem vírgula.
31. “No centro da cidade, o trânsito parou.” deve conter vírgula.;✅ Certo. Adjuntos deslocados para o início devem ser marcados.
32. “Eu realmente não entendi a questão.” está correta.;✅ Certo. Advérbio junto ao verbo em posição tradicional.
33. “Naquela época eu estudava muito.” está correta sem vírgula.;❌ Errado. O advérbio deslocado exige vírgula: “Naquela época, eu estudava muito.”
34. “Com frequência os alunos se atrasam.” está correta.;❌ Errado. “Com frequência” deslocado exige vírgula: “Com frequência, os alunos...”
35. “Ele, ontem, viajou para o interior.” está correta.;✅ Certo. A vírgula destaca o advérbio “ontem” por ênfase, o que é permitido.
36. “Ele viajou, ontem, para o interior.” é aceitável.;✅ Certo. Vírgula por ênfase entre verbo e advérbio é admitida estilisticamente.
37. “Ontem ele viajou para o interior.” deve conter vírgula.;✅ Certo. “Ontem” está deslocado para o início.
38. “Ela foi ao médico ontem.” está correta sem vírgula.;✅ Certo. Adjuntos no fim da oração não são separados por vírgula.
39. “Todos chegaram cedo à reunião.” está pontuada corretamente.;✅ Certo. “Cedo” está no fim, posição tradicional.
40. “Rapidamente, ele saiu da sala.” está correta.;✅ Certo. Advérbio deslocado para o início exige vírgula.
A frase “Falou incansavelmente para a multidão.” deve ter vírgula após “incansavelmente”.;❌ Errado. O advérbio está em posição natural, sem necessidade de vírgula.
2. “Saiu-se, razoavelmente, bem.” está obrigatoriamente correta.;"❌ Errado. A vírgula só é usada por ênfase; não é obrigatória."
3. “Esta é uma medida tecnologicamente possível.” está correta.;✅ Certo. Advérbio em posição natural, ligado ao adjetivo, sem vírgula.
4. “Disse que, lamentavelmente, não havia condições de retorno.” está errada.;❌ Errado. Está correta, pois há uma ênfase justificável com as vírgulas.
5. “As cores azul e verde correspondem, respectivamente, aos grupos 10 e 11.” está correta.;✅ Certo. Vírgula usada por clareza e ênfase.
6. “Felizmente o pior já passou.” está correta.;✅ Certo. No início da frase, o advérbio pode ou não ser separado por vírgula.
7. “Infelizmente, não nos encontramos no colégio.” está correta.;✅ Certo. Vírgula usada por ênfase no advérbio no início da oração.
8. “Disse, inaudivelmente, que não se casaria.” está correta.;✅ Certo. Vírgula por destaque ou efeito estilístico.
9. “Antes de sair do clube disfarçadamente ele passa um bilhetinho.” está ambígua.;"✅ Certo. A falta de vírgula gera ambiguidade; deve-se usar vírgula antes de “disfarçadamente”."
10. “Antes de sair do clube, disfarçadamente ele passa um bilhetinho.” está correta.;✅ Certo. A vírgula evita ambiguidade e torna a frase clara.
11. “Coisas de que eu reclamava, como o fato de a novela ser longa e exaustiva, hoje, não me parecem um grande problema.” está correta.;"❌ Errado. A vírgula após “hoje” é inadequada; isola indevidamente o adjunto."
12. “Coisas de que eu reclamava, como o fato de a novela ser longa e exaustiva, hoje não me parecem um grande problema.” está correta.;✅ Certo. Evita isolar o advérbio com duas vírgulas.
13. “Graças a Deus, o furacão já passou.” está correta.;✅ Certo. Vírgula por pausa e ênfase no início da oração.
14. “De lá para cá, suas formas se ampliaram.” está correta.;✅ Certo. Locução adverbial no início com vírgula.
15. “Com certeza estaremos presentes.” está correta.;✅ Certo. A vírgula é dispensável se não houver pausa desejada.
16. “Por certo haverá muita comida e diversão.” deve conter vírgula obrigatoriamente.;"❌ Errado. A vírgula é opcional; sem ela, a leitura flui melhor em frases curtas."
17. “No meu entendimento sua redação está ótima.” está correta.;✅ Certo. A vírgula é dispensável sem pausa ou ênfase.
18. “Com certeza, estaremos presentes.” está correta.;✅ Certo. Vírgula por marcação de pausa no início.
19. “Sua redação, no meu entendimento, está ótima.” está correta.;✅ Certo. Locução adverbial intercalada com vírgulas.
20. “Encaminho-lhe, em anexo, o mapa da região.” está correta.;✅ Certo. Locução intercalada entre vírgulas para realce.
21. “Atestamos, para os devidos fins, que Santos é pessoa idônea.” está correta.;✅ Certo. Intercalação justifica as vírgulas.
22. “Atestamos para os devidos fins que Santos é pessoa idônea.” está correta.;✅ Certo. Sem pausa ou ênfase, as vírgulas são dispensáveis.
23. “Haverá, por certo, muita comida e diversão.” está correta.;✅ Certo. Locução com vírgulas para dar destaque.
24. “Haverá por certo muita comida e diversão.” está correta.;✅ Certo. Leitura fluida sem vírgulas em frase curta.
25. “Disse lamentavelmente não haver solução.” está correta.;✅ Certo. Advérbio próximo ao verbo, vírgula não obrigatória.
26. “Tecnologicamente, é uma medida possível.” está correta.;✅ Certo. Vírgula no início pode indicar ênfase.
27. “Ela respondeu calmamente ao professor.” exige vírgula.;❌ Errado. Advérbio junto ao verbo dispensa vírgula.
28. “Infelizmente não há mais ingressos.” está correta.;✅ Certo. A vírgula é opcional no início da frase.
29. “Falou, claramente, com má intenção.” está correta.;✅ Certo. Vírgulas para ênfase são permitidas.
30. “Falou claramente com má intenção.” está correta.;✅ Certo. Advérbio em posição natural dispensa vírgula.
31. “Obviamente, isso não funcionará.” está correta.;✅ Certo. Advérbio deslocado com vírgula para destaque.
32. “Ela explicou, pacientemente, todo o processo.” está correta.;✅ Certo. Vírgulas opcionais por ênfase no advérbio.
33. “Ela explicou pacientemente todo o processo.” está correta.;✅ Certo. Advérbio ligado ao verbo sem vírgula é o padrão.
34. “Realmente eu esperava mais de você.” está correta.;✅ Certo. Advérbio no início sem vírgula é aceitável.
35. “Ela agiu, deliberadamente.” está correta.;❌ Errado. A vírgula só se justifica se houver intercalação ou ênfase clara.
36. “Ele respondeu ironicamente ao diretor.” está correta.;✅ Certo. Advérbio de modo em posição natural.
37. “Ela agiu, deliberadamente, contra a decisão.” está correta.;✅ Certo. Uso estilístico de vírgulas por destaque.
38. “Por certo, haverá muitos convidados.” está correta.;✅ Certo. Vírgula indica pausa expressiva no início da oração.
39. “Naturalmente os resultados foram positivos.” está correta.;✅ Certo. Vírgula no início é opcional.
40. “Sinceramente eu não acredito nisso.” está correta.;✅ Certo. Advérbio no início sem vírgula é aceito pela norma culta.
Em 1985 ocorreu novo surto de sarampo.;✅ Certo. A vírgula é facultativa nesse caso.
2. Em 1994 o primeiro ocidental a rever as relíquias foi o arqueólogo Manfred Korfmann.;✅ Certo. A ausência da vírgula é aceitável por ser um adjunto curto.
3. Em 1994, o primeiro ocidental a rever as relíquias foi o arqueólogo Manfred Korfmann.;✅ Certo. A vírgula marca pausa e ênfase, sendo facultativa.
4. No dia 30 de maio de 2001 o diretor foi agredido pelo aluno R.S.C.;✅ Certo. A vírgula é facultativa mesmo em adjunto longo.
5. No dia 30 de maio de 2001, o diretor foi agredido pelo aluno R.S.C.;✅ Certo. Vírgula opcional por estilo e clareza.
6. Nos anos 60, os sócios dos Diários Associados encomendaram um quadro.;✅ Certo. A vírgula é aceitável para marcar pausa.
7. Nos anos 60 os sócios dos Diários Associados encomendaram um quadro.;✅ Certo. Também está correto sem a vírgula.
8. Às 19h30 de 12 de abril de 1972 o dirigente comunista embarcaria num ônibus.;✅ Certo. A vírgula é facultativa.
9. Às 19h30 de 12 de abril de 1972, o dirigente comunista embarcaria num ônibus.;✅ Certo. Marca entonação, não obrigatoriedade.
10. No Brasil, a empresa fechou contratos importantes.;✅ Certo. Vírgula usada para destacar o lugar.
11. No Brasil a empresa fechou contratos importantes.;✅ Certo. Frase curta, vírgula dispensável.
12. Nos últimos dias o governo passou a liberar verbas.;✅ Certo. Vírgula opcional mesmo em adjunto composto.
13. Nos últimos dias, o governo passou a liberar verbas.;✅ Certo. Uso estilístico da vírgula.
14. Atualmente as vendas de cosméticos movimentam 1,5 bilhão.;✅ Certo. A vírgula no início da frase é dispensável.
15. Atualmente, as vendas de cosméticos movimentam 1,5 bilhão.;✅ Certo. Vírgula aceitável por pausa e ritmo.
16. Em 21 de julho de 1969 o homem pisou na Lua.;✅ Certo. A vírgula é facultativa.
17. Em 21 de julho de 1969, o homem pisou na Lua.;✅ Certo. Uso estilístico da vírgula.
18. No ano de 1893 o governador rompeu com o governo republicano.;✅ Certo. Está correto sem vírgula.
19. No ano de 1893, o governador rompeu com o governo republicano.;✅ Certo. Vírgula marca pausa, mas não é obrigatória.
20. Nos próximos dias os brasileiros assistirão a um embate.;✅ Certo. A vírgula é dispensável.
21. Nos próximos dias, os brasileiros assistirão a um embate.;✅ Certo. Vírgula aceitável por ênfase.
22. No Brasil foi criado um ranking sobre ética empresarial.;✅ Certo. Vírgula não obrigatória.
23. No Brasil, foi criado um ranking sobre ética empresarial.;✅ Certo. Vírgula é escolha estilística.
24. Na mesma cidade encontra-se o expoente máximo da modernidade.;✅ Certo. Adjuntos curtos não exigem vírgula.
25. Na mesma cidade, encontra-se o expoente máximo da modernidade.;✅ Certo. A vírgula é aceitável por estilo.
26. No ano passado me convidaram para ir a Fortaleza.;✅ Certo. Não há necessidade de vírgula.
27. No ano passado, me convidaram para ir a Fortaleza.;✅ Certo. Vírgula opcional, por entonação.
28. A cada dia que passa só aumenta a curiosidade do país.;✅ Certo. Sem vírgula, frase flui naturalmente.
29. A cada dia que passa, só aumenta a curiosidade do país.;✅ Certo. Vírgula por pausa estilística.
30. Há um ano ele saltou de parapente do Morro da Igreja.;✅ Certo. Frase correta, vírgula dispensável.
31. Há um ano, ele saltou de parapente do Morro da Igreja.;✅ Certo. Vírgula é aceitável para marcar tempo.
32. No primeiro grupo, estão os efeitos sobre o corpo humano.;❌ Errado. Como é predicativo locativo, não se deve usar vírgula.
33. No primeiro grupo estão os efeitos sobre o corpo humano.;✅ Certo. Predicativo locativo não se separa por vírgula.
34. Nessa categoria de risco estaria a transmissão de alergênicos.;✅ Certo. Correto, sem vírgula.
35. Nessa categoria de risco, estaria a transmissão de alergênicos.;❌ Errado. Não se separa predicativo locativo com vírgula.
36. Em algumas das paredes ficarão os quadros menores.;✅ Certo. Adjuntos locativos em posição natural.
37. Em algumas das paredes, ficarão os quadros menores.;❌ Errado. Vírgula não se usa entre sujeito e predicado (predicativo locativo).
38. Hoje é dia de festa!;✅ Certo. Advérbio de tempo curto no início dispensa vírgula.
39. Hoje, é dia de festa!;✅ Certo. Embora facultativa, a vírgula pode ser usada por estilo.
40. Na cidade de São Paulo o trânsito está cada vez pior.;✅ Certo. A vírgula após adjunto inicial é dispensável.
Momentos depois, ela voltava para dizer que Seu Edmundo viria à tarde.;✅ Certo. A vírgula pode ser usada para marcar pausa, mas é facultativa.
2. Momentos depois ela voltava para dizer que Seu Edmundo viria à tarde.;✅ Certo. Ausência da vírgula não compromete a clareza.
3. Naquele exato momento, os dois irmãos entravam na clínica.;✅ Certo. Vírgula separa o adjunto adverbial com clareza.
4. Naquele exato momento os dois irmãos entravam na clínica.;✅ Certo. Está gramaticalmente correto, mesmo sem vírgula.
5. Nos fundos do terreno, vejo apenas o petiço do caseiro.;✅ Certo. Vírgula após adjunto de lugar é comum.
6. Nos fundos do terreno vejo apenas o petiço do caseiro.;✅ Certo. Sem vírgula, o texto flui naturalmente.
7. Aos poucos, avalio a vantagem de se viver numa cidade grande.;✅ Certo. Vírgula marca o ritmo, mas é facultativa.
8. Aos poucos avalio a vantagem de se viver numa cidade grande.;✅ Certo. A vírgula pode ser omitida nesse contexto.
9. À noite, sou menos apática quando ele analisa minha pele.;✅ Certo. Vírgula marca pausa antes do sujeito.
10. À noite sou menos apática quando ele analisa minha pele.;✅ Certo. A ausência da vírgula não altera o sentido.
11. Às oito da manhã fui para a Estação da Luz.;✅ Certo. Adjuntos de tempo curtos dispensam vírgula.
12. Às oito da manhã, fui para a Estação da Luz.;✅ Certo. A vírgula pode ser usada por estilo.
13. Naquela mesma noite Camisão experimentou as primeiras cólicas.;✅ Certo. Frase correta, vírgula não obrigatória.
14. Naquela mesma noite, Camisão experimentou as primeiras cólicas.;✅ Certo. Uso estilístico da vírgula.
15. A 11 de janeiro de 1867 deixamos Miranda.;✅ Certo. Adjuntos longos não exigem vírgula obrigatória.
16. A 11 de janeiro de 1867, deixamos Miranda.;✅ Certo. Vírgula aceitável por ritmo e clareza.
17. Nessa mesma tarde, ouviu-se a cadência de patas.;✅ Certo. Vírgula marca pausa opcional.
18. Nessa mesma tarde ouviu-se a cadência de patas.;✅ Certo. Frase correta sem vírgula.
19. Depois, o vento continuou a soprar em silêncio.;✅ Certo. A vírgula após advérbio isolado é aceitável.
20. Depois o vento continuou a soprar em silêncio.;✅ Certo. Está correta, vírgula opcional.
21. De súbito deu-lhe um instinto feroz.;✅ Certo. Adjuntos de modo curtos não exigem vírgula.
22. De súbito, deu-lhe um instinto feroz.;✅ Certo. Vírgula marca ênfase.
23. Nessa época estava realmente no apogeu.;✅ Certo. Está gramaticalmente correto sem vírgula.
24. Nessa época, estava realmente no apogeu.;✅ Certo. A vírgula pode ser empregada por pausa.
25. Dias depois foi buscar o resultado.;✅ Certo. Adjuntos no início não exigem vírgula.
26. Dias depois, foi buscar o resultado.;✅ Certo. Vírgula possível por ênfase.
27. Então apagou tudo e recomeçou.;✅ Certo. Adjuntos curtos no início dispensam vírgula.
28. Então, apagou tudo e recomeçou.;✅ Certo. A vírgula pode ser usada com intenção estilística.
29. De repente lembrou-se da situação anterior.;✅ Certo. Frase clara sem vírgula.
30. De repente, lembrou-se da situação anterior.;✅ Certo. Vírgula possível, marca pausa enfática.
31. Às onze e meia entrou o bloco dos pierrôs vermelhos.;✅ Certo. A ausência da vírgula não prejudica a clareza.
32. Às onze e meia, entrou o bloco dos pierrôs vermelhos.;✅ Certo. Vírgula opcional para marcar pausa.
33. De luz apagada Amaro ficou debruçado à janela.;✅ Certo. Adjunto no início, vírgula dispensável.
34. De luz apagada, Amaro ficou debruçado à janela.;✅ Certo. Vírgula aceitável por clareza e ritmo.
35. E naquela noite não se falou mais no livro.;✅ Certo. Adjuntos adverbiais curtos não exigem vírgula.
36. E naquela noite, não se falou mais no livro.;✅ Certo. A vírgula pode ser usada com efeito de pausa.
37. Nesse instante, de trás do automóvel surgiu um vulto.;✅ Certo. A vírgula é obrigatória por separar dois adjuntos.
38. Na terça-feira 28, em visita à cidade de Rio Claro, Lula defendeu Quércia.;✅ Certo. A vírgula antes do segundo adjunto é obrigatória.
39. Em 2001, numa das lojas foi encontrado um maço de dinheiro.;✅ Certo. Vírgula entre dois adjuntos é recomendada.
40. Na vizinha Artigas, durante a reunião os mestres discutiam a segurança.;✅ Certo. Separação de dois adjuntos com vírgula é necessária.
. Rua Barão do Rio Branco, nº 340, ap. 10.;✅ Certo. A vírgula separa adequadamente os elementos do endereço.
2. Caixa Postal, 390.;"❌ Errado. Não se usa vírgula entre ""Caixa Postal"" e o número."
3. 80000-000, Maringá/PR.;❌ Errado. Não se usa vírgula entre o CEP e a cidade/estado.
4. Av. das Rendeiras, 10.;✅ Certo. A vírgula separa o nome da avenida do número.
5. 88000-000 Florianópolis/SC.;✅ Certo. Está na forma correta, sem vírgula entre CEP e cidade.
6. Ao Senhor Sebastião Silva.;✅ Certo. Não se usa vírgula nesse tipo de endereçamento formal.
7. Ao Senhor, Sebastião Silva.;❌ Errado. Não se intercala nome em endereçamento formal.
8. D. Maria Silva Rua Barão do Rio Branco nº 340.;❌ Errado. Faltam vírgulas nos elementos do endereço.
9. Biologia e matemática, segundo os analistas, são promissoras.;✅ Certo. Intercalação explicativa entre sujeito e verbo exige vírgulas.
10. Biologia e matemática segundo os analistas são promissoras.;❌ Errado. Falta isolamento da intercalação com vírgulas.
11. A aula do mestre, mais do que uma aula, foi um incentivo.;✅ Certo. A intercalação exige vírgulas.
12. A aula do mestre mais do que uma aula foi um incentivo.;❌ Errado. Ausência de vírgulas na intercalação prejudica a clareza.
13. Apesar das críticas, os momentos do espetáculo pertencem a Ney.;✅ Certo. Intercalação deslocada para o início com vírgula.
14. Os momentos do espetáculo pertencem a Ney, apesar das críticas.;✅ Certo. A intercalação deslocada ao final também deve ser marcada por vírgula.
15. Os momentos do espetáculo, apesar das críticas, pertencem a Ney.;✅ Certo. Intercalação no meio da frase exige duas vírgulas.
16. Segundo o art. 171, §1º, II, b, da CF, a conduta é criminosa.;✅ Certo. A intercalação com elementos legais é isolada por vírgulas.
17. O Dec. 2.284, art. 20, prevê tal medida.;✅ Certo. Ordem invertida exige vírgula entre os elementos.
18. O art. 20 do Dec. 2.284 prevê tal medida.;✅ Certo. Ordem lógica, sem necessidade de vírgula.
19. Conforme o §4º do art. 64 da Constituição, será convocado o eleito.;✅ Certo. Ordem do menor para o maior dispensa vírgula.
20. Conforme o art. 64, §4º, da Constituição, será convocado o eleito.;✅ Certo. Ordem invertida justifica o uso das vírgulas.
21. A Constituição, no art. 5º, garante direitos fundamentais.;✅ Certo. Expressão intercalada explicativa deve ser isolada.
22. A Constituição no art. 5º garante direitos fundamentais.;❌ Errado. Falta vírgula para isolar a intercalação.
23. O inciso II do art. 167 da Lei 6.015/73 trata da averbação.;✅ Certo. Ordem lógica, sem vírgula.
24. O art. 167, inciso II, da Lei 6.015/73 trata da averbação.;✅ Certo. Ordem invertida, vírgulas necessárias.
25. O art. 37 da Lei 8.245/91 dispõe sobre garantias locatícias.;✅ Certo. Ordem lógica, ligação feita por preposição, sem vírgulas.
26. O art. 8º, inciso I da Lei 9.784/99 trata de competência.;❌ Errado. Falta vírgula após “inciso I”.
27. O §2º do art. 10 da Lei 9.784/99 define os limites.;✅ Certo. Ordem correta e clara, sem vírgulas.
28. O inciso I, do art. 8º, da Lei 9.784/99 trata de competência.;❌ Errado. Há excesso de vírgulas.
29. A cláusula terceira do contrato prevê a devolução, inclusive com juros.;✅ Certo. Intercalação explicativa “inclusive com juros” pode ser isolada.
30. A cláusula terceira do contrato prevê, inclusive com juros, a devolução.;✅ Certo. Intercalação deslocada ao meio exige vírgulas.
31. A cláusula terceira do contrato, inclusive com juros, prevê a devolução.;✅ Certo. Intercalação explicativa bem pontuada.
32. O recurso foi interposto, por cautela, na instância superior.;✅ Certo. Expressão intercalada de valor modal.
33. O recurso foi interposto por cautela na instância superior.;✅ Certo. Sem vírgulas, mas também gramaticalmente válido.
34. Os documentos, todos em cópia, foram entregues ao juiz.;✅ Certo. Intercalação “todos em cópia” deve ser isolada.
35. Os documentos todos em cópia foram entregues ao juiz.;❌ Errado. Ausência de vírgulas na intercalação explicativa.
36. Os bens, penhorados anteriormente, já estavam indisponíveis.;✅ Certo. Intercalação explicativa isolada com vírgulas.
37. Os bens penhorados anteriormente já estavam indisponíveis.;"✅ Certo. Aqui, ""penhorados anteriormente"" é adjunto adnominal, sem vírgula."
38. O juiz, atento ao processo, proferiu a decisão.;✅ Certo. Intercalação adjetiva explicativa.
39. O juiz atento ao processo proferiu a decisão.;✅ Certo. “Atento ao processo” como adjunto adnominal dispensa vírgula.
40. O artigo 5º inciso II da Constituição garante liberdade.;❌ Errado. Ordem invertida e ausência de vírgulas.
Esta semana o partido tomou duas decisões, no mínimo, surrealistas.;❌ Errado. A expressão “no mínimo”, funcionando como advérbio de intensidade, não deve ser isolada por vírgulas.
2. Esta semana o partido tomou duas decisões no mínimo surrealistas.;✅ Certo. “No mínimo” atua como advérbio de intensidade e não deve ser entrecortado.
3. Chegaremos no mínimo às 22 horas.;✅ Certo. “No mínimo” com valor de limite inferior não exige vírgula.
4. Chegaremos, no mínimo, às 22 horas.;❌ Errado. A vírgula quebra desnecessariamente a fluidez da frase.
5. Espero que ele faça no mínimo três pontos.;✅ Certo. A locução não precisa ser isolada por vírgulas.
6. Espero que ele faça, no mínimo, três pontos.;❌ Errado. A vírgula só é justificada se houver ênfase especial.
7. Estamos à sua espera há pelo menos vinte minutos.;✅ Certo. “Pelo menos” não precisa de vírgula aqui.
8. Estamos à sua espera há, pelo menos, vinte minutos.;❌ Errado. A pontuação não é necessária nem natural.
9. Ela espera fazer pelo menos quatro pontos.;✅ Certo. A fluidez é melhor sem a vírgula.
10. Ela espera fazer, pelo menos, quatro pontos.;❌ Errado. A vírgula só caberia se “pelo menos” estivesse deslocado no fim da frase.
11. Causa no mínimo estranheza sua atitude.;✅ Certo. A expressão é integrada ao verbo.
12. Causa, no mínimo, estranheza sua atitude.;❌ Errado. A vírgula prejudica a fluidez normal da oração.
13. A inserção do artigo é, no mínimo, impertinente.;✅ Certo. Neste caso, a vírgula é usada para dar ênfase.
14. A inserção do artigo é no mínimo impertinente.;✅ Certo. Também aceitável, com tom mais direto.
15. Disse que a pesquisa vai demandar de dois meses, no mínimo, a quatro.;✅ Certo. A vírgula está correta por enfatizar a intercalação longe do verbo.
16. Ela espera fazer quatro pontos, pelo menos.;✅ Certo. “Pelo menos” no fim da frase pode vir separado por vírgula.
17. Só aceitamos o formulário original, ou seja, ele não pode ser xerocopiado.;✅ Certo. Expressão explicativa “ou seja” deve ser isolada por vírgulas.
18. Só aceitamos o formulário original ou seja ele não pode ser xerocopiado.;❌ Errado. Falta o isolamento com vírgulas da expressão explicativa.
19. O que sinto, isto sim, é um grande alívio.;✅ Certo. A expressão explicativa “isto sim” está corretamente isolada.
20. O que sinto isto sim é um grande alívio.;❌ Errado. A expressão deve ser isolada por vírgulas.
21. Evite os excessos, vale dizer, o estresse, o fumo e a bebida.;✅ Certo. A locução explicativa “vale dizer” está bem pontuada.
22. Evite os excessos vale dizer o estresse, o fumo e a bebida.;❌ Errado. Falta a pontuação explicativa.
23. Foi assim que a comédia, ou melhor, a tragédia começou.;✅ Certo. “Ou melhor” exige isolamento com vírgulas.
24. Foi assim que a comédia ou melhor a tragédia começou.;❌ Errado. Falta vírgula na locução corretiva.
25. O time conseguiu a terceira colocação, digo, a segunda.;✅ Certo. Expressão corretiva “digo” está corretamente isolada.
26. O time conseguiu a terceira colocação digo a segunda.;❌ Errado. “Digo” precisa ser isolado por vírgulas.
27. O que sinto é um grande alívio, isto sim.;✅ Certo. A expressão deslocada para o final requer apenas uma vírgula.
28. O que sinto é um grande alívio isto sim.;❌ Errado. “Isto sim” precisa ser separado com vírgula no final.
29. Os imigrantes estão se tornando cada vez mais cosmopolitas. Ou seja, o conceito de fronteiras está se diluindo.;✅ Certo. “Ou seja” no início da frase seguinte é introduzida por vírgula.
30. Os imigrantes estão se tornando cada vez mais cosmopolitas ou seja o conceito de fronteiras está se diluindo.;❌ Errado. “Ou seja” deve ser precedido de ponto ou vírgula.
31. A proposta é, pelo menos, interessante.;✅ Certo. A vírgula aqui pode ser usada para dar ênfase à expressão deslocada.
32. A proposta é pelo menos interessante.;✅ Certo. Forma mais direta, igualmente correta.
33. O relatório é, no mínimo, contraditório.;✅ Certo. A vírgula é usada por ênfase e está adequada.
34. O relatório é no mínimo contraditório.;✅ Certo. Também aceitável sem vírgulas.
35. A reunião durará de uma hora a duas, no máximo.;✅ Certo. “No máximo” no final da oração é corretamente separado.
36. A reunião durará de uma hora a duas no máximo.;✅ Certo. A vírgula é opcional, aqui usada para ênfase.
37. A atitude dele é pelo menos preocupante.;✅ Certo. “Pelo menos” atua como advérbio, sem necessidade de vírgula.
38. A atitude dele é, pelo menos, preocupante.;✅ Certo. A vírgula pode ser usada com finalidade enfática.
39. Foram, digamos, apressados demais.;✅ Certo. Intervenção explicativa isolada corretamente.
40. Foram digamos apressados demais.;❌ Errado. “Digamos” deve ser isolado com vírgulas por ser expressão explicativa.
Acorda Brasil!;"❌ Errado. O vocativo ""Brasil"" deve ser separado por vírgula: Acorda, Brasil!"
2. Acorda, Brasil!;✅ Certo. O vocativo “Brasil” está corretamente isolado.
3. Um instante maestro.;❌ Errado. O vocativo “maestro” deve ser isolado: Um instante, maestro.
4. Um instante, maestro.;✅ Certo. Vocativo corretamente pontuado.
5. Pessoal peço a sua atenção.;❌ Errado. O vocativo “Pessoal” deve ser isolado: Pessoal, peço a sua atenção.
6. Pessoal, peço a sua atenção.;✅ Certo. O vocativo está corretamente separado.
7. Olá Margarete.;❌ Errado. “Margarete” é vocativo e deve vir com vírgula: Olá, Margarete.
8. Olá, Margarete.;✅ Certo. Uso correto da vírgula com o vocativo.
9. Fala coração.;❌ Errado. O vocativo “coração” precisa de vírgula: Fala, coração.
10. Fala, coração.;✅ Certo. Vocativo isolado corretamente.
11. Confesso dona Maria que nunca vi bolo igual.;❌ Errado. O vocativo intercalado deve ser isolado por vírgulas: Confesso, dona Maria, que nunca vi bolo igual.
12. Confesso, dona Maria, que nunca vi bolo igual.;✅ Certo. As duas vírgulas isolam o vocativo intercalado.
13. Dona Maria a senhora pode me dar a receita?;❌ Errado. O vocativo “Dona Maria” deve vir separado: Dona Maria, a senhora pode me dar a receita?
14. Dona Maria, a senhora pode me dar a receita?;✅ Certo. Uso adequado da vírgula com vocativo no início.
15. Para menina cuidado.;❌ Errado. O vocativo “menina” precisa ser isolado: Para, menina, cuidado.
16. Para, menina, cuidado.;✅ Certo. As vírgulas separam corretamente o vocativo intercalado.
17. Amor vem cá.;❌ Errado. O vocativo “Amor” deve ser seguido de vírgula: Amor, vem cá.
18. Amor, vem cá.;✅ Certo. A vírgula marca o vocativo corretamente.
19. Vocês querem ficar quietas crianças?;❌ Errado. “Crianças” é vocativo e deve ser separado: Vocês querem ficar quietas, crianças?
20. Vocês querem ficar quietas, crianças?;✅ Certo. O vocativo está corretamente pontuado.
21. Você conhece a professora Estela?;✅ Certo. “Estela” é parte do nome da professora, não vocativo.
22. Você conhece a professora, Estela?;✅ Certo. Aqui “Estela” é vocativo, e a vírgula muda o sentido.
23. Ouça minha amiga.;❌ Errado. Se “minha amiga” for vocativo, deve haver vírgula: Ouça, minha amiga.
24. Ouça, minha amiga.;✅ Certo. O vocativo está corretamente separado.
25. Temos aqui um problema pessoal.;✅ Certo. “Pessoal” é adjetivo, não vocativo, neste contexto.
26. Temos aqui um problema, pessoal.;✅ Certo. Agora, “pessoal” é vocativo e está corretamente isolado.
27. A vida, o amor, a poesia são os temas tratados no livro.;✅ Certo. Enumeração separada corretamente por vírgulas.
28. A vida o amor a poesia são os temas tratados no livro.;❌ Errado. A enumeração deve ser separada por vírgulas.
29. Exaltou a vida, o amor, a poesia.;✅ Certo. Enumeração de objetos com vírgulas.
30. Discutem de noite, de dia, madrugada afora.;✅ Certo. Enumeração de adjuntos adverbiais separada corretamente.
31. Era feio magro baixo um horror.;❌ Errado. Enumeração de predicativos exige vírgula: Era feio, magro, baixo, um horror.
32. Era feio, magro, baixo, um horror.;✅ Certo. Uso adequado da vírgula em enumeração.
33. Espiou pela janela saiu voltou rapidinho.;❌ Errado. As orações devem ser separadas por vírgulas.
34. Espiou pela janela, saiu, voltou rapidinho.;✅ Certo. Enumeração de orações com vírgulas.
35. Ele cria faisões, galinhas e codornas.;✅ Certo. Com a conjunção “e”, não se usa vírgula antes dela.
36. Pedro, Paulo e Marcos são irmãos.;✅ Certo. Último elemento não recebe vírgula antes de “e”.
37. Não era feio, nem bonito.;❌ Errado. Com “nem”, a vírgula é desnecessária.
38. Não era feio nem bonito.;✅ Certo. “Nem” liga os termos e dispensa a vírgula.
39. Pique os temperos, coloque-os numa panela ou frigideira e deixe-os dourar.;✅ Certo. Vírgulas separam orações e a conjunção final não exige vírgula.
40. Nenhum trecho poderá ser reproduzido armazenado transmitido ou exibido.;❌ Errado. Falta vírgula na enumeração: reproduzido, armazenado, transmitido ou exibido.
Comprei bacalhau e atum em lata.;"✅ Certo. Enumeração simples com “e”; não se usa vírgula."
2. Comprei bacalhau, e atum em lata.;❌ Errado. Não se usa vírgula antes do “e” numa enumeração simples.
3. Comprei bacalhau, embora caro, e atum em lata.;✅ Certo. A vírgula isola a intercalação “embora caro”, não tem relação direta com o “e”.
4. Não vai dar certo ter um arrocho salarial, de um lado, e um esquema perverso de produção, de outro.;✅ Certo. As intercalações são corretamente isoladas por vírgulas.
5. Não vai dar certo ter um arrocho salarial e, de outro, um esquema perverso de produção.;❌ Errado. Faltou isolar também “de um lado”. Intercalações simétricas exigem vírgulas para ambas.
6. Comprei bacalhau, embora caro, e, como sempre, atum em lata.;✅ Certo. Ambas as intercalações (“embora caro” e “como sempre”) estão corretamente pontuadas.
7. Gostaria de ter uma caminhonete ou um jipe.;✅ Certo. Enumeração simples com “ou” dispensa vírgula.
8. Gostaria de ter uma caminhonete, se for possível, ou um jipe.;✅ Certo. Intercalação com vírgulas está correta.
9. Gostaria de ter uma caminhonete ou, na pior das hipóteses, um jipe.;✅ Certo. A intercalação está corretamente isolada.
10. A riqueza, a saúde, o prazer são coisas transitórias.;✅ Certo. Enumeração como sujeito composta corretamente pontuada.
11. A riqueza, a saúde, o prazer, são coisas transitórias.;❌ Errado. Não se usa vírgula antes do verbo em sujeito composto.
12. Pedro, João, Antônio saíram.;✅ Certo. Sujeito composto com enumeração corretamente pontuada.
13. Pedro, João, Antônio, saíram.;❌ Errado. A vírgula antes do verbo “saíram” é indevida.
14. Termo de convênio que entre si celebram o Estado de Santa Catarina, através da Secretaria da Fazenda, e a Fundação do Meio Ambiente.;✅ Certo. A vírgula fecha a intercalação “através da Secretaria...”.
15. Comprei peixe, fresco, e camarão.;❌ Errado. “Fresco” não é intercalação, mas um adjetivo. Não se usa vírgula.
16. Ele fala francês, e inglês fluentemente.;"❌ Errado. Não há intercalação; a vírgula é indevida."
17. Ele fala francês e inglês fluentemente.;✅ Certo. Enumeração simples com “e”.
18. Ela canta, e dança muito bem.;❌ Errado. A vírgula entre orações coordenadas com sujeitos iguais é desnecessária.
19. Ela canta e dança muito bem.;✅ Certo. O “e” liga verbos com o mesmo sujeito.
20. Cheguei, e fui direto ao quarto.;❌ Errado. A vírgula é dispensável se os sujeitos forem iguais.
21. Cheguei e fui direto ao quarto.;✅ Certo. Correta omissão da vírgula.
22. Ela chegou, e ele saiu logo depois.;"✅ Certo. Sujeitos diferentes; a vírgula é permitida."
23. O livro está caro e difícil de encontrar.;✅ Certo. Não há intercalação nem mudança de sujeito.
24. O livro está caro, e difícil de encontrar.;❌ Errado. A vírgula é desnecessária e cria pausa artificial.
25. Fui ao mercado e ao banco.;✅ Certo. Enumeração simples.
26. Fui ao mercado, e ao banco.;❌ Errado. Vírgula indevida antes do “e”.
27. Fui ao mercado, com muito esforço, e ao banco.;✅ Certo. A intercalação justifica a vírgula antes do “e”.
28. Fui ao mercado, e, com muito esforço, ao banco.;"❌ Errado. A intercalação está mal colocada; parece deslocada."
29. A sua fonte, a sua boca, o seu riso, as suas lágrimas enchem-lhe a voz de formas e de cores.;✅ Certo. Enumeração bem pontuada.
30. A sua fonte, a sua boca, o seu riso, as suas lágrimas, enchem-lhe a voz.;❌ Errado. Vírgula antes do verbo não é permitida nesse caso.
31. Eu o tratei, aliás, desde pequeno.;✅ Certo. A intercalação “aliás” está corretamente isolada.
32. Eu o tratei aliás desde pequeno.;❌ Errado. Faltam vírgulas para isolar a expressão intercalada.
33. O texto apresenta argumentos fortes e convincentes.;✅ Certo. Adjetivos ligados por “e” sem necessidade de vírgula.
34. O texto apresenta argumentos fortes, e convincentes.;❌ Errado. Vírgula indevida antes de “e”.
35. Ela comprou maçã, banana e pera.;✅ Certo. Enumeração correta.
36. Ela comprou maçã, banana, e pera.;❌ Errado. A vírgula antes do “e” é desnecessária em português.
37. A criança, segundo a mãe, e o pai estavam preocupados.;❌ Errado. Faltou fechar a intercalação e rever a estrutura.
38. A criança, segundo a mãe, e, segundo o pai, estava preocupada.;✅ Certo. Intercalações bem delimitadas.
39. Ele é simpático, gentil, educado, e carismático.;❌ Errado. A vírgula antes do “e” é supérflua.
40. Ele é simpático, gentil, educado e carismático.;✅ Certo. Enumeração final com “e”, sem vírgula.
". Pode haver vírgula antes do ""ou"" quando há ênfase ou retificação.";"✅ Certo. Exemplo: ""Ou ele vai, ou para, ou retrocede..."""
"2. Não se usa vírgula antes do ""ou"" em enumerações simples.";"✅ Certo. Exemplo: ""Você quer chá ou café?"""
"3. A vírgula pode destacar uma alternativa como intercalação junto com ""ou"".";"✅ Certo. Exemplo: ""O substantivo, ou seu substituto, deve vir em negrito."""
"4. ""Ou seja"" sempre vem sem vírgulas.";"❌ Errado. Geralmente ""ou seja"" vem isolado por vírgulas, pois é uma locução explicativa."
"5. Usa-se vírgulas antes e depois de ""ou seja"" para indicar explicação.";"✅ Certo. Exemplo: ""Ele é médico, ou seja, formado em medicina."""
"6. A conjunção ""nem"" nunca deve ser isolada por vírgulas.";"❌ Errado. ""Nem"" pode ser isolado por vírgulas em casos de repetição enfática."
"7. É correto usar vírgulas para isolar ""nem"" quando aparece repetida.";"✅ Certo. Exemplo: ""Não há barraca, nem toldo, nem guarda-sol aberto."""
"8. ""Bem como"" funciona igual a ""e"" e não é separado por vírgulas quando une sujeitos.";"✅ Certo. Exemplo: ""João bem como Maria foram almoçar."""
"9. ""Bem como"" pode ser isolado por vírgulas para dar ênfase.";"✅ Certo. Exemplo: ""Dom João VI, bem como seus súditos, desembarcou."""
"10. Quando ""bem como"" vem com a função de explicar ou ampliar, sempre é isolado por vírgulas.";✅ Certo.
"11. ""Assim como"" tem o mesmo uso de ""bem como"" e pode ser isolado por vírgulas para destaque.";"✅ Certo. Exemplo: ""A contestação, assim como a exceção, era tempestiva."""
"12. A vírgula antes de ""como"" no sentido de adição é obrigatória.";"❌ Errado. O uso da vírgula antes de ""como"" depende do contexto e da ênfase."
"13. Em ""Dom João VI, bem como seus súditos, desembarcou"", o verbo concorda com o primeiro sujeito.";"✅ Certo. O verbo fica no singular, concordando com ""Dom João VI""."
"14. Em ""Joinville, como Blumenau, é uma cidade florida"", as vírgulas isolam a comparação.";✅ Certo.
"15. A vírgula pode ser usada para destacar uma intercalação explicativa entre termos ligados por ""ou"".";✅ Certo.
"16. Em enumerações, a vírgula antes de ""ou"" é sempre proibida.";"❌ Errado. Pode ocorrer em intercalações, como em ""Gostaria de café, se possível, ou chá."""
"17. ""Nem"" repetido deve ser separado por vírgulas para ênfase.";✅ Certo.
"18. A conjunção ""nem"" isolada não pode ser seguida de vírgula.";✅ Certo.
"19. ""Bem como"" pode ligar sujeito composto e o verbo concorda com o segundo elemento.";❌ Errado. O verbo concorda normalmente com o primeiro sujeito.
"20. ""Assim como"" pode aparecer no início da frase isolado por vírgula.";✅ Certo.
"21. ""Ou"" no sentido de explicação pode ser precedido de vírgula.";"✅ Certo. Exemplo: ""A palavra ioga significa união da consciência individual, ou alma, com a Consciência Universal."""
"22. A vírgula é sempre obrigatória antes da conjunção ""ou"" em orações coordenadas.";❌ Errado. Só se usa em casos de intercalação ou ênfase.
"23. Em ""Nem o Oscar recebido, nem memoráveis interpretações"", as vírgulas estão corretas.";✅ Certo. Isolam os elementos repetidos para dar ênfase.
"24. A conjunção ""como"" no sentido de comparação deve sempre ser isolada por vírgulas.";❌ Errado. A isolação depende da função e posição na frase.
"25. Em ""Prometeu aceitá-la na riqueza como na pobreza"", não se usa vírgula.";✅ Certo. Não há intercalação nem necessidade de vírgula.
"26. A vírgula pode ser usada para destacar uma locução iniciada por ""bem como"" no meio da frase.";✅ Certo.
"27. É errado usar vírgula para isolar ""ou"" quando liga apenas dois elementos sem intercalação.";✅ Certo.
"28. A vírgula antes de ""nem"" pode ser usada para separar elementos de uma enumeração negativa.";✅ Certo.
"29. A vírgula antes de ""bem como"" nunca é usada.";❌ Errado. Pode ser usada para isolar a locução quando há destaque.
"30. ""Ou"" sempre tem valor disjuntivo e não explicativo.";❌ Errado. Pode ter valor explicativo, e nesse caso, a vírgula é usada.
"31. Em ""O substantivo, ou seu substituto, deve vir em negrito"", as vírgulas estão corretas.";✅ Certo. Isolam a intercalação explicativa.
"32. Vírgula antes do ""ou"" só é permitida quando a frase for longa.";❌ Errado. O comprimento da frase não determina o uso da vírgula.
"33. Em enumeração, vírgula antes de ""ou"" é facultativa.";❌ Errado. Geralmente é indevida, salvo casos de intercalação.
"34. Em ""Nem o Oscar recebido como diretor, nem memoráveis interpretações"", o uso das vírgulas é opcional.";❌ Errado. As vírgulas são necessárias para a repetição enfática.
"35. ""Assim como"" pode vir isolado por vírgulas no início ou no meio da frase para dar ênfase.";✅ Certo.
"36. A conjunção ""ou"" deve sempre estar sem vírgulas antes e depois.";❌ Errado. Pode ser isolada se houver intercalação.
"37. Vírgula antes do ""nem"" que liga termos negativos é obrigatória.";"❌ Errado. A vírgula antes do primeiro “nem” é facultativa; a repetição geralmente traz vírgulas."
"38. Em ""Nem o Oscar recebido, nem memoráveis interpretações"", a vírgula contribui para a clareza.";✅ Certo.
"39. Em enumeração simples, vírgula antes do ""ou"" e ""nem"" é desnecessária.";✅ Certo.
"40. As locuções ""bem como"" e ""assim como"" sempre devem ser isoladas por vírgulas.";❌ Errado. Só isoladas quando há ênfase ou intercalação.
É obrigatório usar vírgula entre milhar e centena em números por extenso.;❌ Errado. É facultativo, alguns gramáticos recomendam, outros não.
2. A vírgula pode indicar coordenação assindética em números por extenso.;"✅ Certo. Exemplo: ""vinte e dois mil, quinhentos e um""."
"3. Em números com zeros intermediários, usa-se sempre a conjunção ""e"".";"✅ Certo. Exemplo: ""mil e quatrocentos""."
"4. Em ""sessenta e dois mil quinhentos e quarenta"" não se usa vírgula depois de ""mil"".";✅ Certo. É a norma moderna mais aceita.
5. A vírgula deve sempre separar os milhares dos centenas em números extensos.;❌ Errado. É facultativo e não obrigatório.
"6. ""Quatro mil, quatrocentos e cinquenta e cinco"" está correto com vírgula.";✅ Certo. Uso facultativo, mas aceito.
"7. ""Quatro mil quatrocentos e cinquenta e cinco"" sem vírgula também está correto.";✅ Certo.
8. A vírgula nunca deve ser usada entre milhões e milhares em números por extenso.;❌ Errado. Pode ser usada para destacar a coordenação.
"9. ""Três trilhões, quatrocentos e quarenta bilhões"" com vírgula está correto.";✅ Certo.
10. A vírgula pode facilitar a compreensão em números muito grandes escritos por extenso.;✅ Certo.
"11. É incorreto usar vírgula depois de ""mil"" em qualquer contexto.";❌ Errado. Pode ser usada em textos antigos e formais.
12. A vírgula pode ser usada para separar grandes unidades numéricas para evitar confusão.;✅ Certo.
13. O uso da vírgula em números escritos por extenso é uma regra fixa da gramática normativa.;❌ Errado. É uma questão facultativa e estilística.
14. Em números com zeros intermediários, a vírgula pode ser dispensada.;"❌ Errado. Nestes casos, a conjunção ""e"" é obrigatória."
"15. ""Mil e quatrocentos"" é preferível a ""mil, quatrocentos"".";✅ Certo.
"16. A vírgula depois de ""mil"" pode criar ambiguidades na leitura.";✅ Certo. Por isso, seu uso é facultativo.
"17. Números pequenos como ""quatro mil e cinco"" não devem ter vírgula.";✅ Certo.
"18. ""Três bilhões, quatrocentos e quinze milhões"" pode ter vírgula.";✅ Certo.
"19. A vírgula sempre substitui a conjunção ""e"" em números.";"❌ Errado. A vírgula não substitui o ""e"", mas pode isolar elementos."
20. É aceitável não usar vírgula em números extensos, seguindo a norma moderna.;✅ Certo.
21. Em números por extenso, a vírgula nunca deve ser usada para separar milhares.;❌ Errado. Pode ser usada facultativamente.
22. Em textos técnicos, a vírgula é recomendada para separar unidades numéricas.;✅ Certo.
23. O uso da vírgula em números escritos por extenso está desaparecendo na norma atual.;✅ Certo.
24. É obrigatório o uso da vírgula entre milhões e milhares.;❌ Errado. É facultativo.
"25. ""Duzentos e noventa e três mil quinhentos e setenta e dois"" não usa vírgula.";✅ Certo.
26. A vírgula depois do milhar pode indicar uma pausa na leitura.;✅ Certo.
"27. Em ""quatrocentos e cinquenta e cinco mil"", a vírgula antes do mil é obrigatória.";❌ Errado. Não é obrigatória.
28. A vírgula pode ser usada para separar os termos em grandes números, ajudando a organizar a leitura.;✅ Certo.
29. O uso da vírgula em números por extenso é regra fixa e não permite exceções.;❌ Errado. É facultativo e depende do estilo.
"30. ""Mil e quatrocentos"" deve ser escrito com vírgula entre mil e quatrocentos.";"❌ Errado. Usa-se a conjunção ""e"" e não vírgula."
"31. Em números escritos por extenso, a vírgula substitui o ""e"" na ligação dos termos.";"❌ Errado. O ""e"" deve ser mantido entre centenas e unidades."
"32. É incorreto escrever ""vinte e dois mil, quinhentos e um"" com vírgula.";❌ Errado. O uso da vírgula é facultativo e aceitável.
"33. ""Três bilhões, quatrocentos e quinze milhões, setecentos e quarenta e um mil duzentos e dez"" é um uso correto da vírgula.";✅ Certo.
34. É recomendável usar vírgulas para facilitar a leitura de números muito extensos.;✅ Certo.
35. A vírgula pode ajudar a evitar confusões em números muito grandes.;✅ Certo.
"36. ""Quatro mil, cinco"" é uma forma correta de escrever o número.";"❌ Errado. Deve ser ""quatro mil e cinco""."
37. A vírgula é usada para separar milhões de milhares em alguns estilos de escrita.;✅ Certo.
"38. A conjunção ""e"" é indispensável para ligar centenas e unidades em números por extenso.";✅ Certo.
39. O uso da vírgula entre milhares e centenas é universalmente aceito.;❌ Errado. É controverso e facultativo.
40. Em textos formais antigos, o uso da vírgula entre milhar e centena é mais comum.;✅ Certo.
. A vírgula pode indicar a omissão deliberada de um verbo em uma frase.;✅ Certo. Ela marca o verbo subentendido para evitar repetição.
2. É correto suprimir o verbo repetido entre duas orações semelhantes usando vírgula.;"✅ Certo. Exemplo: ""Na feira compramos frutas, no supermercado café."""
3. Sempre que o verbo é omitido, a vírgula deve ser substituída por ponto e vírgula.;❌ Errado. Ponto e vírgula só é necessário para maior clareza ou evitar ambiguidade.
4. O uso do ponto e vírgula pode ser usado para separar orações com verbo subentendido para maior clareza.;"✅ Certo. Exemplo: ""Na feira compramos frutas; no supermercado, café."""
"5. Quando há uma conjunção ""e"" entre duas orações, a vírgula pode substituir o verbo omitido.";"✅ Certo. Exemplo: ""Coube ao ministro provar que as leis são aplicadas e os infratores, punidos."""
"6. A vírgula antes da conjunção ""e"" é sempre obrigatória quando há verbo subentendido.";❌ Errado. Pode ser usada ou não, depende do caso e do estilo.
"7. Em ""A aeronave foi isolada e os passageiros, impedidos"", a vírgula indica verbo subentendido.";✅ Certo.
8. A vírgula pode gerar ambiguidade quando usada incorretamente para substituir o verbo.;✅ Certo. Por isso deve ser usada com cuidado.
"9. ""Com ela conversei uma vez, com o marido várias vezes"" é uma construção correta para evitar repetição do verbo.";✅ Certo.
10. A vírgula não pode ser usada para marcar zeugma (omissão do verbo).;❌ Errado. Pode ser usada para esse fim, mas nem sempre é recomendada.
11. É correto usar ponto e vírgula para separar orações com verbo omitido para clareza.;✅ Certo.
12. A vírgula é dispensável quando as orações são curtas e claras, mesmo com verbo subentendido.;✅ Certo.
"13. A vírgula deve ser usada antes do ""e"" em orações coordenadas com verbo omitido.";Depende. Pode ser usada para dar clareza, mas não é regra obrigatória.
"14. A frase ""O colégio compareceu fardado; a diretoria, de casaca"" usa vírgula para omissão do verbo.";✅ Certo.
15. Quando o verbo é suprimido, deve-se sempre repetir o sujeito para evitar ambiguidades.;❌ Errado. Pode-se omitir sujeito e verbo se contexto permitir.
16. A vírgula pode separar o sujeito do verbo em orações com verbo omitido.;✅ Certo, para indicar a supressão do verbo.
"17. Em orações com verbo subentendido ligadas por ""e"", não se pode usar vírgula antes da conjunção.";"❌ Errado. Pode-se usar vírgula antes do ""e"" para destacar a omissão."
18. A vírgula é usada para separar orações em casos de zeugma para evitar repetição.;✅ Certo.
19. O uso da vírgula no lugar do verbo omitido é obrigatório para dar clareza.;❌ Errado. É facultativo, mas recomendável quando há risco de ambiguidade.
20. A vírgula pode ser usada para destacar a intercalação numa frase com verbo subentendido.;✅ Certo.
21. A vírgula nunca deve separar sujeito e predicado, mesmo em verbo omitido.;❌ Errado. Pode ocorrer para indicar omissão do verbo.
"22. A vírgula antes da conjunção ""e"" em frases com verbo subentendido é um recurso estilístico.";✅ Certo.
"23. Em ""O carro popular fica mais caro, e o de luxo mais barato"", a vírgula antes do ""e"" é correta.";✅ Certo.
"24. A vírgula pode ser dispensada em orações curtas com verbo subentendido e ""e"".";✅ Certo.
25. O uso da vírgula para suprimir verbo repetido é chamado de zeugma.;✅ Certo.
"26. ""Coube ao ministro provar que no Brasil as leis são aplicadas e os infratores punidos"" está correto sem vírgula.";✅ Certo.
27. A vírgula pode causar confusão quando usada indevidamente para substituir verbo.;✅ Certo.
28. Em orações com verbo omitido, o uso do ponto e vírgula é preferível para separar orações.;Depende do grau de complexidade e clareza desejada.
29. O verbo subentendido sempre deve ser claramente identificável para que a vírgula seja usada.;✅ Certo.
30. A vírgula pode ser usada para omitir verbo mesmo quando há sujeitos diferentes nas orações.;✅ Certo, desde que o sentido esteja claro.
31. A vírgula substitui o verbo omitido apenas em orações coordenadas sindéticas.;❌ Errado. Também pode ocorrer em assindéticas.
32. O ponto e vírgula nunca deve ser usado em orações com verbo omitido.;❌ Errado. É recomendado para maior clareza.
33. A vírgula pode indicar omissão de verbo, mas isso não é considerado um erro gramatical.;✅ Certo.
34. O verbo subentendido deve estar no mesmo tempo e modo que o verbo expresso.;✅ Certo.
"35. É incorreto usar vírgula antes do ""e"" quando as orações têm verbo omitido.";❌ Errado. Pode ser correto para dar clareza.
"36. ""A tevê confere visibilidade; o teatro, prestígio"" usa vírgula para marcar verbo subentendido.";✅ Certo.
37. Em casos de verbo subentendido, é melhor repetir o verbo para evitar vírgula.;Depende do contexto e da clareza que se deseja.
38. A vírgula antes do sujeito na oração seguinte pode indicar verbo omitido.;✅ Certo.
"39. ""Com ela conversei uma vez; com o marido, várias vezes"" está correto com ponto e vírgula.";✅ Certo.
40. O uso da vírgula para verbo subentendido deve ser sempre evitado.;❌ Errado. É um recurso estilístico válido quando bem aplicado.
Deve-se isolar o nome próprio por vírgulas quando ele explica um cargo único na frase.;"✅ Certo. Exemplo: ""A presidente da República, Dilma Roussef, acredita..."""
2. Nomes próprios que especificam uma situação única podem vir entre vírgulas no meio da frase.;✅ Certo.
3. O nome próprio que aparece no final da frase sempre deve vir isolado por vírgula.;✅ Certo.
4. Nomes próprios que explicam papéis familiares (pai, mãe, marido) podem ser isolados por vírgulas.;✅ Certo.
5. Quando o nome próprio de uma pessoa não é único, ele deve ser isolado por vírgulas.;❌ Errado. Não se usa vírgulas para nomes não únicos.
6. Filho único deve ser isolado por vírgulas.;"✅ Certo. Exemplo: ""Deixou herança para seu filho, Jorge Henrique."""
7. Se há mais de um filho, não se usa vírgulas para isolar o nome.;✅ Certo.
8. O uso da vírgula em nomes próprios depende se a pessoa é única na situação.;✅ Certo.
9. Nomes próprios que indicam ex-cargos (ex-governador, ex-presidente) são isolados por vírgulas.;❌ Errado. São especificativos e não isolados.
10. Quando se fala de um dentre vários da mesma categoria, o nome próprio não deve vir entre vírgulas.;✅ Certo.
11. Nomes de cargos múltiplos (diretor, professor, ator) não devem ser isolados por vírgulas.;✅ Certo.
12. No exemplo “O ex-presidente do Brasil Fernando Henrique Cardoso”, o nome não é isolado por vírgulas.;✅ Certo.
13. “O economista César Thomé Júnior” deve vir com vírgulas.;❌ Errado. É especificativo, sem vírgulas.
14. O isolamento por vírgulas serve para aposto explicativo.;✅ Certo.
15. A vírgula não deve ser usada para separar nomes próprios em aposto especificativo.;✅ Certo.
16. “A governadora do Rio, Rosinha Garotinho, tomou medidas” está correta.;✅ Certo.
17. “Os atores da Globo Hugo Grossi e Andreia Silva foram vítimas” está correta.;✅ Certo, sem vírgulas porque há mais de um ator.
18. Quando há mais de um filho, os nomes próprios devem vir isolados por vírgulas.;❌ Errado. Não se usa vírgula nesse caso.
19. “Tinha amizade com Lula e sua mulher, Marisa” está correta.;✅ Certo, pois “Marisa” é aposto explicativo.
20. “O fundador de Jaraguá do Sul, Emílio Carlos Jourdan, morreu...” está correta.;✅ Certo.
21. “O homem mais rico do planeta, Tom X, foi sequestrado” está correta.;✅ Certo.
22. “Discutiram o best-seller de Jorge Amado Dona Flor e seus dois maridos...” deve isolar “Dr. Teodoro Madureira” por vírgulas.;✅ Certo.
23. Se o nome próprio for único na situação, deve ser isolado por vírgulas.;✅ Certo.
24. “O então ministro da Cultura, Gilberto Gil, visitou...” está correta com vírgulas.;✅ Certo.
25. Nomes próprios nunca são isolados por vírgulas quando se referem a mais de uma pessoa da mesma categoria.;✅ Certo.
26. “Parte da herança ficou com seu filho João Elias” está correta, sem vírgula.;✅ Certo.
27. “Vera Fischer e sua filha, Rafaela, aparecem na foto” está correta com vírgulas.;✅ Certo.
28. “O jornal publicou entrevista com o filho de Celso Pessoa, Manuel” está correta com vírgula.;✅ Certo.
"29. “Ramil foi campeão; seus irmãos Samuel e Sandra ganharam medalha” não usa vírgulas para os nomes dos irmãos.";✅ Certo.
30. Nomes de pessoas que exercem cargos únicos na frase são tratados como apostos explicativos.;✅ Certo.
31. O nome próprio sempre vem entre vírgulas quando estiver no início da frase.;❌ Errado. O isolamento depende da função na frase.
32. “O ex-governador Franco Montoro foi nomeado” não usa vírgula para isolar o nome.;✅ Certo.
33. Nomes próprios que indicam cargos únicos são considerados apostos explicativos.;✅ Certo.
34. A vírgula pode ser usada para isolar nomes próprios que esclarecem uma função ou situação.;✅ Certo.
35. “Os candidatos a vereador Tobias Sailor e Tadeu Pilli” está correta sem vírgulas.;✅ Certo.
36. “Coronel russo revela que o ex-líder Michael Foot era agente do KGB” não isola o nome por vírgula.;✅ Certo.
37. “O professor da USP Roseli Baunel” não leva vírgula para isolar o nome.;✅ Certo.
38. O nome próprio pode vir isolado por vírgulas no meio da frase quando for único.;✅ Certo.
39. “Apresentou-se a meu pai, Alexandre Queiroz” está correta com vírgula.;✅ Certo.
40. Em casos de irmãos ou filhos, o uso da vírgula depende se há um ou vários.;✅ Certo.
"Deve-se usar vírgula antes do ""e"" quando ele liga orações coordenadas com sujeitos diferentes.";"✅ Certo. Exemplo: ""A guerra mata os filhos, e as mães choram..."""
"2. Quando as orações coordenadas têm o mesmo sujeito, não se deve usar vírgula antes do ""e"".";✅ Certo.
"3. A vírgula antes do ""e"" pode ser usada para dar ênfase, mesmo com sujeito igual.";✅ Certo.
"4. Na linguagem jornalística, é comum o uso da vírgula antes do ""e"".";❌ Errado. Na linguagem jornalística, raramente se usa.
"5. A vírgula antes do ""e"" evita ambiguidade e facilita a leitura.";✅ Certo.
"6. Não há necessidade da vírgula antes do ""e"" quando as orações são curtas e claras.";✅ Certo.
"7. Exemplo correto sem vírgula: ""Fomos pegos despreparados e as consequências foram graves.""";✅ Certo.
"8. A vírgula pode indicar mudança de sentido na frase antes do ""e"".";✅ Certo.
"9. A vírgula antes do ""e"" é obrigatória em todas as orações coordenadas.";❌ Errado. Só quando os sujeitos forem diferentes ou para ênfase.
"10. O uso da vírgula antes do ""e"" pode ser opcional em alguns casos.";✅ Certo.
"11. A vírgula antes do ""e"" não pode ser substituída por ponto e vírgula.";❌ Errado. Pode haver casos para ponto e vírgula.
"12. O uso da vírgula antes do ""e"" pode indicar pausa enfática na leitura.";✅ Certo.
13. A vírgula nunca deve ser usada para separar orações com o mesmo sujeito.;❌ Errado. Pode ser usada para ênfase.
14. A vírgula pode ser usada para destacar orações aditivas entre vírgulas, como travessões.;✅ Certo.
"15. Exemplo: ""Esse procedimento, quando respaldado em lei, e conduzido eticamente, não afronta..."" está correto.";✅ Certo.
"16. A vírgula deve sempre ser usada antes do ""e"" em orações coordenadas.";❌ Errado. Uso depende do sujeito e da ênfase.
"17. Em frases longas e complexas, a vírgula antes do ""e"" ajuda a evitar confusão.";✅ Certo.
"18. Exemplo correto: ""Nosso nascimento como nação não resultou de guerra ou revolução, e já estava implícito...""";✅ Certo.
"19. ""Comecei a fazer prece para soldados judeus que estavam sendo mortos naquele momento, e também para soldados egípcios."" está correto.";✅ Certo.
"20. Vírgula antes do ""e"" nunca altera o sentido da frase.";❌ Errado. Pode alterar o ritmo e a clareza.
"21. Quando o sujeito muda entre orações, a vírgula antes do ""e"" é recomendada.";✅ Certo.
22. Quando o sujeito é o mesmo e não há ênfase, a vírgula deve ser evitada.;✅ Certo.
23. Na frase “Disse-lhe mil desaforos, e mais teria dito...”, a vírgula antes do “e” é opcional.;✅ Certo, usada para ênfase.
"24. A vírgula antes do ""e"" pode ser substituída por ponto e vírgula para maior clareza.";✅ Certo.
25. “A cotação chegou a R$ 0,92 e quem apostou sofreu prejuízos” está correta sem vírgula.;✅ Certo.
26. “As 17 horas encerramos atividades, e o servente fechou o caixa” está correta com vírgula.;✅ Certo, sujeitos diferentes.
27. A vírgula antes do “e” é obrigatória em todos os textos formais.;❌ Errado. Uso é estilístico e contextual.
28. Em frases com sujeito idêntico e sem necessidade de ênfase, a vírgula antes do “e” deve ser evitada.;✅ Certo.
29. “Cometemos equívocos com nós mesmos, e jogamos fora boa parte da energia” está correta com vírgula.;✅ Certo, para ênfase.
30. Em linguagem coloquial, evitar a vírgula antes do “e” é a regra mais comum.;✅ Certo.
31. A vírgula antes do “e” sempre torna a frase mais clara.;❌ Errado. Às vezes atrapalha a fluidez.
32. A vírgula antes do “e” ajuda a evitar ambiguidade em frases complexas.;✅ Certo.
33. A vírgula pode ser usada antes do “e” quando a oração seguinte é uma oração aditiva entre vírgulas.;✅ Certo.
34. Exemplo: “Cumprimentando V. Exa., e tendo em vista o parecer...” está correto com vírgula.;✅ Certo.
35. A vírgula antes do “e” pode separar orações quando há alteração no sujeito e na ideia.;✅ Certo.
36. Em orações coordenadas sindéticas com “e”, a vírgula nunca pode separar os termos.;❌ Errado. Pode separar quando há mudança de sujeito ou ênfase.
37. “A mudança se exprime através de tensões graves, e destruições de toda ordem a acompanham” deve ter vírgula antes do “e”.;✅ Certo, sujeitos diferentes.
38. “Não há diferença entre culpa leve e grave e a doutrina pouco tem se ocupado” está correta sem vírgula.;✅ Certo, sujeitos iguais.
39. A vírgula pode destacar a oração aditiva para dar ritmo diferente ao texto.;✅ Certo.
40. A vírgula antes do “e” é sempre opcional, independente do contexto.;❌ Errado. Depende da clareza, sujeito e ênfase.
"A conjunção ""mas"" sempre vem precedida de vírgula quando inicia uma oração coordenada adversativa.";"✅ Certo. Exemplo: ""Não sei o que houve, mas acho que..."""
"2. A vírgula pode aparecer antes de ""mas"" mesmo após ponto e vírgula.";"✅ Certo. Exemplo: ""Não acho que dê errado; mas consultarei..."""
"3. Pode-se usar ponto antes de ""mas"" quando a oração inicia um novo período.";"✅ Certo. Exemplo: ""Foi criticada. Mas foi um sucesso."""
"4. É correto usar vírgula logo após a conjunção ""mas"".";"❌ Errado. A vírgula não deve vir depois de ""mas"", exceto em intercalações."
"5. Quando ""mas"" liga expressões dentro da mesma oração, não se usa vírgula antes dele.";"✅ Certo. Exemplo: ""Sou pobre mas feliz."""
"6. A conjunção ""mas"" pode ligar termos que não contêm verbo, funcionando como conectivo simples.";"✅ Certo. Exemplo: ""Casa antiga mas limpa."""
"7. A vírgula antes do ""mas"" pode ser omitida quando as orações têm o mesmo sujeito.";✅ Certo.
"8. Quando as orações têm sujeitos diferentes, a vírgula antes do ""mas"" deve sempre ser usada.";❌ Errado. Pode-se omitir a vírgula para ligação breve e menos enfática.
"9. ""Ele diz ter ideias mas só externa preconceitos."" está correto sem vírgula antes do ""mas"".";✅ Certo. Sujeito igual, ligação curta.
"10. ""Sou pobre, mas feliz."" está correto com vírgula antes do ""mas"".";❌ Errado. Neste caso, não se usa vírgula.
"11. A conjunção ""mas"" nunca pode iniciar uma frase.";❌ Errado. Pode iniciar frase, com pontuação anterior correta.
"12. A vírgula antes do ""mas"" é usada para indicar oposição entre ideias.";✅ Certo.
"13. Depois de ponto, ""mas"" pode iniciar uma nova frase para destacar oposição.";✅ Certo.
"14. É correto escrever ""Mas, como se vê, faz sucesso."" com vírgulas após ""mas"" para intercalação.";✅ Certo.
"15. ""Mas, por via das dúvidas, não guarde a carteira no bolso."" está correto com vírgulas após ""mas"".";✅ Certo.
"16. Quando ""mas"" liga expressões do mesmo valor, deve vir com vírgula antes.";❌ Errado. Não se usa vírgula.
"17. ""Esperava que confessasse não um pecado, mas uma infâmia."" está correto.";✅ Certo.
"18. ""Podes alugar uma casa antiga, mas limpa."" está correto com vírgula.";❌ Errado. Não se usa vírgula quando liga termos.
"19. A conjunção ""porém"" tem comportamento semelhante ao ""mas"" em relação à vírgula.";"✅ Certo. Exemplo: ""Feio porém inteligente."""
"20. A vírgula pode ser usada antes do ""mas"" quando se quer dar ênfase à oposição.";✅ Certo.
"21. ""Os véus se romperam mas os costumes se mantiveram."" está correto sem vírgula.";✅ Certo.
"22. A vírgula antes de ""mas"" nunca pode ser omitida.";❌ Errado. Pode ser omitida em orações curtas e mesmo sujeito.
"23. ""O assunto não tem nada de novo. Mas quando um pai vai à TV, é triste."" está correto.";✅ Certo.
"24. Quando ""mas"" inicia oração seguida de conjunção subordinativa, a vírgula é obrigatória antes dela.";✅ Certo.
"25. ""Mas quando me vi sem saber, bateu o desespero."" está correto.";✅ Certo.
"26. É errado usar ponto e vírgula antes do ""mas"".";"❌ Errado. Pode ser usado, como em ""Não acho errado; mas consultarei..."""
"27. A vírgula é proibida entre orações ligadas por ""mas"" com sujeito diferente.";❌ Errado. Geralmente usa-se vírgula, mas pode ser omitida para ligação breve.
"28. ""Ele trabalha muito, mas nunca está satisfeito."" está correto com vírgula antes do ""mas"".";✅ Certo.
"29. A vírgula deve ser usada para separar ""mas"" do restante da oração quando for intercalação.";✅ Certo.
"30. ""Compro livros editados ou não no Brasil mas quero que tenham o país como tema."" está incorreto sem vírgula.";"✅ Certo. Deve haver vírgula antes do ""mas""."
"31. A conjunção ""mas"" pode ser usada para ligar termos dentro de uma oração sem verbo.";✅ Certo.
"32. A vírgula antes do ""mas"" pode ser dispensada em linguagem informal.";✅ Certo.
"33. ""Você trabalha e corre, mas nunca lembra de mim."" está correto com vírgula.";✅ Certo.
"34. O uso da vírgula antes do ""mas"" em frases com sujeitos diferentes é regra tradicional.";✅ Certo.
35. A vírgula é dispensável quando se quer indicar uma oposição rápida e leve.;✅ Certo.
"36. Em todos os casos, o ""mas"" deve ser separado por vírgula à esquerda.";❌ Errado. Existem exceções em que não se usa vírgula.
"37. ""Decisão formalmente justa mas na realidade injusta."" está correto sem vírgula.";✅ Certo. Liga termos, não orações.
"38. O uso da vírgula antes do ""mas"" é obrigatório quando a oração tem sujeito diferente e é longa.";✅ Certo.
"39. ""Mas"" pode ligar duas orações, mesmo que a segunda comece com uma conjunção subordinativa.";✅ Certo.
"40. O uso da vírgula depois de ""mas"" é comum e necessário.";"❌ Errado. A vírgula depois de ""mas"" só ocorre em intercalações."
"A locução ""e sim"" tem o mesmo valor adversativo que ""mas"".";"✅ Certo. Equivale a ""mas"" em oposição."
"2. O ""sim"" na locução ""e sim"" deve ser separado por vírgulas.";"❌ Errado. ""E sim"" forma uma unidade e não se separa com vírgulas entre as palavras."
"3. A vírgula que pode aparecer antes de ""e sim"" é a que antecede a locução.";"✅ Certo. Exemplo: ""...fábrica, e sim o da facção."""
"4. ""Mas sim"" funciona como reforço da adversidade, e não se separa com vírgula entre as palavras.";✅ Certo.
"5. A vírgula é obrigatória antes de ""mas sim"".";"✅ Certo. Como em ""não é descobrimento, mas sim chegada."""
"6. A locução ""e não"" pode ter vírgula depois do ""não"".";"❌ Errado. A vírgula não é colocada dentro da locução; a vírgula é antes, se necessária."
"7. ""E não"" tem valor optativo e pode ser omitida sem alterar o sentido.";"❌ Errado. ""E não"" é usado para negar enfaticamente, não é optativo."
"8. Em ""ator e não espectador"", não há vírgula antes de ""e não"".";✅ Certo. Não se usa vírgula antes da locução quando está no meio da frase e sem pausa.
"9. A locução ""e sim"" sempre substitui o ""mas"" em oposição.";✅ Certo.
"10. ""E sim"" pode ser usado no início da frase isoladamente.";❌ Errado. Geralmente vem após uma vírgula, ligando ideias contrastantes.
"11. A vírgula antes de ""e não"" pode separar termos em uma enumeração.";"✅ Certo. Exemplo: ""pássaro e não paisagem."" (não se usa vírgula dentro da locução)."
"12. ""E sim"" pode ser destacado entre vírgulas como uma intercalação.";❌ Errado. A locução é indivisível, não se separa com vírgulas internas.
"13. ""Mas sim"" pode ser precedido por ponto e vírgula, como ""mas"".";✅ Certo. Pode vir após pontuação que indica pausa.
"14. ""E não"" é usado para negar duas ideias em sequência.";✅ Certo.
"15. A locução ""mas sim"" pode ter vírgula depois do ""sim"".";❌ Errado. A vírgula não deve dividir a locução.
"16. ""E sim"" e ""mas sim"" são sinônimos perfeitos e intercambiáveis.";✅ Certo. Ambas indicam oposição ou correção.
"17. Em ""não se deve falar em descobrimento do Brasil, mas sim em chegada"", a vírgula está correta antes de ""mas sim"".";✅ Certo.
"18. A vírgula pode ser usada dentro da locução ""e não"" para dar ênfase.";❌ Errado. Não se usa vírgula dentro da locução.
"19. ""E não"" pode ligar termos negativos com valor afirmativo depois.";"✅ Certo. Exemplo: ""Quando se é piloto e não passageiro."""
"20. A vírgula antes de ""e sim"" é uma regra tradicional na língua portuguesa.";✅ Certo. A vírgula antes ajuda a destacar a oposição no discurso.
"A conjunção ""mas"" indica oposição com menos ênfase que ""porém"".";"✅ Certo. ""Mas"" é mais leve que ""porém"" e outras adversativas."
"2. ""Porém"" pode iniciar uma oração coordenada adversativa.";✅ Certo. Pode vir no início, com pontuação adequada antes.
"3. Quando ""porém"" inicia uma oração, pode ser precedida por vírgula.";❌ Errado. Deve ser precedida por ponto e vírgula ou ponto final, para indicar pausa forte.
"4. ""Todavia"" pode vir intercalada entre vírgulas no meio da oração.";"✅ Certo. Exemplo: ""Temia, todavia, que..."""
"5. ""No entanto"" sempre aparece isolado, sem pontuação antes.";❌ Errado. Geralmente vem após ponto e vírgula ou ponto quando inicia oração.
"6. ""Contudo"" pode ser usado no final da oração, separado por vírgula.";"✅ Certo. Exemplo: ""Aceitou a herança, contudo."""
"7. É correto usar ponto e vírgula antes de ""contudo"" para indicar pausa.";✅ Certo. Facilita a pausa e clareza no texto.
"8. ""Porém"" pode ser usado sem vírgulas quando inicia a oração.";❌ Errado. Normalmente exige pontuação forte antes para indicar pausa.
9. A vírgula é obrigatória para separar a conjunção adversativa intercalada.;✅ Certo. Deve vir entre vírgulas para indicar intercalação.
"10. ""Entretanto"" pode aparecer no meio da oração entre vírgulas.";"✅ Certo. Exemplo: ""Gostava, entretanto, de chimarrão."""
"11. ""Todavia"" pode iniciar oração logo após ponto final.";✅ Certo.
"12. A conjunção ""mas"" pode iniciar oração com ponto e vírgula anterior.";"❌ Errado. ""Mas"" normalmente vem após vírgula, não ponto e vírgula ou ponto."
13. Quando adversativas iniciam a oração, podem ser precedidas por ponto.;✅ Certo. Para marcar pausa maior e evitar confusão.
"14. É correto separar ""porém"" por vírgula no final da oração.";"✅ Certo. Exemplo: ""Nunca gostei de chá-mate, porém."""
"15. A conjunção ""porém"" pode ser usada para substituir ""mas"".";✅ Certo. Ambas indicam oposição, embora com intensidade diferente.
"16. ""Contudo"" e ""todavia"" são sinônimos exatos.";✅ Certo. São intercambiáveis em geral contextos.
"17. Não se deve usar vírgula antes de ""mas"" em oração coordenada.";"❌ Errado. Geralmente usa-se vírgula antes de ""mas""."
"18. ""No entanto"" pode aparecer intercalado entre vírgulas.";✅ Certo.
19. As conjunções adversativas podem aparecer no fim da oração.;"✅ Certo. Exemplo: ""Ele aceitou, no entanto."""
20. Ponto e vírgula antes da conjunção adversativa indica pausa forte.;✅ Certo.
"21. A vírgula entre duas orações coordenadas com ""e"" é obrigatória.";❌ Errado. Só quando há sujeitos diferentes.
"22. ""Porém"" no meio da oração deve sempre ser isolado por vírgulas.";✅ Certo. Indica intercalação.
"23. ""Todavia"" é mais formal que ""mas"".";✅ Certo. Usado mais na escrita formal.
"24. ""No entanto"" pode substituir ""porém"" em linguagem formal.";✅ Certo.
"25. É errado usar ponto antes de ""porém"" no início da oração.";❌ Errado. É comum e correto para indicar pausa forte.
"26. A conjunção ""mas"" pode aparecer no início da oração com ponto e vírgula anterior.";"❌ Errado. ""Mas"" normalmente vem após vírgula."
"27. ""Contudo"" nunca aparece no início da oração.";❌ Errado. Pode iniciar oração após ponto ou ponto e vírgula.
"28. A conjunção adversativa ""porém"" exige sempre vírgula depois dela.";❌ Errado. Quando inicia oração, vírgula é antes, não depois.
"29. ""Entretanto"" pode ser usada em discurso coloquial.";✅ Certo. Embora seja mais formal, pode aparecer em linguagem oral.
"30. ""Todavia"" no final da oração deve ser separada por vírgula.";✅ Certo.
Conjunções conclusivas como logo e portanto costumam iniciar a oração.;✅ Certo. Normalmente vêm no início da oração, marcando conclusão.
2. Depois da conjunção conclusiva que inicia a oração, deve haver sempre vírgula.;"✅ Certo. Exemplo: ""Logo, quero silêncio."""
3. Antes da conjunção conclusiva que inicia oração, pode haver ponto final ou vírgula.;✅ Certo. Pode ser ponto final, ponto e vírgula ou vírgula dependendo do contexto.
4. Se a oração anterior termina com vírgula, não se usa vírgula após a conjunção.;"✅ Certo. Para evitar intercalação, ex: ""Ele está meditando, logo não quer barulho."""
"5. ""Por isso"" e ""por conseguinte"" são conjunções conclusivas.";✅ Certo. São sinônimos e expressam conclusão.
6. Conjunções conclusivas nunca podem aparecer intercaladas no meio da oração.;"❌ Errado. Podem aparecer intercaladas entre vírgulas, ex: ""A princípio, portanto, não há planos."""
"7. A conjunção ""pois"" pode ser conclusiva e vem sempre antes do verbo.";"❌ Errado. ""Pois"" conclusivo é posposto ao verbo, entre vírgulas."
"8. Exemplo correto: ""Estou lendo; não quero, pois, que me interrompam.""";"✅ Certo. Uso correto do ""pois"" conclusivo intercalado."
"9. ""Então"" pode ser sinônimo de ""pois"" em sentido conclusivo.";"✅ Certo. ""Então"" funciona como conjunção conclusiva, sinônima de ""pois""."
10. Quando a oração anterior termina com ponto e vírgula, a conjunção conclusiva deve começar com vírgula.;"✅ Certo. Exemplo: ""Está errado; portanto, refaça o exercício."""
11. O uso da vírgula após conjunções conclusivas no meio da oração é obrigatório.;❌ Errado. A vírgula é facultativa em alguns casos, conforme o ritmo e ênfase.
"12. ""Logo"" nunca pode ser usado no meio da oração.";❌ Errado. Pode aparecer no meio, mas é mais comum no início.
"13. ""Por isso"" sempre é separado por vírgula.";❌ Errado. Depende da posição na oração e da pausa desejada.
14. Conjunções conclusivas ligam orações coordenadas com ideia de causa.;❌ Errado. Elas ligam orações coordenadas com ideia de conclusão, não causa.
"15. Conjunções explicativas como ""porque"" indicam conclusão.";❌ Errado. Indicam explicação ou causa.
"16. É correto: ""Está tudo errado, portanto, refaça o exercício.""";"❌ Errado. Nesse caso, não se usa vírgula depois de ""portanto"" se a oração anterior termina com vírgula."
"17. Conjunção ""pois"" pode ser usada no início da oração com sentido explicativo.";"✅ Certo. Exemplo: ""Pois não entendi, perguntei novamente."""
"18. O ""pois"" explicativo vem sempre no início da oração.";✅ Certo. Geralmente inicia oração explicativa.
19. As conjunções conclusivas são uma subcategoria das coordenativas.;✅ Certo. Elas ligam orações coordenadas com relação de conclusão.
"20. Conjunções como ""assim"" e ""portanto"" indicam conclusão de ideia.";✅ Certo.
"21. ""Logo"" é uma conjunção conclusiva que nunca exige vírgula antes.";❌ Errado. Pode haver vírgula antes ou ponto e vírgula, dependendo do contexto.
"22. A conjunção ""então"" pode indicar consequência ou conclusão.";✅ Certo.
"23. A vírgula após ""logo"" é obrigatória quando inicia oração.";✅ Certo.
24. Quando a conjunção conclusiva aparece no meio da oração, ela deve ser isolada por vírgulas.;✅ Certo. Isso indica intercalação.
"25. ""Por conseguinte"" pode ser usado no lugar de ""portanto"".";✅ Certo. São equivalentes em contextos formais.
26. Conjunções conclusivas podem ligar orações com sujeitos diferentes.;✅ Certo. O sujeito pode variar, não há problema.
"27. ""Pois"" nunca pode indicar conclusão.";"❌ Errado. ""Pois"" pode ser conclusivo quando posposto ao verbo."
"28. A conjunção ""pois"" explicativa aparece após o verbo.";❌ Errado. Aparece geralmente no início da oração ou entre vírgulas.
"29. ""Por isso"" deve sempre ser separado por vírgula antes.";❌ Errado. Depende da posição e do contexto.
"30. É correto escrever: ""Está errado; assim, refaça.""";✅ Certo. Uso correto da conjunção conclusiva após ponto e vírgula.
"As conjunções ""pois"" e ""porque"" podem introduzir orações explicativas ou causais.";✅ Certo. Elas podem ser coordenativas explicativas ou subordinadas causais.
"2. O uso da vírgula antes de ""porque"" é obrigatório em todas as situações.";❌ Errado. A vírgula depende do contexto e da ênfase que se quer dar.
"3. Quando ""porque"" expressa causa real, não se deve usar vírgula antes dela.";"✅ Certo. Exemplo: ""As vendas caíram porque os preços subiram."""
"4. A vírgula antes de ""pois"" é opcional e depende do ritmo da frase.";✅ Certo. Depende do estilo e da extensão da oração.
"5. ""Pois"" sempre exige vírgula antes.";"❌ Errado. Nem sempre é obrigatório; depende do contexto."
"6. Em ""Não saímos, porque estava chovendo."" a vírgula pode ser usada para dar ênfase.";✅ Certo. A vírgula é facultativa, indicando pausa e ênfase.
"7. ""Receberam a medalha não porque merecessem, mas porque não havia outros concorrentes."" está correta.";"✅ Certo. Uso correto de ""porque"" em oração causal, sem vírgula antes."
"8. ""Não podem ficar impunes aqueles que falseiam a verdade pois a impunidade gera mais mentiras."" está correta sem vírgula.";✅ Certo. A vírgula não é obrigatória, podendo ser omitida.
"9. ""Chega de açúcar, pois a massa está doce."" usa a vírgula corretamente.";"✅ Certo. Vírgula antes de ""pois"" para separar orações coordenadas explicativas."
"10. ""Porque"" pode aparecer no início da oração para indicar explicação.";✅ Certo. Pode iniciar oração subordinada explicativa.
"11. A vírgula separa sempre orações com ""porque"".";"❌ Errado. A vírgula não deve separar a oração causal com ""porque""."
"12. ""Pois"" e ""porque"" são sinônimos perfeitos em todas as situações.";❌ Errado. Embora próximos, o uso e colocação podem variar conforme a função.
"13. O falante comum faz distinção clara entre ""pois"" explicativo e causal.";❌ Errado. Muitas vezes não há distinção clara, conforme BECHARA.
"14. A vírgula antes de ""porque"" em orações explicativas pode aumentar a ênfase.";✅ Certo. Marca pausa e destaca a explicação.
15. O uso da vírgula depende do tamanho do período e da intenção do autor.;✅ Certo. Fatores que influenciam a pontuação.
"16. Em ""Não saímos porque estava chovendo."" não se usa vírgula, pois é causa direta.";"✅ Certo. Vírgula não recomendada antes de ""porque"" em causa direta."
"17. É correto usar vírgula antes de ""pois"" quando introduz explicação.";✅ Certo. Usado em orações coordenadas explicativas.
"18. ""Porque"" sempre vem no início da oração explicativa.";❌ Errado. Pode aparecer no meio da oração subordinada.
"19. A vírgula pode alterar o sentido da oração com ""porque"".";✅ Certo. Pode enfatizar ou separar explicação, mudando o foco.
"20. ""Pois"" pode ser usado para causa e explicação, dependendo do contexto.";✅ Certo. Cumpre ambas as funções.
"21. ""Porque"" pode ser uma conjunção subordinativa causal.";✅ Certo. Liga oração subordinada que indica causa.
"22. Em orações explicativas com ""pois"", a vírgula é obrigatória antes dela.";❌ Errado. Não é sempre obrigatória, depende do estilo.
"23. O período ""Não saí, porque estava doente."" usa vírgula corretamente.";"❌ Errado. Não se deve usar vírgula antes de ""porque"" em causa direta."
"24. ""Pois"" pode aparecer entre vírgulas como elemento intercalado.";"✅ Certo. Exemplo: ""Ele decidiu, pois, sair mais cedo."""
"25. ""Porque"" pode vir sem vírgula quando indica causa imediata.";✅ Certo. Vírgula pode ser omitida em causa direta.
"26. O período ""Receberam a medalha, porque mereciam."" está correto com vírgula?";"❌ Errado. Vírgula não deve separar causa com ""porque""."
27. A distinção entre orações explicativas e causais é sempre clara.;❌ Errado. A distinção é frágil e muitas vezes indistinta na prática.
"28. É possível usar ""pois"" para reforçar uma explicação já dada.";✅ Certo. Uso comum para reforçar ou justificar.
"29. Em ""Não saímos porque estava chovendo."" a ausência de vírgula indica causalidade direta.";✅ Certo.
"30. A pontuação correta ajuda a evitar ambiguidades em orações com ""pois"" e ""porque"".";✅ Certo. Pontuação adequada clarifica sentido.
A vírgula deve separar sempre a oração subordinada adverbial quando ela vier antes da principal.;✅ Certo. A vírgula marca o deslocamento da oração subordinada anteposta.
2. A oração subordinada adverbial exprime uma circunstância que complementa a oração principal.;✅ Certo. Indica tempo, causa, condição, concessão, etc.
3. Quando a oração subordinada adverbial vem depois da principal, a vírgula é obrigatória.;❌ Errado. Geralmente não se usa vírgula após a oração principal, exceto para dar ênfase.
"4. Exemplo correto de vírgula em oração adverbial anteposta: ""Quando a palestra acabou, todos saíram.""";✅ Certo. Vírgula correta separando oração anteposta.
5. Oração adverbial intercalada deve vir sempre entre vírgulas.;"✅ Certo. Exemplo: ""As crianças, como estão agora, parecem anjos."""
6. A vírgula é dispensável quando a oração adverbial anteposta vem antes do verbo ser.;✅ Certo. Pode-se omitir vírgula antes do verbo ser em alguns casos.
"7. Em ""Quando se passa muito tempo em aviões é preciso conformar-se"" a vírgula é obrigatória.";❌ Errado. Pode-se omitir vírgula se a oração principal for curta e sem ênfase.
"8. ""Se o dia estivesse quente, iríamos à praia."" usa a vírgula corretamente.";✅ Certo. Vírgula separa oração condicional anteposta.
"9. Em ""Sairei logo que ele chegue."" não há vírgula porque a oração adverbial vem depois da principal.";✅ Certo. Ordem natural e vírgula dispensada.
10. A oração subordinada adverbial pode indicar causa, condição, tempo, concessão, entre outras.;✅ Certo. Essas são as principais circunstâncias expressas.
"11. A vírgula deve sempre ser usada antes de orações iniciadas por ""porque"".";"❌ Errado. ""Porque"" inicia oração subordinada causal, que geralmente não é separada por vírgula."
"12. Em ""Ainda que falem bonito, não me convencem."" a vírgula está correta.";✅ Certo. Vírgula separa oração concessiva anteposta.
"13. Em ""Iria ao Sul se pudesse."" a vírgula é obrigatória.";❌ Errado. Oração condicional posposta não precisa de vírgula.
14. Oração adverbial expressa uma ideia principal dentro do período.;❌ Errado. É uma oração subordinada que complementa a principal.
15. Oração subordinada adverbial pode ser deslocada para o meio da frase entre vírgulas.;"✅ Certo. Exemplo: ""As crianças, como estão agora, parecem anjos."""
16. A vírgula é usada para indicar a quebra da ordem natural sujeito-verbo em oração intercalada.;✅ Certo.
"17. Em ""Conforme ouvi no rádio, vem novo arrocho salarial."" a vírgula está correta.";✅ Certo. Oração subordinada adverbial anteposta separada por vírgula.
18. Oração subordinada adverbial nunca pode iniciar uma frase sem vírgula.;❌ Errado. Pode vir sem vírgula se a oração for muito curta e o período for informal.
19. A oração subordinada adverbial temporal indica circunstância de tempo.;"✅ Certo. Exemplo: ""Quando a palestra acabou..."""
20. A vírgula é obrigatória antes de orações com conjunções subordinativas condicionais.;✅ Certo. Quando a oração está anteposta.
21. A oração subordinada adverbial causal sempre vem com vírgula.;❌ Errado. Não necessariamente, depende da posição da oração.
"22. Em ""Se você insistir, ficarei feliz."" a vírgula está correta.";✅ Certo. Vírgula separa oração condicional anteposta.
23. Em orações subordinadas adverbiais concessivas, a vírgula separa sempre as orações.;"✅ Certo. Exemplo: ""Embora esteja cansado, vou trabalhar."""
"24. A vírgula antes de ""quando"" é obrigatória se a oração for anteposta.";✅ Certo. Marca a pausa entre subordinada e principal.
25. A vírgula pode ser dispensada em orações subordinadas adverbiais muito curtas e sem ênfase.;✅ Certo.
"26. ""No dia em que tivermos as informações será possível agir."" está correta sem vírgula.";✅ Certo. Ordem natural e oração adverbial pós-principal dispensam vírgula.
27. A vírgula é um sinal obrigatório para indicar orações subordinadas adverbiais.;❌ Errado. Depende da posição e ênfase da oração subordinada.
28. Oração subordinada adverbial consecutiva indica consequência da oração principal.;"✅ Certo. Exemplo: ""Estudou tanto que passou no concurso."""
"29. Em ""Assim como estão agora, as crianças parecem anjos."" a vírgula está correta.";✅ Certo. Oração adverbial comparativa anteposta separada por vírgula.
30. A pontuação adequada ajuda a entender o sentido e a relação entre as orações.;✅ Certo. Fundamental para clareza e interpretação correta.
As conjunções subordinativas iniciam orações dependentes de outra.;✅ Certo. Elas introduzem orações subordinadas que dependem sintaticamente da oração principal.
2. As orações iniciadas por conjunções subordinativas sempre são separadas por vírgulas.;❌ Errado. Só são separadas por vírgulas quando estiverem antepostas ou forem extensas.
"3. Conjunções comparativas como ""do que"" e ""como"" podem iniciar orações subordinadas sem vírgula.";✅ Certo. Normalmente vêm depois da oração principal e não são separadas por vírgula.
"4. A oração subordinada consecutiva introduzida por ""tão... que"" sempre vem separada por vírgulas.";"❌ Errado. Depende da posição; geralmente, se for anteposta, usa vírgula, caso contrário, não."
"5. As orações subordinadas finais indicam finalidade e são introduzidas por ""para que"" e ""a fim de que"".";✅ Certo. Indicam o propósito da ação da oração principal.
6. Oração subordinada final anteposta pode ser separada por vírgula.;"✅ Certo. Exemplo: ""Para que o mundo tenha paz, reuniram-se os líderes."""
"7. As orações proporcionais iniciadas por ""à medida que"" e ""à proporção que"" não são separadas por vírgulas.";✅ Certo. Quando vêm depois da principal, não são separadas por vírgula.
"8. Em ""Quanto mais estudas, melhor te sairá."" a vírgula está correta.";✅ Certo. Oração proporcional anteposta deve ser separada por vírgula.
"9. As conjunções causais são ""porque"", ""visto que"" e ""já que"".";✅ Certo. Indicam a causa da oração principal.
10. As orações causais nunca separam-se por vírgulas.;❌ Errado. Se forem antepostas, podem ser separadas por vírgula para marcar a pausa.
"11. Conjunções concessivas como ""embora"" e ""ainda que"" indicam oposição.";✅ Certo. Expressam concessão, ideia contrária ao esperado.
"12. Oração subordinada condicional pode ser introduzida por ""se"" e ""contanto que"".";✅ Certo. Indicam condição para que a ação ocorra.
"13. Oração temporal indica circunstância de tempo e usa conjunções como ""quando"" e ""enquanto"".";✅ Certo.
"14. As orações conformativas são introduzidas por ""conforme"" e ""segundo"".";✅ Certo. Indicando conformidade ou acordo com algo.
15. As orações integrantes são sempre separadas por vírgula.;❌ Errado. Não se separam por vírgula porque desempenham função substantiva.
"16. As orações subordinadas substantivas são introduzidas por ""que"" e ""se"".";✅ Certo.
"17. Em ""Acho que ele veio."" não se usa vírgula antes de ""que"".";✅ Certo. Oração integrante não é separada por vírgula.
"18. Conjunções como ""pois que"" e ""porquanto"" são causais.";✅ Certo. São conjunções causais usadas para explicar a oração principal.
19. As orações subordinadas finais sempre exigem vírgula.;"❌ Errado. Depende da posição; se forem pós-posição, geralmente não usam vírgula."
20. A vírgula é obrigatória quando a oração subordinada estiver anteposta.;✅ Certo. Marca a pausa e separa as orações.
"21. Em orações proporcionais com ""quanto mais... tanto mais"" a vírgula é usada para separar as orações.";✅ Certo.
"22. As locuções proporcionais ""à medida que"" e ""à proporção que"" são sempre seguidas por vírgula.";❌ Errado. Não são separadas por vírgula quando pós-posição.
"23. Em ""Fez o possível para que o filho fosse bem-sucedido."" a oração final não é separada por vírgula.";✅ Certo.
"24. Conjunções concessivas como ""posto que"" e ""conquanto"" indicam ideia contrária.";✅ Certo.
25. As orações subordinadas condicionais indicam tempo da ação.;❌ Errado. Indicam condição para que a ação ocorra.
"26. Em ""Se queres, diz logo."" a vírgula está correta para separar a oração condicional anteposta.";✅ Certo.
27. As orações subordinadas temporais expressam finalidade.;❌ Errado. Expressam circunstância de tempo.
"28. Oração subordinada causal pode ser iniciada por ""dado que"".";✅ Certo.
"29. Em ""Segundo consta, houve excesso de arrecadação."" a vírgula está correta para separar oração conformativa anteposta.";✅ Certo.
30. As orações subordinadas integrantes são dependentes sintaticamente, mas sem vírgulas para indicar isso.;✅ Certo.
A vírgula deve separar a oração reduzida de gerúndio quando esta vier antes da oração principal.;"✅ Certo. Exemplo: ""Confirmando o sucesso, fizeram a festa."""
2. O gerúndio colocado depois da oração principal nunca é separado por vírgula.;✅ Certo. Geralmente não se usa vírgula pois indica ação simultânea ou consequência.
3. Oração reduzida de particípio pode vir separada por vírgula quando anteposta à oração principal.;"✅ Certo. Exemplo: ""Passado o vendaval, atracamos o barco."""
4. O infinitivo reduzido sempre vem precedido de preposição e separado por vírgula.;❌ Errado. Nem sempre vem precedido de preposição, e a vírgula depende da posição (anteposta ou não).
"5. ""Sabendo disso, ele se afastou."" é oração reduzida de gerúndio anteposta.";✅ Certo.
6. O gerúndio indica sempre uma ação anterior à da oração principal.;❌ Errado. Geralmente indica simultaneidade ou ação posterior, não anterior.
"7. Em ""Cansado, foi dormir"", a palavra ""cansado"" equivale a uma oração reduzida causal.";✅ Certo.
8. O gerúndio colocado depois da oração principal pode ter sentido de oração coordenada.;"✅ Certo. Exemplo: ""Ele chegou, esperando por todos."""
9. O gerúndio que indica modo ou meio nunca é separado por vírgula.;"✅ Certo. Exemplo: ""Fez a cirurgia conversando."""
10. Oração reduzida de gerúndio pode funcionar como oração adjetiva restritiva.;"✅ Certo. Exemplo: ""Vi o menino domando a fera."""
11. O gerúndio é sempre uma forma nominal verbal, não flexionada em número e pessoa.;✅ Certo.
12. O particípio é uma forma nominal que indica ação passada.;"✅ Certo. Exemplo: ""Passado o vendaval..."""
13. O infinitivo pode indicar finalidade em oração reduzida.;"✅ Certo. Exemplo: ""Ele se demitiu objetivando facilitar as investigações."""
"14. Em ""Ao receber o troféu, desmaiou"", a oração reduzida é de infinitivo.";✅ Certo.
15. A vírgula não deve ser usada antes do gerúndio que indica simultaneidade.;✅ Certo.
16. O gerúndio nunca pode aparecer no início de uma frase.;❌ Errado. Pode aparecer no início, geralmente separado por vírgula.
17. O particípio anteposto funciona como aposto ou predicativo.;"✅ Certo. Exemplo: ""Cansado, foi dormir."""
18. O infinitivo pessoal sempre é separado por vírgula quando antecede a oração principal.;"❌ Errado. Depende da construção; nem sempre há vírgula."
"19. ""Desesperada, chorou demais"" é uma oração reduzida causal com particípio.";✅ Certo.
20. O gerúndio pode indicar uma ação posterior à da oração principal.;"✅ Certo. Exemplo: ""Ele saiu, esperando notícias."""
21. O particípio nunca é usado para indicar causa.;❌ Errado. Pode indicar causa quando anteposto.
22. O infinitivo pode ser usado para indicar consequência.;"✅ Certo. Exemplo: ""Fez tudo para vencer."""
"23. Em ""Produto largamente utilizado, o VM perdeu sua característica"", o particípio vem entre vírgulas.";✅ Certo.
24. O gerúndio indica sempre uma ação concluída.;❌ Errado. Indica ação em andamento ou simultânea, não necessariamente concluída.
"25. ""Ao receber o troféu"" equivale a ""quando recebeu o troféu"".";✅ Certo.
26. O infinitivo pode ser usado para indicar modo em oração reduzida.;"✅ Certo. Exemplo: ""Entrou sorrindo."""
27. O gerúndio pode funcionar como oração adverbial causal, temporal ou condicional.;✅ Certo.
"28. O particípio pode ser usado em locuções verbais com o verbo ""ter"".";"✅ Certo. Exemplo: ""Tem estudado muito."""
29. O gerúndio pode ser separado por vírgula no meio da oração para indicar intercalação.;"✅ Certo. Exemplo: ""As crianças, brincando no quintal, não ouviram o chamado."""
30. O infinitivo nunca é precedido de preposição em oração reduzida.;"❌ Errado. Muitas vezes é precedido, por exemplo: ""Ao receber"", ""Para vencer""."
Toda oração adjetiva explicativa vem obrigatoriamente precedida ou intercalada por vírgulas.;✅ Certo. A oração explicativa deve ser separada por vírgulas, pois acrescenta informação acessória.
2. A oração adjetiva explicativa pode ser retirada da frase sem prejuízo do sentido principal.;✅ Certo. Ela apenas acrescenta uma informação acessória, não essencial.
3. Oração adjetiva explicativa não é iniciada por pronome relativo.;❌ Errado. Sempre inicia por pronome relativo (que, onde, cujo, do qual etc.).
4. O pronome relativo que, em oração explicativa, indica uma informação essencial para identificar o antecedente.;"❌ Errado. Na explicativa, ""que"" traz informação acessória, não essencial."
5. A oração explicativa equivale a um aposto que explica ou qualifica o antecedente.;✅ Certo.
"6. Em ""A Lei 8.078/90, que protege o consumidor, é importante"", a oração é explicativa.";✅ Certo. A oração explica o antecedente, podendo ser retirada sem prejuízo.
7. Oração adjetiva explicativa nunca é separada por vírgulas.;❌ Errado. Ela é sempre separada por vírgulas.
"8. O pronome relativo ""cuja"" pode iniciar oração adjetiva explicativa.";✅ Certo.
9. O pronome relativo pode vir precedido de preposição na oração adjetiva explicativa.;"✅ Certo. Exemplo: ""do qual"", ""na qual""."
"10. Em ""Comprei o livro que está na mesa"", a oração ""que está na mesa"" é explicativa.";❌ Errado. Nesse caso, é oração restritiva (especifica qual livro).
11. Oração adjetiva explicativa acrescenta uma informação entre parênteses à frase.;✅ Certo. Pode ser substituída por um aposto entre parênteses.
12. O sujeito da oração explicativa pode ser oculto, mas o verbo nunca.;❌ Errado. Ambos podem ser ocultos em construções reduzidas.
"13. ""Sua mulher, (que é) professora universitária, está prestes a se aposentar"" tem oração explicativa reduzida.";✅ Certo.
14. A oração explicativa pode ser reduzida de particípio, gerúndio ou infinitivo.;✅ Certo.
15. Oração explicativa não pode vir intercalada na frase.;❌ Errado. Pode vir no meio da frase, entre vírgulas.
"16. Em ""O espetáculo Vozes e Valsas, do qual ouvi falar, fez sucesso"", a oração é explicativa.";✅ Certo.
17. A vírgula não é obrigatória antes do pronome relativo em oração explicativa.;❌ Errado. A vírgula é obrigatória.
18. A oração explicativa pode ser substituída por uma oração reduzida.;✅ Certo.
19. O pronome relativo sempre deve ser repetido na oração explicativa.;❌ Errado. Pode estar oculto, especialmente em orações reduzidas.
"20. O pronome relativo ""onde"" pode iniciar oração explicativa indicando lugar.";✅ Certo.
21. Oração explicativa restringe o sentido do antecedente.;❌ Errado. Essa é a função da oração restritiva.
22. Oração explicativa pode ser suprimida sem mudar o sentido básico da frase.;✅ Certo.
"23. O pronome relativo ""que"" em oração explicativa refere-se a um antecedente já identificado.";✅ Certo.
24. Oração explicativa pode vir antes da oração principal.;❌ Errado. Geralmente vem após o antecedente, intercalada ou no final.
"25. Em ""Queria rever a cidade de Paraty, onde nasceu"", a oração ""onde nasceu"" é explicativa.";✅ Certo.
26. O uso das vírgulas nas orações explicativas é opcional.;❌ Errado. O uso das vírgulas é obrigatório para as explicativas.
"27. O pronome relativo ""cuja"" expressa posse e pode iniciar oração explicativa.";✅ Certo.
"28. Em ""Venceu o Fluminense, que agora é campeão"", a oração ""que agora é campeão"" é explicativa.";✅ Certo.
29. Oração explicativa adiciona uma informação acessória, podendo ser suprimida sem prejuízo.;✅ Certo.
30. O pronome relativo pode ser omitido em orações explicativas.;❌ Errado. Geralmente não é omitido, salvo em orações reduzidas.
A oração adjetiva explicativa deve ser sempre separada por vírgulas.;✅ Certo. A oração explicativa traz informação acessória e precisa ser isolada por vírgulas.
2. A oração adjetiva restritiva é separada por vírgulas do antecedente.;❌ Errado. A oração restritiva não é separada por vírgulas, pois é essencial para identificar o substantivo.
"3. Em ""O Declínio do Império Americano evoca uma superprodução estrelada por Charlton Heston, que desembarca em 1986"", a oração é explicativa.";✅ Certo. A oração explicativa acrescenta informação acessória sobre Charlton Heston.
4. A oração explicativa pode conter uma intercalação separada por vírgulas.;"✅ Certo. Exemplo: ""que, tendo-se perdido no tempo e no espaço, desembarca..."""
"5. O pronome relativo ""que"" nunca pode estar entre duas vírgulas.";❌ Errado. Pode estar entre vírgulas na oração explicativa, principalmente com intercalação.
6. Oração adjetiva restritiva delimita o significado do antecedente, tornando-o específico.;✅ Certo. Ela restringe e particulariza o termo antecedente.
7. Oração adjetiva explicativa pode ser eliminada da frase sem prejuízo do sentido.;✅ Certo.
8. Oração adjetiva restritiva pode ser retirada sem modificar o sentido da frase.;❌ Errado. A restritiva é essencial e não pode ser retirada sem prejuízo.
9. Oração adjetiva restritiva é introduzida por pronome relativo, que pode ser precedido por preposição.;"✅ Certo. Exemplos: ""a quem"", ""a que"", ""cujo"", ""onde""."
10. Oração explicativa sempre apresenta um aposto que qualifica o substantivo.;✅ Certo.
"11. Em ""Chamamos o padre Becker, que morava nos fundos da igreja"", a oração é restritiva.";❌ Errado. É oração explicativa, pois o padre Becker já está identificado.
12. Oração restritiva funciona como um adjetivo que qualifica o substantivo antecedente.;✅ Certo.
"13. Em ""Em 1972 li um livro que adorei"", a oração é restritiva, pois limita qual livro foi lido.";✅ Certo.
14. A oração explicativa refere-se a um ente específico já identificado.;✅ Certo.
15. Oração restritiva refere-se a um ou alguns do grupo, restringindo o universo do termo anterior.;✅ Certo.
16. O uso de vírgulas na oração restritiva depende do tamanho da oração.;❌ Errado. Oração restritiva não leva vírgulas, independentemente do tamanho.
"17. Em ""O restaurante a que fomos ontem estava lotado"", a oração é restritiva.";✅ Certo.
18. Oração explicativa pode aparecer intercalada na oração principal.;✅ Certo.
19. A intercalação em oração explicativa pode ser omitida sem alterar o sentido da oração principal.;✅ Certo.
20. Em orações explicativas com intercalação, as vírgulas podem separar o pronome relativo da oração.;"✅ Certo. Exemplo: ""que, tendo-se perdido no tempo e no espaço, desembarca..."""
"21. O pronome relativo ""que"" equivale sempre a ""o qual"", ""a qual"", ""os quais"" nas orações adjetivas.";✅ Certo.
22. Oração restritiva e explicativa podem ser usadas indistintamente em qualquer contexto.;❌ Errado. Cada uma tem função e uso específicos que não podem ser trocados.
23. Oração explicativa acrescenta uma informação essencial para o entendimento do antecedente.;❌ Errado. A explicativa acrescenta informação acessória, não essencial.
24. Oração restritiva pode aparecer entre sujeito e predicado sem vírgulas.;✅ Certo.
25. A vírgula antes da oração adjetiva explicativa pode ser facultativa.;❌ Errado. É obrigatória.
26. Oração adjetiva explicativa pode ser substituída por um aposto entre parênteses.;✅ Certo.
27. Oração restritiva pode ser identificada porque elimina a necessidade de uma vírgula.;✅ Certo.
28. Oração explicativa identifica o termo antecedente de forma específica.;❌ Errado. Ela apenas acrescenta uma informação adicional.
29. A oração adjetiva restritiva é indispensável para a compreensão do sentido da frase.;✅ Certo.
"30. Em ""As pessoas a quem amamos nos parecem insuperáveis"", a oração é restritiva.";✅ Certo.
Na oração explicativa, a informação dada refere-se a todos os membros do grupo.;✅ Certo. A explicativa apresenta uma característica comum a todos os elementos.
2. Na oração restritiva, a informação serve para delimitar uma parte do grupo.;✅ Certo. A restritiva restringe ou especifica apenas parte do conjunto.
"3. Em ""O prefeito gratificou os funcionários, que trabalharam no feriado"", todos os funcionários trabalharam no feriado.";✅ Certo. A vírgula indica que a oração é explicativa, envolvendo todos os funcionários.
"4. Em ""O prefeito gratificou os funcionários que trabalharam no feriado"", só os que trabalharam foram gratificados.";✅ Certo. Sem vírgula, a oração é restritiva e restringe o grupo.
5. A oração explicativa é indispensável para a compreensão do sentido da frase.;❌ Errado. Ela é acessória e pode ser retirada sem alterar o sentido básico.
6. A oração restritiva é essencial para o sentido da frase e não deve ser separada por vírgulas.;✅ Certo.
"7. Em ""Os servidores do TJ, que estão em greve, serão punidos"", a oração é restritiva.";❌ Errado. Essa é uma oração explicativa, pois está entre vírgulas e inclui todos os servidores.
"8. Em ""Os servidores do TJ que estão em greve serão punidos"", só os servidores em greve serão punidos.";✅ Certo.
9. Oração explicativa usa sempre vírgulas para separar a oração principal da oração acessória.;✅ Certo.
10. Oração restritiva pode ser separada por vírgulas quando for muito extensa.;❌ Errado. Oração restritiva nunca deve ser separada por vírgulas, mesmo que longa.
"11. Em ""O homem, que é mortal, procura ser eterno"", a oração é restritiva.";"❌ Errado. É explicativa, pois o atributo ""mortal"" é comum a todos os homens."
"12. Em ""O homem que mente é desprezível"", a oração é restritiva, pois só se refere aos que mentem.";✅ Certo.
13. Oração explicativa acrescenta uma informação acessória, uma característica geral do antecedente.;✅ Certo.
14. Oração restritiva qualifica o antecedente, delimitando um subconjunto.;✅ Certo.
"15. Em ""O trote era dado aos calouros que chegavam à universidade"", só os calouros que chegavam recebiam o trote.";✅ Certo.
"16. Em ""O trote era dado aos calouros, que chegavam à universidade já receosos"", o trote era dado a todos.";✅ Certo.
17. Oração restritiva pode aparecer em orações afirmativas ou negativas.;✅ Certo.
18. Oração explicativa tem o papel de corrigir ou restringir a informação principal.;❌ Errado. Ela só acrescenta informação adicional, não corrige nem restringe.
19. Oração restritiva sempre identifica o antecedente.;✅ Certo.
20. Oração explicativa pode ser eliminada sem prejuízo da frase.;✅ Certo.
21. Oração restritiva não pode ser eliminada sem prejuízo do sentido.;✅ Certo.
22. Oração restritiva e explicativa podem usar os mesmos pronomes relativos.;✅ Certo. Exemplos: que, quem, cujo, onde.
23. Oração explicativa costuma aparecer entre vírgulas no texto.;✅ Certo.
24. Oração restritiva pode aparecer entre vírgulas se for longa.;❌ Errado. Nunca é separada por vírgulas.
"25. Em ""A reportagem trata dos dependentes químicos, que são tão tratáveis quanto os alcoólicos"", a oração é explicativa.";✅ Certo.
"26. Em ""A reportagem trata dos dependentes químicos que são tão tratáveis quanto os alcoólicos"", a oração é restritiva.";✅ Certo.
27. A oração restritiva pode ser usada para distinguir elementos dentro de um grupo.;✅ Certo.
28. Em orações explicativas, o pronome relativo sempre vem precedido de preposição.;❌ Errado. Nem sempre é precedido, pode ou não ser.
29. A vírgula pode mudar completamente o sentido da oração adjetiva.;"✅ Certo. Exemplo claro em ""funcionários, que trabalharam"" (todos) x ""funcionários que trabalharam"" (só alguns)."
30. A oração explicativa sempre vem depois do antecedente e pode ser suprimida.;✅ Certo.
Orações subordinadas adjetivas funcionam como adjetivos e se ligam a um substantivo.;✅ Certo. Elas exercem função adjetiva, qualificando um nome antecedente.
2. As orações adjetivas explicativas exercem a função de aposto e são separadas por vírgulas.;✅ Certo. Elas acrescentam informação acessória, com pausa na leitura.
3. As orações adjetivas restritivas exercem função de adjunto adnominal e não são separadas por vírgulas.;✅ Certo. Delimitam o sentido do substantivo antecedente, sem pausa.
4. O pronome relativo “que” pode ser usado tanto em orações explicativas quanto restritivas.;✅ Certo.
5. Os pronomes relativos “quem”, “cujo” e “onde” são usados somente em orações restritivas.;❌ Errado. Eles podem ser usados em ambas as orações, explicativas e restritivas.
6. Orações adjetivas reduzidas são aquelas que suprimem o pronome relativo e o verbo de ligação.;✅ Certo. Usam verbos nominais (gerúndio, particípio ou infinitivo).
7. Nas orações adjetivas reduzidas, o verbo sempre aparece em forma nominal (infinitivo, gerúndio ou particípio).;✅ Certo.
8. A oração “O livro que li ontem é interessante” é uma oração adjetiva restritiva.;✅ Certo. Ela delimita o livro entre outros possíveis.
9. A oração “O livro, que li ontem, é interessante” é uma oração adjetiva explicativa.;✅ Certo. A informação “que li ontem” é acessória e separada por vírgulas.
10. As orações adjetivas explicativas podem ser eliminadas sem prejudicar o sentido da frase.;✅ Certo. Elas são informações acessórias, complementares.
11. As orações adjetivas restritivas são essenciais e não podem ser eliminadas sem prejuízo do sentido.;✅ Certo. Elas restringem o significado do antecedente.
12. A oração adjetiva explicativa sempre vem entre vírgulas.;✅ Certo.
13. A oração adjetiva restritiva sempre vem entre vírgulas.;❌ Errado. Ela não é separada por vírgulas.
14. Os pronomes relativos “quanto” e “quantos” podem introduzir orações adjetivas explicativas.;✅ Certo.
15. Os pronomes “como”, “quando” e “onde” equivalem a “com que”, “em que” e “em que” respectivamente.;✅ Certo.
16. A oração adjetiva explicativa sempre qualifica um substantivo já identificado.;✅ Certo.
17. A oração adjetiva restritiva pode ser usada para identificar um elemento em um grupo maior.;✅ Certo.
18. As orações adjetivas restritivas funcionam como um segundo adjetivo do substantivo.;✅ Certo.
19. A oração “Os alunos que estudam passarão no exame” é restritiva.;✅ Certo. Ela delimita os alunos que passarão.
20. A oração “Os alunos, que estudam, passarão no exame” é explicativa.;"❌ Errado. Esta construção com vírgulas é rara e pode ser ambígua; usualmente, seria restritiva sem vírgulas."
21. Nas orações adjetivas reduzidas, a ausência do pronome relativo não impede a compreensão.;✅ Certo.
22. A oração “Os livros escritos por Machado de Assis são valiosos” é reduzida e restritiva.;✅ Certo. O particípio “escritos” restringe os livros.
23. A oração adjetiva explicativa pode ser intercalada com outras informações entre vírgulas.;✅ Certo.
24. As orações adjetivas restritivas sempre vêm no início da frase.;❌ Errado. Podem aparecer em qualquer posição, mas não são separadas por vírgulas.
25. O pronome relativo “cujo” indica posse e pode ser usado em orações adjetivas.;✅ Certo.
26. Em orações explicativas, o verbo de ligação pode ser oculto, formando um aposto.;✅ Certo.
27. O uso correto da vírgula é essencial para diferenciar as orações explicativas das restritivas.;✅ Certo.
28. As orações adjetivas restritivas nunca se iniciam por pronomes relativos.;❌ Errado. Elas sempre se iniciam por pronomes relativos.
29. As orações adjetivas explicativas e restritivas têm a mesma função sintática.;✅ Certo. Ambas são orações subordinadas adjetivas, modificando o substantivo.
30. As orações adjetivas explicativas não podem ser reduzidas.;❌ Errado. Elas também podem ser reduzidas com verbo nominal.
". A crase é a fusão da preposição ""a"" com o artigo definido feminino ""a"".";✅ Certo. A crase ocorre quando há essa junção, marcada pelo acento grave (à).
2. A crase só ocorre diante de substantivos femininos determinados.;✅ Certo. O artigo definido feminino é requisito para a crase.
3. A crase pode ocorrer diante de pronomes pessoais.;"❌ Errado. Pronomes pessoais não admitem crase, exceto os demonstrativos que começam com ""a"" (àquele, àquilo)."
4. O acento grave (à) indica a crase na escrita.;✅ Certo. Ele marca a fusão da preposição com o artigo.
5. A crase ocorre em “Vou à festa” porque “festa” é substantivo feminino com artigo definido.;"✅ Certo. A preposição ""a"" + artigo ""a"" = crase."
6. A crase pode ocorrer antes de palavras masculinas.;❌ Errado. A crase não ocorre antes de palavras masculinas.
7. A preposição “a” pode aparecer sem crase, mesmo diante de um substantivo feminino.;✅ Certo. Quando não há artigo definido feminino, não ocorre crase.
8. Em “Refiro-me à senhora”, ocorre crase porque há preposição e artigo.;✅ Certo. “Senhora” é substantivo feminino com artigo e há preposição exigida pelo verbo.
9. A crase ocorre sempre que houver a preposição “a” seguida da vogal “a”.;❌ Errado. É preciso que seja preposição + artigo feminino, e o termo seguinte deve admitir o artigo.
10. A crase pode ocorrer antes de pronomes demonstrativos “aquele”, “àquele” e “àquilo”.;✅ Certo. Nesses casos a crase é facultativa, mas aceita-se o uso do acento grave.
11. A crase pode ser indicada antes de numerais femininos que admitem artigo.;✅ Certo. Exemplo: “Referi-me àquela página.”
12. A crase não ocorre antes de nomes próprios femininos, mesmo que com artigo.;❌ Errado. Pode ocorrer se o nome exigir artigo definido feminino, como “Fui à Ana.”
13. O português brasileiro tem crase, mas o espanhol e o francês não têm.;✅ Certo. A crase é peculiar ao português.
14. O som da crase é diferente da preposição “a” isolada na fala.;❌ Errado. No português brasileiro, ambas soam iguais, o que dificulta a distinção oral.
15. A crase ocorre diante de complementos indiretos femininos que exigem a preposição “a”.;✅ Certo. Por exemplo: “Entreguei o documento à diretora.”
16. Diante de sujeito e objeto direto, nunca ocorre crase.;✅ Certo. Pois geralmente não há preposição “a” exigida.
17. Em “Disse a juíza que ele é inocente”, não há crase porque “juíza” é sujeito do verbo.;✅ Certo. Aqui “a juíza” é sujeito, sem preposição exigida.
18. A crase é obrigatória em expressões formadas por palavras repetidas, como “cara a cara”.;✅ Certo. Nesses casos a crase é regra: “cara à cara”, “frente à frente”.
19. A crase ocorre antes de palavras masculinas terminadas em “a”.;❌ Errado. Palavras masculinas não admitem crase, mesmo que terminem com “a”.
20. A crase pode ser facultativa diante de pronomes possessivos femininos.;✅ Certo. Exemplo: “Referi-me à sua amiga” ou “a sua amiga” (com ou sem crase, depende do contexto).
21. A crase pode ocorrer diante de locuções prepositivas femininas, como “à medida que”.;✅ Certo. Locuções femininas exigem crase.
22. Não ocorre crase antes de verbos, mesmo que estejam no infinitivo.;✅ Certo. Verbos não admitem artigo e, portanto, não há crase.
23. A crase pode ser evitada quando o termo feminino não estiver determinado por artigo.;✅ Certo. Sem artigo não há crase, mesmo que haja preposição.
24. Em “Entreguei o presente à amiga”, a crase está correta porque há preposição exigida pelo verbo.;✅ Certo. “Entregar a alguém” exige preposição “a” e “amiga” admite artigo.
25. A crase ocorre antes de pronomes indefinidos femininos, como “alguma” e “nenhuma”.;❌ Errado. Esses pronomes não admitem artigo, portanto não ocorre crase.
26. Em locuções formadas por palavras femininas, como “à tarde”, a crase é obrigatória.;✅ Certo.
27. A preposição “a” pode ser exigida por verbos, nomes ou adjetivos que se relacionam com o termo feminino.;✅ Certo.
28. A crase ocorre em “Refiro-me a aquela professora” sem acento grave.;✅ Certo. O uso do acento é facultativo com pronomes demonstrativos como “aquela”.
29. A palavra “crase” também se refere ao acento grave que indica a fusão da preposição com o artigo.;✅ Certo.
30. O artigo feminino no português perdeu a letra “l” que outras línguas latinas mantiveram.;✅ Certo. O português perdeu o “l” do “la” latino, diferente do espanhol e francês.
. Verbos transitivos indiretos exigem preposição “a” antes do complemento.;✅ Certo. Esses verbos pedem preposição “a”, o que pode resultar em crase diante de termos femininos.
2. A crase ocorre diante de complemento feminino que é objeto indireto de verbo transitivo indireto.;✅ Certo. Exemplo: “Abandonou à própria sorte”.
3. O verbo “abandonar” pode aparecer com complemento com crase ou sem crase, dependendo do contexto.;✅ Certo. Ex: “Abandonou à própria sorte” (indireto) e “Abandonou a própria sorte” (objeto direto).
4. “Solicitar” sempre exige crase antes do complemento.;❌ Errado. “Solicitar” exige preposição “a” e pode haver crase, mas depende se o termo admite artigo definido.
5. “Solicito acrescentar à lista” está correto porque “lista” é objeto indireto com artigo definido.;✅ Certo.
6. A crase não ocorre diante de objeto direto feminino.;✅ Certo. Porque objeto direto não exige preposição.
7. Em “Vai à luta com você”, a crase está correta porque “luta” é objeto indireto com artigo definido.;✅ Certo.
8. Em “Vai a luta ser desigual?”, não ocorre crase porque “luta” é sujeito, não objeto indireto.;✅ Certo.
9. “Fica à escolha do freguês” está correto porque “escolha” é objeto indireto feminino.;✅ Certo.
10. “Fica a escolha do novo modelo” está correto porque “escolha” é sujeito da frase.;✅ Certo.
11. A crase ocorre diante de complemento que exige preposição “a” e é antecedido por artigo feminino.;✅ Certo.
12. Em “A massagem leva à mente o aquietamento”, a crase está correta porque “mente” tem artigo.;✅ Certo.
13. “A massagem leva a mente ao aquietamento” está incorreto.;❌ Errado. Está correto, pois “mente” é objeto direto, sem crase.
14. “Favor anexar à folha 4 o mapa” tem crase correta porque “folha” é objeto indireto com artigo.;✅ Certo.
15. “Favor anexar a folha 4 ao mapa” não tem crase porque “folha” é objeto direto.;✅ Certo.
16. A crase não ocorre quando o complemento é sujeito de oração subordinada.;✅ Certo.
17. A preposição “a” desaparece diante de objeto direto, eliminando a possibilidade de crase.;✅ Certo.
18. Verbos que exigem preposição “a” seguida de substantivo masculino admitem crase.;❌ Errado. Crase ocorre só diante de termos femininos.
19. “Sugeriu à diretoria a concentração” está correto com crase porque “diretoria” é objeto indireto.;✅ Certo.
20. “Sugeriu a diretoria que concentrássemos esforços” não tem crase porque “diretoria” é sujeito.;✅ Certo.
21. A crase indica que o termo é complemento indireto do verbo e tem artigo definido feminino.;✅ Certo.
22. O verbo “levar” pode exigir complemento com crase quando seguido de objeto indireto feminino.;✅ Certo.
23. “Os sintomas podem levar à morte” está correto porque “morte” é objeto indireto com artigo.;✅ Certo.
24. “Os sintomas podem levar a morte a um paciente” está incorreto porque “morte” aqui é objeto direto.;✅ Certo.
25. A crase pode aparecer quando o complemento verbal está deslocado na frase.;✅ Certo. Exemplo: “À luta vamos!”
26. O verbo oculto pode ser indicado pela presença da crase no início da frase.;✅ Certo.
27. “A luta, mesmo tarde!” pode indicar verbo oculto com complemento introduzido pela crase.;✅ Certo.
28. “A Praça XV” é sujeito da frase, por isso não aparece crase antes.;✅ Certo.
29. Crase é obrigatória antes de complementos femininos que exigem preposição “a” e artigo definido.;✅ Certo.
30. A ausência de crase indica que o termo pode ser sujeito ou objeto direto, sem preposição.;✅ Certo.
A crase ocorre quando um nome regido pela preposição “a” é seguido de substantivo feminino determinado pelo artigo.;✅ Certo. A fusão de preposição + artigo causa a crase (ex: “horror à depredação”).
2. É válido substituir o substantivo feminino por masculino para testar o uso da crase.;✅ Certo. Se usar “ao” com masculino, confirma-se a crase no feminino.
3. O nome “horror” rege a preposição “a” quando relacionado a “lugares fechados”.;✅ Certo. Ex: “horror a lugares fechados”.
4. O adjetivo “útil” pode reger a preposição “a” seguida de substantivo feminino com crase.;✅ Certo. Exemplo: “útil à mataria dos trabalhadores”.
5. Advérbios também podem reger preposição “a” com crase quando seguidos de substantivo feminino.;✅ Certo. Ex: “paralelamente à exposição”.
6. Nomes derivados de verbos podem ter regência semelhante aos seus verbos de origem.;✅ Certo. Ex: verbo “obedecer” e nome “obediência” ambos regem “a”.
7. “Obedecer à sinalização” e “obediência às leis” apresentam uso correto da crase.;✅ Certo.
8. Nem todo nome que exige preposição “a” é seguido de crase necessariamente.;✅ Certo. Depende se o substantivo feminino é determinado por artigo.
9. Verbos transitivos diretos não exigem preposição “a” e, portanto, não geram crase.;✅ Certo.
10. “Vou apoiar a formação” não tem crase porque “formação” é objeto direto.;✅ Certo.
11. “Dar apoio à formação” tem crase porque “formação” é objeto indireto com artigo definido.;✅ Certo.
12. O uso da crase está relacionado a termos que combinam preposição “a” + artigo feminino “a”.;✅ Certo.
13. Com nomes como “morador”, “residente” e “domiciliado”, o uso da preposição “a” pode ser intercambiável com “em”.;✅ Certo. Exemplo: “reside à rua” ou “reside na rua”.
14. O uso de “à rua” é consagrado e aceito pela norma culta mesmo sendo uma substituição da preposição original “em”.;✅ Certo.
15. “Residimos na rua Tupi” está correto e dispensa o uso de crase.;✅ Certo.
16. “Ela reside à rua Tupi” também está correto, sendo variação aceita.;✅ Certo.
17. A crase é obrigatória em “manifestou seu horror à depredação”.;✅ Certo.
18. “Útil à matéria dos trabalhadores” está correto porque “matéria” é substantivo feminino com artigo.;✅ Certo.
19. “Referir-se à boa gestão” está correto e apresenta crase pelo uso do nome derivado do verbo.;✅ Certo.
20. “Fazer referência a boa gestão” está errado porque falta a crase.;✅ Errado. O correto é “fazer referência à boa gestão” devido ao artigo definido.
21. O uso da crase em “associação vinculada às empresas” está correto.;✅ Certo.
22. Nomes como “consulta” exigem preposição “a” e podem ter crase antes de termo feminino.;✅ Certo. Ex: “consulta à entidade indicada”.
23. O nome “preferência” exige preposição e pode apresentar crase em “preferência à uva mais cara”.;✅ Certo.
24. A crase nunca ocorre antes de nomes masculinos.;✅ Certo. Crase é a fusão do “a” preposição com o artigo feminino “a”.
25. A crase pode ocorrer em nomes que são adjuntos adnominais ou objetos indiretos regidos por preposição “a”.;✅ Certo.
26. Nomes derivados de verbos transitivos diretos podem exigir preposição “a” e crase, como em “dar apoio à formação”.;✅ Certo.
27. O uso da preposição “a” com “morar” e seus derivados é opcional e intercambiável com “em”.;✅ Certo.
28. Em português brasileiro, a confusão entre “à” e “há” ocorre na pronúncia, mas na escrita a crase é obrigatória.;✅ Certo.
29. A substituição de um termo feminino por masculino para testar crase é uma técnica recomendada.;✅ Certo.
30. A crase só pode ser indicada pelo acento grave (à) quando ocorre a fusão de preposição e artigo definidos.;✅ Certo.
Usa-se crase diante da palavra “horas” quando ela vem determinada pelo artigo definido.;✅ Certo. Ex: “às 10 horas” = a + as horas (artigo definido).
2. Não se usa crase antes de “uma hora” porque o artigo é indefinido.;❌ Errado. Usa-se crase antes de “uma hora” porque o numeral “uma” funciona como artigo definido feminino.
3. A expressão “à zero hora” leva crase pelo mesmo motivo que “à uma hora”.;✅ Certo. “Zero” aqui funciona como numeral feminino e aceita artigo definido, gerando crase.
4. É incorreto usar crase depois da preposição “para” diante de “as horas”.;✅ Certo. Não ocorre crase com “para as horas”, pois há uma superposição de preposições.
5. É correto escrever “a conferência está marcada para às 10 horas da noite”.;❌ Errado. O correto é “para as 10 horas”, sem crase.
6. A preposição “até” pode ser seguida ou não da crase diante de expressões com “horas”.;✅ Certo. Ex: “até às 23 horas” ou “até as 23 horas” são ambas aceitas.
7. O uso da crase com “até” dá mais clareza em certos contextos para evitar ambiguidade.;✅ Certo. Exemplo: “até à raiz” (com crase) indica proximidade, diferente de “até a raiz” (inclusivo).
8. Numerais cardinais nunca admitem crase, pois não têm gênero nem artigo definido.;✅ Certo. Ex: “li 10 páginas”, “há 100 cavalos”.
9. Numerais terminados em “-entos” (como “duzentas”) admitem crase, pois são femininos e admitem artigo.;✅ Certo. Ex: “às duzentas pessoas”.
10. A crase pode ocorrer antes de numerais quando o substantivo feminino está subentendido e definido.;✅ Certo. Ex: “Li da página 1 à 10” = “da página 1 à página 10”.
11. Exemplo correto de crase diante de numeral com substantivo explícito: “às duas crianças abandonadas.”;✅ Certo. Crase no “às” vem do artigo definido “as” do substantivo feminino.
12. Não há crase antes de numerais masculinos porque não há artigo feminino.;✅ Certo. Ex: “aos dois meninos” (masculino, sem crase).
13. O uso da crase pode aparecer antes de pronomes e preposições quando o substantivo feminino está oculto.;✅ Certo. Ex: “vou à das 8” = “vou à (missa) das 8”.
14. A expressão “às vezes” leva crase porque “vezes” é um substantivo feminino com artigo.;✅ Certo.
15. O numeral “uma” antes de substantivo feminino pode gerar crase porque funciona como artigo definido.;✅ Certo.
16. Diante de numerais cardinais, nunca ocorre a fusão da preposição com artigo, portanto, sem crase.;✅ Certo. Ex: “chegou a 12 propostas” (sem crase).
17. O numeral “um” no masculino nunca leva crase porque não há fusão com artigo feminino.;✅ Certo.
18. Quando o substantivo feminino estiver subentendido, a crase pode ser mantida diante do numeral.;✅ Certo. Ex: “vou à das 7” (vou à missa das 7).
19. Não se usa crase diante da palavra “hora” quando o numeral é indefinido.;❌ Errado. Usa-se crase com numerais indefinidos femininos “uma hora”.
20. A expressão “foi dada a partida à uma hora” está correta, com crase.;✅ Certo.
21. Em “até as 23 horas”, o uso da crase após “até” é obrigatório no português brasileiro.;❌ Errado. No português brasileiro, usar “até as 23 horas” ou “até às 23 horas” é facultativo.
22. A expressão “entre as 20 h e as 22 h” nunca deve ter crase.;✅ Certo. “Entre” já é preposição que não combina com artigo definido “as” com crase.
23. A preposição “desde” seguida de “as horas” não admite crase.;✅ Certo. Ex: “desde as duas horas”.
24. A preposição “após” seguida de “as horas” também não admite crase.;✅ Certo.
25. O uso da crase diante de “horas” é sempre obrigatório, independentemente da preposição anterior.;"❌ Errado. Depende da preposição; não ocorre crase se a preposição for diferente de “a”."
26. É incorreto dizer “às dezoito horas do dia vinte de maio”.;"❌ Errado. Está correto; o uso da crase é obrigatório com “às dezoito horas”."
27. Numerais como “duas” e “primeiras” aceitam crase se acompanhados de substantivo feminino definido.;✅ Certo. Ex: “às duas crianças”, “às dez primeiras pessoas”.
28. Em “servirão refeições grátis às dez primeiras pessoas”, a crase está relacionada ao numeral.;❌ Errado. A crase está relacionada ao substantivo feminino “pessoas”, não ao numeral.
29. A crase só ocorre quando há fusão entre preposição “a” e artigo definido feminino “a(s)”.;✅ Certo.
30. Expressões com “à moda de” aceitam crase por causa do substantivo feminino “moda” subentendido.;✅ Certo. Ex: “arroz à (moda) grega”.
Quando houver “da” antes do primeiro termo, o segundo termo da locução “de ... a” deve vir com crase.;✅ Certo. Ex: “da 1ª à 4ª série” (determinação no primeiro e no segundo termo).
2. Quando a locução for apenas “de ... a” sem artigo, o segundo termo não leva crase.;✅ Certo. Ex: “de 3ª a sábado” (sem artigos, sem crase).
3. A expressão “de 1 a 100” não leva crase no segundo número.;✅ Certo. Não há artigo definido, portanto não há fusão e nem crase.
4. A frase “molhou-se dos pés à cabeça” está correta com uso da crase.;✅ Certo. “Dos” + “à” indicam articulação correta e coerente.
5. “Trabalho desta segunda à quinta-feira próxima” é correto com crase.;✅ Certo. Uso da crase coerente com a determinação nos dois termos.
6. “A exposição ficará aberta de hoje a domingo” está correta sem crase no segundo termo.;✅ Certo. Não há artigo antes de “domingo”, logo sem crase.
7. “As inscrições serão feitas da 1ª à 15 de junho” está correto com crase no segundo termo.;"❌ Errado. Se o segundo termo for masculino ou não determinado, a crase pode não ocorrer; a frase deve ser revista conforme o contexto."
8. Quando os dois termos são determinados, deve haver crase no segundo termo.;✅ Certo. É uma questão de coerência entre os termos.
9. O uso da crase no segundo termo não depende do gênero do substantivo.;❌ Errado. Depende sim, pois crase só ocorre diante de feminino com artigo.
10. Em “de 5ª a 8ª série”, não se usa crase porque não há artigo definido.;✅ Certo.
11. “Trabalhamos de 3ª a sábado” está correto sem crase no segundo termo.;✅ Certo. Sem artigo definido antes de “sábado”, logo sem crase.
12. Quando o primeiro termo está acompanhado de preposição e artigo, o segundo termo deve vir com crase.;✅ Certo. Ex: “da entrada à sobremesa”.
13. É incorreto usar crase no segundo termo se o primeiro não estiver determinado.;✅ Certo. Para manter coerência, se não há artigo no primeiro termo, não se usa no segundo.
14. “Tudo parece estar em constante subida da mensalidade escolar à consulta médica” está correto.;✅ Certo. Há artigos definidos em ambos os termos, justificando o uso da crase.
15. “Da meia-noite à uma hora” usa crase corretamente no segundo termo.;✅ Certo. Ambas expressões femininas determinadas com artigo.
16. A locução “de norte a sul do país” não leva crase no segundo termo.;✅ Certo. São termos geográficos sem artigos definidos, portanto, sem crase.
17. “De 1º de maio a 15 de junho” não deve ter crase no segundo termo porque o artigo está subentendido.;✅ Certo.
18. “Das 9 às 17 horas” tem crase no segundo termo porque ambos os termos são femininos determinados.;✅ Certo.
19. A crase pode ocorrer antes de numerais ordinais femininos quando estão determinados.;✅ Certo. Ex: “da 1ª à 4ª série”.
20. O uso da crase é obrigatório diante de numerais cardinais femininos sem artigo definido.;❌ Errado. Não ocorre crase sem artigo definido.
21. É correto usar crase em “de 1ª a 8ª série” porque ambos os termos são determinados.;❌ Errado. “de 1ª a 8ª série” não tem artigo definido no primeiro termo, por isso não há crase no segundo.
22. “De segunda a sexta-feira” está correto sem crase.;✅ Certo. Sem artigo definido, portanto sem crase.
23. “Da segunda à sexta-feira” está correto com uso da crase.;✅ Certo. Quando há artigo definido, há crase.
24. Em “da entrada à sobremesa”, o uso da crase no segundo termo indica coerência entre as expressões.;✅ Certo.
25. O uso da crase só se aplica quando o substantivo feminino está acompanhado do artigo definido.;✅ Certo.
26. Em “da 1ª à 5ª”, o uso da crase no segundo termo está incorreto porque não há substantivo expresso.;❌ Errado. O substantivo está subentendido, o que permite o uso da crase.
27. Quando os dois termos forem masculinos, usa-se “do ... ao” e crase não ocorre.;✅ Certo. Crase é fenômeno do feminino.
28. “Trabalho de segunda a quinta-feira” está correto sem crase.;✅ Certo. Sem artigo definido.
29. “Trabalho da segunda à quinta-feira” está correto com crase.;✅ Certo. Com artigo definido, ocorre crase.
30. A locução “de ... a ...” sempre exige que o segundo termo não tenha crase.;❌ Errado. Depende se o primeiro termo estiver determinado por artigo, o segundo pode ter crase para manter coerência.
A crase ocorre obrigatoriamente antes de pronomes possessivos femininos quando há artigo.;✅ Certo. O artigo definido antes do possessivo feminino exige a crase, por fusão da preposição “a” com o artigo “a”.
2. A crase é facultativa antes de pronomes possessivos no português brasileiro.;✅ Certo. O uso do artigo definido antes do possessivo é variável regionalmente, tornando a crase facultativa no Brasil.
3. Escrever “entreguei um presente a minha mãe” indica ausência de crase porque não há artigo.;✅ Certo. Sem artigo definido, só há preposição “a” e não ocorre crase.
4. Escrever “entreguei um presente à minha mãe” pressupõe a existência da preposição e do artigo.;✅ Certo. Nesse caso ocorre a fusão e, portanto, a crase.
5. O uso da crase diante de possessivos é considerado desnecessário em Portugal.;❌ Errado. Em Portugal o uso da crase (acento grave) é obrigatório porque o artigo definido é norma antes do possessivo.
6. O uso da crase ajuda a evitar ambiguidades, principalmente após verbos.;✅ Certo. Por exemplo: “anexar à sua declaração” deixa claro o objeto da ação.
7. “Favor anexar a sua identidade à sua petição” está correto e evita ambiguidades com a crase.;✅ Certo. Crase clarifica que “petição” é objeto indireto.
8. A crase é obrigatória antes de pronomes possessivos masculinos.;❌ Errado. Crase só ocorre diante de palavras femininas com artigo definido.
9. “Dobre à sua direita” está correto com o uso da crase antes do pronome possessivo.;✅ Certo. O pronome “sua” admite artigo, e o verbo “dobrar” exige preposição “a”.
10. Em “na casa de minha irmã”, não há crase porque não há preposição “a”.;✅ Certo. “De” rege o complemento e não há fusão de preposição “a” com artigo.
11. “Na casa da minha irmã, eu me referi às minhas dificuldades” usa crase porque há preposição e artigo.;✅ Certo. “De” + “a” = “da” no primeiro termo, e “a” + “as” = “às” no segundo.
12. O plural dos pronomes possessivos exige o uso da crase somente se houver artigo definido.;✅ Certo. Ex: “às suas dificuldades” vs “a suas dificuldades”.
13. “Passo a suas mãos documento” está correto sem crase.;✅ Certo. Sem artigo definido antes do possessivo, não ocorre crase.
14. “Passo às suas mãos documento” está correto com crase.;✅ Certo. Quando há artigo definido antes do possessivo plural, ocorre crase.
15. A crase ocorre antes de possessivos femininos quando o verbo exige a preposição “a”.;✅ Certo. A preposição do verbo se junta ao artigo antes do possessivo, causando a crase.
16. O uso da crase é indiferente para a clareza da frase depois de verbos que exigem preposição “a”.;❌ Errado. A crase é importante para evitar ambiguidades e deixar claro o complemento.
17. “A sua obra” admite o uso da crase se houver preposição “a” antes.;✅ Certo. Ex: “Desapego material que o autor tem à sua obra.”
18. “Com a minha amiga” admite crase porque há preposição e artigo definidos.;✅ Certo.
19. Em algumas regiões do Brasil, o uso do artigo antes do possessivo é pouco comum, dispensando a crase.;✅ Certo. Isso torna facultativo o uso da crase para pronomes possessivos.
20. A crase é obrigatória antes de possessivos femininos mesmo que o artigo definido esteja oculto.;✅ Certo. O artigo pode estar subentendido e a crase será usada.
21. “Referi-me a minhas dificuldades” é correto sem crase se não houver artigo.;✅ Certo.
22. “Referi-me às minhas dificuldades” está correto com crase porque há artigo definido.;✅ Certo.
23. “A sua declaração” sempre leva crase.;❌ Errado. Leva crase somente se houver preposição exigida pelo verbo ou termo anterior.
24. O pronome possessivo plural “suas” admite crase se for precedido de artigo definido.;✅ Certo. Ex: “às suas dificuldades”.
25. O uso da crase é obrigatório em “à sua porta”.;✅ Certo. Verbo “bater” exige preposição “a” e há artigo definido.
26. A expressão “a sua identidade” nunca leva crase.;❌ Errado. Pode levar crase se houver preposição “a” exigida pelo verbo, ficando “à sua identidade”.
27. “De meu pai” dispensa crase porque não há artigo definido.;✅ Certo. Sem artigo não há fusão, logo sem crase.
28. “Do meu pai” exige crase porque há preposição e artigo definidos.;✅ Certo.
29. Em “para a minha mãe” a crase é facultativa.;✅ Certo. Por variação regional, o uso do artigo definido antes do possessivo pode ou não ocorrer.
30. O uso da crase antes de pronomes possessivos torna o texto mais claro e evita ambiguidades.;✅ Certo. Principalmente após verbos que exigem preposição “a”.
O uso da crase diante de nomes próprios femininos é sempre obrigatório.;❌ Errado. É facultativo, pois depende do uso do artigo definido antes do nome.
2. No Brasil, o uso do artigo definido diante de nomes próprios femininos tem caráter regionalista.;✅ Certo. Em algumas regiões usa-se artigo, em outras não, influenciando o uso da crase.
3. Se o nome feminino for precedido da preposição “a” e artigo definido, deve usar-se crase.;✅ Certo. A crase indica a fusão da preposição “a” com o artigo “a”.
4. Antes de nomes próprios de mulheres que não levam artigo, não ocorre crase.;✅ Certo. Sem artigo não há fusão, logo não há crase.
5. Dizer “Contei à Beatriz” é correto porque a preposição e o artigo estão presentes.;✅ Certo. Presença do artigo antes do nome determina a crase.
6. Nomes de personalidades públicas nunca são precedidos de artigo definido, portanto não há crase.;✅ Certo. Ex: “Referiu-se a Rachel de Queiroz”, sem artigo, sem crase.
7. “Fizemos homenagem ao Euclides da Cunha” está correto com artigo definido.;❌ Errado. O correto é “a Euclides da Cunha”, sem artigo, sem crase.
8. O uso do artigo diante do nome completo indica familiaridade, o que permite a crase.;✅ Certo. Em contextos de amizade ou informalidade, usa-se artigo e crase.
9. Em agradecimentos formais, é comum usar crase diante do nome completo feminino para indicar intimidade.;✅ Certo. Exemplo: “À Profa. Maria Lima e Silva, por sua amizade.”
10. “A Santa Paulina” admite crase porque o nome é precedido de artigo definido.;✅ Certo. Nomes de santos geralmente admitem artigo, permitindo crase.
11. O nome “Nossa Senhora” não admite crase porque não é precedido de artigo.;✅ Certo. O nome é usado sem artigo, não há crase.
12. “Refiro-me à Gal Costa” é correto em regiões onde se usa artigo antes do nome.;✅ Certo. O uso do artigo torna a crase obrigatória.
13. “Gosto de Gal Costa” dispensa o uso da crase.;✅ Certo. Sem artigo, apenas preposição, não há crase.
14. O uso da crase diante de nomes próprios femininos é sempre uma questão de preferência pessoal.;❌ Errado. Também depende da norma regional e da presença ou não do artigo definido.
15. Nomes próprios geográficos femininos nunca recebem crase.;❌ Errado. Recebem crase se forem precedidos de artigo definido.
16. Em geral, nomes de cidades não levam crase porque repelem o artigo definido.;✅ Certo. Exemplos: “Vou a Curitiba”, “Cheguei a Salvador”.
17. “Bem-vindos à Florianópolis das 42 praias” está correto com crase.;✅ Certo. Nome da cidade modificado por expressão restritiva pode levar artigo e crase.
18. Nomes de estados e países femininos seguem a mesma regra dos nomes de cidades quanto à crase.;✅ Certo. Devem admitir artigo para que haja crase.
19. O nome “Brasília” pode receber crase quando modificado por um elemento restritivo.;✅ Certo. Exemplo: “Refiro-me à Brasília dos excluídos”.
20. “Vamos a Salvador” está correto sem crase porque “Salvador” não leva artigo definido.;✅ Certo.
21. A crase antes de nomes próprios femininos é regra em todo o Brasil.;❌ Errado. O uso varia regionalmente, sendo facultativo em muitas regiões.
22. Em Portugal, o uso da crase diante de nomes próprios femininos é obrigatório.;✅ Certo. Lá o artigo definido antes do possessivo é norma, o que exige crase.
23. O uso da crase diante de nomes femininos indica que o nome está determinado por um artigo definido.;✅ Certo. A crase é a junção da preposição com o artigo definido.
24. A crase nunca ocorre diante de nomes masculinos próprios, mesmo que haja artigo.;✅ Certo. O masculino usa “ao” para artigo definido, diferente da crase que é específica do feminino “à”.
25. “Contei à Rita” está correto porque o verbo exige preposição e há artigo definido.;✅ Certo.
26. Nomes próprios de pessoas famosas nunca levam artigo definido e, portanto, crase.;✅ Certo. Geralmente não são precedidos por artigo em discurso formal.
27. A presença do artigo definido diante do nome próprio feminino é que determina a possibilidade de crase.;✅ Certo.
28. “Refiro-me a Euclides da Cunha” está correto, sem crase.;✅ Certo. Sem artigo, sem crase.
29. “Fizemos homenagem à Ruth Cardoso” está correto porque há artigo definido antes do nome.;❌ Errado. O correto é “a Ruth Cardoso”, sem artigo, sem crase, em homenagem formal.
30. “Fomos à bela Blumenau” está correto porque o nome da cidade foi qualificado e admite artigo.;✅ Certo. O modificador permite o uso do artigo definido e, consequentemente, a crase.
Apenas dois estados brasileiros admitem crase: Bahia e Paraíba.;✅ Certo. São os únicos estados femininos determinados por artigo definido.
2. Estados masculinos admitem crase diante do nome.;❌ Errado. Estados masculinos usam o artigo definido “o” ou “os” e a preposição, resultando em “ao” ou “aos”, não crase.
3. “Vamos à Santa Catarina” está correto com crase.;❌ Errado. Santa Catarina não leva artigo definido, logo não admite crase.
4. “Esse patrimônio pertence a Goiás” está correto sem crase.;✅ Certo. Goiás não é precedido de artigo definido, portanto não há crase.
5. “Refiro-me ao Rio Grande do Sul” está correto com “ao” (preposição + artigo masculino).;✅ Certo. Estados masculinos admitem “ao” e não crase.
6. “Bem-vindos à Bahia” está correto com crase.;✅ Certo. Bahia é um estado feminino com artigo definido, portanto há crase.
7. Nomes de países femininos que levam artigo definido admitem crase.;✅ Certo. Exemplo: “à Argentina”.
8. Países que não levam artigo definido nunca admitem crase.;✅ Certo. Sem artigo, sem fusão com preposição, logo sem crase.
9. “O Canadá” é um país masculino que admite crase na forma “à Canadá”.;❌ Errado. Países masculinos levam “ao” (preposição + artigo masculino), não crase.
10. “Refiro-me à França” está correto porque França é feminina e leva artigo definido.;✅ Certo.
11. Em Portugal, costuma-se usar nomes de países sem artigo, dispensando a crase.;✅ Certo. Exemplos: “em França”, “de Itália”.
12. O artifício de troca diz que, se “a” pode ser substituído por “para a”, então deve-se usar crase.;✅ Certo. Isso ajuda a identificar a necessidade da crase.
13. “Vim da Índia” e “Foi à Índia” estão corretos, pois “Índia” é feminino e leva artigo.;✅ Certo.
14. “Excursão a Brasília” não leva crase porque Brasília não é precedida de artigo definido.;✅ Certo.
15. Estados que não têm artigo definido, como Minas Gerais, nunca admitem crase.;✅ Certo.
16. “Cheguei ao Amazonas” está correto com preposição + artigo masculino.;✅ Certo.
17. “Enviamos saudações à Venezuela” está correto com crase.;✅ Certo. Venezuela é país feminino com artigo definido.
18. Nomes femininos de países ou estados modificados por adjetivos podem perder a possibilidade de crase.;❌ Errado. A modificação pode reforçar o uso do artigo, mantendo a crase.
19. Estados do Norte e Nordeste do Brasil são sempre masculinos e não admitem crase.;❌ Errado. Bahia e Paraíba, localizadas nessas regiões, são femininos e admitem crase.
20. “Fomos à Paraíba e a Santa Catarina” está correto com crase apenas antes de Paraíba.;✅ Certo. Santa Catarina não leva artigo, não há crase.
21. “O Espírito Santo” é um estado masculino, logo usa “ao Espírito Santo” e não crase.;✅ Certo.
22. “Estamos na França” é equivalente a “Estamos à França”.;❌ Errado. “Estamos à França” está incorreto porque “em” e “a” são preposições diferentes.
23. O nome “Europa” admite crase quando precedido de artigo definido feminino.;✅ Certo. Exemplo: “da Europa”.
24. “Bem-vindos à Argentina” está correto porque Argentina é feminino com artigo definido.;✅ Certo.
25. O uso do artigo definido em nomes próprios de lugar é sempre obrigatório para usar crase.;❌ Errado. O artigo pode ser facultativo, dependendo da região e do uso coloquial.
26. Estados que não levam artigo definido são sempre acompanhados apenas pela preposição “a”, sem crase.;✅ Certo.
27. A crase ocorre sempre que há preposição “a” antes de um nome feminino, independentemente do artigo.;❌ Errado. É necessária a presença do artigo definido para a crase.
28. Países que podem usar artigo ou não, como França, podem variar no uso da crase conforme o país (Brasil/Portugal).;✅ Certo.
29. “Fui à França” e “Fui em França” têm o mesmo sentido e são corretos.;"❌ Errado. “Fui à França” usa preposição + artigo, “Fui em França” usa outra preposição; o uso correto depende do contexto."
30. Estados masculinos são acompanhados de preposição “a” + artigo “o”, formando “ao”, não crase “à”.;✅ Certo. Exemplo: “Refiro-me ao Pará”.
Locuções prepositivas que terminam em “a” exigem crase quando ligadas a substantivo feminino determinado.;✅ Certo. Exemplo: “Graças à competência”.
2. A locução “quanto a” sempre leva crase quando seguida de nome feminino.;✅ Certo. Exemplo: “Quanto à participação”.
3. Em “Em atenção à reclamação”, o uso da crase está correto.;✅ Certo. “Atenção” exige preposição “a” + artigo feminino “a”, portanto crase.
4. Em “Foram abertas inscrições com vistas à renovação”, o uso da crase está incorreto.;❌ Errado. “Com vistas” exige preposição “a” + artigo feminino, logo a crase é obrigatória.
5. A crase ocorre em “Em relação à solicitação de emprego”.;✅ Certo. “Em relação a” + artigo feminino = crase.
6. Em “Qual seu interesse relativamente às tabelas”, o uso da crase está correto.;✅ Certo. “Relativamente a” + artigo feminino = crase.
7. Em “No tocante às perguntas”, a crase está errada, pois “no tocante” não é locução prepositiva.;❌ Errado. “No tocante a” é locução prepositiva e exige crase se o complemento for feminino determinado.
8. “Qual foi sua atitude com respeito à difamação?” está correto com crase.;✅ Certo. “Com respeito a” + artigo feminino = crase.
9. Em “O carro pifou próximo à rua”, o uso da crase está correto.;✅ Certo. “Próximo a” + artigo feminino = crase.
10. “Frente às reivindicações” está correto com crase porque “frente a” é locução prepositiva.;✅ Certo.
11. Em “Parou em frente às galerias”, não se usa crase porque a preposição é “em”.;❌ Errado. A locução “em frente a” exige crase quando o complemento é feminino determinado.
12. “Vamos nos encontrar defronte à barbearia” está correto com crase.;✅ Certo. “Defronte a” + artigo feminino = crase.
13. “Viajou em direção à fronteira” está correto porque “em direção a” é locução prepositiva que exige crase.;✅ Certo.
14. “Encostou o carro junto à calçada” está correto com crase.;✅ Certo. “Junto a” + artigo feminino = crase.
15. Em “O governador logrou êxito junto às autoridades”, o uso da crase está incorreto.;❌ Errado. Correto, pois “junto a” + artigo feminino exige crase.
16. “Devido à ocorrência de geadas” está correto porque “devido a” é locução prepositiva que exige crase.;✅ Certo.
17. Em “Foi cancelado o espetáculo devido à chuva”, o uso da crase está correto.;✅ Certo.
18. O artifício de troca confirma que, se no masculino se usa “ao”, no feminino se usa “à”.;✅ Certo. É regra para verificar crase.
19. Em “Diga à moça”, há crase porque a preposição “a” se junta ao artigo feminino “a”.;✅ Certo.
20. Em “Apreciou a festa” não há crase porque não há artigo definido feminino, apenas preposição “a”.;✅ Certo.
21. O artifício de troca não funciona com locuções adverbiais, apenas com locuções prepositivas.;✅ Certo.
22. “Transmitiu à patroa” e “Transmitiu ao patrão” são equivalentes no uso de crase e contração.;✅ Certo.
23. Em “Muitos políticos acorreram à sede do governo”, a crase é obrigatória.;✅ Certo. “À sede” = preposição + artigo feminino.
24. “Fale à moça” e “Fale ao rapaz” indicam que há crase na primeira e contração na segunda expressão.;✅ Certo.
25. “Essas medidas proporcionarão à população melhores condições” está correto com crase.;✅ Certo.
26. “Subiram à primeira plataforma” está correto porque “à” indica preposição + artigo feminino.;✅ Certo.
27. “Favor anexar à folha 4 as informações” está correto com crase.;✅ Certo.
28. O artifício de troca funciona perfeitamente para todas as locuções, inclusive adverbiais.;❌ Errado. Não funciona para locuções adverbiais.
29. Em “Face às necessidades detectadas”, a crase está correta porque “face a” é locução prepositiva.;✅ Certo.
30. Todas as locuções prepositivas que terminam em “a” sempre levam crase, independentemente do contexto.;❌ Errado. A crase ocorre apenas se houver preposição “a” e artigo feminino definido, ligado a substantivo feminino determinado.
Nas locuções adverbiais femininas de circunstância, o “a” deve ser acentuado com crase para clareza.;✅ Certo. Exemplo: “Vendeu à vista” indica modo, diferente de “Vendeu a vista” (olhos).
2. Nas locuções adverbiais masculinas como “a cavalo” ou “a pé” não se usa crase.;✅ Certo. Porque não há artigo feminino, apenas preposição “a” + substantivo masculino.
3. Em “Cheirava à gasolina” o uso da crase está incorreto.;❌ Errado. Correto, pois é locução adverbial feminina e o “a” deve ser acentuado para indicar preposição + artigo.
4. “Cortou a faca” e “Cortou à faca” têm o mesmo significado.;"❌ Errado. “Cortou a faca” = cortou a própria faca; “Cortou à faca” = cortou com faca."
5. A crase em locuções adverbiais femininas serve para evitar ambiguidades de sentido.;✅ Certo.
6. O artifício de troca (trocar feminino por masculino) é útil para verificar crase nas locuções adverbiais de circunstância.;❌ Errado. Esse artifício não funciona nessas locuções, que são exceção.
7. Em “Pagou à prestação” a crase está correta, indicando modo de pagamento.;✅ Certo.
8. Em “Tranquei à chave” o “à” indica modo, e por isso há crase.;✅ Certo.
9. “Veio a tarde” e “Veio à tarde” têm o mesmo sentido.;"❌ Errado. “Veio à tarde” indica tempo; “Veio a tarde” não faz sentido igual."
10. “Fotografei à noite” está correto com crase para indicar tempo.;✅ Certo.
11. Em “Bater a porta” e “Bater à porta” o sentido é igual, sem necessidade de crase.;"❌ Errado. “Bater à porta” indica ação, com crase; “Bater a porta” pode indicar outro sentido (ex.: dar pancada)."
12. “Limpar à mão” está correto com crase para indicar modo.;✅ Certo.
13. “Lavar a máquina” e “Lavar à máquina” são intercambiáveis.;"❌ Errado. “Lavar à máquina” indica modo (com máquina); “Lavar a máquina” pode ser ambíguo."
14. “Fazer à tinta” está correto com crase, indicando o meio usado.;✅ Certo.
15. “Combateremos à sombra” tem crase para indicar o lugar da ação.;✅ Certo.
16. “Aguardavam à cabeceira” está correto com crase para indicar lugar.;✅ Certo.
17. Em locuções masculinas, mesmo que com sentido semelhante, nunca se usa crase.;✅ Certo. Exemplo: “a cavalo” sem crase.
18. A crase em locuções adverbiais femininas é apenas uma questão opcional de estilo.;❌ Errado. É recomendada para clareza e evitar ambiguidades.
19. Em “Amor à primeira vista” a crase está correta e indica modo.;✅ Certo.
20. “Andar à solta” leva crase porque indica modo ou estado.;✅ Certo.
21. “Assalto à mão armada” está correto com crase para indicar modo.;✅ Certo.
22. “Cortar à gilete” está incorreto porque gilete é masculino.;❌ Errado. “À gilete” é feminino (a gilete), portanto crase é correta.
23. “Cumprir o trato à risca” está correto com crase para indicar modo exato.;✅ Certo.
24. “Encontra-se à paisana” está correto com crase porque paisana é substantivo feminino.;✅ Certo.
25. “Escreve à caneta” indica o meio usado e, por isso, leva crase.;✅ Certo.
26. “Estamos à disposição” está correto com crase porque “disposição” é feminino determinado.;✅ Certo.
27. “Falar à boca pequena” leva crase para indicar modo de falar.;✅ Certo.
28. “Ficar à vontade” tem crase porque “vontade” é feminino e há preposição “a”.;✅ Certo.
29. “Modéstia à parte” indica locução adverbial com crase para separar ideia.;✅ Certo.
30. “Viver à toa” é locução feminina e leva crase para indicar modo ou estado.;✅ Certo.
“Barco à vela” é uma grafia obrigatória com crase.;❌ Errado. O uso da crase aqui é facultativo, pois não há ambiguidade.
2. “Carro à gasolina” está gramaticalmente correto, mas o acento é facultativo.;✅ Certo. O acento é possível, mas não obrigatório, por não haver risco de confusão.
3. Em “Guardar o dinheiro à chave”, o acento é opcional.;✅ Certo. É permitido usar a crase, mas ela é facultativa, pois a frase é clara com ou sem ela.
4. “Matou o cachorro à bala” deve levar crase obrigatoriamente.;❌ Errado. A crase aqui também é facultativa, pela clareza da expressão.
5. “Bife à milanesa” está corretamente acentuado.;✅ Certo. O acento é obrigatório, pois trata-se de locução com adjetivo feminino.
6. “Lasanha à bolonhesa” deve ser escrito com crase obrigatória.;✅ Certo. A locução com adjetivo feminino exige crase.
7. “Agir à louca” está correto, pois se trata de locução com adjetivo.;✅ Certo. Nesse caso, a crase é obrigatória.
8. “Comer às escondidas” exige crase.;"✅ Certo. A locução adverbial está no plural e é feminina; exige crase."
9. “Falar às claras” é uma grafia correta com crase.;✅ Certo. Locução feminina no plural: exige crase.
10. “Ficar às escuras” está escrito corretamente com crase.;✅ Certo. Locução adverbial feminina no plural, com artigo definido: usa crase.
11. “Pregar a revolução às abertas” exige crase.;✅ Certo. Locução feminina no plural com artigo: crase obrigatória.
12. “Viver às tontas” é grafia correta com crase.;✅ Certo. A crase é obrigatória por se tratar de locução feminina no plural.
13. “À custa de” exige acento indicativo de crase.;"✅ Certo. É locução adverbial feminina terminada em “de”; crase obrigatória."
14. “À força de” leva crase por regra gramatical.;✅ Certo. Mesmo caso: locução feminina com preposição final.
15. “À frente de” é escrita corretamente com crase.;✅ Certo. Forma locução de lugar com crase obrigatória.
16. “À mercê de” leva crase obrigatoriamente.;✅ Certo. Substantivo feminino determinado e locução formada com “de”.
17. “À semelhança de” deve ser escrito com crase.;✅ Certo. Locução adverbial feminina + preposição “de” no final: crase necessária.
18. “À testa de” leva crase por se tratar de locução feminina.;✅ Certo.
19. “À medida que” exige crase, por ser locução conjuntiva.;✅ Certo. É conjunção proporcional feminina, com artigo definido.
20. “À proporção que” deve ser acentuado.;✅ Certo. Mesmo motivo da questão anterior.
21. “À direita” está corretamente acentuado.;✅ Certo. Locução adverbial de lugar feminina.
22. “À esquerda” é grafia correta com crase.;✅ Certo.
23. “À beira do caminho” deve levar crase.;✅ Certo. “Beira” é substantivo feminino com artigo definido.
24. “À sombra” leva crase por ser substantivo feminino determinado.;✅ Certo. Locução adverbial de lugar, exige crase.
25. “À porta” está corretamente acentuado com crase.;✅ Certo.
26. “À beira-mar” leva crase por ser locução feminina de lugar.;✅ Certo.
27. “Às centenas” deve ser escrito com crase.;✅ Certo. Substantivo feminino no plural com artigo definido: “as”.
28. “Às mil maravilhas” está correto com crase.;✅ Certo. Locução feminina no plural.
29. “Às ordens” exige crase.;✅ Certo. Plural feminino com artigo definido: exige a fusão de preposição + artigo = crase.
30. “A duras penas” leva crase porque “penas” está no plural.;❌ Errado. A crase não ocorre aqui, pois o artigo seria “as” e o “a” é apenas preposição.
. “Estudou a distância” está corretamente escrito sem crase.;❌ Errado. A frase fica ambígua sem a crase. O correto é “à distância”, indicando modo.
2. “Fotografe à distância” é a forma correta.;✅ Certo. Locução adverbial de modo, feminina, com crase obrigatória por clareza.
3. “Escreveu à distância e perto” exige crase.;✅ Certo. A crase evita ambiguidade e está gramaticalmente correta.
4. “Curou a distância com ervas” está certo.;❌ Errado. O certo é “à distância”. Sem o acento, a frase pode ser mal interpretada.
5. “Conheço várias pessoas que amaram à distância” está gramaticalmente correta.;"✅ Certo. “À distância” é locução adverbial feminina; usa crase."
6. “Solicita-se permanecer a distância dos animais” está certo.;❌ Errado. O certo é “à distância”, com crase, por ser locução adverbial de lugar.
7. “Curso a distância” é a forma correta e única.;❌ Errado. “Curso à distância” é a forma preferível, pois a ausência da crase causa ambiguidade.
8. “Ensino à distância” exige crase obrigatória.;✅ Certo. Sem a crase, parece que a distância é o objeto direto do ensino.
9. “Viu à distância o vulto passando” está correto.;"✅ Certo. Expressa circunstância de lugar; crase necessária."
10. “Fotografe à distância de um metro” exige crase.;✅ Certo. Quando a distância é determinada, a crase é obrigatória.
11. “Ficou à distância de dez quilômetros” deve ter crase.;✅ Certo. Distância determinada exige uso da crase.
12. “Cientistas mediram 60 mil galáxias a distância de 9 bilhões de anos-luz.”;❌ Errado. O correto é “à distância de…”, pois a distância está determinada.
13. “Estuda a distância, mas com eficácia” está correto.;❌ Errado. Sem a crase, há ambiguidade. O correto é “à distância”.
14. “Curso oferecido à distância” está bem escrito.;✅ Certo. Forma correta, pois “à distância” expressa modo.
15. “O inimigo permaneceu à distância o tempo todo” exige crase.;"✅ Certo. “À distância” indica lugar; crase é obrigatória."
16. “Amam-se a distância” está corretamente acentuado.;❌ Errado. Correto: “à distância”. Crase necessária para indicar modo.
17. “Ficou a distância de todos por escolha própria” está certo.;❌ Errado. Crase é obrigatória: “à distância”.
18. “A estratégia à distância é comum em empresas modernas.”;"✅ Certo. “À distância” é locução adjetiva feminina; crase correta."
19. “A reunião foi realizada à distância de forma remota.”;"✅ Certo. Expressa distância específica; uso da crase é correto."
20. “Compramos uma chácara a grande distância daqui.”;✅ Certo. Não se usa crase com artigo indefinido subentendido (“uma grande distância”).
21. “Chegamos a distância da praia” leva crase.;❌ Errado. Correto: “à distância da praia”, pois indica distância determinada.
22. “Observaram o cometa à distância de 20 mil km” está certo.;✅ Certo. Distância determinada = crase obrigatória.
23. “Analisaram o fenômeno à distância” está correto.;✅ Certo. Uso adverbial com substantivo feminino: exige crase.
24. “Fotografe o animal a distância, para não assustá-lo.”;❌ Errado. Correto: “à distância”. Crase necessária para indicar modo/lugar.
25. “Atirou à distância de dois metros” deve levar crase.;✅ Certo. Distância determinada = crase obrigatória.
26. “É preciso manter-se a distância durante o procedimento.”;❌ Errado. Correto: “à distância”, com crase.
27. “Discutimos o projeto à distância, por videoconferência.”;✅ Certo. Uso correto da crase.
28. “O telescópio detectou o corpo celeste a distância de bilhões de quilômetros.”;❌ Errado. Correto: “à distância de...”
29. “Foi treinado a distância por especialistas estrangeiros.”;❌ Errado. Correto: “à distância”, pois indica modo de ação.
30. “Mediu à distância de segurança entre os carros.”;✅ Certo. Distância determinada exige o uso da crase.
Refiro-me àquele professor que conhecemos.;✅ Certo. O verbo “referir-se” exige preposição “a” e “aquele” inicia com “a”. Há crase.
2. Entreguei o prêmio a aquela moça simpática.;❌ Errado. O correto é “àquela” (preposição + pronome “aquela” = crase).
3. Não me referi àquilo que disseram.;✅ Certo. Verbo exigir preposição + pronome “aquilo” = crase obrigatória.
4. Não me referi a isso.;"✅ Certo. “Isso” não inicia com “a”; logo, não há crase."
5. A carta foi dirigida àquela senhora de chapéu.;✅ Certo. Verbo “dirigir” exige preposição, e “aquela” inicia com “a”: crase correta.
6. Os recursos serão destinados àqueles que mais precisam.;✅ Certo. “Destinar” exige preposição + “aqueles” = crase obrigatória.
7. Comprei um colar igual a aquela pulseira.;❌ Errado. Correto: “igual àquela pulseira”, pois “igual” exige preposição.
8. Agradeço àqueles que me apoiaram.;"✅ Certo. “Agradecer” exige preposição “a”; com “aqueles” temos crase."
9. Prefiro essa proposta àquela.;✅ Certo. Verbo “preferir” exige preposição “a” antes do segundo termo.
10. Disse que a proposta era melhor que a que tinha sido apresentada antes.;❌ Errado. Correto: “à que”, pois há um substantivo subentendido (à [proposta] que...).
11. Ganhou uma casa parecida à que viu na revista.;✅ Certo. Crase correta por causa do substantivo subentendido: “à [casa] que”.
12. Enviou a mensagem à que ele mais confiava.;✅ Certo. “À [pessoa] que ele mais confiava” → uso correto da crase.
13. Chegou atrasado à qual todos aguardavam com expectativa.;✅ Certo. “À qual” é forma correta (preposição exigida + pronome relativo feminino).
14. Não entendi a questão a qual ele se referiu.;❌ Errado. Correto: “à qual”, com crase, pois o verbo “referir-se” exige preposição.
15. O projeto será avaliado pela banca à qual pertencemos.;✅ Certo. Crase correta entre preposição “a” e o pronome relativo “a qual”.
16. Foi um ato simbólico ao qual todos aderiram.;✅ Certo. Com substantivo masculino, usamos “ao qual” (sem crase, pois já há “ao”).
"17. Temos três filhas; vou me referir à da esquerda.";✅ Certo. “À [filha] da esquerda” → crase correta com o pronome substantivo “a”.
18. Distribuíram os brindes às que mais participaram.;✅ Certo. “Às [pessoas] que...” → pronome “as” usado como pronome substantivo.
19. Chegou o caminhão à que esperávamos há dias.;✅ Certo. Subentende-se: “à [entrega] que esperávamos”.
20. Tenho três opções e prefiro à que você recomendou.;✅ Certo. “À [opção] que...” → crase obrigatória.
21. Enviou uma carta a qual ninguém respondeu.;❌ Errado. Correto: “à qual”. Verbo “responder” exige preposição.
22. Assistimos àquela apresentação com muito entusiasmo.;"✅ Certo. “Assistir” (no sentido de ver) exige preposição; “àquela” leva crase."
23. Vimos a que todos aplaudiram.;✅ Certo. Subentende-se “à [pessoa] que...” → crase correta.
24. Chegou a notícia a que todos temiam.;❌ Errado. Correto: “à que”, com crase.
25. Ganhou um vestido igual à que havia comprado antes.;✅ Certo. “À [peça/roupa] que...” → pronome substantivo com crase.
26. Vamos visitar os prédios ao qual pertenceram os bens.;❌ Errado. Correto: “aos quais”, pois “prédios” está no plural.
27. A escola foi indicada pela ONG à qual se vinculava.;✅ Certo. Uso correto de “à qual” com crase.
28. A resposta foi semelhante àquela dada por outros candidatos.;"✅ Certo. “Semelhante” exige preposição “a”; com “aquela” = crase."
29. Eles se referiram àquela cláusula esquecida no contrato.;✅ Certo. Verbo pronominal “referir-se” exige preposição.
30. As normas às quais me submeto são rígidas.;✅ Certo. “Às quais” com crase correta: preposição + artigo definido plural + pronome relativo.
Ele voltou a casa depois do trabalho.;✅ Certo. “Casa” sem artigo definido, significando “lar”. Não se usa crase.
2. Voltamos à casa onde nascemos.;✅ Certo. Há especificação (“onde nascemos”), exigindo o artigo: ocorre crase.
3. O navio chegou à terra ao amanhecer.;❌ Errado. Se “terra” significa terra firme (oposição a mar), não se usa crase: o correto é “chegou a terra”.
4. O cientista voltou à Terra após 14 anos no exterior.;✅ Certo. “Terra” com sentido de planeta, leva artigo definido → ocorre crase.
5. Cheguei a casa às 20 horas.;✅ Certo. “Casa” com sentido de lar, sem artigo: não leva crase.
6. Cheguei à casa da minha avó.;✅ Certo. “Casa” determinada pela expressão “da minha avó” → exige crase.
7. O marinheiro desceu à terra e foi visitar os amigos.;❌ Errado. “Terra” em oposição a bordo → sem crase.
8. Voltei à terra do meu pai.;✅ Certo. “Terra” com sentido de local específico ou pátria → usa crase.
9. A atriz se dirigiu a Vossa Excelência com respeito.;✅ Certo. “Vossa Excelência” não admite artigo → não ocorre crase.
10. Ela se dirigiu à senhorita com elegância.;✅ Certo. “Senhorita” admite artigo → exige crase.
11. Dedicou o prêmio à Sua Excelência.;❌ Errado. “Sua Excelência” não admite artigo → não há crase.
12. Entregou a carta a Sua Santidade.;✅ Certo. Sem crase. “Sua Santidade” é expressão de tratamento sem artigo.
13. Deu a notícia à senhora com educação.;✅ Certo. “Senhora” admite artigo → exige crase.
14. Enfrentaram-se frente à frente.;❌ Errado. Expressão com palavras repetidas (frente a frente) → não ocorre crase.
15. Os adversários se olharam cara à cara.;❌ Errado. Expressões formadas por palavras repetidas não levam crase: cara a cara.
16. Andou de cidade à cidade vendendo produtos.;❌ Errado. O correto é “de cidade a cidade” → expressão com palavras repetidas não recebe crase.
17. O óleo caiu gota à gota sobre a frigideira.;❌ Errado. Expressão “gota a gota” → sem crase por ser de palavras repetidas.
18. Ofereceram ajuda a um idoso.;✅ Certo. “Um” é artigo indefinido → não há crase.
19. Não respondeu a nenhuma das perguntas.;✅ Certo. “Nenhuma” é indefinido → sem crase.
20. Voltaram a casa esgotados.;✅ Certo. “Casa” como lar, sem artigo → sem crase.
21. Voltaram à casa paroquial.;✅ Certo. “Casa” especificada → exige crase.
22. Apresentou-se à uma senhora educada.;❌ Errado. “Uma” é indefinido, e a crase não ocorre antes de palavras indefinidas.
23. Ocorreu a reunião a pedido do diretor.;✅ Certo. “A pedido” não tem artigo → não ocorre crase.
24. Vai dirigir-se à esta família a essa hora?;❌ Errado. “Esta” e “essa” não admitem crase com preposição → correto: “a esta família” (sem crase).
25. Dirigiu-se àquela senhora.;✅ Certo. Verbo exige preposição e “aquela” começa com “a” → crase obrigatória.
26. Vai dirigir-se a toda a família?;✅ Certo. “Toda” não leva crase nesse caso → “a toda a família” (sem crase antes de pronomes indefinidos).
27. Disse algo a respeito da questão.;✅ Certo. “A respeito” é locução prepositiva masculina → sem crase.
28. Dedicou o poema àquela musa inspiradora.;✅ Certo. Preposição + “aquela” = crase correta.
29. Dirigiu-se à que estava sentada ao fundo.;✅ Certo. Subentende-se “à [pessoa] que...” → exige crase.
30. Voltamos à casa e encontramos os vizinhos.;✅ Certo. Se “casa” estiver determinada, como “à casa do vizinho” → crase é correta. Caso contrário (casa como lar), não teria crase.
O crédito está sujeito à aprovação.;✅ Certo. “Aprovação” está determinada → exige crase.
2. O crédito está sujeito a qualquer aprovação.;✅ Certo. Não leva crase antes de “qualquer” → ideia de generalidade.
3. O plano está sujeito à alteração proposta pelo conselho.;✅ Certo. “Alteração” está determinada → ocorre crase.
4. O plano está sujeito a alteração.;✅ Certo. “Alteração” em sentido genérico → sem crase.
5. A decisão será submetida à votação do plenário.;✅ Certo. “Votação” está especificada → exige crase.
6. A decisão será submetida a votação.;✅ Certo. Sem determinante → sem crase.
7. O cardeal foi submetido a cirurgia.;✅ Certo. “Cirurgia” em sentido genérico → não leva crase.
8. O cardeal foi submetido à cirurgia marcada para hoje.;✅ Certo. Cirurgia especificada → ocorre crase.
9. Estão sujeitos à condenação.;❌ Errado. Condenação não está determinada → sem crase.
10. Estão sujeitos a alguma condenação.;✅ Certo. “Alguma” é palavra indefinida → não há crase.
11. Ele responde a ação penal.;❌ Errado. “Ação penal” é determinada → exige crase: à ação penal.
12. Ele responde à ação penal movida contra ele.;✅ Certo. “Ação penal” determinada → com crase.
13. Vive de uma bodega à outra.;❌ Errado. Como há ideia de generalidade entre bodegas diferentes → sem crase: de uma bodega a outra.
14. Passou da igreja católica à protestante.;✅ Certo. Há contraposição determinada entre duas religiões → usa-se crase.
15. O produto foi mais barato na outra loja.;✅ Certo. “A outra loja” está determinada em oposição à primeira → ocorre crase: fui à outra loja.
16. Ela andou de uma cidade à outra.;❌ Errado. Ideia genérica entre cidades → correto: de uma cidade a outra.
17. Dirigiu-se uma à outra com carinho.;✅ Certo. Há reciprocidade entre mulheres determinadas → usa-se crase.
18. Ele foi de uma escola à outra para comparar os preços.;❌ Errado. “Escolas” não estão determinadas → correto: de uma escola a outra.
19. Submeteu o paciente à transfusão de sangue.;✅ Certo. “Transfusão” determinada → exige crase.
20. Submeteu o paciente a transfusão.;✅ Certo. “Transfusão” genérica → sem crase.
21. Ele se dedicava a instituições culturais.;✅ Certo. Plural genérico → sem crase.
22. A subvenção foi destinada à instituição cultural localizada no centro.;✅ Certo. Determinada → com crase.
23. Aposentou-se para dar lugar a pessoas novas.;✅ Certo. Generalidade → sem crase.
24. Aposentou-se para dar lugar às novas contratadas.;✅ Certo. Determinado → usa-se crase.
25. O pagamento foi antecipado a credora do INSS.;✅ Certo. “Credora” usada em sentido genérico → sem crase.
26. O pagamento foi antecipado à credora identificada na portaria.;✅ Certo. “Credora” determinada → exige crase.
"27. O relatório omitiu o item ""subvenção a instituições"".";✅ Certo. Generalidade no plural → sem crase.
28. Ele reagiu à provocação do adversário.;✅ Certo. “Provocação” determinada → exige crase.
29. Ele reagiu a provocação.;❌ Errado. Se há omissão do artigo, não se usa crase. Porém, o correto seria: à provocação (se for específica).
30. A manchete dizia: “Bomba explode em frente à escola”, sem especificar qual.;❌ Errado. Como a escola ainda não está determinada no contexto da manchete, o correto seria “em frente a escola” (sem crase).
