"O substantivo ""tristeza"" é concreto.";"❌ Errado. ""Tristeza"" é um substantivo abstrato, pois depende de alguém para existir (sentimento)."
"""Casa"" é um substantivo concreto.";✅ Certo. Designa um ser com existência independente.
Substantivo composto é formado por um único radical.;"❌ Errado. Substantivos compostos têm dois ou mais radicais, como ""pombo-correio""."
"""Pernalta"" é um exemplo de substantivo composto.";"✅ Certo. É formado por dois radicais: ""perna"" + ""alta""."
"""Brasil"" é um substantivo derivado.";✅ Certo. É formado por um radical + sufixo.
"""Café"" é um substantivo derivado.";"❌ Errado. ""Café"" é um substantivo primitivo."
"""Amor"" é um substantivo comum.";✅ Certo. Refere-se ao ser de forma genérica.
"""Maria"" é um substantivo próprio.";✅ Certo. Designa um ser específico entre os de um grupo.
Substantivos coletivos são sempre próprios.;❌ Errado. São comuns, pois se referem a conjuntos genéricos.
"""Cardume"" é coletivo de peixes.";✅ Certo. Refere-se ao conjunto de peixes.
"""Frota"" é coletivo de carros de corrida.";"❌ Errado. ""Frota"" é coletivo de navios, ônibus ou táxis, não de carros de corrida."
"""Alcateia"" é coletivo de lobos.";✅ Certo.
"""Jovem"" é um substantivo comum de dois gêneros.";✅ Certo. Pode ser antecedido por artigos masculino e feminino.
"""Jacaré macho"" é um exemplo de substantivo epiceno.";✅ Certo. Usa-se “macho” ou “fêmea” para indicar o sexo.
"""Criança"" é um substantivo comum de dois gêneros.";❌ Errado. É um substantivo sobrecomum, usado sempre no feminino, independentemente do sexo.
"""Sósia"" é um substantivo sobrecomum.";✅ Certo. Refere-se a homem ou mulher, mas tem uma só forma no masculino.
"""O rádio"" é sempre feminino.";"❌ Errado. ""O rádio"" (aparelho) é masculino; ""a rádio"" (emissora) é feminino."
"""O cura"" e ""a cura"" têm o mesmo significado.";"❌ Errado. ""O cura"" é o padre; ""a cura"" é o ato de curar."
"""Presidente"" e ""Presidenta"" são formas de flexão de gênero.";"❌ Errado. Segundo a teoria gramatical apresentada, ""presidenta"" é derivação, não flexão."
"O substantivo ""cobra"" é epiceno.";✅ Certo. O sexo é indicado por “macho” ou “fêmea”.
"""O intérprete"" e ""a intérprete"" mostram marca interna de gênero.";✅ Certo. São exemplos de comuns de dois gêneros.
"""A vítima"" pode se referir a homem ou mulher.";✅ Certo. É um substantivo sobrecomum.
"""Genro"" e ""nora"" são heterônimos.";✅ Certo. Têm radicais diferentes para masculino e feminino.
Substantivos sobrecomuns indicam o sexo pelo artigo.;"❌ Errado. Não apresentam marca interna ou externa; o contexto indica o sexo."
"""Personagem"" pode ser usado com ""o"" ou ""a"" sem mudar o significado.";✅ Certo. O gênero gramatical não altera o sexo do ser designado.
"""O capital"" e ""a capital"" são substantivos com significados diferentes.";"✅ Certo. ""O capital"" é valor; ""a capital"" é cidade principal."
"""Resma"" é coletivo de peixes.";"❌ Errado. ""Resma"" é coletivo de 500 folhas de papel."
"""Hinário"" é coletivo de hinos.";✅ Certo.
"""Molho"" pode ser coletivo de chaves.";✅ Certo.
"""Hebreu"" e ""hebreia"" têm marca de flexão legítima.";❌ Errado. Segundo o texto, é derivação, não flexão legítima com desinência “a”.
A palavra “pia” forma o plural como “pias”.;✅ Certo. Basta acrescentar “s”.
“Cidadão” tem plural em “cidadões”.;❌ Errado. O correto é “cidadãos”.
“Cão” tem plural em “cães”.;✅ Certo. É uma das formas irregulares terminadas em “ão”.
“Anão” só pode ter um plural correto.;❌ Errado. Pode ser “anãos”, “anões” ou “anães”.
“Vilão” pode ter os plurais “vilões”, “vilãos” e “vilães”.;✅ Certo. Admite essas três formas.
“Espião” forma plural como “espiões”.;✅ Certo. É a forma regular nesse caso.
“Canal” tem plural em “canales”.;❌ Errado. O plural correto é “canais”.
“Pastel” vira “pastéis” no plural.;✅ Certo. Perde o “l” e ganha “is”.
“Cônsul” tem plural “cônsules”.;✅ Certo. Acrescenta-se “es” com vogal de ligação “e”.
“Mal” vira “males” no plural.;✅ Certo. É uma exceção à regra comum de “l” para “is”.
“Fel” só admite o plural “féis”.;❌ Errado. Também pode ser “feles”.
“Aval” pode ter os plurais “avais” ou “avales”.;✅ Certo. Admite as duas formas.
“Barril” forma plural como “barris”.;✅ Certo. Substantivo oxítono terminado em “il”.
“Fóssil” vira “fósseis” no plural.;✅ Certo. Substantivo paroxítono terminado em “il”.
“Homem” tem plural em “homens”.;✅ Certo. Terminado em “m” vira “ns”.
“Colher” no plural vira “colheres”.;✅ Certo. Terminado em “r” ganha “es”.
“Giz” forma o plural “gizes”.;✅ Certo. Substantivo terminado em “z” ganha “es”.
“Tórax” vira “tóraxes” no plural.;❌ Errado. Substantivos terminados em “x” não variam: “os tórax”.
“Deus” tem plural “deuses”.;✅ Certo. Terminado em “s”, ganha “es”.
Substantivos terminados em “x” sempre variam no plural.;❌ Errado. Eles não variam, como em “tórax” – “tórax”.
A palavra “pêsames” tem apenas forma no plural.;✅ Certo. Não existe no singular.
“Núpcias” é usada apenas no plural.;✅ Certo. É um substantivo pluraletantum.
“Férias” pode ser usada no singular.;❌ Errado. Só ocorre no plural.
“Afazeres” tem forma no singular: afazere.;"❌ Errado. Não existe “afazere”; só plural."
“Caráter” vira “caráteres” no plural sem alteração de sílaba tônica.;❌ Errado. A sílaba tônica muda: caráter → caratéres.
“Móvel” no plural vira “móveis”.;✅ Certo. Substitui “l” por “is”.
“Males” é o plural correto de “mal”.;✅ Certo. É uma exceção à regra comum de “l”.
“Cirurgião” pode ter os plurais “cirurgiões” ou “cirurgiães”.;✅ Certo. Admite as duas formas.
O plural de “refrão” pode ser “refrões” ou “refrães”.;✅ Certo. Há mais de uma possibilidade.
Substantivos terminados em “m” formam plural com “es”.;❌ Errado. Formam plural com “ns” (ex: homem → homens).
A palavra “vaivéns” está no plural correto.;✅ Certo. Não há hífen, então apenas o último elemento varia.
Em compostos com hífen, verbos e advérbios são invariáveis.;✅ Certo. Só variam substantivos e adjetivos.
O plural de “saca-rolha” é “sacas-rolhas”.;❌ Errado. O verbo “sacar” é invariável: o correto é “saca-rolhas”.
“Guarda-noturnos” está no plural correto.;❌ Errado. Ambos são substantivos/adjetivos: o correto é “guardas-noturnos”.
“Amores-perfeitos” é plural correto.;✅ Certo. Ambos os termos são substantivos/adjetivos e devem ser pluralizados.
O plural de “sofá-cama” pode ser “sofás-cama”.;✅ Certo. Quando há relação de tipo/finalidade, o segundo pode ficar no singular.
“Sofás-camas” está incorreto.;❌ Errado. Está correto também: pluralização dos dois elementos é facultativa nesse caso.
Em “pés de moleque”, só o primeiro termo vai ao plural.;✅ Certo. A presença da preposição exige que só o primeiro elemento varie.
O plural de “reco-reco” pode ser “recos-recos”.;✅ Certo. Em compostos onomatopeicos, ambos podem ser pluralizados.
“Corre-corres” está incorreto.;❌ Errado. É uma forma correta de plural para compostos com verbos repetidos.
Em “grã-duquesas”, “grã” varia.;❌ Errado. “Grã” é invariável, apenas “duquesa” vai ao plural.
O plural de “bel-prazer” é “bel-prazeres”.;✅ Certo. “Bel” é invariável.
“Leva e traz” permanece invariável no plural.;✅ Certo. Compostos com verbos de sentidos opostos são invariáveis.
O plural de “vice-prefeito” é “vices-prefeitos”.;❌ Errado. “Vice” é prefixo, invariável: o correto é “vice-prefeitos”.
O plural de “ave-maria” é “aves-marias”.;❌ Errado. “Ave-maria” é expressão invariável: o plural correto é “ave-marias”.
“Meninão” é aumentativo sintético de “menino”.;✅ Certo. Aumentativo por sufixo.
“Menino grande” é aumentativo analítico.;✅ Certo. Usa-se um adjetivo para expressar aumento.
“Menininho” é diminutivo sintético de “menino”.;✅ Certo. Diminutivo por sufixo.
“Menino pequeno” é diminutivo sintético.;❌ Errado. É diminutivo analítico, pois usa adjetivo.
“Casarão” é aumentativo sintético de “casa”.;✅ Certo. O sufixo “-ão” indica aumento.
“Casa grande” é aumentativo analítico.;✅ Certo. Aumento indicado por adjetivo.
“Florzinha” é diminutivo sintético.;✅ Certo. Sufixo “-inha” reduz o tamanho.
“Flor pequena” é aumentativo sintético.;❌ Errado. É diminutivo analítico.
“Cavalinho” é o aumentativo de “cavalo”.;❌ Errado. É o diminutivo de “cavalo”.
“Cavalão” é aumentativo sintético.;✅ Certo. Sufixo “-ão” indica aumento.
O plural de “porta-malas” é “portas-malas”.;❌ Errado. “Porta” é verbo aqui, então é invariável: o correto é “porta-malas”.
O plural de “segunda-feira” é “segundas-feiras”.;✅ Certo. Ambos os termos são substantivos, então variam.
Em “pé-de-moleque”, ambos os termos vão ao plural.;❌ Errado. Com preposição, apenas o primeiro termo varia: “pés de moleque”.
“Baixo-assinado” tem plural “baixos-assinados”.;✅ Certo. Ambos os elementos são substantivos/adjetivos.
“Guarda-chuva” tem plural “guardas-chuvas”.;❌ Errado. O correto é “guardas-chuvas”. “Guarda” (substantivo) e “chuva” (substantivo): pluralizam-se os dois.
"Roupas cinzas"" está correto.";❌ Errado. Quando substantivo é usado como adjetivo, fica invariável: o correto é “roupas cinza”.
A expressão “almoço à francesa” é uma locução adjetiva.;✅ Certo. Modifica “almoço” e equivale a um adjetivo.
O adjetivo “livre” no plural é “livres”.;✅ Certo. Adjetivo simples segue a flexão normal de número.
“Ondas monstro” está no plural correto.;✅ Certo. “Monstro” é substantivo com valor de adjetivo e, por isso, é invariável.
Em “olhos verde-claro”, apenas o último elemento varia.;✅ Certo. Em adjetivo composto, apenas o último varia se não houver substantivo.
Em “olhos verde-mar”, o adjetivo é variável.;❌ Errado. “Verde-mar” é adjetivo com substantivo na composição, logo é invariável.
“Blusas azul-marinho” está correto.;✅ Certo. “Azul-marinho” é adjetivo composto invariável.
“Raios ultravioletas” é forma correta.;❌ Errado. “Ultravioleta” é invariável: o correto é “raios ultravioleta”.
“Crianças surdas-mudas” está no plural correto.;✅ Certo. Ambos os elementos do adjetivo composto variam nesse caso.
“Menino é muito educado” é superlativo absoluto analítico.;✅ Certo. Uso de advérbio “muito” caracteriza superlativo absoluto analítico.
“Menino educadíssimo” é superlativo absoluto sintético.;✅ Certo. Uso do sufixo “-íssimo” indica forma sintética.
“O aluno é o mais esforçado da turma” é superlativo relativo de superioridade.;✅ Certo. A estrutura “o mais...” + grupo indica grau superlativo relativo.
“A turma é menos barulhenta que a outra” é comparativo de inferioridade.;✅ Certo. Estrutura “menos... que” indica comparação de inferioridade.
“Ela é tão atenta quanto o professor” está em grau comparativo de igualdade.;✅ Certo. Expressão “tão... quanto” mostra igualdade.
“Ele é o menos atencioso do grupo” é superlativo relativo de inferioridade.;✅ Certo. Uso de “o menos...” indica superlativo relativo.
“José é mais educado do que Pedro” está no grau superlativo.;❌ Errado. Está no grau comparativo de superioridade, não superlativo.
“A criança é a menor da classe” está em grau superlativo relativo.;✅ Certo. Uso de “a menor” indica superlativo relativo de superioridade.
“Estou mais calmo que ontem” é grau comparativo.;✅ Certo. Comparação com ele mesmo caracteriza grau comparativo.
“Ela é mais boa que ruim” é forma aceitável.;✅ Certo. Comparação de características exige forma analítica: “mais boa que ruim”.
“Ele é o mais jovem do grupo” é grau comparativo.;❌ Errado. Está no superlativo relativo, pois há artigo: “o mais jovem”.
“Ele é mais jovem que todos” é superlativo.;❌ Errado. Apesar da comparação com um grupo, é comparativo, pois não há artigo.
O adjetivo composto “verde-escuro” varia os dois elementos.;❌ Errado. Apenas o último elemento varia, desde que não haja substantivo.
“Cores verde-bandeiras” está correto.;❌ Errado. “Verde-bandeira” é invariável por conter substantivo: o correto é “cores verde-bandeira”.
“Saias furta-cor” está certo.;✅ Certo. “Furta-cor” é invariável.
“Vestidos rosa” está correto.;✅ Certo. “Rosa”, como substantivo com valor de adjetivo, não varia.
“Camisas roxas” está certo.;✅ Certo. “Roxa” é adjetivo comum e varia normalmente.
“Casacos cor-de-rosa” está correto.;✅ Certo. Locução adjetiva com substantivo é invariável.
“Blusas verdes-claras” está correto.;✅ Certo. Adjetivo composto sem substantivo: o último termo varia.
“Blusas verdes-mar” está correto.;❌ Errado. “Verde-mar” é invariável.
“Ela é mais estudiosa que sua irmã” é grau comparativo.;✅ Certo. Há comparação direta com outra pessoa.
O artigo definido determina substantivos específicos ou já conhecidos.;✅ Certo. Ele define elementos únicos ou já mencionados, como “o Brasil”, “o animal”.
“Uma menina estava na rua” usa artigo definido.;❌ Errado. “Uma” é artigo indefinido, pois indica um ser genérico e não específico.
O uso de artigo antes de nome próprio pode indicar intimidade ou ironia.;✅ Certo. Exemplo: “A Maria chegou.” pode denotar familiaridade ou tom pejorativo.
O artigo “o” sempre deve anteceder pronomes interrogativos.;❌ Errado. O uso do artigo antes de pronomes interrogativos como “que” é facultativo.
O numeral “primeiro” indica multiplicação.;❌ Errado. “Primeiro” é numeral ordinal, não multiplicativo.
O numeral “meio” é um exemplo de numeral fracionário.;✅ Certo. “Meio” indica parte de um todo — fração.
“Dois” é um numeral ordinal.;❌ Errado. “Dois” é numeral cardinal, pois indica quantidade.
O artigo definido pode ser usado para valorizar um ser já na primeira referência.;✅ Certo. Ex.: “O herói enfrentou o perigo.” Valoriza o ser mesmo sem referência anterior.
“O melhor da equipe venceu” está com o uso correto do artigo.;✅ Certo. “Melhor” está substantivado pelo uso do artigo.
O artigo substantiva qualquer palavra que o segue.;✅ Certo. O artigo torna substantivo o termo que o acompanha, mesmo que seja de outra classe gramatical.
“Vi um bicho... Persegui o animal...” mostra uso correto do artigo definido.;✅ Certo. “O animal” retoma “um bicho”, já mencionado anteriormente.
Em “O que você quer?”, o uso do artigo é obrigatório.;❌ Errado. O uso é facultativo. Também seria correto dizer “Que você quer?”.
O artigo definido antes de nome próprio é obrigatório em todas regiões do Brasil.;"❌ Errado. O uso varia regionalmente; no Ceará é comum, no RN é evitado."
A expressão “o qual” contém um artigo definido.;✅ Certo. “O qual” é formado por artigo + pronome relativo.
“Um homem passou correndo” exemplifica o uso de artigo indefinido.;✅ Certo. O ser é mencionado pela primeira vez e não é específico.
O numeral “dobro” é um numeral multiplicativo.;✅ Certo. Indica multiplicação: duas vezes algo.
“A segunda casa à esquerda” tem numeral cardinal.;❌ Errado. “Segunda” é numeral ordinal, pois indica ordem.
Numerais fracionários indicam partes de um todo.;✅ Certo. Exemplo: “Um quarto”, “meia hora”.
O uso de “o João” indica obrigatoriamente informalidade.;❌ Errado. Pode indicar intimidade, regionalismo ou informalidade, mas não é uma regra absoluta.
“Os cinco primeiros colocados foram premiados” tem numeral ordinal e artigo definido.;✅ Certo. “Os” é artigo definido, “primeiros” é ordinal.
“Chamou um rapaz qualquer” tem artigo definido.;❌ Errado. “Um” é indefinido, pois se refere a um ser não específico.
“O que ela fez foi incrível” tem uso de artigo para substantivar “que”.;✅ Certo. O artigo torna “que” um substantivo: “O que” = “aquilo que”.
“O azul do céu estava bonito” tem substantivação do adjetivo.;✅ Certo. “Azul” é adjetivo, mas foi substantivado pelo uso do artigo.
O numeral “terceiro” indica quantidade.;❌ Errado. “Terceiro” é ordinal, e ordinais indicam posição, não quantidade.
“O número de alunos dobrou” tem numeral cardinal.;❌ Errado. “Dobrou” remete a numeral multiplicativo, não cardinal.
O artigo definido pode ser usado para retomar um substantivo indefinido anteriormente.;✅ Certo. Exemplo: “Vi um homem... O sujeito estava nervoso.”
“Chame um médico” exemplifica uso de artigo definido.;❌ Errado. “Um” é artigo indefinido, usado para referência genérica.
O artigo é sempre necessário antes de nomes de países.;"❌ Errado. Alguns nomes não usam artigo, como “Portugal”; outros sim: “o Brasil”."
O numeral “quarto” pode ser ordinal ou substantivo, dependendo do contexto.;"✅ Certo. Ex.: “o quarto aluno” (ordinal); “o quarto estava fechado” (substantivo)."
“Ele é o mais velho do grupo” tem artigo definido e grau superlativo relativo.;✅ Certo. “O mais velho” usa artigo definido e expressa relação dentro de um grupo.
“Eu, tu, ele” são pronomes pessoais do caso reto.;✅ Certo. São usados como sujeitos das orações.
“Me, te, se, nos” são pronomes pessoais de tratamento.;❌ Errado. Esses são pronomes pessoais do caso oblíquo, não de tratamento.
“Senhor” e “Vossa Excelência” são pronomes pessoais do caso reto.;❌ Errado. São pronomes de tratamento, não do caso reto.
“Seu João” contém pronome de tratamento.;✅ Certo. “Seu” é forma abreviada de “senhor” e acompanha o nome, caracterizando tratamento.
“Cada qual faz o que quer” contém uma locução pronominal.;✅ Certo. “Cada qual” é uma locução pronominal — duas palavras com valor de pronome.
“Você” é um pronome de tratamento.;✅ Certo. Apesar de usado informalmente, “você” é pronome de tratamento.
“Comigo” e “contigo” são pronomes possessivos.;❌ Errado. São pronomes pessoais oblíquos.
“Meu, tua, nosso” são pronomes possessivos.;✅ Certo. Indicam posse em relação às pessoas do discurso.
“Este, esse, aquele” são pronomes demonstrativos.;✅ Certo. Indicam localização, tempo ou relação com os interlocutores.
“Alguém, ninguém, todo” são pronomes indefinidos.;✅ Certo. Indicam seres de forma vaga, imprecisa.
“Quem, que, qual, cujo” são pronomes interrogativos.;❌ Errado. Esses são pronomes relativos, exceto quando usados em perguntas diretas ou indiretas.
Pronomes interrogativos são sempre indefinidos.;❌ Errado. São classificados à parte, embora se originem de pronomes indefinidos.
O “se” em “Vendeu-se a casa” é partícula apassivadora.;✅ Certo. Torna o sujeito passivo (a casa foi vendida).
O “se” em “Penteou-se” é pronome reflexivo.;✅ Certo. Indica que o sujeito praticou e sofreu a ação.
“Se ama muito” contém pronome reflexivo.;"✅ Certo. O sujeito ama a si mesmo; portanto, o “se” é reflexivo."
O “se” em “Arrependeu-se” é partícula apassivadora.;"❌ Errado. Nesse caso, o verbo é pronominal; o “se” é parte integrante do verbo."
“Foi-se com os outros” tem “se” como parte integrante do verbo.;❌ Errado. O “se” é partícula de realce, pode ser retirado sem prejuízo do sentido.
O “se” em “Diga-me se o incomodo” é conjunção integrante.;✅ Certo. Introduz uma oração subordinada substantiva.
“Se estudar, será aprovado” usa o “se” como conjunção causal.;❌ Errado. Neste caso, o “se” é conjunção condicional, equivalente a “caso”.
“Se você estudou, será aprovado” contém “se” como conjunção causal.;✅ Certo. O “se” tem valor de causa (já que você estudou).
O “se” pode ser substantivado.;✅ Certo. Ex.: “O se de Jonas me preocupa.” — “se” virou substantivo pelo artigo.
O “se” em “Assiste-se a tudo” é índice de indeterminação do sujeito.;✅ Certo. O verbo é transitivo indireto, e o “se” indica sujeito indeterminado.
“Se” nunca pode ser suprimido da frase.;❌ Errado. Quando é partícula expletiva, pode ser retirado sem mudar o sentido.
O pronome relativo “cujo” indica posse e não admite artigo após ele.;✅ Certo. É um dos únicos pronomes que expressa posse e não pode ser seguido por artigo.
“A mulher cujo filho sumiu chorava” está gramaticalmente correto.;✅ Certo. “Cujo filho” mostra posse entre a mulher e o filho.
“Os quais” é uma locução pronominal relativa.;✅ Certo. É uma locução formada por artigo + pronome relativo “qual”.
“A menina a qual vi ontem chegou” é um uso incorreto do pronome relativo.;❌ Errado. Está correto: “a qual” retoma “a menina”, e o uso com preposição é adequado.
“Quem” pode ser pronome indefinido ou relativo, a depender do contexto.;"✅ Certo. Em perguntas indiretas, é indefinido; como elemento coesivo, é relativo."
“Te” é um pronome do caso reto.;❌ Errado. “Te” é pronome oblíquo usado como objeto direto ou indireto.
Pronomes pessoais do caso oblíquo são usados como sujeito das orações.;"❌ Errado. O sujeito exige pronomes do caso reto; os oblíquos atuam como complemento."
Trouxe algo para eu ler” está gramaticalmente correto.;✅ Certo. “Eu” é pronome do caso reto e funciona como sujeito do infinitivo “ler”.
“Trouxe algo para mim ler” está correto.;"❌ Errado. “Mim” não pode ser sujeito; o certo é “para eu ler”."
“Não fale de eu” está correto.;❌ Errado. Após preposição, usa-se “mim”: o correto é “Não fale de mim”.
“Falaram de ti com respeito” está correto.;✅ Certo. “Ti” é forma oblíqua usada corretamente como complemento.
“Consigo” indica reflexividade e é usado com sujeito na 3ª pessoa.;✅ Certo. Ex.: “Ele falava consigo mesmo.”
“Falava consigo e com mim” está correto.;❌ Errado. A forma correta seria “comigo”, não “com mim”.
“Eu a vi ontem” usa pronome oblíquo como objeto direto.;✅ Certo. “A” retoma uma pessoa (feminina) como objeto direto.
“Paguei-a a dívida” está correto.;"❌ Errado. “A” é objeto direto; o correto seria “Paguei-lhe a dívida” (objeto indireto)."
“Sou-lhe fiel” está gramaticalmente correto.;✅ Certo. “Lhe” é objeto indireto e acompanha verbos que exigem preposição.
“Roubou-lhe o anel” está correto e indica posse.;✅ Certo. O “lhe” funciona como adjunto adnominal com ideia de posse.
“Falou conosco sobre o assunto” está gramaticalmente correto.;✅ Certo. “Conosco” deve ser usado sem determinantes.
“Falou com o nosso grupo conosco” está correto.;"❌ Errado. Não se usa “conosco” com determinantes; o certo seria “com o nosso grupo”."
“Este livro é meu” refere-se a algo próximo de quem fala.;✅ Certo. O pronome “este” indica proximidade com o falante.
“Essa tarde está linda” refere-se ao tempo presente.;"❌ Errado. “Essa” se refere ao tempo passado ou futuro; o correto seria “Esta tarde”."
“Disse isso e saiu correndo” — o pronome “isso” refere-se ao que foi dito.;✅ Certo. “Isso” retoma algo previamente mencionado.
“Arroz, feijão e carne: estes são os mais caros” está correto.;✅ Certo. O pronome “estes” antecipa o que será citado (catáfora).
“O garoto, esse era um pestinha” está gramaticalmente correto.;✅ Certo. “Esse” funciona aqui como elemento de destaque do substantivo anterior.
“Nisto entrou um homem correndo” significa “nesse momento”.;✅ Certo. “Nisto” pode equivaler a “neste momento” dependendo do contexto.
“Você tem aquele livro que me emprestou?” — “aquele” refere-se a algo distante.;✅ Certo. “Aquele” indica algo distante dos interlocutores.
“José não concorda com João, mas este não se importa com aquele” está correto.;"✅ Certo. “Este” refere-se ao termo mais próximo (João); “aquele” ao mais distante (José)."
O pronome relativo “que” pode ser usado para pessoas e coisas.;✅ Certo. É o pronome relativo mais versátil.
“A moça por que reza sobreviverá” está gramaticalmente correto.;✅ Certo. “Por que” é o pronome relativo com preposição exigida pelo verbo.
“O homem cujo filhos partiram chorava” está correto.;❌ Errado. “Cujo” deve concordar com o termo seguinte: “cujos filhos”.
“A mulher cuja casa foi vendida” está correta.;✅ Certo. “Cuja” concorda com “casa”, o termo possuído.
“Cujo” admite artigo depois dele.;❌ Errado. Nunca se usa artigo após “cujo”.
“Anotei a página onde li a frase” está correto.;✅ Certo. “Onde” indica lugar, e está empregado corretamente com o verbo “ler”.
“Sei o lugar onde vai” está incorreto.;❌ Errado. Deveria ser “aonde”, pois o verbo “ir” exige preposição “a”.
“Aonde” é usado com verbos que exigem a preposição “a”.;✅ Certo. Exemplos: ir, chegar, voltar a.
“Onde” é usado com verbos que não exigem preposição.;✅ Certo. Exemplos: morar, estar.
“Aonde você mora?” está correto.;"❌ Errado. O verbo “morar” não exige preposição “a”; o correto seria “Onde você mora?”."
Usa-se “Vossa Excelência” para um senador da República.;✅ Certo. Senadores estão entre as autoridades tratadas por “Vossa Excelência”.
“Vossa Senhoria” é o tratamento usado para o Presidente da República.;❌ Errado. O correto para o Presidente é “Vossa Excelência”.
Em carta ao Governador, usa-se “Excelentíssimo Senhor Governador”.;❌ Errado. Para autoridades que não sejam chefes de poder federal, o vocativo é “Senhor Governador”.
No envelope para um juiz, escreve-se “A Sua Excelência o Senhor Juiz...”.;✅ Certo. O endereçamento segue essa forma para autoridades tratadas por “Vossa Excelência”.
O vocativo correto para o Presidente do STF é “Excelentíssimo Senhor Presidente”.;✅ Certo. É chefe de poder federal, portanto se usa o superlativo “Excelentíssimo”.
Usa-se “Senhor Ministro” como vocativo em carta a um Ministro de Estado.;✅ Certo. Embora o tratamento seja “Vossa Excelência”, o vocativo é apenas “Senhor Ministro”.
“Digníssimo Senhor Senador” é correto em carta oficial.;❌ Errado. O uso de “digníssimo” está abolido nas comunicações oficiais.
Para um secretário municipal, usa-se “Vossa Excelência”.;❌ Errado. Secretários municipais são tratados por “Vossa Senhoria”.
“Ao Senhor Fulano de Tal” está correto no envelope de carta a um cidadão comum.;✅ Certo. Para particulares, o endereçamento começa com “Ao Senhor”.
“Ilustríssimo Senhor” é obrigatório em carta a um cidadão.;"❌ Errado. O uso de “Ilustríssimo” é dispensado; basta “Senhor”."
“Doutor” é forma de tratamento e deve ser usada sempre que possível.;❌ Errado. “Doutor” é título acadêmico, não forma de tratamento, e seu uso deve ser restrito.
O reitor de uma universidade recebe o tratamento “Vossa Magnificência”.;✅ Certo. É a forma tradicional e consagrada.
O vocativo adequado para um reitor é “Magnífico Reitor”.;✅ Certo. É o vocativo correspondente a “Vossa Magnificência”.
Usa-se “Vossa Eminência” em comunicações a cardeais.;✅ Certo. É o tratamento eclesiástico correto.
Para bispos, o tratamento é “Vossa Reverendíssima”.;❌ Errado. O correto é “Vossa Excelência Reverendíssima”.
“Vossa Reverência” é usado com padres.;❌ Errado. O tratamento correto para padres é “Vossa Reverendíssima”.
“Vossa Santidade” é dirigido ao Papa.;✅ Certo. É a forma consagrada para essa autoridade religiosa.
O pronome de tratamento “Vossa Majestade” refere-se a reis e imperadores.;✅ Certo. É o tratamento protocolar adequado.
“Vossa Alteza” é empregado para tratar com duques e príncipes.;✅ Certo. Está de acordo com o protocolo tradicional.
O vocativo “Senhor Delegado” está correto para carta a uma autoridade policial.;✅ Certo. Delegados recebem tratamento de “Vossa Senhoria” e vocativo com “Senhor”.
Pronomes de tratamento concordam com verbos na 2ª pessoa.;❌ Errado. Concordam com a 3ª pessoa do singular.
“Vossa Senhoria nomeará vosso substituto” está correto.;❌ Errado. O possessivo deve ser da 3ª pessoa: “seu substituto”.
“Vossa Excelência está atarefado” (para homem) está correto.;✅ Certo. O adjetivo concorda com o gênero da pessoa referida.
“Vossa Excelência está satisfeita” (para mulher) está correto.;✅ Certo. O adjetivo concorda com o gênero da autoridade, não com “Excelência”.
Em cartas a padres, pode-se usar “Vossa Senhoria Reverendíssima”.;✅ Certo. É uma forma alternativa aceita.
O plural de “V. Ex.ª” é “V. Ex.ªs”.;✅ Certo. Plural é feito com “s” elevado.
O plural de “Vossa Senhoria” é “Vossas Senhorias”.;✅ Certo. Quando não há letra elevada, duplica-se a forma por extenso.
“A Vossa Excelência o Senhor Prefeito” está correto no envelope.;✅ Certo. É a forma adequada de endereçamento para autoridades com tratamento de Vossa Excelência.
“Vossa Onipotência” é usada para se referir a ministros religiosos.;❌ Errado. “Vossa Onipotência” é usada apenas para Deus.
Juízes devem ser tratados por “Vossa Senhoria”.;❌ Errado. Juízes são tratados por “Vossa Excelência”.
“Não falei coisa alguma” equivale a “coisa nenhuma”.;✅ Certo. O pronome “alguma” após o substantivo equivale a “nenhuma”.
“Ele vai aprontar alguma!” tem sentido de “nenhuma”.;❌ Errado. Neste caso, “alguma” tem valor enfático, equivalente a “algo inesperado”.
Em frases interrogativas, “nada” pode equivaler a “alguma coisa”.;✅ Certo. Ex.: “Você não quer nada?” = “Você não quer alguma coisa?”.
“Toda a cidade” equivale a “todas as cidades”.;"❌ Errado. “Toda a cidade” = “A cidade inteira”; “Toda cidade” = “Todas as cidades”."
“Todo pronome interrogativo é indefinido.”;❌ Errado. Nem todo pronome interrogativo é indefinido, embora alguns indefinidos possam ter valor interrogativo.
Em “Nunca se queixa”, o uso da próclise está correto.;✅ Certo. A palavra negativa “nunca” atrai o pronome.
Em “Não. Ajude-me, por favor”, o uso da ênclise está correto.;✅ Certo. Após ponto final, não se usa próclise.
Em “Que se vá!”, a próclise é obrigatória.;✅ Certo. “Que” é conjunção subordinativa que atrai o pronome.
Em “Quem se atreveria a isso?”, o uso da próclise está correto.;✅ Certo. “Quem” é pronome relativo e atrai o pronome oblíquo.
“Ontem se resolveram todos os problemas” está corretamente colocado.;✅ Certo. Advérbio “ontem” sem vírgula atrai o pronome.
“Aqui, trabalha-se muito” está corretamente pontuado.;✅ Certo. A vírgula após advérbio impede a próclise, então usa-se a ênclise.
Em “Ainda que me chamassem, eu não iria”, o uso da próclise está correto.;✅ Certo. “Ainda que” é locução subordinativa, que atrai o pronome.
“Pouco se fala disso hoje em dia” está correto.;✅ Certo. “Pouco” é pronome indefinido que atrai o pronome oblíquo.
Em “Em se tratando de vestibulares...”, o uso da próclise é obrigatório.;✅ Certo. O gerúndio precedido de preposição exige a próclise.
“Se me perguntar, direi a verdade” está corretamente construído.;✅ Certo. “Se” é conjunção subordinativa, atrai o pronome.
“Dir-me-á que é fácil” está corretamente posicionado.;✅ Certo. Em verbos no futuro do presente sem atrativo, usa-se mesóclise.
“Não me dirá que é fácil” está correto.;✅ Certo. A palavra “não” exige próclise.
“Contar-vos-ia o que houve” está corretamente escrito.;✅ Certo. Trata-se de mesóclise com o futuro do pretérito sem atrativo.
“Se vos contaria, não sei” está corretamente estruturado.;❌ Errado. A palavra atrativa “se” impede o uso da mesóclise. Correto: “sei que vos contaria”.
“Vai-se a primeira pomba despertada” tem ênclise correta.;✅ Certo. No início de oração com verbo no presente, usa-se ênclise.
“Esgueirando-se entre os presentes” está corretamente colocado.;✅ Certo. Gerúndio sem preposição exige ênclise.
“Convide-os para a festa” está corretamente pontuado.;✅ Certo. O imperativo afirmativo exige ênclise.
“Todos correram a ouvi-lo” apresenta colocação correta.;✅ Certo. Infinitivo não flexionado com preposição “a” exige ênclise.
“Cada um se manifesta como pode” está certo.;✅ Certo. “Cada um” tem valor enfático e atrai o pronome.
“Qualquer um te ajuda nessa tarefa” está corretamente construído.;✅ Certo. “Qualquer” é pronome indefinido atrativo.
Em “Talvez se canse”, a próclise está correta.;✅ Certo. Advérbio sem vírgula atrai o pronome.
“Agora. Conte-me a verdade.” está certo.;✅ Certo. Após ponto, usa-se ênclise (“Conte-me”).
“Nunca me disseram a verdade.” apresenta erro na colocação.;❌ Errado. Está certo. “Nunca” exige próclise.
“Se vos diria tudo, não sei.” está certo.;"❌ Errado. “Se” exige próclise. Correto: “Se vos diria” não é aceito; o certo seria “sei que vos diria”."
“Cada cidade precisa ser zelada” = “A cidade inteira precisa ser zelada”.;"❌ Errado. “Cada cidade” = todas as cidades; “a cidade inteira” = “Toda a cidade”."
“Deus ajudar-me-á” e “Deus me ajudará” são construções equivalentes.;✅ Certo. Ambos podem ocorrer, sem palavra atrativa de próclise, sendo facultativo o uso de mesóclise ou próclise.
“Deus me ajuda” e “Deus ajuda-me” são formas possíveis.;✅ Certo. No presente, ambos são possíveis, com próclise ou mesóclise, sem palavra atrativa.
“Ele me salvaria” e “Ele salvar-me-ia” estão corretos.;✅ Certo. Ambas as formas são facultativas quando o verbo flexionado está no futuro do pretérito.
“Ele me ajudou” e “Ele ajudou-me” estão corretos.;✅ Certo. Ambas as construções são possíveis quando o verbo está no pretérito, sem palavra atrativa.
“Eu lhe estou mostrando um bom livro” está correto.;✅ Certo. O pronome pode ir junto ao verbo auxiliar ou ao verbo principal, ambos são corretos.
“Eu estou-lhe mostrando um bom livro” é uma construção pouco utilizada no Brasil.;✅ Certo. Essa construção, com o pronome entre o verbo auxiliar e o principal, é gramaticalmente correta, mas pouco comum.
“Estarei a fazer-lhe carinho” está correto.;✅ Certo. O pronome pode se posicionar após o verbo principal na locução verbal, desde que respeite as regras de colocação.
“Sente-se, por favor!” tem ênclise correta.;✅ Certo. Após ponto de exclamação ou interrogação, faz-se ênclise.
“Maria, sente-se!” está corretamente pontuado.;✅ Certo. A vírgula após “Maria” indica que o verbo no imperativo é seguido pela ênclise.
“Insisti que ficasse, mas desobedeceu-me” está correto.;✅ Certo. A conjunção coordenativa “mas” exige a ênclise após o verbo.
“Sentareime” é uma forma aceitável de colocação pronominal.;❌ Errado. A forma correta seria “Sentar-me-ei”. Não se deve usar ênclise com futuro do presente ou particípio.
“Tinha sentado-me” está correto.;❌ Errado. O correto seria “Tinha-se sentado”. Não se deve usar ênclise com o particípio.
“Ele se arrependeu” e “Ele arrependeu-se” são formas válidas.;✅ Certo. No pretérito, pode-se usar tanto a próclise quanto a ênclise.
“Ana arrepender-se-á” e “Ana se arrependerá” estão corretas.;✅ Certo. No futuro, pode-se usar mesóclise ou próclise, sem palavra atrativa.
“Você precisa trazer teu CD” é uma forma adequada de tratamento.;❌ Errado. O correto seria “Tu precisas trazer teu CD” ou “Você precisa trazer seu CD”, evitando mistura de tratamento.
“Você precisa trazer seu CD para que eu o ouça” está certo.;✅ Certo. O uso de “seu” para “você” é adequado.
“Tu precisas trazer teu CD para que eu o ouça contigo” está correto.;✅ Certo. O tratamento “tu” é coerente com o uso do pronome possessivo “teu”.
“Nós vamos ajudar a você” está correta.;❌ Errado. O correto é “Vamos ajudar você”. Não se usa preposição antes de pronomes pessoais como “você”.
“Ela vai entregar-me os documentos” está correto.;✅ Certo. O pronome pode vir antes do verbo, em mesóclise, na forma correta.
“Ele me ajudaria” e “Ele ajudaria-me” estão corretos.;✅ Certo. Ambas as formas são válidas, no futuro do pretérito, sem palavra atrativa.
“Eu estou mostrando-lhe o relatório” está correto.;✅ Certo. O pronome oblíquo pode ser colocado entre o verbo auxiliar e o principal.
"Cantar"" é um verbo da primeira conjugação.";"✅ Certo. O verbo ""cantar"" pertence à primeira conjugação, pois termina em ""ar""."
"""Vender"" é um verbo da segunda conjugação.";"✅ Certo. O verbo ""vender"" pertence à segunda conjugação, pois termina em ""er""."
"""Partir"" é um verbo da terceira conjugação.";"✅ Certo. O verbo ""partir"" pertence à terceira conjugação, pois termina em ""ir""."
"""Pôr"" é um verbo da primeira conjugação.";"❌ Errado. O verbo ""pôr"" e seus derivados pertencem à segunda conjugação, por serem derivados de ""poer""."
"O radical do verbo ""cantar"" é ""cant"".";"✅ Certo. O radical ""cant"" é a base de significação do verbo ""cantar""."
"O verbo ""correr"" apresenta irregularidade na conjugação.";"❌ Errado. ""Correr"" é regular, pois segue o modelo de conjugação da segunda conjugação sem modificações no radical."
A desinência temporal indica o tempo e o modo do verbo.;✅ Certo. A desinência temporal varia conforme o tempo e o modo (ex: cantava, cantará).
"""Cantei"" é uma forma regular do verbo ""cantar"".";"✅ Certo. ""Cantei"" segue o modelo regular de conjugação do verbo ""cantar"" no pretérito perfeito."
"""Pedir"" tem uma irregularidade na conjugação.";"✅ Certo. ""Pedir"" tem uma irregularidade no presente do indicativo (peço, pedes, pede, pedimos, pedis, pedem)."
"""Ser"" é um verbo regular.";"❌ Errado. ""Ser"" é irregular em várias formas, como no presente do indicativo (sou, é, somos)."
"O verbo ""dar"" é irregular apenas em algumas de suas flexões.";"✅ Certo. ""Dar"" apresenta irregularidade no presente do indicativo (dou) e em outras formas."
"""Perder"" e ""ferir"" são exemplos de verbos irregulares com alteração no radical.";"✅ Certo. ""Perder"" (perco) e ""ferir"" (firo) têm irregularidades no radical (perd -> perc; fer -> fir)."
"""Caber"" apresenta irregularidade no radical e na desinência.";"✅ Certo. ""Caber"" tem uma alteração no radical (cab -> coub) e na desinência (caber -> coube)."
"""Vender"" é um verbo irregular.";"❌ Errado. ""Vender"" é regular, pois não sofre alterações no radical ou nas desinências."
"O verbo ""fazer"" tem irregularidade no presente do indicativo.";"✅ Certo. ""Fazer"" é irregular no presente (faço, fazes, faz)."
"O verbo ""ir"" é regular.";"❌ Errado. ""Ir"" é irregular, com formas como ""vou"", ""vai"", ""fui""."
"O verbo ""posser"" é considerado irregular.";"✅ Certo. O verbo ""posser"", assim como ""pôr"", apresenta irregularidade na conjugação e é derivado de ""poer""."
"""Dizer"" é um verbo regular.";"❌ Errado. ""Dizer"" é irregular, com formas como ""digo"", ""disse"", ""direi""."
Em locuções verbais, o verbo principal é sempre no infinitivo.;✅ Certo. Em locuções verbais, o verbo principal aparece no infinitivo, gerúndio ou particípio.
"""Está cantando"" é uma locução verbal.";"✅ Certo. ""Está cantando"" é uma locução verbal formada pelo verbo auxiliar ""estar"" e o verbo principal no gerúndio."
"O verbo ""correr"" é sempre regular.";"✅ Certo. ""Correr"" é regular, pois segue a conjugação padrão da segunda conjugação sem alterações nas desinências."
"O verbo ""latir"" é um verbo defectivo.";"✅ Certo. O verbo ""latir"" é defectivo, pois não tem conjugação completa em todos os tempos ou pessoas."
"O verbo ""urgir"" pode ser conjugado em todos os tempos e pessoas.";"❌ Errado. O verbo ""urgir"" é defectivo, pois não possui conjugação completa, especialmente no futuro."
"""Explodir"" é um verbo defectivo.";"✅ Certo. ""Explodir"" é defectivo, pois não tem conjugação completa em todos os tempos e pessoas."
"""Colorir"" é um verbo regular.";"❌ Errado. ""Colorir"" é um verbo defectivo, pois não se usa em todos os tempos e pessoas."
"O verbo ""esculpir"" tem conjugação completa.";"❌ Errado. ""Esculpir"" é defectivo, não possui conjugação em certos tempos e pessoas."
"""Ser"" e ""ir"" são verbos anômalos.";"✅ Certo. ""Ser"" e ""ir"" são anômalos, com mudanças intensas no radical em diversas formas (ex: sou, vou)."
"O verbo ""ir"" tem formas regulares em todos os tempos.";"❌ Errado. ""Ir"" é um verbo anômalo com formas irregulares em vários tempos, como ""vou"", ""fui""."
"O verbo ""ser"" possui alterações no radical.";"✅ Certo. O verbo ""ser"" tem alterações significativas no radical (sou, és, foi)."
"""Aceitar"" tem formas regulares e irregulares.";"❌ Errado. ""Aceitar"" tem um particípio regular (""aceitado"") e irregular (""aceito"")."
"""Despertar"" apresenta formas regulares e irregulares no particípio.";"✅ Certo. ""Despertar"" possui o particípio regular (""despertado"") e irregular (""desperto"")."
"""Gastar"" tem duas formas de particípio.";"✅ Certo. ""Gastar"" apresenta formas de particípio regular (""gastado"") e irregular (""gasto"")."
"""Ganhar"" tem duas formas de particípio.";"✅ Certo. ""Ganhar"" possui particípios regular (""ganhado"") e irregular (""ganho"")."
"O verbo ""inserir"" possui particípio regular e irregular.";"✅ Certo. ""Inserir"" tem formas de particípio regular (""inserido"") e irregular (""inserto"")."
"O verbo ""ir"" é um verbo abundante.";"❌ Errado. ""Ir"" é anômalo, não é abundante."
"""Aceitar"" é um verbo abundante.";"✅ Certo. ""Aceitar"" tem formas de particípio regular (""aceitado"") e irregular (""aceito""), sendo um verbo abundante."
"""Gastar"" possui apenas uma forma de particípio.";"❌ Errado. ""Gastar"" possui particípios regular (""gastado"") e irregular (""gasto"")."
"O verbo ""ser"" é abundante.";"❌ Errado. ""Ser"" é anômalo, não é abundante."
"O verbo ""correr"" é regular no pretérito perfeito.";"✅ Certo. ""Correr"" é regular no pretérito perfeito, com a forma ""corri""."
"O verbo ""partir"" é irregular no presente do indicativo.";"❌ Errado. ""Partir"" é regular em todos os tempos, incluindo o presente."
"O verbo ""fazer"" apresenta irregularidade no presente do indicativo.";"✅ Certo. ""Fazer"" tem irregularidades no presente do indicativo (""faço"", ""faz"")."
"O verbo ""dar"" é regular no presente do indicativo.";"❌ Errado. ""Dar"" é irregular no presente do indicativo, com a forma ""dou""."
"O verbo ""ter"" tem irregularidade apenas na primeira pessoa do singular.";"✅ Certo. ""Ter"" é irregular na primeira pessoa do singular (""tenho"")."
"O verbo ""ir"" tem irregularidade na forma ""fui"".";"✅ Certo. ""Ir"" apresenta irregularidade no pretérito perfeito (""fui"")."
"O verbo ""poder"" tem forma regular em todos os tempos.";"❌ Errado. ""Poder"" é irregular no presente do indicativo (""posso"", ""pode"")."
"O verbo ""pedir"" tem forma irregular em todas as pessoas.";"❌ Errado. ""Pedir"" é irregular apenas na primeira pessoa do singular (""peço"")."
"""Fugir"" é um verbo regular no presente do indicativo.";"❌ Errado. ""Fugir"" é irregular no presente do indicativo (""fujo"", ""foge"")."
"O verbo ""nadar"" é um verbo regular.";"✅ Certo. ""Nadar"" é regular, seguindo o padrão de conjugação da primeira conjugação."
"O verbo ""saber"" é um verbo anômalo.";"✅ Certo. ""Saber"" é anômalo, com formas como ""sei"" no presente e ""soube"" no pretérito perfeito."
"O verbo ""ver"" é regular no presente do indicativo.";"❌ Errado. ""Ver"" é irregular, com a forma ""vejo"" no presente do indicativo."
"O tempo ""pretérito perfeito"" no modo indicativo é formado apenas pelo verbo ""ter"".";"✅ Certo. O ""pretérito perfeito"" no indicativo é formado por ""ter"" ou ""haver"" + particípio (ex: Eles têm andado por aqui)."
"O ""pretérito mais-que-perfeito"" no modo indicativo equivale semanticamente ao simples.";"✅ Certo. O ""pretérito mais-que-perfeito"" composto tem o mesmo valor do simples, expressando ação anterior a outra passada."
"O ""futuro do presente"" é formado pelo verbo ""ter"" ou ""haver"" + infinitivo.";"❌ Errado. O ""futuro do presente"" é formado pelo verbo ""ter"" ou ""haver"" + particípio (ex: Daqui a um ano, já terei obtido)."
"O ""futuro do pretérito"" no indicativo expressa uma ação hipotética no futuro.";"✅ Certo. O ""futuro do pretérito"" expressa uma ação futura em relação ao passado ou a uma possibilidade (ex: Eu teria feito)."
"O ""pretérito perfeito"" no subjuntivo é formado com ""ter"" ou ""haver"" + particípio.";"✅ Certo. O ""pretérito perfeito"" no subjuntivo é composto por ""ter"" ou ""haver"" + particípio (ex: Ainda que ele tenha agido)."
"O ""pretérito mais-que-perfeito"" no subjuntivo expressa uma hipótese passada.";"✅ Certo. O ""pretérito mais-que-perfeito"" no subjuntivo é formado por ""ter"" ou ""haver"" + particípio (ex: Embora tivesse agido)."
"O ""futuro do subjuntivo"" expressa uma ação futura possível.";"✅ Certo. O ""futuro do subjuntivo"" expressa ação futura possível, com a desinência -r (ex: Se eu estudar, serei aprovado)."
"O ""futuro do subjuntivo"" pode ser confundido com o infinitivo.";"✅ Certo. O ""futuro do subjuntivo"" pode ser confundido com o infinitivo, mas este não admite conjunções (ex: Quando eu estudar)."
"O ""modo imperativo"" é conjugado apenas no presente.";❌ Errado. O modo imperativo é conjugado no presente e usa formas específicas para afirmar, negar ou aconselhar.
"O ""imperativo afirmativo"" no ""tu"" e ""vós"" é igual ao presente do indicativo.";"❌ Errado. O ""imperativo afirmativo"" no ""tu"" e ""vós"" segue o presente do subjuntivo, mas sem o -s (ex: Anda até teu pai)."
"O ""imperativo negativo"" é conjugado como no presente do subjuntivo.";"✅ Certo. No ""imperativo negativo"", a conjugação segue o presente do subjuntivo, sendo acompanhado por uma palavra negativa."
"""Terei obtido"" é uma forma do futuro do presente.";"✅ Certo. ""Terei obtido"" é uma forma do futuro do presente composto, que indica ação futura anterior a outra ação futura."
"""Eu teria feito"" expressa uma ação no futuro do pretérito.";"✅ Certo. ""Eu teria feito"" expressa uma ação futura em relação ao passado ou uma hipótese."
"O ""pretérito perfeito"" do subjuntivo sempre se refere ao futuro.";"❌ Errado. O ""pretérito perfeito"" do subjuntivo pode expressar hipótese passada ou ação relacionada ao presente ou futuro."
"""Se eu estudar, serei aprovado"" está no futuro do subjuntivo.";"✅ Certo. ""Se eu estudar"" é uma ação futura, expressa pelo futuro do subjuntivo, condição para outra ação."
"O ""futuro do subjuntivo"" é utilizado para expressar ações já realizadas.";"❌ Errado. O ""futuro do subjuntivo"" é utilizado para ações futuras possíveis, não para ações passadas."
"O ""imperativo afirmativo"" é usado para dar ordens ou conselhos.";"✅ Certo. O ""imperativo afirmativo"" é utilizado para expressar ordens, pedidos ou conselhos (ex: Anda até teu pai)."
"O ""modo imperativo"" não tem forma para a primeira pessoa do singular.";"✅ Certo. O ""modo imperativo"" não tem forma para a primeira pessoa do singular, pois não se dá ordem a si mesmo."
"No ""imperativo negativo"", a forma para ""tu"" é a mesma que no presente do subjuntivo.";"✅ Certo. O ""imperativo negativo"" para ""tu"" segue a mesma forma do presente do subjuntivo (ex: Não andes até teu inimigo)."
"""Eu terei feito"" é um exemplo de tempo composto no futuro do presente.";"✅ Certo. ""Eu terei feito"" é uma forma do futuro do presente, expressando uma ação futura anterior a outra ação futura."
"O ""futuro do subjuntivo"" é sempre precedido por uma conjunção.";"✅ Certo. O ""futuro do subjuntivo"" é sempre precedido por uma conjunção (ex: Se, quando, caso)."
"O ""pretérito perfeito"" no subjuntivo expressa uma ação passada.";"✅ Certo. O ""pretérito perfeito"" no subjuntivo expressa uma hipótese ou ação passada relacionada ao presente ou futuro."
"No ""imperativo afirmativo"", ""tu"" é conjugado como no presente do indicativo.";"❌ Errado. No ""imperativo afirmativo"", ""tu"" é conjugado como no presente do subjuntivo, mas sem o -s."
"O ""futuro do presente"" no indicativo se refere a um futuro posterior.";"❌ Errado. O ""futuro do presente"" no indicativo é uma ação futura, mas anterior a outro futuro (ex: Daqui a um ano, já terei)."
"O verbo ""ter"" é sempre usado nos tempos compostos.";"✅ Certo. Nos tempos compostos do indicativo e do subjuntivo, ""ter"" ou ""haver"" é utilizado junto ao particípio."
"O ""futuro do pretérito"" se refere a uma ação que ocorre no futuro.";"❌ Errado. O ""futuro do pretérito"" expressa uma ação futura em relação ao passado ou uma hipótese (ex: Eu teria estudado)."
"O verbo ""ir"" pode ser usado no imperativo.";"✅ Certo. O verbo ""ir"" pode ser utilizado no imperativo, tanto no afirmativo como no negativo (ex: Vai até lá / Não vás)."
"O ""futuro do subjuntivo"" pode ser usado para expressar uma condição em relação ao futuro.";"✅ Certo. O ""futuro do subjuntivo"" expressa condição futura, como em ""Se eu estudar, serei aprovado""."
"O ""pretérito mais-que-perfeito"" no indicativo é sempre composto.";"✅ Certo. O ""pretérito mais-que-perfeito"" no indicativo é formado por ""ter"" ou ""haver"" + particípio."
"No modo ""imperativo afirmativo"", a forma de ""vós"" é igual ao presente do subjuntivo.";"✅ Certo. No modo imperativo afirmativo, a forma de ""vós"" é conjugada como no presente do subjuntivo, mas sem o -s."
O gerúndio é uma das formas nominais simples.;"✅ Certo. O gerúndio é uma forma nominal simples, como ""andando"", ""vendendo"" e ""partindo""."
O particípio também é uma forma nominal simples.;"✅ Certo. O particípio é uma forma nominal simples, como ""andado"", ""vendido"" e ""partido""."
O infinitivo é uma forma nominal simples.;"✅ Certo. O infinitivo é uma forma nominal simples, como ""andar"", ""vender"" e ""partir""."
"O gerúndio composto é formado por ""ter"" ou ""haver"" + particípio.";"✅ Certo. O gerúndio composto é formado por ""ter"" ou ""haver"" + particípio, como ""tendo andado""."
O particípio composto não existe.;✅ Certo. O particípio composto não tem uma forma própria na língua portuguesa.
"O infinitivo composto é formado por ""ter"" ou ""haver"" + infinitivo.";"✅ Certo. O infinitivo composto é formado por ""ter"" ou ""haver"" + infinitivo, como ""ter andado""."
"O verbo ""crer"" se conjuga como o verbo ""ler"".";"✅ Certo. O verbo ""crer"" segue a conjugação do verbo ""ler"" (ex: eu criei)."
"O verbo ""reaver"" é conjugado como o verbo ""haver"".";"✅ Certo. O verbo ""reaver"" imita o verbo ""haver"" nas formas com ""v"", como ""eu houvera""."
"O verbo ""requerer"" tem a primeira pessoa do presente do indicativo como ""requeiro"".";"✅ Certo. A forma correta do verbo ""requerer"" na primeira pessoa do presente é ""requeiro""."
"O verbo ""caber"" tem a primeira pessoa do presente do indicativo como ""caibo"".";"✅ Certo. A forma correta do verbo ""caber"" na primeira pessoa do presente é ""caibo""."
"O verbo ""polir"" tem alomorfia de ""o"" para ""u"" nas formas do singular.";"✅ Certo. O verbo ""polir"" tem ""u"" em vez de ""o"" nas formas do singular (ex: eu pulo, tu o pules)."
"O verbo ""parir"" tem a primeira pessoa do singular do presente como ""pairo"".";"✅ Certo. A primeira pessoa do singular do verbo ""parir"" no presente é ""pairo""."
A voz passiva analítica é formada pelo verbo no particípio.;"✅ Certo. A voz passiva analítica usa o verbo no particípio, como em ""As provas foram feitas""."
"A voz passiva sintética é formada com o ""se"" apassivador.";"✅ Certo. A voz passiva sintética é formada com o ""se"" apassivador, como em ""Fizeram-se as provas""."
A voz reflexiva simples é quando o sujeito sofre a própria ação.;✅ Certo. Na voz reflexiva simples, o sujeito realiza e sofre a ação (ex: Penteou-se).
A voz reflexiva recíproca é quando dois sujeitos realizam e sofrem a ação mutuamente.;✅ Certo. Na voz reflexiva recíproca, os sujeitos realizam e sofrem a ação um com o outro (ex: Amaram-se).
A voz ativa é quando o sujeito realiza a ação.;✅ Certo. Na voz ativa, o sujeito pratica a ação (ex: Ana pagou a dívida).
A voz neutra é quando o sujeito não realiza nem sofre a ação.;✅ Certo. A voz neutra ocorre quando o sujeito não pratica nem sofre a ação (ex: Ana é simpática).
A voz passiva analítica e a voz passiva sintética têm o mesmo significado.;✅ Certo. Ambas expressam a ideia de que o sujeito sofre a ação, mas a estrutura é diferente (ex: As provas foram feitas vs. Fizeram-se as provas).
O infinitivo composto é uma forma nominal composta.;"✅ Certo. O infinitivo composto é formado com ""ter"" ou ""haver"" + infinitivo (ex: ter andado)."
"O verbo ""ter"" é usado para formar tempos compostos em alguns verbos importantes.";"✅ Certo. O verbo ""ter"" é usado na formação de tempos compostos, como em ""Eu tinha estudado""."
"O verbo ""fazer"" possui derivados como ""refazer"" e ""desfazer"".";"✅ Certo. ""Refazer"" e ""desfazer"" são derivados de ""fazer""."
"O verbo ""dizer"" possui derivados como ""predizer"" e ""desdizer"".";"✅ Certo. ""Predizer"" e ""desdizer"" são derivados de ""dizer""."
"O verbo ""ver"" tem derivados como ""prever"" e ""antever"".";"✅ Certo. ""Prever"" e ""antever"" são derivados de ""ver""."
"O verbo ""vir"" tem derivados como ""advir"" e ""intervir"".";"✅ Certo. ""Advir"" e ""intervir"" são derivados de ""vir""."
"O verbo ""pôr"" tem derivados como ""dispor"" e ""supor"".";"✅ Certo. ""Dispor"" e ""supor"" são derivados de ""pôr""."
"O verbo ""reaver"" é defectivo e não existe em todas as formas.";"✅ Certo. O verbo ""reaver"" é defectivo e só tem formas específicas, como ""eu houvera"" e ""eu reouvera""."
"O verbo ""caber"" tem a forma ""caibo"" na primeira pessoa do singular.";"✅ Certo. O verbo ""caber"" na primeira pessoa do singular do presente do indicativo é ""caibo""."
"O verbo ""crer"" é conjugado de maneira diferente de ""ver"".";"✅ Certo. O verbo ""crer"" segue a conjugação do verbo ""ver"", como ""eu cri"" em vez de ""eu vi""."
A voz ativa é sempre formada quando o sujeito pratica a ação diretamente.;✅ Certo. A voz ativa ocorre quando o sujeito pratica a ação (ex: Ana escreveu a carta).
Na voz reflexiva recíproca, os sujeitos realizam e sofrem a ação ao mesmo tempo.;✅ Certo. Na voz reflexiva recíproca, dois sujeitos realizam e sofrem a ação mutuamente (ex: Eles se abraçaram).
"A voz passiva analítica usa sempre o verbo ""ser"" + particípio.";"❌ Errado. A voz passiva analítica usa o verbo ""ser"" + particípio (ex: As provas foram feitas), mas a estrutura da voz passiva sintética é diferente."
O advérbio é uma classe invariável que expressa circunstâncias.;✅ Certo. O advérbio expressa circunstâncias relacionadas a verbos, adjetivos ou outros advérbios.
O advérbio se liga apenas a verbos.;❌ Errado. O advérbio pode se ligar a verbos, adjetivos ou outros advérbios.
"""Muito"" é um exemplo de advérbio de intensidade.";"✅ Certo. ""Muito"" expressa intensidade e é um advérbio de intensidade."
"""Nunca"" é um exemplo de advérbio de negação.";"✅ Certo. ""Nunca"" é um advérbio de negação."
"""Possivelmente"" é um exemplo de advérbio de dúvida.";"✅ Certo. ""Possivelmente"" é um advérbio de dúvida."
"""Aqui"" é um exemplo de advérbio de lugar.";"✅ Certo. ""Aqui"" expressa lugar e é um advérbio de lugar."
"""Amanhã"" é um exemplo de advérbio de tempo.";"✅ Certo. ""Amanhã"" expressa tempo e é um advérbio de tempo."
"""Bem"" é um exemplo de advérbio de modo.";"✅ Certo. ""Bem"" expressa modo e é um advérbio de modo."
"""De vez em quando"" é uma locução adverbial de tempo.";"✅ Certo. ""De vez em quando"" é uma locução adverbial que expressa tempo."
"""Morrendo de medo"" é uma locução adverbial que expressa causa.";"✅ Certo. ""Morrendo de medo"" é uma locução adverbial que expressa circunstância de causa."
"A locução adverbial ""à porta"" expressa circunstância de lugar.";"✅ Certo. ""À porta"" é uma locução adverbial de lugar."
A preposição tem a função de ligar palavras e orações.;✅ Certo. A preposição liga palavras entre si ou orações subordinadas à principal.
"""A"" e ""para"" são exemplos de preposições que podem anteceder o pronome ""mim"".";"✅ Certo. Preposições como ""a"" e ""para"" podem anteceder o pronome ""mim"" (ex: Falou a mim, Trouxe algo para mim)."
"""Com"" e ""de"" são preposições que exigem um pronome depois delas.";"✅ Certo. Preposições como ""com"" e ""de"" exigem um pronome depois delas, como em ""Falou comigo"" e ""Pensou de mim""."
"A preposição ""em"" é sempre usada para ligar termos.";"❌ Errado. A preposição ""em"" nem sempre é usada para ligar termos. Por exemplo, pode não ser necessária em algumas situações."
Conjunções servem para ligar orações ou termos coordenados.;✅ Certo. As conjunções ligam orações ou termos dentro de uma oração.
"""E"" é um exemplo de conjunção coordenativa.";"✅ Certo. ""E"" é uma conjunção coordenativa que liga orações ou termos na mesma oração."
"""Mas"" é um exemplo de conjunção coordenativa adversativa.";"✅ Certo. ""Mas"" é uma conjunção adversativa que expressa contraste ou oposição entre orações."
"""Porque"" é uma conjunção subordinativa causal.";"✅ Certo. ""Porque"" é uma conjunção subordinativa causal que indica causa ou explicação."
"""Portanto"" é uma conjunção que pode indicar conclusão.";"✅ Certo. ""Portanto"" é uma conjunção conclusiva que expressa uma conclusão lógica entre as orações."
"""Embora"" é uma conjunção subordinativa concessiva.";"✅ Certo. ""Embora"" é uma conjunção subordinativa concessiva que indica uma concessão."
"""Já que"" é uma locução conjuntiva causal.";"✅ Certo. ""Já que"" é uma locução conjuntiva que expressa causa ou motivo."
"""Se bem que"" é uma locução conjuntiva concessiva.";"✅ Certo. ""Se bem que"" é uma locução conjuntiva concessiva, usada para indicar concessão."
"A locução conjuntiva ""a fim de que"" expressa finalidade.";"✅ Certo. ""A fim de que"" é uma locução conjuntiva que expressa finalidade."
"""Ou"" é uma conjunção subordinativa alternativa.";"❌ Errado. ""Ou"" é uma conjunção coordenativa alternativa, não subordinativa."
"""Quando"" pode ser uma conjunção subordinativa temporal.";"✅ Certo. ""Quando"" é uma conjunção subordinativa temporal, que indica tempo."
"A locução conjuntiva ""caso"" indica condição.";"✅ Certo. ""Caso"" é uma locução conjuntiva condicional que expressa uma condição."
"""Porque"" é usado apenas para introduzir causas.";"❌ Errado. ""Porque"" pode ser usado em orações explicativas e causais."
Conjunções coordenativas ligam orações independentes.;✅ Certo. Conjunções coordenativas ligam orações que têm a mesma função sintática e não dependem uma da outra.
Conjunções subordinativas ligam orações dependentes a uma oração principal.;✅ Certo. Conjunções subordinativas ligam orações dependentes a uma oração principal, estabelecendo uma relação de subordinação.
"""Se"" é uma conjunção subordinativa condicional.";"✅ Certo. ""Se"" é uma conjunção subordinativa condicional, indicando uma condição para que a ação aconteça."
"""Assim"" pode ser um advérbio de modo.";"✅ Certo. ""Assim"" é um advérbio de modo, que indica a maneira como algo é feito."
"""Aliás"" é um advérbio de modo.";"✅ Certo. ""Aliás"" pode funcionar como advérbio de modo, indicando uma explicação adicional."
As conjunções coordenativas são usadas para ligar orações independentes.;✅ Certo. Conjunções coordenativas ligam orações independentes, ou seja, orações que podem existir de forma autônoma.
"""Mas"" é uma conjunção adversativa.";"✅ Certo. ""Mas"" expressa contraste ou oposição entre orações, sendo uma conjunção adversativa."
"""Ou"" é uma conjunção alternativa.";"✅ Certo. ""Ou"" é uma conjunção alternativa, que indica uma escolha entre alternativas."
"""Portanto"" é uma conjunção conclusiva.";"✅ Certo. ""Portanto"" expressa uma conclusão, sendo uma conjunção conclusiva."
"""Porque"" é uma conjunção explicativa.";"✅ Certo. ""Porque"" é uma conjunção explicativa, indicando a razão ou explicação de algo."
"""Visto que"" é uma conjunção causal.";"✅ Certo. ""Visto que"" é uma conjunção causal, indicando a causa de uma ação."
"""Embora"" é uma conjunção concessiva.";"✅ Certo. ""Embora"" expressa uma concessão, ou seja, algo que acontece apesar de outra coisa."
"""Caso"" é uma conjunção condicional.";"✅ Certo. ""Caso"" introduz uma condição para que algo aconteça."
"""Conforme"" é uma conjunção conformativa.";"✅ Certo. ""Conforme"" indica uma conformidade, ou seja, algo que se dá de acordo com uma condição ou situação."
"""Para que"" é uma conjunção final.";"✅ Certo. ""Para que"" expressa uma finalidade ou objetivo de uma ação."
"""À medida que"" é uma conjunção proporcional.";"✅ Certo. ""À medida que"" indica uma relação proporcional entre duas ações ou fatos."
"""Se"" é uma conjunção condicional.";"✅ Certo. ""Se"" é uma conjunção condicional, que estabelece uma condição para que algo aconteça."
"""Quando"" é uma conjunção temporal.";"✅ Certo. ""Quando"" indica um momento no tempo, sendo uma conjunção temporal."
"""Mais... do que"" é uma conjunção comparativa.";"✅ Certo. ""Mais... do que"" estabelece uma comparação de intensidade entre dois elementos."
"""Tanto... quanto"" é uma conjunção comparativa.";"✅ Certo. ""Tanto... quanto"" é uma conjunção comparativa que expressa equivalência ou comparação entre dois elementos."
"""De tal forma que"" é uma conjunção consecutiva.";"✅ Certo. ""De tal forma que"" indica uma consequência, sendo uma conjunção consecutiva."
"""Que"" é uma conjunção integrante.";"✅ Certo. ""Que"" pode ser uma conjunção integrante, ligando orações substantivas a uma oração principal."
"""Porque"" pode ser uma conjunção causal ou explicativa, dependendo da posição.";"✅ Certo. ""Porque"" é explicativa quando precede o verbo e causal quando aparece após o verbo."
"""Ah!"" é uma interjeição.";"✅ Certo. ""Ah!"" é uma interjeição que expressa surpresa, alívio ou entendimento."
"""Ufa!"" é uma interjeição que expressa alívio.";"✅ Certo. ""Ufa!"" é uma interjeição usada para expressar alívio."
"""Ai!"" é uma interjeição que expressa dor.";"✅ Certo. ""Ai!"" é uma interjeição que expressa dor ou sofrimento."
"""Oh!"" é uma interjeição que expressa surpresa ou indignação.";"✅ Certo. ""Oh!"" é uma interjeição usada para expressar surpresa ou indignação."
"""Que horror!"" é uma interjeição que expressa indignação.";"✅ Certo. ""Que horror!"" é uma interjeição que transmite uma emoção de repulsa ou indignação."
"""Puxa vida!"" é uma interjeição que expressa surpresa.";"✅ Certo. ""Puxa vida!"" é uma interjeição que expressa surpresa ou espanto."
"""Nossa!"" é uma interjeição que expressa surpresa ou admiração.";"✅ Certo. ""Nossa!"" é uma interjeição usada para expressar surpresa ou admiração."
"""Socorro!"" é uma interjeição que expressa pedido de ajuda.";"✅ Certo. ""Socorro!"" é uma interjeição usada para expressar desespero ou pedido de ajuda."
"""Viva!"" é uma interjeição que expressa comemoração ou felicidade.";"✅ Certo. ""Viva!"" é uma interjeição usada para expressar celebração ou felicidade."
"""Ei!"" é uma interjeição que chama a atenção.";"✅ Certo. ""Ei!"" é uma interjeição usada para chamar a atenção de alguém."
"""Eita!"" é uma interjeição que expressa surpresa ou espanto.";"✅ Certo. ""Eita!"" é uma interjeição que expressa surpresa ou espanto diante de algo inesperado."
"""Ah, não!"" é uma interjeição que expressa negação ou reprovação.";"✅ Certo. ""Ah, não!"" é uma interjeição usada para expressar negação ou reprovação de algo."
"""Vixe!"" é uma interjeição que expressa surpresa ou preocupação.";"✅ Certo. ""Vixe!"" é uma interjeição usada para expressar surpresa ou preocupação diante de algo inesperado."
"""Ai, meu Deus!"" é uma interjeição que expressa surpresa ou apreensão.";"✅ Certo. ""Ai, meu Deus!"" é uma interjeição expressando surpresa ou apreensão diante de algo."
"""E agora?"" é uma interjeição que expressa incerteza ou preocupação com o futuro.";"✅ Certo. ""E agora?"" é uma interjeição usada para expressar incerteza ou preocupação com o que virá a seguir."
"""Como assim?"" é uma interjeição que expressa surpresa ou confusão.";"✅ Certo. ""Como assim?"" é uma interjeição usada para expressar surpresa ou confusão diante de algo que não foi entendido."
O radical é o componente que contém o significado da palavra.;"✅ Certo. O radical é o morfema que contém o significado principal da palavra, como ""ced"" em ""ceder""."
O radical e a vogal temática formam o tema.;"✅ Certo. O tema é a união do radical e da vogal temática, como em ""PODEmos"" (radical ""pod"" + vogal temática ""e"")."
A desinência de número e pessoa está presente em todos os tempos verbais.;❌ Errado. A desinência de número e pessoa não aparece nos tempos primitivos (presente e pretérito perfeito do indicativo).
A vogal temática indica a conjugação verbal.;"✅ Certo. A vogal temática determina a conjugação do verbo, como ""a"" em ""amar"" (1ª conjugação) e ""e"" em ""vender"" (2ª conjugação)."
O prefixo é um morfema que aparece depois do radical.;❌ Errado. O prefixo é um morfema que vem antes do radical para formar palavras derivadas.
"""Pré"" em ""prever"" é um prefixo que indica anterioridade.";"✅ Certo. ""Pré"" é um prefixo que acrescenta a ideia de anterioridade ao verbo ""ver"", formando ""prever""."
"O verbo ""ceder"" tem um radical que pode ser dividido.";"✅ Certo. O radical de ""ceder"" é ""ced"", e ele contém o significado da palavra."
"""Ferir"" é um verbo derivado, não primitivo.";"❌ Errado. ""Ferir"" é um verbo primitivo, não derivado."
A desinência de modo e tempo é presente apenas em dois tempos verbais.;❌ Errado. A desinência de modo e tempo não existe nos tempos primitivos (presente e pretérito perfeito do indicativo).
"""Alomorfia"" refere-se à variação do radical de um verbo.";"✅ Certo. A alomorfia é a variação do radical, como ""pos"" em ""posso"" e ""coub"" em ""coube""."
O tema de um verbo é formado pela combinação de radical, vogal temática e desinências.;"✅ Certo. O tema é formado pela união do radical e da vogal temática, como ""PODEmos""."
"Em ""presumir"", ""pré"" é um morfema que forma o verbo, sem alterar o significado do verbo ""sumir"".";"❌ Errado. ""Pré"" é um prefixo que modifica o significado, acrescentando a ideia de anterioridade ao verbo ""sumir""."
O radical primário é o elemento comum a toda a família etimológica de uma palavra.;"✅ Certo. O radical primário é o elemento comum a todas as palavras de uma mesma família etimológica, como ""POD"" em ""poder""."
A desinência de número e pessoa indica as variações de quem realiza a ação.;"✅ Certo. A desinência de número e pessoa indica quem realiza a ação, como em ""amavaS"" (2ª pessoa do singular)."
A desinência de modo-temporal aparece em todos os tempos verbais.;❌ Errado. A desinência de modo-temporal não aparece nos tempos primitivos, como o presente e o pretérito perfeito do indicativo.
"""Expor"" tem um prefixo.";"✅ Certo. ""Ex"" é um prefixo que significa ""fora"", formando o verbo ""expor""."
"""Descobrir"" é formado por prefixo e radical.";"✅ Certo. ""Des"" é um prefixo que, ao ser adicionado ao verbo ""cobrir"", forma ""descobrir""."
"O radical de ""ferir"" é ""fer"".";"✅ Certo. O radical de ""ferir"" é ""fer"", que contém o significado da palavra."
"O verbo ""poder"" tem o radical ""pod"".";"✅ Certo. O radical de ""poder"" é ""pod"", que está presente em palavras da mesma família etimológica, como ""poderoso""."
"A vogal temática ""a"" é característica da 1ª conjugação.";"✅ Certo. A vogal temática ""a"" indica que o verbo pertence à 1ª conjugação, como em ""amar""."
"A desinência ""r"" indica o infinitivo do verbo.";"✅ Certo. A desinência ""r"" está presente no infinitivo dos verbos, como em ""ceder"" e ""ver""."
"A desinência ""s"" é comum à segunda pessoa do singular no pretérito imperfeito.";"✅ Certo. A desinência ""s"" aparece na 2ª pessoa do singular no pretérito imperfeito, como em ""amavas""."
"O radical de ""ver"" é ""ver"".";"✅ Certo. O radical de ""ver"" é ""ver"", que contém o significado principal da palavra."
A alomorfia ocorre quando o radical de um verbo muda em diferentes tempos verbais.;"✅ Certo. A alomorfia ocorre quando o radical de um verbo sofre variação, como em ""posso"" e ""couve""."
"O verbo ""dizer"" tem um prefixo.";"❌ Errado. O verbo ""dizer"" é um verbo primitivo e não possui prefixo."
"A desinência ""-mos"" é usada na 1ª pessoa do plural do presente do indicativo.";"❌ Errado. A desinência ""-mos"" é usada na 1ª pessoa do plural em outros tempos, como no pretérito imperfeito e no futuro."
"A desinência ""-i"" indica a 1ª pessoa do singular no pretérito perfeito do indicativo.";"✅ Certo. A desinência ""-i"" indica a 1ª pessoa do singular no pretérito perfeito, como em ""fiz""."
"O verbo ""vender"" tem o radical ""vend"".";"✅ Certo. O radical de ""vender"" é ""vend"", que contém o significado principal da palavra."
"O prefixo ""re"" em ""refazer"" indica repetição.";"✅ Certo. O prefixo ""re"" indica a ideia de repetição ou renovação, como em ""refazer""."
"""Ver"" e ""presumir"" compartilham o mesmo radical, ""ver"".";"✅ Certo. ""Ver"" e ""presumir"" compartilham o radical ""ver"", sendo ""presumir"" formado por um prefixo."
O radical é o componente comum a toda a família etimológica de uma palavra.;"✅ Certo. O radical é o morfema que contém o significado principal da palavra, como ""CAS"" em ""CASINHA""."
"O radical de ""CASINHA"" é ""cas"".";"✅ Certo. O radical primário de ""CASINHA"" é ""CAS"" e ""INHA"" é um sufixo diminutivo, formando um radical secundário."
A vogal temática indica gênero e número do nome.;"❌ Errado. A vogal temática não indica gênero ou número. Ela é átona, pré-desinencial e final, como em ""CASA"" e ""LEVES""."
O tema de um nome é formado pela união do radical e da vogal temática.;"✅ Certo. O tema é a junção do radical e da vogal temática, como em ""CASA"" (radical ""CAS"" + vogal temática ""A"")."
O sufixo é um afixo colocado antes do radical.;"❌ Errado. O sufixo é um afixo colocado após o radical, como em ""felizMENTE"" ou ""meninINHO""."
"""IN"" em ""INfeliz"" é um prefixo.";"✅ Certo. ""IN"" é um prefixo que indica negação, formando ""INfeliz"" a partir de ""feliz""."
"""MENTE"" em ""felizMENTE"" é um sufixo.";"✅ Certo. ""MENTE"" é um sufixo que transforma um adjetivo em um advérbio, como em ""felizMENTE""."
"""A"" no final de ""meninA"" indica gênero feminino.";"✅ Certo. O ""A"" no final de ""meninA"" é uma desinência de gênero que marca o feminino."
"""S"" no final de ""casaS"" indica o plural.";"✅ Certo. O ""S"" no final de ""casaS"" é a desinência de número que indica o plural."
"""PIRES"" e ""LÁPIS"" não possuem desinência de número.";"✅ Certo. ""PIRES"" e ""LÁPIS"" são palavras que não possuem desinência de número, pois o plural é invariável."
"""Cafezal"" contém uma consoante de ligação.";"✅ Certo. ""Cafezal"" contém a consoante de ligação ""Z"", que facilita a junção do radical ""caf"" com o sufixo ""al""."
A desinência de gênero marca a oposição entre masculino e feminino.;"✅ Certo. A desinência de gênero é o morfema que indica se a palavra é masculina ou feminina, como em ""professorA""."
"A palavra ""avó"" é atemática.";"✅ Certo. ""Avó"" é atemática porque o ""a"" final é tônico e não uma vogal temática."
"""Menina"" tem um tema formado por radical e vogal temática.";"❌ Errado. ""Menina"" é atemática, pois não possui vogal temática, e o ""a"" final é uma desinência de número."
"""Cafeicultura"" possui uma vogal de ligação.";"✅ Certo. A vogal ""i"" em ""cafeicultura"" é uma vogal de ligação que facilita a junção do radical ""caf"" com o sufixo ""cultura""."
"A desinência de número pode ser representada pelo ""S"" no final de um nome.";"✅ Certo. A desinência de número é representada pelo ""S"", como em ""casas"" ou ""gravidezes""."
"O radical de ""AMABILIDADE"" é ""am"" e ""BIL"" é um sufixo.";"✅ Certo. O radical de ""AMABILIDADE"" é ""am"", e ""BIL"" e ""IDADE"" são sufixos que formam a palavra completa."
"O prefixo ""DES"" em ""DESestímulo"" indica oposição ou negação.";"✅ Certo. ""DES"" é um prefixo que indica oposição ou negação, como em ""DESestímulo"" (oposição ao estímulo)."
"""MENINO"" e ""MENINA"" têm o mesmo radical.";"✅ Certo. ""MENINO"" e ""MENINA"" compartilham o mesmo radical ""men"", mas o ""a"" final de ""menina"" é uma desinência de número."
"""Leve"" tem o radical ""lev"" e a vogal temática ""e"".";"✅ Certo. O radical de ""leve"" é ""lev"" e a vogal temática é ""e"", formando o tema da palavra."
A vogal temática não marca o gênero do nome.;"✅ Certo. A vogal temática é apenas átona e não marca o gênero, como ocorre em ""casa"" e ""levE""."
"O prefixo ""RE"" em ""refazer"" indica repetição.";"✅ Certo. ""RE"" é um prefixo que indica repetição ou renovação, como em ""refazer""."
A desinência de gênero está presente no masculino e no feminino.;"✅ Certo. A desinência de gênero é o morfema que indica se o substantivo é masculino ou feminino, como em ""meninA"" e ""meninO""."
"""Menininho"" possui o sufixo ""inho"".";"✅ Certo. ""Menininho"" possui o sufixo diminutivo ""inho"", que indica pequeno ou afetivo."
"O sufixo ""AL"" em ""cafezal"" é um sufixo de lugar.";"✅ Certo. O sufixo ""al"" é um sufixo de lugar, formando palavras como ""cafezal"" (campo de café)."
"""CASINHA"" é uma palavra formada por radical primário e sufixo diminutivo.";"✅ Certo. ""CASINHA"" é formada pelo radical primário ""CAS"" e o sufixo diminutivo ""INHA""."
"""IN"" no início de ""INfeliz"" é um sufixo.";"❌ Errado. ""IN"" é um prefixo, não um sufixo, e indica negação ou oposição ao que vem a seguir."
"""Leve"" é uma palavra atemática.";"✅ Certo. ""Leve"" é atemática, pois não possui vogal temática; o ""e"" final é apenas parte do radical."
A consoante de ligação é usada para facilitar a junção de radical e afixo.;"✅ Certo. A consoante de ligação, como o ""Z"" em ""cafezal"", facilita a junção do radical com o afixo."
"A palavra ""menino"" não tem vogal temática.";"✅ Certo. ""Menino"" não possui vogal temática, já que a palavra ""menina"" se forma pela adição de uma desinência de número."
"O sufixo ""MENTE"" transforma um adjetivo em um advérbio.";"✅ Certo. O sufixo ""MENTE"" transforma um adjetivo em advérbio, como em ""felizMENTE""."
A derivação prefixal é formada pela adição de um prefixo a um radical.;"✅ Certo. A derivação prefixal ocorre quando um prefixo é adicionado ao radical, como em ""INfeliz"" e ""CONTRAdizer""."
A derivação sufixal é formada pela adição de um sufixo a um radical.;"✅ Certo. A derivação sufixal é quando um sufixo é adicionado ao radical, como em ""felizMENTE"" ou ""legAL""."
Na derivação prefixal e sufixal, o prefixo e o sufixo são usados simultaneamente.;"❌ Errado. Na derivação prefixal e sufixal, o prefixo e o sufixo não são usados simultaneamente, como em ""INfelizMENTE""."
A derivação parassintética é formada pela adição simultânea de um prefixo e um sufixo.;"✅ Certo. Na derivação parassintética, um prefixo e um sufixo são adicionados simultaneamente a um radical, como em ""entardecer""."
"""Desidratação"" é um exemplo de derivação parassintética.";"✅ Certo. ""Desidratação"" é formada pela adição simultânea de ""DES"" (prefixo) e ""AÇÃO"" (sufixo) ao radical ""hidr""."
A derivação regressiva envolve a adição de sufixos ao radical de um verbo.;"✅ Certo. A derivação regressiva transforma um verbo em um substantivo, como em ""namorar"" (NAMOR + O) ou ""vender"" (VEND + A)."
"""Namor"" em ""namorar"" é a formação regressiva de um substantivo.";"✅ Certo. ""Namor"" é o radical de ""namorar"", e o sufixo ""O"" forma um substantivo."
"""Vender"" é um exemplo de derivação imprópria.";"❌ Errado. ""Vender"" não é derivação imprópria; é um verbo. Derivação imprópria ocorre quando um verbo é usado como substantivo."
A derivação por redução é a abreviação de uma palavra.;"✅ Certo. A derivação por redução ocorre quando uma palavra é abreviada, como em ""Zé"" (abreviação de José) e ""moto"" (de motocicleta)."
"""Futsal"" é uma palavra formada por redução.";"✅ Certo. ""Futsal"" é uma redução de ""futebol de salão""."
A composição por aglutinação envolve a junção de dois radicais sem alteração fonética.;"❌ Errado. Na composição por aglutinação, há perda ou alteração fonética, como em ""aguardente"" (aguá + ardente)."
"""Girassol"" é um exemplo de composição por justaposição.";"✅ Certo. ""Girassol"" é formado pela justaposição dos radicais ""giras"" e ""sol"" sem alteração fonética."
A composição por justaposição resulta na perda de fonemas.;"❌ Errado. Na justaposição, não há perda ou alteração de fonemas, como em ""café com leite"" e ""girassol""."
"""Videopôquer"" é um exemplo de hibridismo.";"✅ Certo. ""Videopôquer"" é formado pela junção de radicais de origens diferentes (latim ""video"" e inglês ""poker"")."
"""Telefone"" é formado por hibridismo.";"✅ Certo. ""Telefone"" resulta de um hibridismo, com a junção de ""tele"" (grego) e ""fone"" (grego)."
A onomatopeia é a imitação de sons.;"✅ Certo. A onomatopeia é o processo de criação de palavras que imitam sons, como ""miau"" e ""miado""."
"""Miau"" é um exemplo de onomatopeia.";"✅ Certo. ""Miau"" é a imitação do som que um gato faz, caracterizando uma onomatopeia."
A siglonimização é o processo de formação de palavras por siglas.;"✅ Certo. A siglonimização cria siglas combinando as letras iniciais de várias palavras, como em ""FGTS"" (Fundo de Garantia)."
"""CPF"" é uma sigla formada pelo processo de siglonimização.";"✅ Certo. ""CPF"" é uma sigla formada pelas iniciais de ""Cadastro de Pessoas Físicas""."
"""FGTS"" é uma sigla do processo de siglonimização.";"✅ Certo. ""FGTS"" é uma sigla formada por ""Fundo de Garantia por Tempo de Serviço""."
"""MOBRAL"" é uma sigla que significa ""Movimento Brasileiro de Alfabetização"".";"✅ Certo. ""MOBRAL"" é uma sigla formada pelas iniciais do ""Movimento Brasileiro de Alfabetização""."
A derivação por redução elimina uma parte de uma palavra para formar outra.;"✅ Certo. A derivação por redução ocorre quando uma palavra é abreviada, como em ""Zé"" para ""José"" e ""moto"" para ""motocicleta""."
A siglonimização forma palavras com as letras finais de um conjunto de palavras.;"❌ Errado. A siglonimização forma palavras com as letras iniciais de um conjunto de palavras, como em ""CPF"" ou ""FGTS""."
"""Café com leite"" é um exemplo de composição por aglutinação.";"❌ Errado. ""Café com leite"" é um exemplo de composição por justaposição, pois não há alteração fonética entre os radicais."
A derivação sufixal pode ser feita com o acréscimo de um sufixo a um verbo.;"✅ Certo. A derivação sufixal pode ocorrer com o acréscimo de um sufixo a um verbo, como ""felizMENTE""."
"""Amanhecer"" é formado por derivação parassintética.";"✅ Certo. ""Amanhecer"" é formado pela adição simultânea de um prefixo ""A"" e um sufixo ""CER"" ao radical ""manhe""."
"""Aguardar"" é uma palavra formada por aglutinação.";"✅ Certo. ""Aguardar"" é formada por aglutinação, com a junção dos radicais ""aguá"" e ""ardente"", com perda fonética."
"""Subir"" é um exemplo de derivação regressiva.";"❌ Errado. ""Subir"" não é um exemplo de derivação regressiva. Exemplos de derivação regressiva são ""vender"" e ""namorar""."
A frase nominal contém um verbo.;"❌ Errado. A frase nominal não contém verbo, como em ""Que lindo dia!"" ou ""Oi!""."
A frase verbal sempre contém um verbo.;"✅ Certo. A frase verbal contém pelo menos um verbo, como em ""Leia mais"" ou ""Leia mais, e terá mais facilidade para expressar-se""."
A oração sempre contém um verbo.;"✅ Certo. A oração é um enunciado que contém um verbo ou locução verbal, como em ""Eu tinha viajado""."
A locução verbal é composta por dois ou mais verbos que equivalem a uma só ação.;"✅ Certo. Exemplos: ""Eu tinha viajado"" (ação de viajar) ou ""Se tiver anoitecido"" (ação de anoitecer)."
Em uma locução verbal, cada verbo tem um significado independente.;"❌ Errado. Em uma locução verbal, os verbos têm um significado conjunto, como em ""Estava chovendo"" (não é possível interpretar separadamente)."
O “que” sempre é um pronome relativo.;❌ Errado. O “que” pode ser pronome relativo ou conjunção, dependendo do contexto.
A oração adjetiva sempre inicia com o pronome relativo “que”.;"✅ Certo. A oração adjetiva sempre começa com o pronome relativo ou com a preposição que o antecede, como em ""O livro que você leu""."
Em uma frase, o “que” nunca será um pronome demonstrativo.;"❌ Errado. O “que” pode ser um pronome demonstrativo, como em ""O que você falou?""."
"O “que” em ""O que você falou?"" é um pronome relativo.";"❌ Errado. Em ""O que você falou?"", o “que” é uma conjunção subordinativa, ligando as orações, e não um pronome relativo."
O “é que” é uma locução expletiva que deve ser considerada na contagem das orações.;"❌ Errado. O “é que” é uma locução expletiva, mas ela deve ser desconsiderada na contagem das orações. Exemplo: ""Nós é que não contribuiremos""."
"Em ""A verdade é que mentiram"", o “que” é conjunção integrante.";"✅ Certo. Em ""A verdade é que mentiram"", o “que” inicia uma oração substantiva predicativa."
"Em ""Nós é que não contribuiremos"", o ""é que"" é uma locução expletiva.";"✅ Certo. ""É que"" é uma locução expletiva e pode ser suprimida, resultando em ""Nós não contribuiremos""."
A oração completiva nominal é iniciada por verbos preposicionados.;"✅ Certo. Exemplo: ""Sua maneira de expressar-se me incomoda"", onde ""de expressar-se"" inicia uma oração completiva nominal."
"O verbo ""precisa"" em ""Você precisa me ajudar"" forma uma oração completiva nominal.";"✅ Certo. A oração ""me ajudar"" depende do verbo ""precisa"" e forma uma oração completiva nominal."
As orações adjetivas podem ser reduzidas e são frequentemente difíceis de perceber.;"✅ Certo. Exemplo: ""A presidente eleita tem muito a fazer"", onde ""eleita"" é uma oração adjetiva reduzida."
"""Ela ficou feliz"" é um exemplo de locução verbal.";"❌ Errado. ""Ela ficou feliz"" é uma frase com verbo simples. Uma locução verbal precisa de dois ou mais verbos, como em ""Está chovendo""."
"A frase ""Oi!"" é uma oração.";"❌ Errado. ""Oi!"" é uma frase nominal, pois não contém verbo."
"O verbo ""tinha viajado"" em ""Eu tinha viajado"" forma uma locução verbal.";"✅ Certo. ""Tinha viajado"" é uma locução verbal composta pelos verbos ""ter"" e ""viajar"", que expressam uma só ação."
"A oração ""Começou a chover"" expressa o início de um fenômeno.";"✅ Certo. ""Começou a chover"" expressa o início de uma ação ou fenômeno, um exemplo de locução verbal no início de um processo."
"A oração ""Estou estudando"" é um exemplo de ação em curso.";"✅ Certo. ""Estou estudando"" indica que a ação está acontecendo no presente, um exemplo de locução verbal que expressa o curso de uma ação."
"O verbo ""é"" em ""A verdade é que mentiram"" forma uma locução verbal.";"❌ Errado. O verbo ""é"" em ""A verdade é que mentiram"" não faz parte de uma locução verbal, mas é o verbo de ligação da oração principal."
"A oração ""Deixe de fumar"" expressa o fim de um fenômeno.";"✅ Certo. ""Deixe de fumar"" indica o fim de uma ação, formando uma locução verbal que expressa a conclusão de uma atividade."
"O verbo ""estava"" em ""Estava chovendo"" faz parte de uma locução verbal.";"✅ Certo. ""Estava chovendo"" é uma locução verbal que indica o curso de uma ação."
"""Ainda é cedo para o julgarmos"" é um exemplo de oração completiva nominal.";"✅ Certo. ""Para o julgarmos"" depende do verbo ""é"" e forma uma oração completiva nominal."
"O verbo ""tem"" em ""Ele tem andado preocupado"" forma uma locução verbal.";"✅ Certo. ""Tem andado"" é uma locução verbal que expressa o curso de um estado, como em ""tem andado preocupado""."
"""Ela vai viajar amanhã"" é uma oração com verbo simples.";"❌ Errado. ""Vai viajar"" é uma locução verbal, composta pelos verbos ""ir"" e ""viajar""."
"""O filme que você viu foi ótimo"" é um exemplo de oração adjetiva.";"✅ Certo. ""Que você viu"" é uma oração adjetiva, pois descreve o filme."
"A oração ""Ele deixou de ser pessimista"" expressa o fim de um estado.";"✅ Certo. ""Deixou de ser pessimista"" indica o fim de um estado, como parte de uma locução verbal."
"A oração ""É preciso ajudar mais"" é uma oração completa.";"✅ Certo. ""É preciso ajudar mais"" é uma oração completa, onde ""é"" é o verbo de ligação e ""preciso"" é um verbo impessoal."
"""A questão é fácil de entender"" é uma oração completiva nominal.";"✅ Certo. ""De entender"" forma uma oração completiva nominal, que completa o sentido do verbo ""é""."
"""Nós somos os melhores"" é uma oração substantiva predicativa.";"❌ Errado. ""Nós somos os melhores"" é uma oração de ligação, com ""somos"" sendo o verbo de ligação e ""os melhores"" o predicativo."
O sujeito de uma oração pode ser implícito, expresso ou desinencial.;✅ Certo. O sujeito pode ser expresso (escrito ou falado), implícito (subentendido), ou desinencial (subentendido pela desinência do verbo).
O sujeito de uma oração é sempre expresso.;"❌ Errado. O sujeito pode ser implícito ou desinencial, como em ""Saímos cedo""."
"Em ""Faz cinco anos que não o vejo"", o verbo ""fazer"" é impessoal.";"✅ Certo. ""Faz"" é um verbo impessoal, e não há sujeito explícito na oração."
"O sujeito de ""Há pessoas no recinto"" é indeterminado.";"❌ Errado. ""Há"" é um verbo impessoal, e não há sujeito."
"O sujeito de ""Tem terremotos na região"" é indeterminado.";"❌ Errado. ""Tem"" também é um verbo impessoal quando expressa fenômenos naturais, portanto não tem sujeito."
"O sujeito de ""Assistiu-se à cena"" é indeterminado.";"✅ Certo. O ""se"" indica a indeterminação do sujeito."
"O sujeito de ""Roubaram alguns carros durante a festa"" é indeterminado.";✅ Certo. O sujeito é indeterminado, pois o verbo está na terceira pessoa do plural, sem indicação clara de quem realizou a ação.
"""Caminhar na praia é agradável"" possui um sujeito indeterminado.";"✅ Certo. O verbo no infinitivo (""caminhar"") é utilizado de forma genérica, indicando sujeito indeterminado."
O predicado sempre é a parte da oração que contém o sujeito.;❌ Errado. O predicado é o que resta da oração depois de identificado o sujeito, ou seja, expressa a ação ou o estado do sujeito.
O predicado verbal tem como núcleo um verbo que indica uma ação.;"✅ Certo. Exemplo: ""Todos devemos ler mais"", onde o verbo ""ler"" é o núcleo do predicado verbal."
O predicado nominal tem como núcleo o predicativo do sujeito.;"✅ Certo. Exemplo: ""Os jovens devem ser atentos aos fatos políticos"", onde ""atentos"" é o núcleo do predicado nominal."
O predicado verbo-nominal possui dois núcleos: um verbo e um predicativo.;"✅ Certo. Exemplo: ""Eles falaram tudo atentos aos efeitos do discurso"", onde ""falaram"" é o verbo e ""atentos"" é o predicativo."
O sujeito elíptico é o sujeito que não está expresso na oração, mas é subentendido pelo contexto.;"✅ Certo. Exemplo: ""Saímos cedo, e as crianças, ansiosas, resolveram acompanhar-nos"", onde o sujeito ""nós"" é elíptico."
O sujeito desinencial é subentendido pela conjugação verbal.;"✅ Certo. Exemplo: ""Saímos cedo"", onde o sujeito ""nós"" é subentendido pela conjugação do verbo ""saímos""."
"O sujeito de ""Os homens viram a criança voar"" é expresso.";"✅ Certo. O sujeito ""os homens"" é expresso, claramente indicado antes do verbo ""viram""."
"O sujeito de ""Conquistar a Europa era seu maior sonho"" é expresso.";"✅ Certo. O sujeito ""conquistar a Europa"" é expresso, é o que realiza a ação do verbo ""era""."
"""Vivir os fortes para fortalecer os fracos"" tem sujeito indeterminado.";"❌ Errado. O sujeito é ""os fortes"", como podemos identificar pela pergunta ""quem deve viver?""."
"Em ""Os homens viram-na voar"", o sujeito da oração é ""os homens"".";"✅ Certo. ""Os homens"" é o sujeito da oração, e o pronome ""na"" refere-se ao objeto direto."
O predicado verbal indica estado do sujeito.;❌ Errado. O predicado verbal indica ação, não estado. O predicado nominal é que indica o estado.
O predicado nominal está presente quando o núcleo do predicado é um verbo.;❌ Errado. O predicado nominal tem como núcleo o predicativo do sujeito, não um verbo.
"""Eles tornaram os filhos críticos"" tem predicado verbo-nominal.";"✅ Certo. ""Tornaram"" é o verbo e ""críticos"" é o predicativo, formando um predicado verbo-nominal."
"""Os jovens devem ser atentos aos fatos políticos"" tem predicado nominal.";"✅ Certo. ""Ser atentos"" é o predicado nominal, com ""atentos"" sendo o núcleo do predicado."
O predicado verbo-nominal é composto por um verbo de ligação.;❌ Errado. O predicado verbo-nominal é composto por um verbo que indica ação e um predicativo.
"""Todos devemos ler mais"" é uma oração com predicado verbal.";"✅ Certo. ""Devemos ler"" é um predicado verbal, pois o verbo ""devemos"" indica uma ação."
"O sujeito de ""Eles falam sobre o novo projeto"" é explícito.";"✅ Certo. ""Eles"" é o sujeito explícito da oração."
"""Passava das dez horas"" tem sujeito elíptico.";"✅ Certo. O sujeito ""ele"" ou ""a situação"" é subentendido."
"""Havia muitas pessoas no evento"" possui sujeito.";"❌ Errado. ""Havia"" é um verbo impessoal, e a frase não tem sujeito explícito."
"""Eles têm jogado muito bem"" é uma locução verbal que expressa o curso de uma ação.";"✅ Certo. ""Têm jogado"" é uma locução verbal que expressa o curso de uma ação."
"""Fazendo exercícios, ele ficou saudável"" tem sujeito expresso.";"✅ Certo. O sujeito ""ele"" é expresso na oração ""ele ficou saudável""."
"""Choveu durante a noite"" é uma oração impessoal.";"✅ Certo. ""Choveu"" é um verbo impessoal, portanto, não há sujeito explícito."
O objeto direto sempre exige preposição.;"❌ Errado. O objeto direto não exige preposição, como em ""Bebemos vinho"" (sem preposição)."
"O objeto direto é obtido fazendo a pergunta ""quem?"" ou ""o quê?"" após o verbo.";"✅ Certo. Exemplo: ""Comemos o quê?"" (resposta: queijo), o que mostra o objeto direto."
O objeto indireto exige preposição obrigatória.;"✅ Certo. Exemplo: ""Narrei o fato a quem?"" (resposta: muitas pessoas), o que exige a preposição ""a""."
O objeto direto pode ser preposicionado.;"✅ Certo. Exemplo: ""Bebemos do vinho"", onde a preposição ""do"" é opcional, mas está presente."
O objeto indireto sempre aparece com preposição, sem exceções.;"✅ Certo. Exemplo: ""Narrei o fato a muitas pessoas"", onde a preposição ""a"" é obrigatória."
O objeto direto pleonástico é repetido para ênfase.;"✅ Certo. Exemplo: ""As crianças, sempre as amamos"", onde o objeto direto ""as"" é repetido."
O predicativo do sujeito indica a qualidade ou estado do sujeito.;"✅ Certo. Exemplo: ""Maria é atenciosa"", onde ""atenciosa"" é o predicativo do sujeito ""Maria""."
O predicativo do sujeito pode ser separado por vírgula.;"✅ Certo. Exemplo: ""Maria, atenciosa, foi elogiada."""
O predicativo do objeto tem a mesma função que o predicativo do sujeito, mas em relação ao objeto.;"✅ Certo. Exemplo: ""Julguei a moça inocente"", onde ""inocente"" é o predicativo do objeto ""moça""."
Se uma oração for transposta para a voz passiva, o predicativo do objeto se torna predicativo do sujeito.;"✅ Certo. Exemplo: ""A moça foi julgada inocente"", onde ""inocente"" é predicativo do sujeito na voz passiva."
"""Julguei a moça inocente"" tem predicativo do sujeito.";"❌ Errado. ""Inocente"" é predicativo do objeto ""moça"", não do sujeito."
O adjunto adverbial expressa uma circunstância relacionada ao verbo.;"✅ Certo. Exemplo: ""Saíram cedo"", onde ""cedo"" é o adjunto adverbial de tempo."
"O adjunto adverbial de lugar responde à pergunta ""onde?"".";"✅ Certo. Exemplo: ""Estão em casa"", onde ""em casa"" é o adjunto adverbial de lugar."
"O adjunto adverbial de tempo responde à pergunta ""quando?"".";"✅ Certo. Exemplo: ""Viajaram ontem"", onde ""ontem"" é o adjunto adverbial de tempo."
"O adjunto adverbial de intensidade responde à pergunta ""quanto?"".";"✅ Certo. Exemplo: ""Estudamos bastante"", onde ""bastante"" é o adjunto adverbial de intensidade."
O complemento nominal se relaciona com um verbo, indicando o objeto direto ou indireto.;❌ Errado. O complemento nominal se relaciona com um substantivo, advérbio ou adjetivo, não com um verbo.
O complemento nominal exige sempre preposição.;"✅ Certo. Exemplo: ""A absolvição do réu foi aplaudida"", onde ""do réu"" é o complemento nominal preposicionado."
O adjunto adnominal acompanha um substantivo e não indica a ação praticada por este.;"✅ Certo. Exemplo: ""Fomos à cidade dos nossos pais"", onde ""à cidade"" é adjunto adnominal, pois não sofre a ação do verbo."
O adjunto adnominal pode ser preposicionado.;"✅ Certo. Exemplo: ""Fomos à cidade dos nossos pais"", onde ""à cidade"" é adjunto adnominal preposicionado."
"""Meu pai ajudou o vizinho da direita"" tem adjunto adnominal.";"✅ Certo. ""Da direita"" é adjunto adnominal, pois qualifica ""vizinho""."
Quando um termo acompanha um substantivo, mas sofre a ação do verbo, ele é adjunto adnominal.;❌ Errado. Quando um termo sofre a ação do verbo, ele é predicativo do objeto.
O agente da passiva indica quem executa a ação na voz passiva.;"✅ Certo. Exemplo: ""Foram instruídos por nós"", onde ""nós"" é o agente da passiva."
"""Foram instruídos por nós"" tem agente da passiva.";"✅ Certo. ""Por nós"" é o agente da passiva, que indica quem realizou a ação."
O aposto resume ou distribui a explicação de um termo ou oração.;"✅ Certo. Exemplo: ""Marcos, o professor, esteve conosco"", onde ""o professor"" é um aposto."
O aposto sempre é precedido de vírgula.;✅ Certo. O aposto normalmente é isolado por vírgulas para indicar explicação ou descrição adicional.
O vocativo é um termo que não faz parte da oração, mas chama a atenção de alguém.;"✅ Certo. Exemplo: ""Maria, aproxime-se"", onde ""Maria"" é o vocativo."
O vocativo é um termo essencial à oração.;❌ Errado. O vocativo não é essencial à oração, pois serve apenas para evocar ou chamar alguém.
"""Jorge, Raquel e Beto, todos virão"" tem aposto.";"✅ Certo. ""Jorge, Raquel e Beto"" é um aposto explicativo, que detalha quem são os ""todos""."
O vocativo pode aparecer antes ou depois do sujeito na oração.;"✅ Certo. Exemplo: ""Maria, por favor, venha aqui"" ou ""Venha aqui, Maria""."
Orações coordenadas sempre são sintaticamente independentes.;✅ Certo. Orações coordenadas não dependem sintaticamente de outra, podendo ter sentido independente ou não.
Orações coordenadas sindéticas contêm conjunção.;"✅ Certo. Exemplo: ""Estudo e trabalho"", onde a conjunção ""e"" conecta as orações coordenadas sindéticas."
Orações coordenadas assindéticas não contêm conjunção.;"✅ Certo. Exemplo: ""Saiu do colégio, foi à feira, comprou alimentos"", onde não há conjunção."
"Orações coordenadas aditivas são introduzidas por conjunções como ""mas"", ""porém"" e ""contudo"".";"❌ Errado. As orações aditivas são introduzidas pelas conjunções ""e"", ""nem"", ""não só... mas também""."
"A oração ""Não rezo, mas tenho fé"" é uma oração coordenada adversativa.";"✅ Certo. A conjunção ""mas"" indica contraste, tornando a oração adversativa."
As orações coordenadas alternativas indicam opção entre dois elementos.;"✅ Certo. Exemplo: ""Estudarei ou trabalharei?"", onde ""ou"" indica alternância."
"O termo ""Logo, não devo ser punida"" é uma oração coordenada conclusiva.";"✅ Certo. A conjunção ""logo"" expressa uma conclusão."
"A oração ""Estou confiante na vitória, pois estudei"" é coordenada explicativa.";"✅ Certo. A conjunção ""pois"" justifica o que foi dito na oração anterior, explicando a razão."
"Para distinguir ""pois"" como conjunção explicativa ou conclusiva, se ""pois"" vem antes do verbo, é explicativa.";"✅ Certo. Exemplo: ""Estude, pois o vestibular está próximo"" (explicativa)."
"Quando ""pois"" vem depois do verbo, é uma conjunção conclusiva.";"✅ Certo. Exemplo: ""Estudou bastante; deve, pois, ser aprovada"" (conclusiva)."
Orações subordinadas desempenham as mesmas funções que os termos da oração.;"✅ Certo. Como no exemplo: ""Foi necessário que eu estudasse muito"" (oração subordinada subjetiva)."
"O termo ""Soube que você decidiu que viajará"" tem uma oração subordinada substantiva objetiva direta.";"✅ Certo. A oração ""que você decidiu que viajará"" é subordinada substantiva objetiva direta."
As orações subordinadas adverbiais funcionam como adjunto adverbial.;"✅ Certo. Exemplo: ""Chegou atrasado ao encontro porque estava em uma reunião"", onde ""porque estava em uma reunião"" funciona como adjunto adverbial."
"A oração ""Mesmo que trabalhe muito, não será recompensada"" é subordinada concessiva.";"✅ Certo. A conjunção ""mesmo que"" introduz uma concessão, ou seja, um fato que se opõe ao que se espera."
Orações subordinadas causais indicam o motivo da oração principal.;"✅ Certo. Exemplo: ""Chegou atrasado ao encontro porque estava em uma reunião"", onde ""porque estava em uma reunião"" indica a causa."
"""Se ele partir, o projeto será cancelado"" é uma oração subordinada condicional.";"✅ Certo. A conjunção ""se"" expressa uma condição para que o projeto seja cancelado."
"A oração ""Conforme havíamos decidido, a viagem será cancelada"" é subordinada conformativa.";"✅ Certo. A conjunção ""conforme"" expressa conformidade com o que foi decidido."
Orações subordinadas finais indicam o objetivo ou a finalidade da oração principal.;"✅ Certo. Exemplo: ""Tenham mais argumentos para que obtenham aumento salarial"", onde ""para que obtenham aumento salarial"" expressa a finalidade."
"""À medida que a reunião avançava, ele se atrasava para o encontro"" é subordinada proporcional.";"✅ Certo. A conjunção ""à medida que"" estabelece uma relação proporcional entre os dois fatos."
"""Logo que ele chegou, deitou-se"" é uma oração subordinada temporal.";"✅ Certo. A conjunção ""logo que"" indica um tempo específico em relação à ação de deitar-se."
"""Sua vida é importante mais que seu trabalho"" é uma oração subordinada comparativa.";"✅ Certo. A conjunção ""mais que"" estabelece uma comparação entre vida e trabalho."
Orações subordinadas consecutivas apontam a consequência ou resultado de um fato.;"✅ Certo. Exemplo: ""A reunião atrasou tanto que ele faltou ao encontro"", onde a oração subordinada expressa a consequência da ação principal."
"""Quando ele chegou, todos estavam em casa"" é uma oração subordinada temporal.";"✅ Certo. A conjunção ""quando"" indica o momento em que o fato ocorreu."
"A oração ""À medida que estudava, se sentia mais preparado"" é subordinada proporcional.";"✅ Certo. A conjunção ""à medida que"" expressa uma relação proporcional."
"A oração ""Caso você estude, passará na prova"" é subordinada condicional.";"✅ Certo. A conjunção ""caso"" introduz uma condição necessária para passar na prova."
"""Embora ele tenha tentado, não conseguiu"" é subordinada concessiva.";"✅ Certo. A conjunção ""embora"" expressa uma concessão em relação ao esforço dele."
Orações subordinadas comparativas indicam uma comparação.;"✅ Certo. Exemplo: ""Ele é mais forte do que você"", onde ""do que"" introduz a comparação entre ele e você."
"""Estudarei até que você me avise"" é subordinada temporal.";"✅ Certo. A conjunção ""até que"" indica o tempo limite para a ação de estudar."
Orações subordinadas adverbiais proporcionais expressam uma relação de proporção.;"✅ Certo. Exemplo: ""Quanto mais estudo, mais aprendo"", onde a relação proporcional é expressa pela conjunção ""quanto mais""."
"A oração ""Se ele trabalhar, poderá viajar"" é subordinada condicional.";"✅ Certo. A conjunção ""se"" estabelece uma condição para ele poder viajar."
"""Ela reagiu como se tivesse ouvido algo"" é uma oração subordinada comparativa.";"✅ Certo. A conjunção ""como se"" estabelece uma comparação entre a reação dela e a condição de ouvir algo."
"""Como você não respondeu, fui embora"" é subordinada causal.";"✅ Certo. A conjunção ""como"" expressa a razão para a ação de ir embora."
Orações subordinadas adverbiais temporais indicam tempo ou época.;"✅ Certo. Exemplo: ""Sempre que ela chega, ele sorri"", onde ""sempre que"" indica o tempo da ação."
"""Ele estudou tanto que passou em primeiro lugar"" é subordinada consecutiva.";"✅ Certo. A conjunção ""tanto que"" expressa a consequência da ação de estudar."
As orações subordinadas substantivas exercem as funções de um substantivo.;✅ Certo. Elas podem exercer funções como sujeito, objeto direto, objeto indireto, complemento nominal, aposto, entre outras.
"A oração ""Decidiu-se que sairiam à noite"" é subordinada substantiva subjetiva.";"✅ Certo. Ela exerce a função de sujeito, respondendo à pergunta ""O que se decidiu?""."
"A oração ""Diga-me que me ouvirá"" é subordinada substantiva objetiva direta.";"✅ Certo. Ela exerce a função de objeto direto, respondendo à pergunta ""O que?""."
"A oração ""O pai gostava de que estudassem"" é subordinada substantiva objetiva indireta.";"✅ Certo. Ela exerce a função de objeto indireto, com a preposição ""de"", respondendo à pergunta ""De quê?""."
"A oração ""Tinham receio de que surgisse um contratempo"" é subordinada substantiva completiva nominal.";"✅ Certo. Ela exerce a função de complemento nominal, respondendo à pergunta ""De quê?""."
"A oração ""Dissemos-lhe a verdade: o marido a traíra"" é subordinada substantiva apositiva.";✅ Certo. Ela exerce a função de aposto, esclarecendo o conteúdo da oração anterior.
"A oração ""O melhor a fazer é estudar muito"" é subordinada substantiva predicativa.";✅ Certo. Ela exerce a função de predicativo, expressando uma qualidade ou estado do sujeito.
"A oração ""Acredito que ela virá amanhã"" é subordinada substantiva objetiva direta.";"✅ Certo. Ela exerce a função de objeto direto, respondendo à pergunta ""O que?""."
"A oração ""Ela acredita que a festa será boa"" é subordinada substantiva objetiva direta.";"✅ Certo. Ela exerce a função de objeto direto, respondendo à pergunta ""O que?""."
"A oração ""É importante que você estude"" é subordinada substantiva subjetiva.";"✅ Certo. Ela exerce a função de sujeito, respondendo à pergunta ""O que é importante?""."
"A oração ""Nós sabemos que ele chegou tarde"" é subordinada substantiva objetiva direta.";"✅ Certo. Ela exerce a função de objeto direto, respondendo à pergunta ""O que?""."
"A oração ""Gostaria de saber se ela virá"" é subordinada substantiva objetiva indireta.";"✅ Certo. Ela exerce a função de objeto indireto, com a preposição ""de"", respondendo à pergunta ""De quê?""."
"A oração ""Ele tem dúvidas sobre o que ela pensará"" é subordinada substantiva completiva nominal.";"✅ Certo. Ela exerce a função de complemento nominal, respondendo à pergunta ""Sobre o quê?""."
"A oração ""O professor pediu que os alunos entregassem os trabalhos"" é subordinada substantiva objetiva direta.";"✅ Certo. Ela exerce a função de objeto direto, respondendo à pergunta ""O que?""."
"A oração ""Fico triste que ele não tenha vindo"" é subordinada substantiva subjetiva.";"✅ Certo. Ela exerce a função de sujeito, respondendo à pergunta ""O que fica triste?""."
As orações subordinadas adjetivas são sempre restritivas.;❌ Errado. As orações subordinadas adjetivas podem ser tanto restritivas quanto explicativas.
"A oração ""O homem em quem confiou o decepcionou"" é subordinada adjetiva restritiva.";"✅ Certo. Ela restringe o substantivo ""homem"" a um específico, aquele em quem a pessoa confiou."
"A oração ""O Papa, que é a maior autoridade da Igreja, fez uma declaração inaceitável"" é subordinada adjetiva explicativa.";"✅ Certo. Ela oferece uma informação adicional, sem restringir o significado do substantivo ""Papa""."
As orações subordinadas adjetivas explicativas podem ser removidas sem alterar o sentido da oração principal.;✅ Certo. Elas fornecem informações extras que não alteram o sentido principal da oração.
"A oração ""A mulher que canta é minha amiga"" é subordinada adjetiva restritiva.";"✅ Certo. Ela restringe o substantivo ""mulher"", especificando que é a mulher que canta."
"A oração ""O filme, que é baseado em fatos reais, foi um sucesso"" é subordinada adjetiva explicativa.";"✅ Certo. Ela fornece uma informação extra sobre o filme, sem restringir o significado do substantivo ""filme""."
"A oração ""Chegou atrasado ao encontro porque estava em uma reunião"" possui uma oração principal e uma subordinada causal.";"✅ Certo. A oração principal é ""Chegou atrasado ao encontro"" e a oração subordinada causal é ""porque estava em uma reunião""."
"A oração ""Mesmo que trabalhe muito, não será recompensada"" possui uma oração principal e uma subordinada concessiva.";"✅ Certo. A oração principal é ""não será recompensada"" e a subordinada concessiva é ""Mesmo que trabalhe muito""."
"""Se ele partir, o projeto será cancelado"" contém uma oração subordinada condicional.";"✅ Certo. A oração subordinada condicional é ""Se ele partir"", e a oração principal é ""o projeto será cancelado""."
"""Conforme havíamos decidido, a viagem será cancelada"" tem uma oração subordinada conformativa.";"✅ Certo. A oração subordinada conformativa é ""Conforme havíamos decidido"", e a oração principal é ""a viagem será cancelada""."
"""Tenham mais argumentos para que obtenham aumento salarial"" contém uma oração subordinada final.";"✅ Certo. A oração subordinada final é ""para que obtenham aumento salarial"", e a oração principal é ""Tenham mais argumentos""."
"""À medida que a reunião avançava, ele se atrasava para o encontro"" tem uma oração subordinada proporcional.";"✅ Certo. A oração subordinada proporcional é ""À medida que a reunião avançava"", e a oração principal é ""ele se atrasava para o encontro""."
"""Logo que ele chegou, deitou-se"" tem uma oração subordinada temporal.";"✅ Certo. A oração subordinada temporal é ""Logo que ele chegou"", e a oração principal é ""deitou-se""."
"""Sua vida é importante mais que seu trabalho"" possui uma oração comparativa.";"✅ Certo. A oração subordinada comparativa é ""mais que seu trabalho"", e a oração principal é ""Sua vida é importante""."
"""A reunião atrasou tanto que ele faltou ao encontro"" tem uma oração subordinada consecutiva.";"✅ Certo. A oração subordinada consecutiva é ""que ele faltou ao encontro"", e a oração principal é ""A reunião atrasou tanto""."
"""Decidiu-se que sairiam à noite"" possui uma oração subordinada substantiva subjetiva.";"✅ Certo. A oração subordinada substantiva subjetiva é ""que sairiam à noite"", e a oração principal é ""Decidiu-se""."
"""O pai gostava de que estudassem"" contém uma oração subordinada substantiva objetiva indireta.";"✅ Certo. A oração subordinada substantiva objetiva indireta é ""que estudassem"", e a oração principal é ""O pai gostava de""."
"""Tinham receio de que surgisse um contratempo"" tem uma oração subordinada substantiva completiva nominal.";"✅ Certo. A oração subordinada substantiva completiva nominal é ""que surgisse um contratempo"", e a oração principal é ""Tinham receio de""."
"""Dissemos-lhe a verdade: o marido a traíra"" tem uma oração subordinada substantiva apositiva.";"✅ Certo. A oração subordinada substantiva apositiva é ""o marido a traíra"", e a oração principal é ""Dissemos-lhe a verdade""."
"""O melhor a fazer é estudar muito"" contém uma oração subordinada substantiva predicativa.";"✅ Certo. A oração subordinada substantiva predicativa é ""estudar muito"", e a oração principal é ""O melhor a fazer é""."
"""O homem em quem confiou o decepcionou"" possui uma oração subordinada adjetiva restritiva.";"✅ Certo. A oração subordinada adjetiva restritiva é ""em quem confiou"", e a oração principal é ""O homem o decepcionou""."
"""O Papa, que é a maior autoridade da Igreja, fez uma declaração inaceitável"" tem uma oração subordinada adjetiva explicativa.";"✅ Certo. A oração subordinada adjetiva explicativa é ""que é a maior autoridade da Igreja"", e a oração principal é ""O Papa fez uma declaração""."
"""A oração subordinada causal explica a razão de um evento na oração principal.""";"✅ Certo. As orações causais indicam a razão do que é expresso na oração principal, como ""porque estava em uma reunião""."
"""A oração subordinada condicional estabelece uma condição para o evento da oração principal.""";"✅ Certo. A oração subordinada condicional é introduzida por conjunções como ""se"" e ""caso"". Exemplo: ""Se ele partir""."
"""As orações subordinadas temporais indicam o tempo em que ocorre a ação da oração principal.""";"✅ Certo. A oração subordinada temporal é introduzida por palavras como ""quando"", ""logo que"", ""enquanto"", etc."
"""A oração subordinada explicativa oferece uma informação extra sem restringir o sentido da oração principal.""";"✅ Certo. A oração subordinada explicativa fornece informações adicionais, como no exemplo ""O Papa, que é a maior autoridade da Igreja""."
"""A oração subordinada proporcional estabelece uma relação de proporção entre eventos das orações.""";"✅ Certo. As orações subordinadas proporcionais indicam uma relação de proporção, como ""À medida que a reunião avançava""."
"A oração subordinada pode ser integrada ao período de forma desenvolvida, reduzida ou justaposta.""";✅ Certo. As orações subordinadas podem ser integradas de diferentes formas: desenvolvida, reduzida ou justaposta, dependendo da presença de conjunções, pronomes relativos e a forma verbal utilizada.
"""Uma oração subordinada desenvolvida sempre contém conjunção subordinativa ou pronome relativo.""";"✅ Certo. A oração subordinada desenvolvida utiliza conjunção subordinativa ou pronome relativo, como em ""Disse-me que está bem""."
"""A oração subordinada reduzida contém sempre um verbo no infinitivo, gerúndio ou particípio.""";"✅ Certo. A oração subordinada reduzida não usa conjunção subordinativa e seu verbo está no infinitivo, gerúndio ou particípio, como ""Estudando, terá sucesso""."
"""A oração subordinada justaposta é ligada à oração principal sem nenhum elemento de ligação.""";"✅ Certo. A oração justaposta é conectada à principal sem conjunção ou pronome relativo, como em ""Só há uma solução: fugir""."
"""O verbo da oração subordinada reduzida sempre precisa de um sujeito expresso.""";"❌ Errado. O verbo da oração subordinada reduzida pode não precisar de um sujeito expresso, dependendo da construção da frase. Exemplo: ""Estudando, terá sucesso."""
"""O verbo de uma oração com sujeito simples sempre concorda em número e pessoa com o sujeito.""";"✅ Certo. O verbo concorda em número e pessoa com o sujeito simples, como em ""A plateia gritava""."
"""Quando o sujeito simples tem dois adjuntos, o verbo pode ser no singular ou no plural.""";"✅ Certo. O verbo pode concordar com o núcleo do sujeito, podendo ser no singular ou plural, como em ""A autoridade foi reconhecida/foram reconhecidas""."
"""Se o sujeito oracional expressa uma ideia de contraste, o verbo fica no singular.""";"❌ Errado. Quando há contraste nas ideias expressas por sujeitos oracionais, o verbo fica no plural, como em ""Usar de razão e amar são duas coisas que não se ajustam""."
"""Verbos impessoais sempre concordam no singular.""";"✅ Certo. Verbos impessoais e seus auxiliares, como em ""Fazia já três meses"", sempre ficam no singular."
"""Em uma oração impessoal, o verbo pode ser conjugado no plural.""";❌ Errado. Em orações impessoais, o verbo permanece no singular, independentemente do contexto.
"""Em uma oração subordinada reduzida, o verbo pode estar no infinitivo.""";"✅ Certo. O verbo da oração subordinada reduzida pode estar no infinitivo, como em ""Disse-me estar bem""."
"""Em uma oração subordinada justaposta, sempre há uma conjunção ligando as orações.""";"❌ Errado. Na oração subordinada justaposta, não há conjunção ligando as orações, como em ""Escutei-o gritar: 'Nada pode ser feito'""."
"""Em uma oração com sujeito indeterminado, o verbo deve ser conjugado no plural.""";"❌ Errado. Em orações com sujeito indeterminado (por exemplo, com a partícula 'se'), o verbo fica no singular, como em ""Lá já se assistiu a muitas guerras""."
"""Em uma oração com sujeito indeterminado sem o 'se', o verbo pode ficar no plural.""";"✅ Certo. O verbo pode ser conjugado no plural em casos de sujeito indeterminado sem o 'se', como em ""Quando menos esperávamos, tocaram fogo na palhoça""."
"""Em uma oração subordinada, a presença de uma conjunção subordinativa indica que ela é subordinada desenvolvida.""";"✅ Certo. O uso de conjunção subordinativa, como ""que"" ou ""se"", indica uma oração subordinada desenvolvida, como em ""Disse-me que está bem""."
"""Em uma oração subordinada reduzida, a forma do verbo não é relevante.""";❌ Errado. A forma verbal, como infinitivo, gerúndio ou particípio, é essencial para caracterizar a oração como subordinada reduzida.
"""Na oração subordinada reduzida, o verbo pode estar no infinitivo, gerúndio ou particípio.""";"✅ Certo. A oração subordinada reduzida pode usar verbos no infinitivo, gerúndio ou particípio, como em ""Estudando, terá sucesso."""
"""A oração subordinada justaposta é conectada diretamente à oração principal sem qualquer elemento de ligação.""";"✅ Certo. A oração subordinada justaposta não tem conjunção ou pronome relativo, como em ""Escutei-o gritar: 'Nada pode ser feito'""."
"""Quando a oração subordinada não contém conjunção, ela é classificada como reduzida.""";✅ Certo. Quando não há conjunção subordinativa e o verbo está em uma forma como infinitivo, gerúndio ou particípio, a oração é reduzida.
"""O verbo de sujeito oracional é sempre conjugado no plural quando expressa contrastes.""";"✅ Certo. Quando o sujeito oracional expressa contrastes, o verbo é conjugado no plural, como em ""Usar de razão e amar são duas coisas que não se ajustam""."
"e o sujeito composto for anteposto, o verbo sempre concordará no plural com a pessoa que tiver primazia.""";"✅ Certo. O verbo concorda no plural com a pessoa que tem primazia no sujeito composto anteposto, como em ""Eu e papai saímos."""
"""Se o sujeito composto estiver posposto ao verbo, o verbo sempre ficará no plural.""";"❌ Errado. O verbo pode concordar com o núcleo mais próximo ou ficar no plural, como em ""Saímos eu e ele"" ou ""Saí eu e ele""."
"""Quando o sujeito composto é formado por palavras sinônimas ou quase sinônimas, o verbo pode concordar com o núcleo mais próximo.""";"✅ Certo. Quando o sujeito é formado por palavras sinônimas ou quase sinônimas, o verbo pode concordar com o núcleo mais próximo, como em ""Vejam o encanto, a paixão que a faz/fazem sonhar."""
"""Se o sujeito composto for resumido por um pronome indefinido, o verbo ficará no plural.""";"❌ Errado. Quando o sujeito composto é resumido por um pronome indefinido, o verbo ficará no singular, como em ""Nenhum dos quatro participou."""
"""Em uma oração com sujeito composto de expressões gradativas, o verbo deve sempre concordar no plural.""";"❌ Errado. O verbo pode concordar com o núcleo mais próximo, dependendo do contexto, como em ""Sua raiva, seu ódio me amedronta/amedrontam""."
"""Quando o sujeito composto é posposto, o verbo sempre concorda com o núcleo mais próximo.""";"✅ Certo. Quando o sujeito composto é posposto ao verbo, o verbo concorda com o núcleo mais próximo, como em ""Saíram Ana e Carlos""."
"""Quando o sujeito composto é formado por núcleos com noção única, o verbo deve concordar no plural.""";"❌ Errado. O verbo pode concordar com a noção única, mas em casos de noção única (como ""fluxo e refluxo""), o verbo fica no singular."
"""Se o sujeito composto for de infinitivos, o verbo concorda no plural.""";"❌ Errado. O verbo sempre ficará no singular quando o sujeito composto for de infinitivos, como em ""Amar e viver é melhor que tudo""."
"""Em uma oração com sujeito composto de pronome indefinido plural + de + substantivo, o verbo concorda com o pronome.""";"✅ Certo. O verbo pode concordar com o pronome indefinido plural ou com o outro constituyente da locução, como em ""Quais de nós ajudaram?""."
"""Quando o sujeito composto tem um núcleo resumido por um pronome relativo 'quem', o verbo ficará no plural.""";"❌ Errado. Quando o sujeito composto é introduzido por ""quem"", o verbo fica no singular, como em ""Fomos nós quem fez/fizemos o trabalho."""
"""O verbo do sujeito composto sempre concorda com o núcleo mais próximo.""";"✅ Certo. O verbo pode concordar com o núcleo mais próximo em certos casos, como ""Saí eu e ele"" ou ""Saíram Ana e Carlos""."
"""O verbo concorda com o numerador quando o sujeito é um número fracionário.""";"✅ Certo. O verbo concorda com o numerador em expressões com número fracionário, como em ""Um quinto do grupo concordou comigo."""
"""Quando o sujeito composto é formado por dois núcleos que expressam consequência, o verbo fica no singular.""";"❌ Errado. O verbo pode concordar com ambos os núcleos, dependendo da relação de consequência, como em ""A doença e a morte do inimigo o sensibilizou/sensibilizaram""."
"""Se o sujeito for expresso por uma partitiva ou coletiva, o verbo sempre será singular.""";"✅ Certo. Quando o sujeito é partitivo ou coletivo, o verbo geralmente é singular, como em ""Parte se estragou"" ou ""Parte dos caranguejos se estragaram."""
"""Quando o sujeito for um nome de obra ou lugar, o verbo sempre ficará no plural.""";"❌ Errado. O verbo pode ser singular ou plural dependendo do contexto, como em ""Os sertões é/são de Euclides."""
"""O verbo concorda com o sujeito composto quando ele é formado por locuções como 'tanto... como' e 'não só... mas também'.""";"✅ Certo. O verbo concorda no plural quando o sujeito composto é formado por locuções como ""tanto... como"" ou ""não só... mas também"", como em ""Tanto o pai como o filho nos ajudam."""
"""Em uma oração com sujeito composto, o verbo concorda com o núcleo mais distante se o sujeito for resumido por pronome indefinido.""";❌ Errado. Quando o sujeito composto é resumido por um pronome indefinido, o verbo concorda com o núcleo mais próximo.
"""Em um sujeito composto formado por elementos da mesma classe gramatical, o verbo pode concordar no singular ou no plural.""";"✅ Certo. O verbo pode concordar no singular ou no plural dependendo da ordem dos núcleos e do contexto, como em ""Saímos eu e ele""."
"""Quando o sujeito composto é posposto, o verbo nunca concorda com o núcleo mais distante.""";❌ Errado. O verbo pode concordar com o núcleo mais distante ou com o mais próximo, dependendo da construção da frase.
"""Em um sujeito composto de infinitivos opostos, o verbo fica no plural.""";"✅ Certo. Se os infinitivos forem opostos ou antecedidos de artigo, o verbo ficará no plural, como em ""Sorrir e chorar fazem bem"
"""Mandei-os entrarem."" Está correto?";"❌ Errado. Quando o sujeito do infinitivo é pronome oblíquo, o infinitivo não se flexiona. O correto é: ""Mandei-os entrar."""
"""Preciso ouvir os pássaros cantarem."" Está correto?";"✅ Certo. Quando o sujeito do infinitivo é um substantivo, o infinitivo pode ou não ser flexionado: ""ouvir os pássaros cantar/cantarem""."
"""Deram dez horas no relógio."" Está correto?";"✅ Certo. Se o termo ""relógio"" estiver preposicionado, o sujeito é ""as horas"", e o verbo vai para o plural: ""Deram dez horas."""
"""O relógio deram dez horas."" Está correto?";"❌ Errado. Quando ""o relógio"" é o sujeito, o verbo deve concordar com ele: ""O relógio deu dez horas."""
"""Ana ou Maria dirige o ônibus."" Está correto?";"✅ Certo. Quando há exclusão, o verbo concorda com o núcleo mais próximo: ""dirige""."
"""A Fonologia ou Fonemática ocupam-se dos fonemas."" Está correto?";"❌ Errado. Como há sinonímia, o verbo concorda no singular: ""ocupa-se""."
"""Nem Jorge, nem Igor compareceram."" Está correto?";"✅ Certo. Quando sujeitos estão ligados por ""nem"", o verbo geralmente vai para o plural."
"""Nem Jorge, nem Igor compareceu."" Está correto?";✅ Certo. Quando se quer ressaltar ações individuais, o verbo pode ficar no singular.
"""Não veio nem ele, nem eu."" Está correto?";"✅ Certo. Com sujeitos pospostos ligados por ""nem"", o verbo concorda com o núcleo mais próximo: ""eu"", logo o verbo pode ser no singular."
"""Um e outro pareciam felizes."" Está correto?";"✅ Certo. A expressão ""um e outro"" admite o verbo no singular ou plural: ""parecia""/""pareciam""."
"""Nem um, nem outro se surpreenderam."" Está correto?";"❌ Errado. Com ""nem um, nem outro"", o verbo vai para o singular: ""se surpreendeu""."
"""Um ou outro passavam."" Está correto?";"❌ Errado. Com ""um ou outro"", o verbo deve ficar no singular: ""passava""."
"""Um dos que ajudou foi ele."" Está correto?";"✅ Certo. Com ""um dos que"", o verbo pode ser singular ou plural: ""ajudou/ajudaram""."
"""Nenhuma das que rezaram o fez sinceramente."" Está correto?";"✅ Certo. Com ""nenhuma das que"", o verbo pode ser singular ou plural: ""rezou/rezaram""."
"""Os pais com os filhos passeou na praça."" Está correto?";"❌ Errado. Com sujeitos ligados por ""com"", o verbo preferencialmente vai ao plural: ""passearam""."
"""O pai, com o filho, dirigiu-se à escola."" Está correto?";"✅ Certo. Aqui, ""com o filho"" é adjunto adverbial, então o verbo concorda com ""pai"": ""dirigiu-se""."
"""Tanto o homem como a mulher o observava."" Está correto?";"❌ Errado. Com locuções como ""tanto... como"", o verbo vai ao plural: ""observavam""."
"""Não só a nação mas também o príncipe estavam pobres."" Está correto?";"✅ Certo. Com ""não só... mas também"", o verbo vai ao plural: ""estavam""."
"""Assim Lucas como Eva iriam até os outros."" Está correto?";"✅ Certo. Com ""assim... como"", o verbo concorda no plural: ""iriam""."
"""Conhecerei a pessoa ou as pessoas que dirige a escola."" Está correto?";"❌ Errado. Como há retificação de número, o verbo concorda com o mais próximo: ""dirigem""."
Haja vista aos que nos enganam. Está correto?;✅ Certo. A expressão “haja vista” admite construções com “os”, “aos” ou “dos”: “Haja vista os/aos/dos que nos enganam.”
Eles parecem estarem tristes. Está correto?;❌ Errado. O verbo “parecer” não se flexiona com infinitivo plural. O correto é: “Eles parecem estar tristes.”
Eles parece estarem tristes. Está correto?;✅ Certo. Aqui, “parece” introduz uma oração subordinada com valor de sujeito: “Parece que eles estão tristes.”
Eles parecem ter sido eleitos. Está correto?;✅ Certo. Quando “parecer” forma locução verbal com infinitivo composto passivo, ambas as formas verbais podem ser flexionadas.
Eles parecem terem sido eleitos. Está correto?;❌ Errado. Infinitivo com sujeito explícito (eles) não deve ser flexionado nesse contexto. O correto é: “parecem ter sido eleitos.”
A vida não é flores. Está correto?;✅ Certo. Quando sujeito e predicativo são substantivos, a concordância com o sujeito ou predicativo é facultativa: “não é/são flores.”
Isto são loucuras. Está correto?;✅ Certo. Com pronomes demonstrativos e indefinidos, o verbo “ser” concorda preferencialmente com o predicativo.
Tudo é alegrias. Está correto?;"✅ Certo. Embora menos comum, o verbo pode concordar com o sujeito (""tudo"") ou com o predicativo (""alegrias"")."
Quem são os convidados? Está correto?;✅ Certo. Com pronomes interrogativos (“quem”, “que”), o verbo “ser” concorda com o predicativo.
Dez quilos de carne é suficiente. Está correto?;✅ Certo. Quando indica quantidade, peso ou medida, usa-se o verbo no singular.
Os dez quilos de carne são suficientes. Está correto?;✅ Certo. Ao usar artigo definido (“os”), a concordância passa a ser plural.
Hoje são quinze. Está correto?;✅ Certo. Quando se fala da data, o verbo “ser” concorda com o numeral.
Hoje é dia quinze. Está correto?;✅ Certo. Quando se menciona “dia”, o verbo permanece no singular: “é dia quinze.”
Era uma vez três amigos. Está correto?;✅ Certo. A expressão “era uma vez” é invariável, independentemente do número do sujeito.
Caminhar é um bom exercício. Está correto?;✅ Certo. O infinitivo, usado de forma indeterminada, não se flexiona.
Soldados, cessarem fogo! Está correto?;❌ Errado. Quando o infinitivo tem valor de imperativo, deve permanecer não flexionado: “Cessar fogo!”
Eles são difíceis de capturarem. Está correto?;❌ Errado. Quando o infinitivo tem valor passivo e é regido por “de”, não se flexiona: “difíceis de capturar.”
Todos estiveram lá a cantarem e a dançarem. Está correto?;❌ Errado. Quando o infinitivo equivale ao gerúndio e é precedido de “a”, ele não se flexiona: “a cantar e a dançar.”
Poderiam saírem cedo. Está correto?;❌ Errado. Em locuções verbais com infinitivo próximo ao auxiliar, o infinitivo permanece no singular: “Poderiam sair cedo.”
Deixe-nos dormirmos. Está correto?;❌ Errado. Quando o sujeito do infinitivo é pronome oblíquo (“nos”), o infinitivo não se flexiona: “Deixe-nos dormir.”
Reclamei de serem teimosos. Está correto?;✅ Certo. O infinitivo pode ser flexionado, pois o sujeito (“eles”) é diferente do sujeito da oração principal (“eu”).
Reclamei de ser teimosos. Está correto?;❌ Errado. O infinitivo não deve ficar no singular quando o sujeito é diferente. O correto é: “serem teimosos.”
Deixe as crianças chorarem. Está correto?;✅ Certo. Com sujeito substantivo plural e verbo causativo, o infinitivo pode ser flexionado.
Deixe as crianças chorar. Está correto?;✅ Certo. Também é correto deixar o infinitivo sem flexão nesse caso. Ambas as formas são aceitas.
O sucesso, sem estudares, não o terás. Está correto?;✅ Certo. Flexiona-se o infinitivo para destacar o agente da ação (“tu”), mesmo sendo o mesmo da oração principal.
Queres ser mau filho e deixar uma nódoa? Está correto?;✅ Certo. Quando o infinitivo está afastado do auxiliar, a flexão é facultativa: “deixar” ou “deixares”.
Queres ser mau filho e deixares uma nódoa? Está correto?;✅ Certo. Flexionado para destacar o sujeito “tu”. Concordância facultativa nesse caso.
Revistas e livros velhos. Está correto?;✅ Certo. O adjetivo no plural pode concordar com os dois substantivos.
Livro e revistas velhas. Está correto?;✅ Certo. O adjetivo concorda com o substantivo mais próximo (“revistas”).
Velhas revistas e livros. Está correto?;✅ Certo. Adjetivo anteposto concorda com o substantivo mais próximo (“revistas”).
Velho livro e revistas. Está correto?;✅ Certo. “Velho” concorda com “livro”, que é o substantivo mais próximo.
Tinha raiva e ódio sangrento. Está correto?;✅ Certo. Substantivos sinônimos ou em gradação: adjetivo concorda com o mais próximo.
Havia ali amor e ódio eternos. Está correto?;✅ Certo. Substantivos antônimos: o adjetivo vai para o plural.
Mãe e filho são talentoso. Está correto?;❌ Errado. Quando o adjetivo é predicativo, deve concordar com todos os núcleos: “são talentosos.”
Tenha corpo e alma limpo. Está correto?;❌ Errado. O adjetivo predicativo de dois núcleos deve ir ao plural: “corpo e alma limpos.”
Olhos verde-claros. Está correto?;✅ Certo. Adjetivo composto sem substantivo no segundo termo: o último elemento (claro) é variável.
Vestidos cor-de-rosa. Está correto?;✅ Certo. Composições com “cor de” + substantivo são invariáveis.
Saias azul-celestes. Está correto?;❌ Errado. Adjetivos compostos como “azul-celeste” são invariáveis. O correto é: “saias azul-celeste.”
Tecidos furta-cor. Está correto?;✅ Certo. “Furta-cor” é invariável.
Raios ultravioletas. Está correto?;❌ Errado. “Ultravioleta” é invariável. O correto é: “raios ultravioleta.”
A gente mesma faz tudo. Está correto?;✅ Certo. “Mesmo” com sentido de “próprio” varia em gênero e número conforme o sujeito.
Estávamos sós. Está correto?;✅ Certo. “Só” com sentido de “sozinho” varia.
Estão juntos. Está correto?;✅ Certo. “Junto” com sentido de “unido” varia.
Haverá aulas extras. Está correto?;✅ Certo. “Extra” varia quando funciona como adjetivo.
Ana me disse obrigada. Está correto?;✅ Certo. “Obrigado” varia conforme o gênero e número da pessoa que agradece.
Estamos quites. Está correto?;✅ Certo. “Quite” varia.
As cartas irão anexas. Está correto?;✅ Certo. “Anexo” varia como adjetivo.
As cartas irão em anexo. Está correto?;✅ Certo. A locução “em anexo” é invariável.
As cartas irão inclusas. Está correto?;✅ Certo. “Incluso” varia como adjetivo.
Há cartelas apensas. Está correto?;✅ Certo. “Apenso” também varia.
Não há preocupações nenhumas. Está correto?;✅ Certo. “Nenhum” varia conforme o substantivo.
Pense bastantes. Está correto?;❌ Errado. “Bastante” como advérbio é invariável. O correto é “Pense bastante.”
Os argumentos foram bastantes. Está correto?;✅ Certo. “Bastante” como pronome/adjetivo é variável.
Elas são menos amáveis. Está correto?;✅ Certo. “Menos” é invariável.
Comprou caro as peças. Está correto?;✅ Certo. “Caro” é invariável quando aparece após verbos como “comprar”.
Estava meia tonta. Está correto?;❌ Errado. O advérbio “meio” é invariável. O correto é “Estava meio tonta.”
Fiquem alertas. Está correto?;❌ Errado. “Alerta” é invariável. O correto é “Fiquem alerta.”
Os garotos são tais e qual o pai. Está correto?;✅ Certo. “Tal” concorda com “garotos”, e “qual” com “pai”.
Estas meninas são as mais dóceis possível. Está correto?;❌ Errado. “Possível” varia com o artigo no plural. O correto é: “as mais dóceis possíveis.”
As literaturas portuguesa e brasileira. Está correto?;✅ Certo. O adjetivo se refere a dois substantivos no plural, ficando no singular se vier antes.
Abdicou o trono. Está correto?;✅ Certo. “Abdicar” pode ser VTD: abdicar o trono.
Abdicou do trono. Está correto?;✅ Certo. Também é possível com VTI + “de”.
Acredito crianças. Está correto?;❌ Errado. O verbo “acreditar” exige a preposição “em”: “Acredito em crianças.”
Anseia sucesso. Está correto?;✅ Certo. “Ansiar” pode ser VTD: Anseia sucesso.
Anseia por sucesso. Está correto?;✅ Certo. “Ansiar” também pode ser VTI + “por”.
Antecedeu o primo no cargo. Está correto?;✅ Certo. “Anteceder” pode ser VTD.
Antecedeu ao primo no cargo. Está correto?;✅ Certo. Também aceita VTI + “a”.
O ator agradou o público. Está correto?;❌ Errado. Com sentido de satisfazer, “agradar” exige preposição: “agradou ao público.”
Não agrade seu filho. Está correto?;✅ Certo. Com sentido de “mimar”, é VTD.
Antipatizou ela. Está correto?;❌ Errado. “Antipatizar” exige “com”: Antipatizou com ela.
Simpatizou comigo. Está correto?;✅ Certo. “Simpatizar” exige “com”.
Ajudei-o a fugir. Está correto?;✅ Certo. “Ajudar” pode ser VTDI: ajuda alguém a algo.
Aludiu a fuga dos presos. Está correto?;❌ Errado. Exige crase: Aludiu à fuga dos presos.
Aspirei o perfume da rosa. Está correto?;✅ Certo. “Aspirar”, no sentido de sorver, é VTD.
Aspirou aquele cargo. Está correto?;❌ Errado. Exige preposição: Aspirou a aquele cargo.
Atente naquele anúncio. Está correto?;✅ Certo. “Atentar” admite “em” ou “para”.
Atendeu o telefone. Está correto?;❌ Errado. Com coisa, exige “a”: Atendeu ao telefone.
Atenda seu amigo. Está correto?;✅ Certo. Com pessoa, aceita VTD.
Assistiu o filme. Está correto?;❌ Errado. “Assistir” (ver) exige “a”: Assistiu ao filme.
Assistia à família o direito. Está correto?;✅ Certo. “Assistir”, no sentido de caber, exige “a”.
Assistiu em São Paulo. Está correto?;✅ Certo. No sentido de morar, exige “em”.
O médico assistiu o paciente. Está correto?;✅ Certo. No sentido de ajudar, pode ser VTD.
A pedra atingiu-o. Está correto?;✅ Certo. “Atingir” é VTD: atingir alguém.
Chamava-lhe de querido. Está correto?;❌ Errado. “Chamar” não combina com “lhe” e “de” ao mesmo tempo. Use “Chamava-a de querida” ou “Chamava-lhe querida.”
Chamava-a de querida. Está correto?;✅ Certo. Forma correta com VTD + “de”.
Cogitou uma viagem. Está correto?;✅ Certo. “Cogitar” pode ser VTD.
Cogitou de fugir. Está correto?;✅ Certo. Também pode ser VTI + “de”.
Compartilhemos nossas dores. Está correto?;✅ Certo. “Compartilhar” é VTD: compartilha-se algo.
Confio você. Está correto?;❌ Errado. “Confiar” exige “em”: Confio em você.
Confiou-me o segredo. Está correto?;✅ Certo. “Confiar” como VTDI: confiar algo a alguém.
Desfrutamos bem desses dias. Está correto?;❌ Errado. “Desfrutar”, no sentido de aproveitar, é VTD: Desfrutamos bem estes dias.
Desfruta de bom conceito. Está correto?;"✅ Certo. Quando significa ""ter"", “desfrutar” exige a preposição “de”."
Discordo com você. Está correto?;❌ Errado. “Discordar” exige “de”: Discordo de você.
Não dispõem da verba. Está correto?;✅ Certo. “Dispor” exige preposição “de”.
Esqueci a carteira na loja. Está correto?;✅ Certo. “Esquecer” é VTD quando não é pronominal.
Esqueci-me da carteira. Está correto?;✅ Certo. Pronominal, exige “de”.
Lembro aquele dia. Está correto?;❌ Errado. “Lembrar” nesse caso exige “de”: Lembro daquele dia.
Lembro-me daquele dia. Está correto?;✅ Certo. Pronominal, exige preposição.
Chegou em outubro. Está correto?;✅ Certo. Com tempo, usa-se “em”.
Foi à praia. Está correto?;✅ Certo. “Ir” exige crase para lugar feminino determinado.
Veio com o irmão. Está correto?;✅ Certo. “Com” indica companhia.
Isso implicará problemas. Está correto?;✅ Certo. Com sentido de “resultar”, “implicar” é VTD.
Não implique com ele. Está correto?;✅ Certo. Com sentido de perseguir, exige “com”.
Implicou-se em confusões. Está correto?;✅ Certo. Com sentido de envolver-se, exige “em”.
Você já a namorou? Está correto?;✅ Certo. “Namorar” é VTD.
Necessito paz. Está correto?;❌ Errado. “Necessitar” exige “de”: Necessito de paz.
Olhe que linda passagem! Está correto?;✅ Certo. “Olhar” no sentido de ver é VTD.
Olhe bem para seus problemas. Está correto?;✅ Certo. Com sentido de considerar, exige “para”.
Obedeça o professor. Está correto?;❌ Errado. “Obedecer” exige “a”: Obedeça ao professor.
Partilharam os víveres. Está correto?;✅ Certo. “Partilhar” é VTD nesse caso.
Partilhou os doces com os colegas. Está correto?;✅ Certo. “Partilhar algo com alguém” — VTDI.
Já pagaram todas as dívidas. Está correto?;✅ Certo. “Pagar”, no sentido de quitar, é VTD.
Perdoe-nos a falta. Está correto?;✅ Certo. “Perdoar algo a alguém” — VTDI.
Prefiro o bolo ao sorvete. Está correto?;✅ Certo. “Preferir algo a algo” — VTDI.
Não pise meu pé. Está correto?;❌ Errado. “Pisar” exige o uso da preposição “em” ou a forma com pronome: Não pise no meu pé.
Preciso de férias. Está correto?;✅ Certo. “Precisar” no sentido de necessitar exige “de”.
O piloto precisou o local do pouso. Está correto?;✅ Certo. Com sentido de medir com precisão, é VTD.
Presidiu o encontro. Está correto?;✅ Certo. “Presidir” pode ser VTD.
Proceda ao julgamento. Está correto?;✅ Certo. Com sentido de iniciar, exige “a”.
Só visa lucro. Está correto?;❌ Errado. “Visar” no sentido de desejar exige “a”: visa ao lucro.
Custa-me aprender isso. Está correto?;✅ Certo. O verbo “custar” pode ser VTI quando tem objeto indireto: “a mim”.
Minha pergunta foi respondida. Está correto?;✅ Certo. “Responder” aceita voz passiva, apesar de ser transitivo indireto.
Entreguei-lhe o presente. Está correto?;✅ Certo. “Lhe” é pronome de objeto indireto, usado corretamente com “entregar”.
Assistiu-lhe ao filme. Está correto?;❌ Errado. “Assistir” (presenciar) não aceita “lhe”. Correto: Assistiu ao filme.
Prefiro obediência aos mais velhos. Está correto?;✅ Certo. O nome “obediência” rege a preposição “a”.
Tenho dúvida sobre o assunto. Está correto?;✅ Certo. “Dúvida” aceita “sobre”, “em” ou “acerca de”.
É acessível às crianças. Está correto?;✅ Certo. “Acessível” rege preposição “a”.
Alheio com os problemas. Está correto?;❌ Errado. O correto é “alheio a os problemas”.
Sou favorável ao projeto. Está correto?;✅ Certo. “Favorável” exige preposição “a”.
Sinto aversão por mentiras. Está correto?;✅ Certo. “Aversão” aceita “por”, “a” ou “para”.
Maria é apta para o concurso. Está correto?;✅ Certo. “Apto” aceita “a” ou “para”.
Estou habituado com o clima. Está correto?;❌ Errado. O correto é “habituado a o clima”.
O local é propício ao estudo. Está correto?;✅ Certo. “Propício” rege preposição “a”.
O remédio é nocivo à saúde. Está correto?;✅ Certo. “Nocivo” exige preposição “a” — com crase.
É sensível com os outros. Está correto?;❌ Errado. O correto é “sensível a os outros”.
Chegamos à cidade à noite. Está correto?;✅ Certo. Ambas as expressões exigem crase.
Assisti aquele filme ontem. Está correto?;❌ Errado. “Assistir” (ver) exige preposição + artigo = àquele filme.
Prefiro isso àquilo. Está correto?;✅ Certo. “Preferir” exige a preposição “a” antes de “aquilo”.
Estou à disposição. Está correto?;✅ Certo. “À disposição” é locução que exige crase.
João foi à festa com Maria. Está correto?;✅ Certo. “Ir” exige crase antes de nomes femininos com artigo.
O filme é similar com o anterior. Está correto?;❌ Errado. O correto é “similar a o anterior”.
Estamos satisfeitos com o resultado. Está correto?;✅ Certo. “Satisfeito” aceita a preposição “com”.
Ele tem medo de altura. Está correto?;✅ Certo. “Medo” aceita “de” ou “a”.
Gosto de pessoas curiosas por mistérios. Está correto?;✅ Certo. “Curioso” aceita preposição “por” ou “de”.
A resposta foi dada àquele aluno. Está correto?;✅ Certo. “Dar algo a alguém” exige crase com “àquele”.
Dirigiu-se a ela com carinho. Está correto?;✅ Certo. “Dirigir-se” exige preposição “a”, e “ela” não exige artigo → sem crase.
Deu o presente à sua irmã. Está correto?;✅ Certo. Preposição “a” + artigo definido “a” = crase obrigatória.
Tinha dúvidas acerca da prova. Está correto?;✅ Certo. “Dúvida” aceita “acerca de”.
O professor é benéfico com os alunos. Está correto?;❌ Errado. “Benéfico” exige preposição “a”: benéfico a os alunos.
Esse remédio é prejudicial aos rins. Está correto?;✅ Certo. “Prejudicial” exige preposição “a” — com crase antes de substantivo feminino no plural.
Fui à escola conversar com a diretora.;✅ Certo. O verbo “ir” exige preposição “a” + artigo “a” (a escola) = crase obrigatória.
Visitei à casa de Pedro.;❌ Errado. O verbo “visitar” não exige preposição, e a crase está incorreta.
Voltei à casa da minha mãe.;✅ Certo. Refere-se a uma casa específica (não do sujeito), com artigo definido.
Não voltei a casa.;✅ Certo. “Casa” é do sujeito e usada de forma genérica, sem artigo → sem crase.
Estacione o carro próximo à esquina.;✅ Certo. “À esquina” com crase indica uma esquina definida.
Estacione o carro próximo a esquina.;✅ ou ❌ Dependendo do contexto. Se for uma esquina indefinida, sem artigo, está certo. Se definida, há erro por ausência de crase.
Ele foi à feira comprar legumes.;✅ Certo. “Feira” com artigo + preposição = crase obrigatória.
Ele foi a feira comprar legumes.;❌ Errado. Falta o acento grave indicativo de crase.
Não vou a feira alguma.;✅ Certo. “Alguma” é pronome indefinido → não se usa crase.
Foi a uma padaria distante.;✅ Certo. “Uma” é artigo indefinido → não ocorre crase.
Fui à padaria do centro.;✅ Certo. “Padaria” está definida com artigo, exige crase.
Andava à distância regulamentar.;✅ Certo. “Distância” está definida → exige crase.
Andava a distância incerta.;❌ Errado. Apesar da definição, a ausência do acento é incorreta nesse caso.
Não foi a bar algum.;✅ Certo. “Algum” é pronome indefinido → sem crase.
Fui a praias diversas.;✅ Certo. “Diversas” indica indefinição → sem crase.
Caminhou à beira do rio.;✅ Certo. Locução prepositiva “à beira de” exige crase.
Voltou à escola dos filhos.;✅ Certo. “Escola” está definida → exige crase.
Saiu de casa cedo.;✅ Certo. Uso habitual de “casa” do sujeito → sem crase.
Retornou à casa da avó.;✅ Certo. “Casa” não é do sujeito e está definida → com crase.
Não retornou a casa.;✅ Certo. Refere-se à própria casa, sem artigo → sem crase.
O aluno chegou à sala às oito horas.;✅ Certo. “À sala” e “às horas” exigem crase (preposição + artigo).
Não assisti à aula de química.;✅ Certo. “Assistir” (ver, presenciar) exige preposição “a” + artigo.
Assisti a um filme ótimo.;✅ Certo. “Um” é artigo indefinido → sem crase.
Estou à disposição do cliente.;✅ Certo. Locução prepositiva exige crase.
Referiu-se à questão com clareza.;✅ Certo. “Referir-se a” exige preposição, e “questão” com artigo → crase obrigatória.
Entreguei o presente àquela mulher.;✅ Certo. “Àquela” = preposição “a” + pronome demonstrativo “aquela” → crase obrigatória.
A visita será feita àquelas senhoras.;✅ Certo. Crase antes de “aquelas” é obrigatória.
Não fui àquela festa por cansaço.;✅ Certo. Preposição “a” + pronome demonstrativo “aquela” → crase.
Ela está propensa à doença por hereditariedade.;✅ Certo. “Propensa” rege “a” + artigo definido → crase necessária.
Chegou à conclusão com base em fatos.;✅ Certo. “Conclusão” está definida → exige crase.
Vou à tua casa.;✅ Certo. O artigo é facultativo com pronomes possessivos, então a crase também é.
Vou a tua casa.;✅ Certo. Pelo mesmo motivo acima, a ausência do acento grave é aceita.
Vou à minha casa.;"✅ Certo. Crase facultativa com possessivo; aqui o artigo foi usado."
Vou a minha casa.;✅ Certo. Artigo não usado → sem crase.
Estou em minha casa.;✅ Certo. “Minha casa” sem artigo → forma correta, sem crase.
Estou na minha casa.;✅ Certo. Uso do artigo definido com “em” exige contração → “na”.
Saí da minha casa cedo.;✅ Certo. Artigo definido presente com preposição → contração correta.
Saí de minha casa cedo.;✅ Certo. Sem artigo, sem contração.
Fui às casas dos vizinhos.;✅ Certo. “Casas” está no plural com artigo definido + preposição → crase obrigatória.
Foram às casas da família.;✅ Certo. Mesmo caso: crase obrigatória com artigo plural.
Foram a casas da família.;❌ Errado. Falta o artigo definido → crase obrigatória.
Visitaram as casas do bairro.;✅ Certo. O verbo “visitar” não exige preposição, então não há crase.
A visita à casa da esquina foi rápida.;✅ Certo. Adjunto adnominal especificador não é o morador → crase obrigatória.
A visita a casa da esquina foi rápida.;❌ Errado. Falta o acento grave.
Cheguei à casa que aluguei.;✅ Certo. Oração adjetiva restritiva = crase facultativa, mas com uso do artigo.
Cheguei a casa que aluguei.;✅ Certo. Crase facultativa, pois o artigo também o é.
Dorme em casa que alugou.;✅ Certo. “Casa” sem artigo → forma correta.
Dorme na casa que alugou.;✅ Certo. Com artigo → uso do “na” (em + a).
Maria foi à casa.;✅ Certo. “Casa” está definida no contexto, mesmo sem determinante explícito.
Maria foi a casa.;❌ Errado. Falta o acento grave de crase.
A visita à casa de meus pais durou pouco.;✅ Certo. Crase facultativa, mas forma com o acento é a preferida em redação e concursos.
A visita a casa de meus pais durou pouco.;✅ Certo. Crase facultativa.
Vou à casa de Leda.;✅ Certo. Crase facultativa, mas preferencial.
Vou a casa de Leda.;✅ Certo. Forma aceita em exames mais técnicos.
Voltamos à casa do professor.;✅ Certo. Determinação diferente do dono → uso obrigatório da crase.
Voltamos a casa do professor.;❌ Errado. Falta o acento da crase.
Cheguei à casa depois de muitos anos.;✅ Certo. A casa está definida para o emissor e receptor → exige artigo → crase obrigatória.
Cheguei a casa depois de muitos anos.;❌ Errado. Mesmo sem determinante explícito, o contexto exige artigo → deve haver crase.
Visitei à casa nova da minha amiga.;❌ Errado. “Visitar” não exige preposição → crase proibida.
Visitei a casa nova da minha amiga.;✅ Certo. Sem preposição, apenas artigo → sem crase.
Fique à distância de dez metros.;✅ Certo. A palavra “distância” está determinada e exige preposição + artigo → crase.
Fique a distância.;❌ Errado. Falta o artigo definido, o que impede o uso da crase.
O marinheiro chegou à terra de sua infância e não a reconheceu.;✅ Certo. A palavra “terra” está determinada e o contexto exige preposição + artigo → crase.
O marinheiro chegou a terra cedo.;❌ Errado. Falta o artigo definido antes de “terra” → sem crase.
Veste-se à Dior.;"✅ Certo. A expressão ""à moda de"" exige crase, mesmo quando “moda de” está subentendida."
Dançam à 1960.;"✅ Certo. O uso de crase é correto em “à 1960” porque é uma expressão que se refere à ""moda de 1960""."
Saiu às três horas.;✅ Certo. A locução adverbial “às três horas” exige crase porque é uma locução feminina, sem repetição de palavras ou indefinição.
O jantar à luz de velas é uma boa opção.;✅ Certo. A locução prepositiva “à luz de velas” exige crase devido ao artigo feminino.
À custa de estudar, conseguiu aprovação.;✅ Certo. A locução adverbial feminina “à custa de” exige crase.
À medida que lê, encanta-se.;✅ Certo. A locução conjuntiva feminina “à medida que” exige crase.
Derramou-lhe o sangue gota a gota.;❌ Errado. Há repetição de palavras (gota a gota), o que impede o uso de crase.
Comprou um carro a álcool.;❌ Errado. A locução “a álcool” é masculina e, portanto, não há crase.
Sairá daqui a uma hora.;"❌ Errado. A expressão ""a uma hora"" não é precisa e, portanto, não exige crase."
Vive a expensas do pai.;❌ Errado. “Expensas” é plural, não admite artigo no singular e, portanto, não há crase.
Vim à Fortaleza.;"✅ Certo. A cidade “Fortaleza” é feminina e o verbo “vim” exige a preposição ""a"", o que resulta em crase."
Vim de Fortaleza.;❌ Errado. “Fortaleza” está no caso genitivo (de) e não exige artigo, então não há crase.
Fui à Grécia.;"✅ Certo. A cidade ""Grécia"" é feminina e o verbo “fui” exige a preposição “a”, resultando em crase."
Vim da Grécia.;❌ Errado. “Grécia” está no caso genitivo (de) e não exige artigo, então não há crase.
Vim à Honduras dos meus sonhos.;✅ Certo. “Honduras” é um nome feminino e está especificado, então exige crase.
Fui à São Paulo dos museus.;✅ Certo. São Paulo é uma cidade feminina, e o nome está especificado, portanto, exige crase.
Entreguei a flor à Mara, minha amiga.;✅ Certo. O nome feminino “Mara” e a preposição “a” exigem crase.
Rogamos a Santa Maria a nossa paz.;✅ Certo. A preposição “a” e o nome feminino “Santa Maria” exigem crase.
Escreve a máquina.;"❌ Errado. Não há crase aqui porque ""a"" é apenas preposição, e a palavra ""máquina"" não exige artigo definido."
Escreve à máquina.;"✅ Certo. O uso de crase é recomendado para evitar ambiguidades, pois ""à máquina"" pode ser interpretado como “a máquina” (com artigo)."
Foi até a praia.;"❌ Errado. Não há artigo antes de “praia” e a preposição ""até"" não exige crase."
Foi até à praia.;"✅ Certo. Com a preposição ""até"" e a palavra ""praia"" determinada, há crase."
Foi até as praias.;❌ Errado. Não há artigo singular antes de “praias” e, portanto, não há crase.
Foi até às praias.;✅ Certo. “Praias” está no plural com o artigo, portanto a crase é obrigatória.
Veio até a Fortaleza de Iracema.;"✅ Certo. O nome de lugar ""Fortaleza"" é feminino e determinado, logo, ocorre crase com o artigo ""a"" e a preposição ""até""."
Veio até Fortaleza.;❌ Errado. Não há artigo definido, logo, não ocorre crase.
Pague à moça que está no caixa hoje.;✅ Certo. “Pagar” exige preposição “a” + artigo definido “a” = crase.
Eu pago o que devo amanhã à que estiver substituindo-a.;✅ Certo. Crase entre a preposição “a” (de “pagar”) e o pronome demonstrativo “a”.
Não devemos fazer o pagamento à da portaria.;✅ Certo. Há crase entre preposição “a” e pronome demonstrativo “a”, que retoma um termo anterior.
Não devemos fazer o pagamento a da portaria.;❌ Errado. Falta a crase entre preposição e o pronome demonstrativo.
Refiro-me àquilo que mais me incomoda.;✅ Certo. “Referir-se” exige preposição “a”, e “aquilo” começa com “a” → crase.
Refiro-me a aquilo que mais me incomoda.;❌ Errado. Falta a crase entre a preposição e o demonstrativo “aquilo”.
Entregue tudo àqueles rapazes.;✅ Certo. “Entregar” exige preposição “a”, e “àqueles” começa com “a” → crase.
Entregue tudo a aqueles rapazes.;❌ Errado. Falta a crase entre a preposição e o pronome “aqueles”.
Vi aquelas moças ontem.;✅ Certo. “Ver” é verbo transitivo direto, não exige preposição, logo não há crase.
Eu não disse aquilo.;✅ Certo. “Dizer” é transitivo direto, não exige preposição, logo não há crase.
Enviei uma carta à que me ligou ontem.;✅ Certo. Crase entre preposição “a” e pronome demonstrativo “a”.
Enviei uma carta a que me ligou ontem.;❌ Errado. Faltou a crase com o pronome demonstrativo.
A carta foi entregue à daquela empresa.;✅ Certo. Crase correta com o demonstrativo “a”.
A carta foi entregue a daquela empresa.;❌ Errado. Falta a crase com o pronome demonstrativo.
Cheguei àquela loja de roupas.;✅ Certo. “Chegar” exige preposição “a”, e “aquela” inicia com “a” → crase.
Cheguei a aquela loja de roupas.;❌ Errado. Faltou a crase entre a preposição e o pronome “aquela”.
Obedeceu àquelas normas antigas.;✅ Certo. “Obedecer” exige preposição “a”, e “aquelas” inicia com “a” → crase.
Obedeceu a aquelas normas antigas.;❌ Errado. Não houve a crase obrigatória com o pronome demonstrativo.
Referiu-se àquela moça com gentileza.;✅ Certo. “Referir-se” exige preposição “a” + “aquela” → crase obrigatória.
Referiu-se a aquela moça com gentileza.;❌ Errado. Faltou a crase obrigatória entre a preposição e o demonstrativo.
Ele se aproximou àquelas pessoas com respeito.;✅ Certo. “Aproximar-se” exige preposição “a”, e “aquelas” começa com “a” → crase.
Ele se aproximou a aquelas pessoas com respeito.;❌ Errado. Faltou crase entre preposição e “aquelas”.
Pedi ajuda à que estava mais próxima.;✅ Certo. Crase correta com preposição “a” + pronome demonstrativo.
Pedi ajuda a que estava mais próxima.;❌ Errado. Faltou a crase com o demonstrativo.
A resposta foi enviada à daquela professora exigente.;✅ Certo. Crase entre preposição e o demonstrativo “a”.
A resposta foi enviada a daquela professora exigente.;❌ Errado. Falta crase com o demonstrativo “a”.
Agradeci à que me ajudou na prova.;✅ Certo. Crase correta entre preposição e pronome demonstrativo.
Agradeci a que me ajudou na prova.;❌ Errado. Faltou a crase com o demonstrativo “a”.
Chegou àquilo que esperávamos.;✅ Certo. “Chegar” exige preposição “a” + pronome “aquilo” → crase.
Chegou a aquilo que esperávamos.;❌ Errado. Faltou crase com “aquilo”.
