"1. Substantivos terminados em ""s"", ""ss"", ""sh"", ""ch"", ""x"" e ""z"" formam o plural adicionando apenas ""s"".";"Falso - Adiciona-se ""es"". Exemplo: bus → buses."
"2. Substantivos terminados em ""y"" precedidos por uma vogal formam o plural com ""s"".";Verdadeiro - Exemplo: boy → boys.
"3. Substantivos terminados em ""o"" precedidos por uma consoante formam o plural com ""s"".";"Falso - Adiciona-se ""es"". Exemplo: tomato → tomatoes."
"4. Substantivos terminados em ""f"" ou ""fe"" sempre formam o plural com ""s"".";"Falso - Mudam para ""ves"" (ex.: wife → wives), mas há exceções como roof → roofs."
"5. ""Man"" no plural é ""men"".";Verdadeiro.
"6. O plural de ""foot"" é ""feet"".";Verdadeiro.
"7. ""City"" forma o plural com apenas ""s"".";"Falso - Forma o plural com ""es"" (ex.: cities)."
"8. ""Radio"" no plural é ""radios"".";Verdadeiro.
"9. ""Child"" no plural é ""children"".";Verdadeiro.
"10. ""Fish"" tem a mesma forma no singular e no plural.";Verdadeiro.
"11. Substantivos de origem latina, como ""criterion"", formam o plural com ""s"".";"Falso - ""Criterion"" → ""criteria""."
"12. ""Bacterium"" no plural é ""bacteriums"".";"Falso - ""Bacterium"" → ""bacteria""."
"13. ""Atlas"" no plural é ""atlases"".";Verdadeiro.
"14. O plural de ""dogma"" pode ser ""dogmata"" ou ""dogmas"".";Verdadeiro.
"15. ""Deer"" tem a mesma forma no singular e no plural.";Verdadeiro.
"16. O plural de ""mango"" é ""mangos"".";"Falso - O plural correto é ""mangoes""."
"17. Substantivos coletivos como ""family"" podem ser seguidos por verbo no singular ou plural.";Verdadeiro.
"18. ""The police"" exige verbo no singular.";"Falso - ""The police"" exige verbo no plural."
"19. ""The youth of today"" sempre exige verbo no singular.";Falso - Pode exigir verbo no singular ou plural, dependendo do contexto.
"20. Substantivos como ""news"" e ""billiards"" exigem verbo no plural.";Falso - Exigem verbo no singular. Exemplo: The news is starting.
"1. Substantivos terminados em ""s"", ""ss"", ""sh"", ""ch"", ""x"" e ""z"" formam o plural com apenas ""s"".";"ERRADO - Deve-se adicionar ""es"" (Exemplo: bus → buses)."
"2. Substantivos terminados em ""y"" precedidos por uma vogal formam o plural com ""s"".";CERTO - (Exemplo: boy → boys).
"3. ""City"" no plural é ""cities"" porque termina com ""y"" precedido por uma consoante.";CERTO - (Exemplo: city → cities).
"4. O plural de ""radio"" é ""radios"".";CERTO - (Exemplo: radio → radios).
"5. Substantivos terminados em ""o"" precedidos por uma vogal formam o plural com ""es"".";"ERRADO - Adiciona-se apenas ""s"" (Exemplo: zoo → zoos)."
"6. ""Baby"" no plural é ""babys"".";"ERRADO - O plural correto é ""babies""."
"7. Substantivos terminados em ""f"" ou ""fe"" formam o plural trocando ""f"" ou ""fe"" por ""ves"".";CERTO - (Exemplo: wife → wives).
"8. ""Roof"" no plural é ""roofs"".";CERTO - (Exemplo: roof → roofs).
"9. ""Man"" no plural é ""mans"".";"ERRADO - O plural de ""man"" é ""men""."
"10. ""Woman"" no plural é ""womans"".";"ERRADO - O plural de ""woman"" é ""women""."
"11. Substantivos de origem latina, como ""phenomenon"", formam o plural com ""s"".";"ERRADO - O plural de ""phenomenon"" é ""phenomena""."
"12. ""Atlas"" no plural é ""atlases"".";CERTO - (Exemplo: atlas → atlases).
"13. ""Deer"" tem a mesma forma no singular e no plural.";CERTO - (Exemplo: deer → deer).
"14. ""Foot"" no plural é ""foots"".";"ERRADO - O plural de ""foot"" é ""feet""."
"15. ""Species"" tem a mesma forma no singular e no plural.";CERTO - (Exemplo: species → species).
"16. ""Bacterium"" no plural é ""bacteriums"".";"ERRADO - O plural de ""bacterium"" é ""bacteria""."
"17. ""The police"" exige verbo no singular.";"ERRADO - ""The police"" exige verbo no plural."
"18. ""The youth of today"" exige sempre verbo no singular.";ERRADO - Pode exigir verbo no singular ou plural, dependendo do contexto.
"19. ""The military"" sempre exige verbo no plural.";CERTO - (Exemplo: The military are preparing for action).
"20. ""News"" usa verbo no plural.";"ERRADO - ""News"" usa verbo no singular. Exemplo: The news is interesting."
"1. ""Air"" no plural significa ""afetação"".";CERTO - (Exemplo: air → airs).
"2. ""Glass"" no plural significa ""óculos"".";CERTO - (Exemplo: glass → glasses).
"3. ""Pain"" no plural significa ""esforços"".";CERTO - (Exemplo: pain → pains).
"4. ""Step"" no plural significa ""degraus"".";CERTO - (Exemplo: step → steps).
"5. ""Work"" no plural significa ""trabalho"".";"ERRADO - ""Work"" no plural significa ""obras"" (Exemplo: works)."
"6. ""Content"" no plural significa ""itens dentro de algo"".";CERTO - (Exemplo: content → contents).
"7. ""Minute"" no plural significa ""ata de reunião"".";CERTO - (Exemplo: minute → minutes).
"8. ""Damage"" no plural significa ""dano"".";"ERRADO - ""Damage"" no plural significa ""indenizações"" (Exemplo: damage → damages)."
"9. ""Lighthouse"" é um exemplo de substantivo composto formado por verbo + substantivo.";CERTO - (Exemplo: lighthouse).
"10. ""Old-fashioned"" é um exemplo de substantivo composto formado por adjetivo + substantivo.";ERRADO - É formado por adjetivo + particípio (Exemplo: old-fashioned).
"11. ""Railway"" é um exemplo de substantivo composto formado por substantivo + substantivo.";CERTO - (Exemplo: railway).
"12. ""Downfall"" é um exemplo de substantivo composto formado por advérbio + substantivo.";CERTO - (Exemplo: downfall).
"13. ""He-bear"" é um exemplo de substantivo composto formado por pronome + substantivo.";CERTO - (Exemplo: he-bear).
"14. ""Writing-desk"" é escrito como uma palavra única, sem hífen.";ERRADO - Deve ser escrito com hífen (Exemplo: writing-desk).
"15. ""Blacksmith"" é um exemplo de substantivo composto formado por adjetivo + substantivo.";CERTO - (Exemplo: blacksmith).
"16. ""Greenhouse"" é um exemplo de substantivo composto formado por adjetivo + substantivo.";"ERRADO - ""Greenhouse"" é formado por substantivo + substantivo."
"17. ""Well-formed"" é um exemplo de substantivo composto formado por advérbio + particípio.";CERTO - (Exemplo: well-formed).
"18. ""Twelvemonth"" é um exemplo de substantivo composto formado por numeral + substantivo.";CERTO - (Exemplo: twelvemonth).
"19. ""Fortnight"" é um exemplo de substantivo composto formado por numeral + substantivo.";CERTO - (Exemplo: fortnight).
"20. ""Ice-cold"" é um exemplo de substantivo composto formado por substantivo + adjetivo.";"ERRADO - ""Ice-cold"" é formado por substantivo + adjetivo, mas a regra é que essa formação deve ser separada por hífen."
"1. Quando modificados por um número, os substantivos de ""hundred"" permanecem no plural.";ERRADO - Permanecem no singular (Exemplo: two hundred books).
"2. ""Dozens of"" deve ser usado no plural para indicar várias unidades.";CERTO - (Exemplo: dozens of complaints).
"3. ""Thousands"" deve ser usado quando se fala de milhares de coisas.";CERTO - (Exemplo: thousands of people).
"4. ""Hundred"" no plural é ""hundreds"".";CERTO - (Exemplo: hundreds of books).
"5. ""Million"" no plural é ""millions"".";CERTO - (Exemplo: millions of dollars).
"6. O plural de ""thousand"" é ""thousands"".";CERTO - (Exemplo: thousands of people).
"7. ""Boyfriend"" no plural é ""boyfriends"".";CERTO - (Exemplo: boyfriends).
"8. ""Frying pan"" no plural é ""frying pans"".";CERTO - (Exemplo: frying pans).
"9. O plural de ""passer-by"" é ""passers-by"".";CERTO - (Exemplo: passers-by).
"10. O plural de ""grownup"" é ""grownups"".";CERTO - (Exemplo: grownups).
"11. ""Hundred"" deve ser usado no plural quando seguido de um número.";"ERRADO - ""Hundred"" permanece no singular (Exemplo: two hundred books)."
"12. O plural de ""breakdown"" é ""breakdowns"".";CERTO - (Exemplo: breakdowns).
"13. Quando usamos ""hundred"" seguido de um número, ""hundred"" deve ser flexionado para o plural.";"ERRADO - ""Hundred"" permanece no singular (Exemplo: two hundred books)."
"14. ""The Smiths"" é o plural de ""Smith"" usado para se referir a uma família.";CERTO - (Exemplo: The Smiths).
"15. ""The Brauns"" é o plural de ""Braun"", usado para se referir a uma família.";CERTO - (Exemplo: The Brauns).
"16. ""The Joneses"" é o plural de ""Jones"", usado para se referir a uma família.";CERTO - (Exemplo: The Joneses).
"17. Quando o substantivo composto é formado por ""substantivo + substantivo"", o plural ocorre na primeira palavra.";ERRADO - O plural ocorre na segunda palavra (Exemplo: boyfriends, bookshops).
18. Quando uma expressão composta tem preposição, o plural vai para o substantivo principal.;CERTO - (Exemplo: passers-by).
"19. Expressões compostas sem substantivo, como ""grownups"", têm plural na última palavra.";CERTO - (Exemplo: grownups).
"20. Quando falamos de várias famílias, usamos ""The Smiths"" para indicar o plural.";CERTO - (Exemplo: The Smiths).
"1. ""Bacon and eggs"" é usado no singular quando pensamos neles como uma unidade.";CERTO - (Exemplo: Bacon and eggs is a popular breakfast).
"2. ""Bacon and eggs"" é usado no plural quando pensamos neles separadamente.";CERTO - (Exemplo: Bacon and eggs make a fattening meal).
3. Substantivos contáveis têm plural e podem ser contados.;CERTO - (Exemplo: one book, three books).
4. Substantivos incontáveis não podem ser contados e não têm plural.;CERTO - (Exemplo: fruit, bread, homework).
"5. ""Fruit"" no plural é ""fruits"".";"ERRADO - ""Fruit"" é incontável e não tem plural."
"6. Usamos ""many"" com substantivos incontáveis.";"ERRADO - ""Many"" é usado com substantivos contáveis no plural."
"7. Usamos ""much"" com substantivos contáveis no plural.";"ERRADO - ""Much"" é usado com substantivos incontáveis no singular."
"8. ""Many authors"" é correto.";CERTO - (Exemplo: Many authors are famous).
"9. ""Much controversy"" é correto.";CERTO - (Exemplo: Much controversy is involved).
"10. ""Few"" é usado com substantivos contáveis no plural.";CERTO - (Exemplo: Few rivers are clean).
"11. ""Less"" é usado com substantivos contáveis no plural.";"ERRADO - ""Less"" é usado com substantivos incontáveis no singular."
"12. ""Few students"" é correto.";CERTO - (Exemplo: Few students passed the test).
"13. ""Much criticism"" é correto.";CERTO - (Exemplo: Much criticism is directed at the policy).
"14. ""A slice of bread"" é um exemplo de uso de expressão de quantidade com um substantivo incontável.";CERTO - (Exemplo: a slice of bread).
"15. ""A lot of homework"" é um exemplo de uso de expressão de quantidade com um substantivo incontável.";CERTO - (Exemplo: a lot of homework).
"16. ""Less water"" é correto quando se fala de uma quantidade de água.";CERTO - (Exemplo: Less water is needed).
"17. ""Many books"" é um exemplo de uso de ""many"" com substantivos contáveis.";CERTO - (Exemplo: Many books are on the shelf).
"18. ""Few laws"" é um exemplo de uso de ""few"" com substantivos contáveis.";CERTO - (Exemplo: Few laws are important).
"19. ""Much time"" é correto quando se fala de tempo.";CERTO - (Exemplo: Much time is required).
"20. ""Some fruit"" é uma expressão de quantidade para substantivos incontáveis.";CERTO - (Exemplo: Some fruit is on the table).
"1. ""Few foods are as rich as ice cream"" significa ""Poucos tipos de comida"".";CERTO
"2. ""Health-conscious people eat less food that is deep-fried"" significa ""Menos comida"".";CERTO
"3. ""Few crimes are committed at high noon"" se refere a ""Poucos crimes específicos"".";CERTO
"4. ""Having a good police force will result in less crime"" significa ""Menos criminalidade"".";CERTO
"5. ""Few"" tem um sentido positivo, significando ""um pequeno número"".";"ERRADO - ""Few"" tem um sentido negativo, quase nenhum(a)."
"6. ""A few"" tem um sentido negativo, significando ""quase nenhum(a)"".";"ERRADO - ""A few"" tem um sentido positivo, um pequeno número."
"7. ""I want just a few apples, please"" é um exemplo de ""a few"" com um sentido positivo.";CERTO
"8. ""There are only a few vacancies"" é um exemplo de ""a few"" com um sentido negativo.";"ERRADO - Significa ""um pequeno número de vagas"" (sentido positivo)."
"9. ""A lot of"" pode ser usado de maneira informal no final da frase.";CERTO
"10. ""We laughed a lot"" é uma frase correta, usando ""a lot"" de forma informal.";CERTO
"11. ""A lot"" é equivalente a ""many"" e ""much"".";CERTO
"12. ""Man"", ""boy"" e ""dog"" são exemplos de substantivos do gênero feminino.";ERRADO - São do gênero masculino.
"13. ""Woman"", ""girl"" e ""hen"" são exemplos de substantivos do gênero feminino.";CERTO
"14. ""Flower"", ""house"" e ""moon"" são substantivos do gênero neutro.";CERTO
"15. O pronome ""it"" é usado para bebês e animais sem gênero definido.";CERTO
"16. ""He"" ou ""she"" são usados para animais de estimação dependendo do sexo.";CERTO
"17. ""Brother"" e ""sister"" são palavras diferentes para indicar o gênero.";CERTO
"18. ""He-goat"" e ""she-goat"" são palavras para indicar o sexo do animal.";CERTO
"19. ""Actor"" e ""actress"" são formados com o sufixo no masculino para indicar o feminino.";CERTO
"20. ""Lion"" e ""lioness"" são exemplos de sufixo no masculino para formar o feminino.";CERTO
"1. A palavra ""artist"" é de gênero comum.";CERTO
"2. A palavra ""cousin"" tem gênero fixo (masculino ou feminino).";ERRADO - É de gênero comum.
"3. ""The moon"" é tratada como uma figura masculina.";ERRADO - É tratada como feminina.
"4. ""The sun"" é tratado como feminino.";ERRADO - É tratado como masculino.
5. Navios são geralmente tratados como femininos (she).;CERTO
"6. ""War"" é uma força da natureza tratada como masculina.";CERTO
"7. ""Liberty"" é uma personificação feminina relacionada a sentimentos delicados.";CERTO
"8. O caso genitivo é formado com o apóstrofo + ""s"" para seres inanimados.";"ERRADO - Usa-se ""of"" para possuidores inanimados."
"9. ""Charles’s car"" é uma forma correta de indicar posse.";CERTO
"10. ""Moses’ law"" é uma forma correta de indicar posse, sem adicionar 's após o apóstrofo.";CERTO
"11. ""A month’s salary"" é um exemplo de posse de tempo.";CERTO
"12. ""The streets of the city"" usa o genitivo com ""of"" para possuidores inanimados.";CERTO
"13. ""The book of my brother’s neighbour"" é uma forma alternativa de expressar genitivo em sequência.";CERTO
"14. ""I have a dog. Kevin has one, too."" O ""one"" substitui o substantivo ""dog"".";CERTO
"15. ""Is this your coat? No, mine is the red and white one."" ""One"" substitui o substantivo ""coat"".";CERTO
"16. ""I think his best songs are the latest ones"" - ""Ones"" substitui ""songs"".";CERTO
"17. ""I need some rice and Jane needs some, too"" - ""Some"" é usado para substâncias ou objetos não especificados.";CERTO
"18. ""I want new pants. Ok, let’s buy some."" ""Some"" refere-se a um número específico de calças.";"ERRADO - ""Some"" refere-se a quantidade não especificada."
"19. ""I want new pants. Ok, let’s buy some"" - ""Some"" é usado para indicar um número específico de objetos.";"ERRADO - ""Some"" é usado para quantidade não especificada."
"20. O genitivo em sequência pode ser expresso de forma alternativa com ""of"".";CERTO
"1. Depois de ""which"", usamos ""ones"" para evitar repetição.";CERTO
"2. Depois de superlativos, ""one"" é usado para evitar repetir o substantivo.";CERTO
"3. Depois de ""this"", ""that"", ""these"" e ""those"", ""one"" não é necessário.";"ERRADO - Usa-se ""one"" depois desses demonstrativos."
"4. ""These ones are the sweetest"" é um uso correto de ""ones"".";CERTO
"5. Depois de ""either"", ""neither"", ""another"", ""each"", ""the first/second/etc."", usamos ""ones"" para evitar a repetição.";CERTO
"6. O artigo indefinido ""a"" é usado para a primeira menção a algo.";CERTO
"7. ""Klaus is a teacher"" é um exemplo de uso do artigo indefinido para profissões.";CERTO
"8. ""Dennis is a Englishman"" está correto.";"ERRADO - O correto é ""an Englishman""."
"9. ""I have a car"" é um exemplo do uso de ""a"" significando ""one"" no singular.";CERTO
"10. ""Once a week"" é um exemplo de uso do artigo indefinido antes de frequência de tempo.";CERTO
"11. ""There were only a few students present"" é um exemplo de uso do artigo indefinido antes de ""few"".";CERTO
"12. O artigo indefinido ""a"" é usado antes de adjetivos qualificativos.";CERTO
"13. ""Such a girl as her"" é um exemplo de uso correto do artigo indefinido com ""such"".";CERTO
"14. ""Too good a thing to be true"" usa o artigo indefinido antes do adjetivo ""good"".";CERTO
"15. ""He was rather a good man"" está correto ao usar o artigo indefinido com ""rather"".";CERTO
"16. ""I gave her a doll, hat, and shoes"" é um exemplo de enumeração com o artigo indefinido.";CERTO
"17. ""I had one customer today"" é um exemplo de uso de ""one"" com ênfase no ""um"".";CERTO
"18. Para plural no português, usamos ""some"" ou ""a few"" no lugar de ""a"" no inglês.";CERTO
"19. ""Some flowers"" é um exemplo de plural com ""some"".";CERTO
"20. ""A few books"" é uma forma correta de plural com ""a few"".";CERTO
"1. Usamos o artigo definido ""the"" com nomes próprios no plural, como ""The United States"".";CERTO
"2. O artigo definido ""the"" não é usado com nomes de acidentes geográficos.";"ERRADO - Usamos ""the"", como em ""The Amazon""."
"3. O artigo definido ""the"" é usado com instrumentos musicais, como em ""To play the guitar"".";CERTO
"4. Usamos ""the"" com adjetivos sem substantivos para representar uma classe, como em ""The young"".";CERTO
"5. Não usamos ""the"" antes de comparações com advérbios, como em ""The more, the merrier"".";"ERRADO - Usamos ""the"" antes de comparações."
"6. O artigo definido ""the"" é usado com superlativos, como em ""The best"".";CERTO
"7. ""The sun"" e ""The moon"" não usam o artigo definido, pois são substâncias naturais únicas.";"ERRADO - Usamos ""the"" com substâncias naturais únicas."
"8. O artigo definido ""the"" é usado com certos substantivos únicos, como ""The sky"".";CERTO
"9. Quando um adjetivo modifica um substantivo, usamos o artigo definido ""the"", como em ""The best room"".";CERTO
"10. Não usamos ""the"" para diferenciar gêneros, como em ""Both the boy and the girl are rich"".";"ERRADO - Usamos ""the"" para diferenciar gêneros."
"11. O artigo definido ""the"" deve ser repetido quando houver ambiguidade, como em ""I saw the secretary and the operator"".";CERTO
"12. Não usamos o artigo definido com substantivos plurais em sentido geral, como em ""Children love chocolate"".";CERTO
"13. O artigo definido ""the"" é usado com materiais e esportes, como em ""Play baseball"".";"ERRADO - Não usamos ""the"" com esportes."
"14. Usamos ""the"" com substantivos abstratos, como em ""Happiness"".";"ERRADO - Não usamos ""the"" com substantivos abstratos."
"15. O artigo definido ""the"" é usado com substantivos incontáveis, como em ""Water is essential"".";"ERRADO - Não usamos ""the"" com substantivos incontáveis."
"16. Usamos ""the"" com meses e dias da semana, como em ""May is my favorite month"".";"ERRADO - Não usamos ""the"" com meses e dias da semana."
"17. Usamos o artigo definido ""the"" com nomes próprios no singular, como ""Washington"".";"ERRADO - Não usamos ""the"" com nomes próprios no singular, exceto exceções."
"18. O artigo definido ""the"" é usado com títulos, como ""Mr. Lincoln"".";"ERRADO - Não usamos ""the"" com títulos, como ""Mr.""."
"19. O artigo definido ""the"" é usado com locuções adverbiais, como em ""Go to school"".";"ERRADO - Não usamos ""the"" com locuções adverbiais."
"20. Usamos ""the"" com países como ""Brazil"" ou ""Washington"" quando são nomes próprios.";"ERRADO - Não usamos ""the"" com países no singular, a menos que sejam exceções."
"1. Usamos o artigo definido ""the"" para se referir ao ""Polo Norte"" em inglês.";CERTO
"2. A expressão ""The Rio Negro and the Rio Solimões meet"" usa o artigo definido para indicar dois rios no Brasil.";CERTO
"3. Em inglês, usamos a conjunção ""and"" apenas após as centenas em numerais.";CERTO
"4. O número 6 é chamado de ""half a dozen"" em inglês.";CERTO
"5. Quando falamos de anos, usamos milhares em inglês, como em ""one thousand nine hundred and seventy-five"".";"ERRADO - Usamos dezenas, como ""nineteen seventy-five""."
"6. ""Oh"" é o termo mais comum para se referir a zero em números de telefone.";CERTO
"7. ""Nought"" é outra palavra para zero, mas não é usada em números de telefone.";CERTO
"8. Em inglês, para falar sobre fracionários como substantivos, dizemos ""a half"" para 1/2 e ""a fifth"" para 1/5.";CERTO
"9. Em inglês, usamos ""a dozen"" para 6 itens, como ""half a dozen"" para meia dúzia.";"ERRADO - ""A dozen"" significa 12 itens."
"10. Em numerais ordinais, usamos ""second"" para indicar a posição de algo na sequência, como ""second place"".";CERTO
"11. A forma correta de dizer ""3:15"" em inglês é ""three fifteen"" ou ""a quarter past three"".";CERTO
"12. A forma correta de dizer ""3:45"" em inglês é ""three forty-five"" ou ""a quarter to four"".";CERTO
"13. Em inglês, ""a.m."" significa ""após o meio-dia"".";"ERRADO - ""A.M."" significa antes do meio-dia."
"14. ""P.M."" é usado para indicar horários após o meio-dia.";CERTO
"15. A forma correta de dizer ""meia-noite"" em inglês é ""midnight"".";CERTO
"16. ""It’s three thirty"" significa ""são três e meia"" em inglês.";CERTO
"17. Quando falamos sobre medidas fracionárias, colocamos a parte inteira antes da fração, como em ""one ounce and a quarter"".";CERTO
"18. O número 1 é chamado de ""one"" em inglês e não possui uma nomenclatura especial como ""half"" ou ""a dozen"".";CERTO
"19. O número 12 é chamado de ""a dozen"" e equivale a uma dúzia.";CERTO
"20. Em inglês, para indicar o ano de 2000, dizemos ""two thousand"".";CERTO
"1. O sinal de igual (=) pode ser lido como ""equal"" ou ""is equal to"".";CERTO
"2. O sinal de mais (+) pode ser lido como ""minus"" ou ""take away"".";"ERRADO - O sinal de mais é lido como ""plus"" ou ""and""."
"3. O sinal de subtração (–) pode ser lido como ""take away"" ou ""from"".";CERTO
"4. O símbolo de multiplicação (×) pode ser lido como ""multiplied by"" ou ""times"".";CERTO
"5. O símbolo de divisão (:) pode ser lido como ""divided by"" ou ""over"".";CERTO
"6. O símbolo de porcentagem (%) é lido como ""percent"".";CERTO
"7. ""3% = three percent"" é uma forma correta de expressar o símbolo de porcentagem.";CERTO
"8. O número 31/2% deve ser lido como ""three and a half per cent"".";CERTO
"9. O símbolo ""%"" nunca é usado para indicar porcentagem, apenas como sinal de operação.";"ERRADO - O símbolo ""%"" é usado para indicar porcentagem."
"10. As palavras ""blog"", ""download"", ""hacker"" e ""spam"" são exemplos de palavras de origem inglesa frequentemente usadas no Brasil.";CERTO
11. Os primeiros registros de jogos de cartas datam de aproximadamente 1800.;ERRADO - Os primeiros registros datam de aproximadamente 1300.
12. Os naipes de cartas em inglês são: Spades, Diamonds, Clubs e Hearts.;CERTO
"13. ""Spades"" corresponde ao naipe de Copas em inglês.";"ERRADO - ""Spades"" corresponde a Espadas."
"14. O pronome ""it"" pode ser usado como sujeito em construções impessoais.";CERTO
15. Em inglês, é comum usar pronomes pessoais explicitamente, mesmo quando não seriam necessários em português.;CERTO
"16. ""He"", ""she"", e ""they"" são exemplos de pronomes pessoais usados em inglês.";CERTO
"17. Em inglês, a palavra ""it"" é usada para se referir a pessoas no contexto de uma construção impessoal.";"ERRADO - ""It"" não se refere a pessoas, é usado para coisas, animais ou situações impessoais."
"18. ""He is my brother"" é um exemplo do uso de pronomes pessoais em inglês.";CERTO
"19. ""She and me went to the store"" está correto em inglês.";"ERRADO - A forma correta seria ""She and I went to the store."""
20. O uso de pronomes pessoais é sempre opcional em inglês.;ERRADO - É comum e frequentemente necessário o uso de pronomes pessoais em inglês.
"21. ""Spades"" é traduzido como ""Ouros"" em português.";"ERRADO - ""Spades"" é traduzido como ""Espadas""."
"22. ""Hearts"" é o nome do naipe de ""Copas"" em inglês.";CERTO
"23. A palavra ""hacker"" é de origem inglesa e significa ""invador de computadores"".";CERTO
"24. O termo ""download"" é uma palavra de origem brasileira, comumente usada para descrever o ato de baixar arquivos.";"ERRADO - ""Download"" é de origem inglesa."
"25. O símbolo de porcentagem (%) é pronunciado como ""per cent"".";CERTO
"1. ""Mine"" é o pronome possessivo de ""I"".";CERTO
"2. ""Yours"" é o pronome possessivo de ""We"".";"ERRADO - ""Yours"" é o pronome possessivo de ""You""."
"3. ""His"" é o pronome possessivo de ""She"".";"ERRADO - ""His"" é o pronome possessivo de ""He""."
"4. ""Hers"" é o pronome possessivo de ""She"".";CERTO
"5. ""Ours"" é o pronome possessivo de ""We"".";CERTO
6. O pronome possessivo concorda com a coisa possuída.;ERRADO - O pronome possessivo concorda com o possuidor, não com a coisa possuída.
"7. ""This car is mine"" é uma frase correta usando pronome possessivo.";CERTO
"8. ""That house is theirs"" está correto.";CERTO
"9. ""A friend of mine"" significa ""um amigo meu"".";CERTO
"10. ""A neighbour of hers"" significa ""um vizinho dela"".";CERTO
"11. O pronome objetivo ""me"" é usado como sujeito da frase.";"ERRADO - ""Me"" é um pronome objetivo, usado após o verbo ou preposição."
"12. ""You"" é o pronome objetivo de ""You"".";CERTO
"13. ""He"" é o pronome objetivo de ""He"".";"ERRADO - ""He"" é o pronome subjetivo, ""Him"" é o pronome objetivo."
"14. O pronome objetivo ""us"" é usado quando o objeto é plural.";"ERRADO - ""Us"" é o pronome objetivo de ""We"", independentemente do número."
"15. ""Give me a pencil"" está correto, pois o objeto indireto vem antes do objeto direto.";CERTO
"16. ""Give the pencil to I"" está correto.";"ERRADO - A frase correta seria ""Give the pencil to me""."
"17. ""This"" é o pronome demonstrativo singular.";CERTO
"18. ""These"" é o pronome demonstrativo plural.";CERTO
"19. ""That"" é o pronome demonstrativo plural.";"ERRADO - ""That"" é o pronome demonstrativo singular."
"20. ""Those"" é o pronome demonstrativo singular.";"ERRADO - ""Those"" é o pronome demonstrativo plural."
"21. ""This radio and these cassettes are mine"" está correto.";CERTO
22. O pronome demonstrativo deve sempre concordar com o substantivo em número.;CERTO
"23. ""This and that"" são usados apenas para objetos no plural.";"ERRADO - ""This"" e ""That"" são usados no singular."
"24. ""Those"" é usado para indicar algo que está perto.";"ERRADO - ""Those"" é usado para algo que está distante."
"25. ""These"" é usado para indicar algo que está distante.";"ERRADO - ""These"" é usado para indicar algo que está perto."
"1. ""Myself"" é o pronome reflexivo de ""I"".";CERTO
"2. ""Yourself"" é o pronome reflexivo de ""You"" (plural).";"ERRADO - ""Yourself"" é para ""You"" (singular)."
"3. ""Himself"" é o pronome reflexivo de ""He"".";CERTO
"4. ""Herself"" é o pronome reflexivo de ""She"".";CERTO
"5. ""Themselves"" é o pronome reflexivo de ""They"".";CERTO
"6. O pronome reflexivo ""itself"" é usado para ""It"".";CERTO
"7. ""We"" usa ""ourselves"" como pronome reflexivo.";CERTO
"8. ""I see myself"" é uma frase correta usando o pronome reflexivo.";CERTO
"9. ""He looked at herself in the mirror"" está correto.";"ERRADO - A frase correta é ""He looked at himself in the mirror""."
"10. Com a preposição ""by"", o pronome reflexivo significa ""sozinho"".";CERTO
"11. ""Anna lives by herself"" significa ""Anna mora sozinha"".";CERTO
"12. ""I see myself"" é uma frase no presente simples.";CERTO
"13. ""Anybody"" é usado em frases afirmativas e interrogativas.";"ERRADO - ""Anybody"" é usado em frases negativas e interrogativas."
"14. ""Anything"" é usado em frases afirmativas.";"ERRADO - ""Anything"" é usado em frases negativas e interrogativas."
"15. ""Did you see anybody in the house?"" está correto.";CERTO
"16. ""No"" é usado para frases afirmativas.";"ERRADO - ""No"" é usado em frases negativas."
"17. ""There was no one there"" está correto.";CERTO
"18. ""Everybody"" é usado no plural.";"ERRADO - ""Everybody"" é usado no singular."
"19. ""Everybody is studying"" significa ""Todos estão estudando"".";CERTO
"20. ""Neither"" é usado para indicar uma escolha.";CERTO
"21. ""Either"" é usado para indicar uma negativa.";"ERRADO - ""Neither"" é usado para indicar uma negativa."
"22. ""Neither of my two sisters liked the concert"" está correto.";CERTO
"23. ""Whatever"" é um exemplo de uma palavra ""ever-word"".";CERTO
"24. ""Wherever"" é usado como pronome ou conjunção.";CERTO
"25. ""Whenever you go, I’ll go with you"" significa ""Sempre que você for, eu irei com você"".";CERTO
"1. ""Whatever"" é usado para indicar um tipo de coisa ou situação, sem especificação.";CERTO
"2. ""Whoever"" é usado para referir-se a um grupo de pessoas de forma generalizada.";CERTO
"3. ""Who"" é um pronome relativo usado para referir-se a coisas.";"ERRADO - ""Who"" é usado para pessoas."
"4. ""Whom"" é sempre precedido de preposição.";CERTO
"5. ""Whom"" pode ser usado como sujeito da frase.";"ERRADO - ""Whom"" é usado como objeto."
"6. ""Whose"" é usado para indicar posse, tanto para pessoas quanto para coisas.";CERTO
"7. ""Whose"" pode ser usado para referir-se a lugares.";"ERRADO - ""Whose"" é usado para pessoas e coisas, mas não para lugares."
"8. ""Which"" pode ser usado para coisas e animais.";CERTO
"9. ""That"" pode ser usado como pronome relativo para pessoas e coisas, mas nunca para animais.";"ERRADO - ""That"" pode ser usado para pessoas, coisas e animais."
"10. ""What"" significa ""o que"" ou ""aquilo que"" e não tem antecedente.";CERTO
"11. ""Where"" é usado para indicar lugares.";CERTO
"12. ""Which"" não pode ser usado em orações explicativas.";"ERRADO - ""Which"" pode ser usado em orações explicativas."
13. Em orações relativas definidas, usamos vírgulas antes do pronome relativo.;ERRADO - Não usamos vírgulas em orações relativas definidas.
14. Em orações relativas não-definidas, usamos vírgulas para separar o pronome relativo.;CERTO
"15. ""This is the person who I met yesterday"" está correto.";"ERRADO - O correto é ""This is the person whom I met yesterday""."
"16. ""Maria, who is very intelligent, lives near the mall"" é um exemplo de oração relativa não-definida.";CERTO
"17. ""I met the girl whose brother is a doctor"" está correto.";CERTO
"18. ""The book which is on the table is mine"" é um exemplo de oração relativa definidora.";CERTO
19. Em orações relativas definidoras, a informação não é essencial para identificar o sujeito.;ERRADO - A informação é essencial em orações relativas definidoras.
"20. ""I know the man that called you yesterday"" está correto.";CERTO
"21. ""The movie, which is very interesting, won several awards"" é uma oração relativa não-definida.";CERTO
"22. ""This is the shop where I bought my shoes"" está correto.";CERTO
"23. ""The place which we visited yesterday is very beautiful"" é uma oração relativa não-definida.";ERRADO - É uma oração relativa definidora.
"24. ""She is the person whose car was stolen"" está correto.";CERTO
"25. ""I met the man which I told you about"" está correto.";"ERRADO - O correto é ""I met the man whom I told you about""."
"1. ""Who"" é usado para pessoas, tanto como sujeito quanto como objeto.";CERTO
"2. ""Whom"" é usado para pessoas como sujeito, com preposição antes.";"ERRADO - ""Whom"" é usado como objeto, com preposição antes."
"3. ""Whose"" é um pronome relativo que indica posse.";CERTO
"4. ""Which"" é usado para coisas ou animais, tanto como sujeito quanto como objeto.";CERTO
"5. ""That"" pode ser usado para pessoas, animais ou objetos.";CERTO
"6. ""Where"" é usado para indicar lugares.";CERTO
"7. ""One"" e ""You"" podem ser usados como pronomes impessoais para indicar qualquer pessoa.";CERTO
"8. ""One"" é mais informal do que ""You"" quando usado de forma impessoal.";"ERRADO - ""One"" é mais formal do que ""You""."
9. O adjetivo em inglês sempre concorda com o substantivo em gênero e número.;ERRADO - O adjetivo em inglês não concorda em gênero e número com o substantivo.
"10. ""Good"" é um exemplo de adjetivo que pode ser usado antes do substantivo.";CERTO
11. Quando o adjetivo é predicado, ele vem antes do substantivo.;ERRADO - Quando é predicado, o adjetivo vem depois do substantivo.
12. A ordem dos adjetivos em inglês deve ser: número > opinião > tamanho > forma > idade > cor > origem > material > substantivo.;CERTO
"13. A palavra ""big"" vem antes de ""old"" quando ambos são usados para descrever um substantivo.";ERRADO - A ordem correta é: número > opinião > tamanho > forma > idade > cor > origem > material > substantivo.
"14. Em comparação de superioridade, usa-se ""more"" antes de adjetivos polissílabos.";CERTO
15. Para formar o comparativo de adjetivos monossílabos, adiciona-se -er ao final do adjetivo.;CERTO
"16. O comparativo de ""tall"" é ""taller than"".";CERTO
"17. O comparativo de ""pretty"" é ""prettier than"".";CERTO
"18. Se um adjetivo termina em ""e"", adiciona-se apenas ""r"" para formar o comparativo.";CERTO
"19. O comparativo de ""intelligent"" é ""more intelligent than"".";CERTO
"20. O comparativo de ""big"" é ""bigger than"".";CERTO
"21. O comparativo de ""hot"" é ""hotter than"".";CERTO
"22. ""The more expensive the more difficult to buy"" é um exemplo de comparativo de superioridade.";CERTO
"23. O comparativo de ""small"" é ""smallest than"".";"ERRADO - O comparativo de ""small"" é ""smaller than""."
"24. ""The colder and colder"" é uma forma de expressar comparativo de superioridade.";CERTO
"25. A frase ""the more expensive the more difficult to buy"" significa que algo é mais barato e mais fácil de comprar.";ERRADO - Significa que quanto mais caro, mais difícil de comprar.
"1. O comparativo de igualdade é formado com ""as + adjetivo + as"".";CERTO
"2. O comparativo de inferioridade é formado com ""less + adjetivo"".";CERTO
"3. O superlativo de inferioridade é formado com ""the more + adjetivo"".";"ERRADO - O superlativo de inferioridade é formado com ""the least + adjetivo""."
"4. O comparativo negativo de igualdade é formado com ""not so + adjetivo + as"".";CERTO
"5. Adjetivos dissílabos com terminações como -al, -ed, -ful, -ic, -ous formam o comparativo e superlativo com ""more... than"" ou ""the most"".";CERTO
"6. O comparativo de ""useful"" é ""more useful than"".";CERTO
"7. O superlativo de monossílabos e dissílabos é formado com ""-est"".";CERTO
"8. O superlativo de ""wise"" é ""the wisest"".";CERTO
"9. O superlativo de ""dry"" é ""the driest"".";CERTO
"10. O comparativo de ""hot"" é ""the hottest"".";CERTO
"11. O superlativo de ""intelligent"" é ""the most intelligent"".";CERTO
"12. O comparativo de ""good"" é ""the best"".";"ERRADO - O comparativo de ""good"" é ""better than""."
"13. O comparativo de ""bad"" é ""the worst"".";"ERRADO - O comparativo de ""bad"" é ""worse than""."
"14. O comparativo de ""far"" é ""the farthest"".";CERTO
"15. Adjetivos com sufixo ""-ing"" descrevem como as pessoas se sentem.";"ERRADO - Adjetivos com ""-ing"" descrevem o que causa o sentimento."
"16. ""Surprised"" é um adjetivo formado com o sufixo ""-ed"" e descreve como alguém se sente.";CERTO
"17. ""Boring"" descreve algo que causa tédio.";CERTO
"18. O adjetivo possessivo ""my"" concorda com o possuidor.";CERTO
"19. ""His"" é um adjetivo possessivo que concorda com o objeto possuído.";"ERRADO - ""His"" concorda com o possuidor, não com o objeto possuído."
"20. ""Their"" é um adjetivo possessivo que indica posse por várias pessoas.";CERTO
"21. ""Its"" é usado para indicar posse de um objeto ou coisa.";CERTO
"22. O superlativo de ""small"" é ""the smallest"".";CERTO
"23. O superlativo de ""famous"" é ""the more famous"".";"ERRADO - O superlativo de ""famous"" é ""the most famous""."
"24. ""The best"" é o comparativo de ""good"".";"ERRADO - ""The best"" é o superlativo de ""good""."
"25. O comparativo de ""pretty"" é ""prettier than"".";CERTO
1. Adjective clauses são usadas para clarificar a quem ou a que nos referimos.;CERTO
"2. ""The dog that is on the left is a poodle"" é um exemplo de uma Adjective Clause.";CERTO
"3. ""The students who eat a good breakfast do better in class"" é um exemplo de Adjective Clause.";CERTO
"4. O adjetivo ""afraid"" pede a preposição ""of"".";CERTO
"5. O adjetivo ""content"" pede a preposição ""on"".";"ERRADO - O adjetivo ""content"" pede a preposição ""with""."
"6. ""Confident of"" significa ""confiante em"".";CERTO
"7. ""Different from"" é usado para expressar ""diferente de"".";CERTO
"8. O adjetivo ""generous"" pede a preposição ""with"".";"ERRADO - O adjetivo ""generous"" pede a preposição ""to""."
"9. ""Capable of"" significa ""capaz de"".";CERTO
"10. ""Nervous about"" indica que a pessoa está ""nervosa com relação a algo"".";CERTO
"11. O adjetivo ""similar"" pede a preposição ""to"".";CERTO
"12. ""Interested in"" significa ""interessado em"".";CERTO
"13. O adjetivo ""guilty"" pede a preposição ""about"".";"ERRADO - O adjetivo ""guilty"" pede a preposição ""of""."
"14. ""Proud of"" significa ""orgulhoso de"".";CERTO
"15. ""Bound to"" significa ""obrigado; destinado a"".";CERTO
"16. ""The man who is sitting in front is my uncle"" é um exemplo de Adjective Clause.";CERTO
"17. O adjetivo ""different"" pede a preposição ""than"".";"ERRADO - O adjetivo ""different"" pede a preposição ""from""."
"18. ""Ready for"" é usado para indicar ""pronto para"".";CERTO
"19. ""Tired of"" significa ""cansado de"".";CERTO
"20. O adjetivo ""sensitive"" pede a preposição ""to"".";CERTO
"21. ""Dependent on"" significa ""dependente de"".";CERTO
"22. O adjetivo ""independent"" pede a preposição ""for"".";"ERRADO - O adjetivo ""independent"" pede a preposição ""of""."
"23. ""The teacher who is speaking is very kind"" é um exemplo de Adjective Clause.";CERTO
"24. O adjetivo ""wise"" pede a preposição ""of"".";"ERRADO - O adjetivo ""wise"" pede a preposição ""in""."
"25. ""Wealthy in"" significa ""rico em"".";CERTO
"1. ""About"" significa ""sobre"" ou ""a respeito de"".";CERTO
"2. ""Above"" significa ""abaixo de"".";"ERRADO - ""Above"" significa ""acima de""."
"3. ""Across"" significa ""através de"".";CERTO
"4. ""After"" significa ""antes de"".";"ERRADO - ""After"" significa ""depois de""."
"5. ""Against"" significa ""ao longo de"".";"ERRADO - ""Against"" significa ""contra""."
"6. ""Along"" significa ""ao longo de"".";CERTO
"7. ""Amidst"" significa ""no meio de"".";CERTO
"8. ""Among"" é usado para indicar ""entre dois elementos"".";"ERRADO - ""Among"" é usado para indicar ""entre mais de dois elementos""."
"9. ""Around"" significa ""ao redor de"".";CERTO
"10. ""At"" significa ""em, à(s)"".";CERTO
"11. ""Before"" significa ""depois de"".";"ERRADO - ""Before"" significa ""antes de""."
"12. ""Behind"" significa ""à frente de"".";"ERRADO - ""Behind"" significa ""atrás de""."
"13. ""Below"" significa ""acima de"".";"ERRADO - ""Below"" significa ""abaixo de""."
"14. ""Beneath"" significa ""debaixo de"".";CERTO
"15. ""Beside"" significa ""ao lado de"".";CERTO
"16. ""Besides"" significa ""além de"".";CERTO
"17. ""Between"" é usado para indicar ""entre dois elementos"".";CERTO
"18. ""Beyond"" significa ""além de"".";CERTO
"19. ""By"" significa ""por, de, junto de"".";CERTO
"20. ""Despite"" significa ""apesar de"".";CERTO
"21. ""Down"" significa ""para cima"".";"ERRADO - ""Down"" significa ""para baixo""."
"22. ""During"" significa ""durante"".";CERTO
"23. ""For"" significa ""para, por"".";CERTO
"24. ""From"" significa ""em"".";"ERRADO - ""From"" significa ""de""."
"25. ""In"" significa ""em, dentro de"".";CERTO
"1. ""According to"" significa ""de acordo com"".";CERTO
"2. ""Along with"" significa ""longe de"".";"ERRADO - ""Along with"" significa ""junto com""."
"3. ""As far as"" significa ""até"".";CERTO
"4. ""As to"" significa ""quanto a"".";CERTO
"5. ""At the foot of"" significa ""ao pé de"".";CERTO
"6. ""By means of"" significa ""por meio de"".";CERTO
"7. ""By the side of"" significa ""ao lado de"".";CERTO
"8. ""Far from"" significa ""longe de"".";CERTO
"9. ""For want of"" significa ""por falta de"".";CERTO
"10. ""For the sake of"" significa ""pelo amor de"".";CERTO
"11. ""In the midst of"" significa ""em meio a"".";CERTO
"12. ""In front of"" significa ""em frente de"".";CERTO
"13. ""In presence of"" significa ""na presença de"".";"ERRADO - A forma correta é ""in the presence of""."
"14. ""In spite of"" significa ""a despeito de"".";CERTO
"15. ""In place of"" significa ""no lugar de"".";CERTO
"16. ""Instead of"" significa ""em vez de"".";CERTO
"17. ""In consequence of"" significa ""em consequência de"".";CERTO
"18. ""On behalf of"" significa ""em nome de"".";CERTO
"19. ""In favor of"" significa ""a favor de"".";CERTO
"20. ""About"" pode significar ""a respeito de"".";CERTO
"21. ""Above"" pode significar ""mais do que"" ou ""maior do que"".";CERTO
"22. ""Across"" indica movimento ou extensão sobre uma superfície.";CERTO
"23. ""After"" pode significar ""atrás de"" em alguns contextos.";CERTO
"24. ""Against"" pode indicar oposição ou contradição.";CERTO
"25. ""Amidst"" é usado apenas para situações literárias.";"ERRADO - ""Amidst"" também pode ser usado para descrever objetos no meio de outros."
"1. ""At"" pode ser usado para indicar tempo, como em ""I wake up at seven o’clock"".";CERTO
"2. ""At"" é usado antes de séculos, anos, meses, semanas e dias.";"ERRADO - ""At"" não é usado antes de anos, meses, semanas e dias."
"3. ""Before"" pode ser usado para indicar prioridade de tempo.";CERTO
"4. ""Before"" significa ""diante de"" quando usado para indicar posição.";CERTO
"5. ""Behind"" pode significar que um objeto está inferior a outro.";"RARO - ""Behind"" indica posição atrás de outro objeto, não inferioridade."
"6. ""Below"" pode ser usado para indicar inferioridade em classe.";CERTO
"7. ""Beneath"" é usado para indicar diferença de dignidade.";CERTO
"8. ""Beside"" significa ""além de"" ou ""além disso"".";"ERRADO - ""Besides"" significa ""além de"", e ""Beside"" significa ""ao lado de""."
"9. ""Between"" é usado para indicar a posição entre duas pessoas ou objetos.";CERTO
"10. ""By"" pode ser usado para indicar o agente na voz passiva, como em ""This picture was painted by Van Gogh"".";CERTO
"11. ""By"" pode ser usado para indicar o instrumento ou meio, como em ""She was known by her handwriting"".";CERTO
"12. ""By"" pode indicar sucessão ou ordem, como em ""We went in one by one"".";CERTO
"13. ""By"" é usado para indicar distância, como em ""We live by the hill"".";CERTO
"14. ""By"" é usado para indicar conclusão dentro de um período, como em ""The house will be painted by Christmas"".";CERTO
"15. ""By"" com pronome reflexivo significa ""sozinho"", como em ""He was by himself"".";CERTO
"16. ""By"" pode ser usado em juramentos, como em ""By my honor!"".";CERTO
"17. ""By night"" significa ""à luz do dia"".";"ERRADO - ""By night"" significa ""de noite""."
"18. ""By the way"" significa ""a propósito"".";CERTO
"19. ""By land"" significa ""por terra"".";CERTO
"20. ""By heart"" significa ""de cor"".";CERTO
"21. ""By no means"" significa ""de modo nenhum"".";CERTO
"22. ""By sight"" significa ""de vista"".";CERTO
"23. ""By sea"" significa ""por mar"".";CERTO
"24. ""By chance"" significa ""por acaso"".";CERTO
"25. ""At once"" significa ""de uma vez"" ou ""já"".";CERTO
"1. ""From"" é usado para indicar origem de tempo ou lugar, como em ""I am from Germany"".";CERTO
"2. ""In"" pode ser usado para indicar um período de tempo, como em ""Her uncle died in May 1991"".";CERTO
"3. ""For"" é usado para indicar a duração de tempo ou espaço, como em ""We traveled for five weeks"".";CERTO
"4. ""For"" também pode ser usado com preços, como em ""I bought this book for 10 reais"".";CERTO
"5. ""Into"" é usado para indicar movimento para fora de algo.";"ERRADO - ""Into"" é usado para indicar movimento para dentro de algo."
"6. ""Near"" é usado para indicar proximidade, como em ""He lives near the beach"".";CERTO
"7. ""Of"" pode ser usado para indicar a relação de posse, como em ""A glass of water"".";CERTO
"8. ""Off"" pode ser usado para indicar separação ou distância, como em ""Take off your hat"".";CERTO
"9. ""On"" é usado para indicar posição sobre uma superfície, como em ""Put the bottle on the sink"".";CERTO
"10. ""Out of"" é usado para indicar que o objeto está dentro de um espaço.";"ERRADO - ""Out of"" é usado para indicar que o objeto está fora de um espaço."
"11. ""Over"" é usado para indicar movimento sobre algo, como em ""He jumped over the gate"".";CERTO
"12. ""Since"" é usado para indicar o ponto de origem no tempo, como em ""We have been studying since two o’clock"".";CERTO
"13. ""Through"" pode ser usado para indicar movimento ou passagem por dentro de algo, como em ""We walked through the park"".";CERTO
"14. ""Throughout"" é usado para indicar a extensão de um lugar, como em ""Throughout the country"".";CERTO
"15. ""Till"" pode ser usado para indicar o período até o qual a ação dura, como em ""I will remain here till New Year"".";CERTO
"16. ""To"" é usado para indicar movimento para algo ou alguém, como em ""He returned to his country"".";CERTO
"17. ""To"" pode ser usado figurativamente, como em ""To count to twenty"".";CERTO
"18. ""Off"" indica o movimento para dentro de algo.";"ERRADO - ""Off"" indica separação ou distância."
"19. ""In"" pode ser usado com verbos de movimento, como em ""She went in the room"".";"ERRADO - ""In"" é usado com verbos de repouso, não de movimento."
"20. ""Since"" pode ser usado para indicar um período de tempo, como em ""He has been working since two hours"".";"ERRADO - ""Since"" indica ponto de origem no tempo, não duração."
"21. ""Out of"" pode ser usado para indicar que algo está dentro de um espaço.";"ERRADO - ""Out of"" indica que algo está fora de um espaço."
"22. ""By"" pode ser usado com expressão ""by heart"", significando ""de cor"".";CERTO
"23. ""By the way"" significa ""de uma forma ou modo"".";"ERRADO - ""By the way"" significa ""a propósito""."
"24. ""Into"" pode ser usado figurativamente, como em ""She burst into tears"".";CERTO
"25. ""To"" pode ser usado para indicar uma distância em movimento, como em ""I will walk to the park"".";CERTO
"1. ""Towards"" é usado para indicar movimento em direção a algo, mas não necessariamente atingindo o alvo, como em ""We drove towards downtown"".";CERTO
"2. ""Under"" indica a posição de um objeto debaixo de outro, como em ""We sat down under a tree"".";CERTO
"3. ""Up"" é usado para indicar movimento de uma posição superior para uma inferior, como em ""We went up the hill"".";"ERRADO - ""Up"" indica movimento de uma posição inferior para uma superior."
"4. ""With"" pode ser usado para indicar companhia de alguém ou algo, como em ""I was with my boyfriend"".";CERTO
"5. ""With"" também pode ser usado para indicar o meio ou instrumento usado na ação, como em ""He killed his enemy with a gun"".";CERTO
"6. ""Within"" indica posição ou tempo dentro de limites, como em ""Within a few days"".";CERTO
"7. ""Without"" pode ser usado para indicar ausência ou falta de algo, como em ""A man without honor"".";CERTO
"8. ""Without"" significa ""com"", como em ""He works without his friends"".";"ERRADO - ""Without"" significa ""sem""."
"9. ""Under"" é usado para indicar movimento para baixo, como em ""He jumped under the table"".";"ERRADO - ""Under"" indica posição debaixo de algo, não movimento."
"10. ""Up"" pode ser usado para indicar movimento para cima, como em ""We went up the hill"".";CERTO
"11. ""Towards"" pode ser usado para indicar uma relação com alguém, como em ""She is a good mother towards her children"".";CERTO
"12. ""Without"" é usado para indicar presença de algo, como em ""You speak without cause"".";"ERRADO - ""Without"" indica ausência ou falta de algo."
"13. ""With"" pode ser usado para indicar o meio ou instrumento de uma ação, como em ""He wrote with a pen"".";CERTO
"14. ""Within"" pode ser usado para indicar tempo dentro de um limite, como em ""Within a few days"".";CERTO
"15. ""Under"" pode ser usado para indicar que algo está em uma posição inferior, como em ""His pencil fell under the desk"".";CERTO
"16. ""Up"" é usado para indicar movimento para baixo, como em ""We climbed up the mountain"".";"ERRADO - ""Up"" é para indicar movimento para cima."
"17. ""Without"" pode ser usado para indicar ausência de algo, como em ""He acted without fear"".";CERTO
"18. ""Under"" pode ser usado para indicar que algo está abaixo de outro objeto, como em ""His pencil fell under the desk"".";CERTO
"19. ""Towards"" é usado para indicar movimento de uma pessoa em direção a outra.";"ERRADO - ""Towards"" é usado para indicar movimento em direção a algo, não necessariamente a outra pessoa."
"20. ""With"" pode ser usado para indicar a presença de algo, como em ""I live with my family"".";CERTO
"21. ""Without"" significa ""com"", como em ""You speak without reason"".";"ERRADO - ""Without"" significa ""sem"", não ""com""."
"22. ""Within"" pode ser usado para indicar espaço dentro de um lugar, como em ""Within the walls of the city"".";CERTO
"23. ""Towards"" pode ser usado para indicar a posição de um objeto em relação a outro.";"ERRADO - ""Towards"" indica movimento, não posição."
"24. ""Up"" é usado para indicar um movimento para uma posição inferior.";"ERRADO - ""Up"" indica movimento para uma posição superior."
"25. ""Without"" pode ser usado para indicar que algo foi feito de forma rápida, como em ""Do it without delay"".";CERTO
"1. ""I am"" pode ser contraído para ""I’m"".";CERTO
"2. ""You are"" pode ser contraído para ""Y’are"".";"ERRADO - A forma correta é ""You're""."
"3. ""He is not"" pode ser contraído para ""He'sn’t"".";"ERRADO - A forma correta é ""He isn't""."
"4. ""We are not"" pode ser contraído para ""We ain't"".";"ERRADO - A forma correta é ""We aren't""."
"5. ""They were"" no passado não pode ser contraído.";"ERRADO - ""They were"" pode ser contraído para ""They’re"" no contexto de afirmações, mas não no passado."
"6. ""I am not"" pode ser contraído para ""I’mn't"".";"ERRADO - A forma correta é ""I’m not""."
"7. ""You are not"" pode ser contraído para ""You ain't"".";"ERRADO - A forma correta é ""You aren't""."
"8. ""He was not"" pode ser contraído para ""He wasn't"".";CERTO
"9. ""Is it?"" é uma forma interrogativa do presente do verbo ""to be"".";CERTO
"10. ""Are we?"" é uma forma interrogativa do presente do verbo ""to be"".";CERTO
"11. ""Was I?"" é uma forma interrogativa do passado do verbo ""to be"".";CERTO
"12. ""They were not"" pode ser contraído para ""They weren't"".";CERTO
"13. ""She was not"" pode ser contraído para ""She ain't"".";"ERRADO - A forma correta é ""She wasn't""."
"14. ""He is"" no presente pode ser contraído para ""He’s"".";CERTO
"15. ""It was not"" pode ser contraído para ""It wasn't"".";CERTO
"16. ""I was"" no passado pode ser contraído para ""I’m"".";"ERRADO - ""I was"" não pode ser contraído para ""I’m""."
"17. ""You were"" no passado pode ser contraído para ""You’re"".";"ERRADO - ""You were"" no passado não pode ser contraído para ""You’re""."
"18. ""He’s"" é uma forma contraída do presente do verbo ""to be"".";CERTO
"19. ""We aren’t"" é uma forma contraída do passado do verbo ""to be"".";"ERRADO - ""We aren't"" é do presente, não do passado."
"20. ""They are"" no presente pode ser contraído para ""They’re"".";CERTO
"21. ""I wasn’t"" é uma forma contraída do passado do verbo ""to be"".";CERTO
"22. ""He isn't"" é a forma negativa do verbo ""to be"" no presente.";CERTO
"23. ""She was"" no passado pode ser contraído para ""She’s"".";"ERRADO - ""She was"" não pode ser contraído para ""She’s""."
"24. ""It is"" no presente pode ser contraído para ""It’s"".";CERTO
"25. ""We weren’t"" é uma forma contraída do passado do verbo ""to be"".";CERTO
"1. ""I sleep"" está correto no Presente Simples.";CERTO
"2. ""She sleep"" está correto no Presente Simples.";"ERRADO - A forma correta é ""She sleeps""."
"3. ""He goes"" é a forma correta no Presente Simples para o verbo ""go"".";CERTO
"4. ""They works"" está correto no Presente Simples.";"ERRADO - A forma correta é ""They work""."
"5. ""My father do not work"" está correto no Presente Simples.";"ERRADO - A forma correta é ""My father does not work""."
"6. ""She plays tennis"" está correto no Presente Simples.";CERTO
"7. ""We go"" é uma frase correta no Presente Simples.";CERTO
"8. ""I does not like pizza"" está correto no Presente Simples.";"ERRADO - A forma correta é ""I do not like pizza""."
"9. ""Does she plays soccer?"" está correto na forma interrogativa.";"ERRADO - A forma correta é ""Does she play soccer?""."
"10. ""They study every day"" está correto no Presente Simples.";CERTO
"11. ""He enjoys playing video games"" está correto no Presente Simples.";CERTO
"12. ""The sun rises in the west"" está correto no Presente Simples.";"ERRADO - A forma correta é ""The sun rises in the east""."
"13. ""I go to school by bus"" está correto no Presente Simples.";CERTO
"14. ""She do her homework every day"" está correto no Presente Simples.";"ERRADO - A forma correta é ""She does her homework every day""."
"15. ""We don't like rainy weather"" está correto no Presente Simples.";CERTO
"16. ""He eats breakfast at 8:00 a.m."" está correto no Presente Simples.";CERTO
"17. ""Does he eats lunch at noon?"" está correto na forma interrogativa.";"ERRADO - A forma correta é ""Does he eat lunch at noon?""."
"18. ""My mother works a lot"" está correto no Presente Simples.";CERTO
"19. ""The water boils at 100°C"" está correto no Presente Simples.";CERTO
"20. ""She cry when she is sad"" está correto no Presente Simples.";"ERRADO - A forma correta é ""She cries when she is sad""."
"21. ""We leave at 10:00 a.m."" está correto no Presente Simples.";CERTO
"22. ""Does he buy a new car every year?"" está correto na forma interrogativa.";CERTO
"23. ""They plays football every weekend"" está correto no Presente Simples.";"ERRADO - A forma correta é ""They play football every weekend""."
"24. ""I do not understand the question"" está correto no Presente Simples.";CERTO
"25. ""You study English every day"" está correto no Presente Simples.";CERTO
"1. ""I study"" no Passado Simples é correto.";"ERRADO - A forma correta é ""I studied""."
"2. ""He went to the store"" está no Passado Simples.";CERTO
"3. ""They plays football yesterday"" está correto no Passado Simples.";"ERRADO - A forma correta é ""They played football yesterday""."
"4. ""She did not sleep last night"" está correto no Passado Simples.";CERTO
"5. ""Did he visited the museum?"" está correto na forma interrogativa.";"ERRADO - A forma correta é ""Did he visit the museum?""."
"6. ""I will go to the party tomorrow"" está no Futuro Simples.";CERTO
"7. ""He will not goes to the cinema"" está correto no Futuro Simples.";"ERRADO - A forma correta é ""He will not go to the cinema""."
"8. ""Will you play tennis tomorrow?"" está correto no Futuro Simples.";CERTO
"9. ""I am studying right now"" está no Presente Contínuo.";CERTO
"10. ""She is not working today"" está correto no Presente Contínuo.";CERTO
"11. ""They are visit the museum"" está correto no Presente Contínuo.";"ERRADO - A forma correta é ""They are visiting the museum""."
"12. ""He will work next week"" está correto no Futuro Simples.";CERTO
"13. ""She is arrives at 8:00 a.m."" está correto no Presente Contínuo.";"ERRADO - A forma correta é ""She is arriving at 8:00 a.m.""."
"14. ""I did not watched the movie"" está correto no Passado Simples.";"ERRADO - A forma correta é ""I did not watch the movie""."
"15. ""We are going to the park later"" está no Presente Contínuo.";CERTO
"16. ""I am not working tomorrow"" está correto no Presente Contínuo.";CERTO
"17. ""They are playing soccer right now"" está correto no Presente Contínuo.";CERTO
"18. ""She will studying abroad next year"" está correto no Futuro Simples.";"ERRADO - A forma correta é ""She will study abroad next year""."
"19. ""He cried yesterday"" está no Passado Simples.";CERTO
"20. ""They will travel to Paris next summer"" está correto no Futuro Simples.";CERTO
"21. ""I do not like the movie yesterday"" está correto no Passado Simples.";"ERRADO - A forma correta é ""I did not like the movie yesterday""."
"22. ""She is meeting her friends tomorrow"" está no Presente Contínuo.";CERTO
"23. ""Did you visited the museum last week?"" está correto na forma interrogativa.";"ERRADO - A forma correta é ""Did you visit the museum last week?""."
"24. ""We are having dinner now"" está no Presente Contínuo.";CERTO
"25. ""I will read a book next weekend"" está no Futuro Simples.";CERTO
"1. ""I have lived here for two years"" está correto no Presente Perfeito.";CERTO
"2. ""She has been reading a book"" está no Presente Perfeito Simples.";ERRADO - Está no Presente Perfeito Contínuo.
"3. ""He has just eaten lunch"" está correto no Presente Perfeito Simples.";CERTO
"4. ""We have visited London last year"" está correto no Presente Perfeito Simples.";"ERRADO - Deveria ser ""We visited London last year"", pois a ação aconteceu no passado."
"5. ""I have never been to Japan"" está no Presente Perfeito.";CERTO
"6. ""They have already seen the movie"" está no Presente Perfeito.";CERTO
"7. ""She hasn’t been working today"" está no Presente Perfeito Simples.";ERRADO - Está no Presente Perfeito Contínuo.
"8. ""Have you finished your homework?"" está correto no Presente Perfeito.";CERTO
"9. ""I have been learning English for five years"" está no Presente Perfeito Contínuo.";CERTO
"10. ""They were walking to the park at 5 PM yesterday"" está correto no Past Continuous.";CERTO
"11. ""I was sleeping when the phone rang"" está no Past Continuous.";CERTO
"12. ""We were not going to the cinema last night"" está correto no Past Continuous.";"ERRADO - A forma correta seria ""We were not going to the cinema last night."""
"13. ""She was studying when the power went out"" está no Past Continuous.";CERTO
"14. ""I have known him for a long time"" está no Presente Perfeito.";CERTO
"15. ""He was working while I was studying"" está no Past Continuous.";CERTO
"16. ""I have been working all morning"" está no Presente Perfeito Simples.";ERRADO - Está no Presente Perfeito Contínuo.
"17. ""They have played football for two hours"" está correto no Presente Perfeito.";"ERRADO - Deveria ser ""They have been playing football for two hours""."
"18. ""He has studied English since last year"" está correto no Presente Perfeito.";CERTO
"19. ""While I was cooking, she was watching TV"" está no Past Continuous.";CERTO
"20. ""She has liked pizza since childhood"" está correto no Presente Perfeito.";CERTO
"21. ""I have been to the store"" está correto no Presente Perfeito Simples.";CERTO
"22. ""We were playing when they arrived"" está correto no Past Continuous.";CERTO
"23. ""She has been working on this project all week"" está correto no Presente Perfeito Contínuo.";CERTO
"24. ""I have seen that movie last month"" está correto no Presente Perfeito.";"ERRADO - A ação no passado deve ser expressa com o Passado Simples: ""I saw that movie last month""."
"25. ""He has never ate sushi"" está correto no Presente Perfeito.";"ERRADO - A forma correta é ""He has never eaten sushi""."
"1. ""I am thinking about this lesson"" está correto no contexto do verbo think.";CERTO
"2. ""I think she’s a good girl"" está correto no contexto do verbo think.";CERTO
"3. ""He has a car"" está no contexto de um verbo não progressivo.";CERTO
"4. ""I am having dinner"" está no contexto de um verbo não progressivo.";ERRADO - Está no contexto do verbo have como progressivo.
"5. ""This cake tastes delicious"" está correto no contexto de taste.";CERTO
"6. ""Mom is tasting the sauce"" está correto no contexto de taste.";CERTO
"7. ""She is smelling the flower"" está correto no contexto de smell.";CERTO
"8. ""This perfume smells good"" está correto no contexto de smell.";CERTO
"9. ""I see a beautiful landscape"" está correto no contexto de see.";CERTO
"10. ""The doctor is seeing a patient"" está correto no contexto de see.";CERTO
"11. ""I am hungry"" está correto no contexto de be.";CERTO
"12. ""He is being rude"" está correto no contexto de be.";CERTO
"13. ""They look tired"" está correto no contexto de look.";CERTO
"14. ""I am looking out the window"" está correto no contexto de look.";CERTO
"15. ""She appears asleep"" está correto no contexto de appear.";CERTO
"16. ""Mary is appearing on the stage"" está correto no contexto de appear.";CERTO
"17. ""The elephant weighs a lot"" está correto no contexto de weigh.";CERTO
"18. ""She is weighing the apples"" está correto no contexto de weigh.";CERTO
"19. ""I had slept before you called"" está correto no Past Perfect.";CERTO
"20. ""Mr. Davies had bought the car that he saw before"" está correto no Past Perfect.";"ERRADO - A frase correta seria: ""Mr. Davies bought the car that he had seen before."""
"21. ""I had sent you an e-mail before you called me"" está correto no Past Perfect.";CERTO
"22. ""Maggie was excited because she had never been to a play before"" está correto no Past Perfect.";CERTO
"23. ""I had hoped to send him a telegram but didn’t manage it"" está correto no Past Perfect.";CERTO
"24. ""Mary had been studying hard before she called me last night"" está correto no Past Perfect Continuous.";CERTO
"25. ""Jenny had been phoning her every night"" está correto no Past Perfect Continuous.";CERTO
"1. ""I had been sleeping"" está correto como afirmativa no Past Perfect Continuous.";CERTO
"2. ""I had not been sleeping"" está correto como negativa no Past Perfect Continuous.";CERTO
"3. ""Had I been sleeping?"" está correto como interrogativa no Past Perfect Continuous.";CERTO
"4. ""I will be sleeping"" está correto como afirmativa no Future Continuous.";CERTO
"5. ""I will not be sleeping"" está correto como negativa no Future Continuous.";CERTO
"6. ""Will I be sleeping?"" está correto como interrogativa no Future Continuous.";CERTO
"7. ""By the time you arrive, I will have slept"" está correto no Future Perfect.";"ERRADO - A frase correta seria: ""By the time you arrive, I will have prepared the dinner."""
"8. ""I will have slept"" está correto como afirmativa no Future Perfect.";CERTO
"9. ""I will not have slept"" está correto como negativa no Future Perfect.";CERTO
"10. ""Will I have slept?"" está correto como interrogativa no Future Perfect.";CERTO
"11. ""By this time next week, we will have been working together for three years"" está correto no Future Perfect Continuous.";CERTO
"12. ""I will have been sleeping"" está correto como afirmativa no Future Perfect Continuous.";CERTO
"13. ""I will not have been sleeping"" está correto como negativa no Future Perfect Continuous.";CERTO
"14. ""Will I have been sleeping?"" está correto como interrogativa no Future Perfect Continuous.";CERTO
"15. ""I am going to sleep"" está correto como afirmativa no Future with Going to.";CERTO
"16. ""I am not going to sleep"" está correto como negativa no Future with Going to.";CERTO
"17. ""Am I going to sleep?"" está correto como interrogativa no Future with Going to.";CERTO
"18. ""Study!"" é um exemplo de imperativo afirmativo.";CERTO
"19. ""Look out!"" é um exemplo de imperativo afirmativo.";CERTO
"20. ""Have another cup!"" é um exemplo de imperativo afirmativo.";CERTO
"21. ""Turn right!"" é um exemplo de imperativo afirmativo.";CERTO
"22. ""Don't go to school!"" é um exemplo de imperativo negativo.";CERTO
"23. ""Do have another piece of pie!"" é um exemplo de imperativo com ênfase.";CERTO
"24. ""Do stop talking!"" é um exemplo de imperativo com ênfase.";CERTO
"25. ""Do help me with this Chemistry lesson!"" é um exemplo de imperativo com ênfase.";CERTO
"1. ""I was about to go to the store when it started raining"" está correto como exemplo de Future in the Past.";CERTO
"2. ""We were just going to leave when my sister fell"" está correto como exemplo de Future in the Past.";CERTO
"3. ""I was to see the doctor, but the appointment was canceled"" está correto como exemplo de Future in the Past.";CERTO
"4. ""I will have played"" é a estrutura correta no Future Perfect.";CERTO
"5. ""I would play"" é a estrutura correta no Simple Conditional.";CERTO
"6. ""I would have played"" é a estrutura correta no Conditional Perfect.";CERTO
"7. ""I would have been playing"" é a estrutura correta no Conditional Perfect Continuous.";CERTO
"8. ""I would rather stay home"" é uma forma correta de expressar preferência.";CERTO
"9. ""I would rather not to go out tonight"" está correto.";"ERRADO - A forma correta é: ""I’d rather not go out tonight."""
"10. ""I prefer living in the city than in the country"" está correto.";"ERRADO - A forma correta é: ""I prefer living in the city to living in the country."""
"11. ""I prefer to live in the country than in the city"" está correto.";"ERRADO - A forma correta é: ""I prefer to live in the country to living in the city."""
"12. ""I’d rather you would go to the party"" está correto.";"ERRADO - A forma correta é: ""I’d rather you went to the party."""
"13. ""I would prefer to go by car"" está correto.";CERTO
"14. ""Would you prefer tea or coffee?"" está correto.";CERTO
"15. ""I prefer to live in the country to live in the city"" está correto.";CERTO
"16. ""I’d rather not go to the club tonight"" está correto.";CERTO
"17. ""I prefer doing sports to watching TV"" está correto.";CERTO
"18. ""I would prefer to stay home rather than go to the concert"" está correto.";CERTO
"19. ""We were to leave at 10, but we missed the bus"" está correto como exemplo de Future in the Past.";CERTO
"20. ""She was due to arrive at 8 PM, but her flight was delayed"" está correto como exemplo de Future in the Past.";CERTO
"21. ""I was going to meet my friends, but I had to work"" está correto como exemplo de Future in the Past.";CERTO
"22. ""I had been to go to the store, but I didn’t"" está correto.";"ERRADO - A forma correta é: ""I was going to go to the store, but I didn’t."""
"23. ""I would rather you don’t go out"" está correto.";"ERRADO - A forma correta é: ""I’d rather you didn’t go out."""
"24. ""I prefer to do my homework rather than watch TV"" está correto.";CERTO
"25. ""By the time I finish my work, I will have played for two hours"" está correto no Future Perfect.";CERTO
"1. ""There is two cars in the parking lot"" está correto.";"ERRADO - A forma correta é: ""There are two cars in the parking lot."""
"2. ""There are three students in the classroom"" está correto.";CERTO
"3. ""There isn’t a problem"" está correto.";CERTO
"4. ""There aren’t any books on the shelf"" está correto.";CERTO
"5. ""She is the chief engineer"" usa um verbo auxiliar.";CERTO
"6. ""Gary does this frequently"" usa um verbo auxiliar.";CERTO
"7. ""They have several pencils"" usa um verbo auxiliar.";CERTO
"8. ""Sarah can plays the violin"" está correto.";"ERRADO - A forma correta é: ""Sarah can play the violin."""
"9. ""You must going to the doctor"" está correto.";"ERRADO - A forma correta é: ""You must go to the doctor."""
"10. ""The lesson is studied by Mary"" está correto no Passive Voice.";CERTO
"11. ""The room has been cleaned by somebody"" está correto no Passive Voice (Present Perfect).";CERTO
"12. ""The lesson can’t be studied by Mary"" está correto no Passive Voice (Modal verb).";CERTO
"13. ""The room was cleaned by somebody"" está correto no Passive Voice (Past).";CERTO
"14. ""Somebody is cleaning the room → The room is cleaned"" está correto no Passive Voice (Present Continuous).";"ERRADO - A forma correta é: ""The room is being cleaned."""
"15. ""Somebody was cleaning the room → The room was being cleaned"" está correto no Passive Voice (Past Continuous).";CERTO
"16. ""A great project will be developed"" está correto no Passive Voice (Future).";CERTO
"17. ""A great project developed by that engineer"" está correto no Passive Voice.";"ERRADO - A forma correta é: ""A great project was developed by that engineer."""
"18. ""The lesson has to be studied by Mary"" está correto no Passive Voice (Infinitive).";CERTO
"19. ""The room should have been cleaned"" está correto no Passive Voice (Perfect Infinitive).";CERTO
"20. ""The lesson is studied by Mary"" está correto no Passive Voice (Simple Present).";CERTO
"21. ""I will have been studying the lesson"" usa um verbo auxiliar.";CERTO
"22. ""She will play tomorrow"" usa um verbo auxiliar.";CERTO
"23. ""There is not any milk in the fridge"" está correto.";CERTO
"24. ""There will be two meetings tomorrow"" está correto.";CERTO
"25. ""There are much people in the room"" está correto.";"ERRADO - A forma correta é: ""There are many people in the room."""
"1. ""Brutus murdered Caesar"" é uma frase ativa.";CERTO
"2. ""Caesar was murdered by Brutus"" é uma frase passiva.";CERTO
"3. ""We gave the police the information"" → ""The police were given the information"" está correto.";CERTO
"4. ""She is doing the homework"" → ""The homework is done"" está correto na transformação para a voz passiva.";"ERRADO - A forma correta é: ""The homework is being done."""
"5. ""They showed me a picture"" → ""A picture was shown to me"" está correto na voz passiva.";CERTO
"6. ""Eleanor didn’t get offered the vacancy"" está correto com o uso de ""to get"".";CERTO
"7. ""David got run over by a car last week"" está correto.";CERTO
"8. ""I was born"" é um caso especial de voz passiva.";CERTO
"9. ""The homework will be done"" está correto na transformação de ""She will do the homework"" para a voz passiva.";CERTO
"10. ""The homework has been done"" está correto na transformação de ""She has done the homework"" para a voz passiva.";CERTO
"11. ""The homework had been done"" está correto na transformação de ""She had done the homework"" para a voz passiva.";CERTO
"12. ""She will have been done the homework"" está correto na voz passiva.";"ERRADO - A forma correta é: ""The homework will have been done."""
"13. ""Paul asked me: 'Where do you live?'"" → ""Paul asked me where I live."" está correto no Reported Speech.";"ERRADO - A forma correta é: ""Paul asked me where I lived."""
"14. ""He said: 'I live here with my kids.'"" → ""He said he lives there with his kids."" está correto no Reported Speech.";"ERRADO - A forma correta é: ""He said he lived there with his kids."""
"15. ""She told her brother she will see him tomorrow."" está correto no Reported Speech.";"ERRADO - A forma correta é: ""She told her brother she would see him the next day."""
"16. ""Mother told her children to be quiet."" está correto no Reported Speech.";CERTO
"17. ""I will pass if I study"" é um exemplo de If-clause tipo 1 (Real Present).";CERTO
"18. ""If I studied, I would pass"" é um exemplo de If-clause tipo 2 (Present Unreal Conditional).";CERTO
"19. ""If I were you, I would study more"" está correto, pois usa ""were"" no If-clause (exceção com o verbo ""to be"").";CERTO
"20. ""If you study, you will pass"" é um exemplo de If-clause tipo 1 (Real Present).";CERTO
"21. ""If I had studied, I would have passed"" é um exemplo de If-clause tipo 3 (Past Unreal Conditional).";CERTO
"22. ""If I were you, I would studied more"" está correto.";"ERRADO - A forma correta é: ""If I were you, I would study more."""
"23. ""If you had studied, you could have passed"" está correto no If-clause tipo 3 (Past Unreal Conditional).";CERTO
"24. ""She said to me, 'I will see you tomorrow'"" → ""She told me she would see me the next day."" está correto no Reported Speech.";CERTO
"25. ""I had studied, I would pass"" é um exemplo de If-clause tipo 2 (Present Unreal Conditional).";"ERRADO - A forma correta é: ""If I studied, I would pass."""
"1. Type 1 conditional é usado para situações possíveis. Exemplo: ""If you study, you’ll get a good grade.""";CERTO
"2. Type 2 conditional é usado para situações irreais no presente ou no futuro. Exemplo: ""If you studied, you would get a good grade.""";CERTO
"3. Type 3 conditional é usado para situações que poderiam ter acontecido no passado, mas não aconteceram. Exemplo: ""If you had studied, you would have gotten a good grade.""";CERTO
"4. Podemos omitir o ""If"" em condicionais, usando a inversão do sujeito e verbo. Exemplo: ""Were I you, I wouldn’t tell it to anyone.""";CERTO
"5. ""Had I known, I would have done something"" é uma omissão de ""If"".";CERTO
"6. ""Should anyone call, please take a message"" é um exemplo de omissão de ""If"" em uma condicional.";CERTO
"7. ""If you don’t change your mind, I won’t be able to help you"" e ""Unless you change your mind, I won’t be able to help you"" podem ser usados da mesma forma.";"ERRADO - ""Unless"" tem um significado ligeiramente diferente de ""if... not""."
"8. ""I’ll be surprised if they don’t win the soccer game"" significa que ficarei surpreso se eles ganharem o jogo.";"ERRADO - O significado correto é: ""Ficarei surpreso se eles não ganharem o jogo."""
"9. ""I’ll be surprised unless they win the soccer game"" significa que ficarei surpreso a menos que eles ganhem o jogo.";CERTO
"10. O uso de ""Unless"" é totalmente intercambiável com ""If... not"" em todas as frases.";ERRADO - Algumas frases não podem ser trocadas.
"11. ""He’ll win the game, even if he feels tired"" usa ""even if"" para expressar uma situação possível.";CERTO
"12. ""Provided that you study hard this afternoon, you can go out tonight"" é uma alternativa a ""if"".";CERTO
"13. ""So long as you study, you will pass the exam"" é equivalente a ""If you study, you will pass the exam.""";CERTO
"14. ""As long as you study, you will pass the exam"" pode ser usado no lugar de ""If you study, you will pass the exam.""";CERTO
"15. ""Assuming you study, you will pass the test"" é uma alternativa a ""If you study, you will pass the test.""";CERTO
"16. ""If only he had studied, he would have passed the exam"" é um exemplo de uma condicional Tipo 3.";CERTO
"17. A expressão ""On (the) condition that"" pode ser usada como substituto de ""if"" em algumas condicionais.";CERTO
18. Condicionais implícitas são sempre do tipo Real.;ERRADO - Elas podem ser reais ou irreais.
"19. ""With luck, he’ll win the championship"" é um exemplo de condicional Tipo 1 implícita.";CERTO
"20. ""But if not for his father’s help, he would starve"" é uma condicional Tipo 2 implícita.";ERRADO - É uma condicional Tipo 3 implícita.
"21. ""Without your help, I couldn’t have done it"" é uma condicional Tipo 3 implícita.";CERTO
"22. ""If you do such a thing again, I’ll have buttered!"" é um exemplo de 1ª condicional literária.";ERRADO - É da 1ª condicional mas o exemplo é literário.
"23. ""If it were less objectionable, it would be less respectable."" é um exemplo de 2ª condicional literária.";CERTO
"24. ""If I had had any luck"" é um exemplo de 3ª condicional literária.";CERTO
"25. ""If I had studied, I would have passed"" é um exemplo de Tipo 2 condicional.";ERRADO - Este é um exemplo de Tipo 3 condicional.
"1. A frase ""Had I lacked imagination, I should never have got in this pickle"" é um exemplo de omissão do ""if"".";CERTO
"2. ""Perhaps she loved him and would be unhappy were he taken away from her"" é um exemplo de omissão do ""if"" na literatura.";CERTO
"3. ""Ana had her hair cut"" é uma frase com o verbo causativo ""make"".";"ERRADO - O verbo causativo é ""have""."
"4. ""Ana had her hairdresser cut her hair"" usa o verbo causativo ""make"".";"ERRADO - O verbo causativo é ""have""."
"5. ""Ana made her brother carry her books"" usa o verbo causativo ""make"".";CERTO
"6. ""Ana got Josh to fix the roof"" usa o verbo causativo ""get"".";CERTO
"7. ""Ana got her roof fixed"" usa o verbo causativo ""have"".";"ERRADO - O verbo causativo é ""get""."
"8. ""My mother let me drive her car"" usa o verbo causativo ""let"".";CERTO
"9. ""My neighbour helped me wash my car"" usa o verbo causativo ""help"".";CERTO
"10. ""My neighbour helped me to wash my car"" usa o verbo causativo ""help"".";CERTO
"11. ""If you had studied, you would have passed"" é uma frase que usa omissão do ""if"".";"ERRADO - Não há omissão do ""if"" aqui."
"12. ""Had I known, I would have acted differently"" é uma omissão de ""if"".";CERTO
"13. ""Let’s be quiet, shall we?"" usa ""shall we?"" como question tag para ""let's"".";CERTO
"14. ""Peter left early, didn’t he?"" é uma question tag correta.";CERTO
"15. ""Mary doesn’t speak French, do she?"" está correto.";"ERRADO - A question tag correta é ""does she""."
"16. ""Get out of here, will you?"" é uma question tag correta com imperativo.";CERTO
"17. ""I’m a good student, aren’t I?"" usa a question tag correta para ""I am"".";CERTO
"18. ""There is a lot of work to do, aren’t there?"" é a question tag correta para a frase.";"ERRADO - A question tag correta é ""isn’t there?""."
"19. ""Let’s go to the park, shall we?"" é uma question tag correta.";CERTO
"20. ""She won’t help me, will she?"" usa a question tag correta.";CERTO
"21. ""You have seen this movie, haven’t you?"" usa a question tag correta para o presente perfeito.";CERTO
"22. ""He doesn’t know the answer, don’t he?"" está correto.";"ERRADO - A question tag correta é ""doesn't he""."
"23. ""They were late, weren’t they?"" é uma question tag correta para o passado simples.";CERTO
"24. ""You are coming to the party, is you?"" está correta.";"ERRADO - A question tag correta é ""aren’t you?""."
"25. ""If I had known, I would have helped"" é uma frase com omissão de ""if"".";CERTO
"1. ""Yesterday morning"" é uma expressão que se refere ao tempo passado.";CERTO
"2. ""This evening"" se refere ao tempo futuro.";ERRADO - Refere-se ao tempo presente.
"3. ""Tomorrow night"" é uma expressão que se refere ao tempo futuro.";CERTO
"4. ""Last week"" se refere a uma referência ao tempo futuro.";ERRADO - Refere-se ao passado.
"5. ""In the morning"" é uma expressão que se refere a manhã, no tempo presente ou passado.";CERTO
"6. A data ""6th of January, 1999"" segue o formato dia/mês/ano.";CERTO
"7. ""On time"" se refere a algo que acontece pontualmente.";CERTO
"8. ""Tomorrow evening"" se refere a algo que vai ocorrer amanhã à noite, até a meia-noite.";CERTO
"9. ""At night"" se refere ao período durante o dia.";ERRADO - Refere-se ao período da noite.
"10. ""The shelf holds three books"" é uma frase com verbo transitivo.";CERTO
"11. ""The shelf holds"" é uma frase com verbo intransitivo.";"ERRADO - ""Holds"" precisa de um objeto direto para completar o sentido."
"12. ""She sleeps"" é uma frase com verbo intransitivo.";CERTO
"13. ""The train arrived four hours late"" é uma frase com verbo transitivo.";"ERRADO - ""Arrived"" é intransitivo."
"14. ""We must leave"" é uma frase com verbo transitivo.";"ERRADO - ""Leave"" é intransitivo aqui."
"15. ""We must leave this goo in our hair for twenty minutes"" é uma frase com verbo transitivo.";CERTO
"16. ""The crowd moves across the field"" usa o verbo ""move"" de forma transitiva.";"ERRADO - ""Move"" é intransitivo aqui."
"17. ""William moves all boxes from one side of the attic to the other"" usa o verbo ""move"" de forma transitiva.";CERTO
"18. ""In the daytime"" se refere ao período da manhã.";ERRADO - Refere-se ao período durante o dia, mas pode incluir a tarde.
"19. ""I studied last night"" se refere ao tempo passado.";CERTO
"20. ""Tomorrow morning"" se refere ao tempo presente.";ERRADO - Refere-se ao futuro.
"21. ""I will see you tomorrow night"" usa uma expressão para o futuro.";CERTO
"22. ""During the day"" se refere a uma ação que acontece à noite.";ERRADO - Refere-se ao dia.
"23. ""The beginning of the year"" é uma expressão de tempo para o futuro.";ERRADO - Refere-se ao passado ou ao presente.
"24. ""I’ll meet you at noon"" é uma expressão que se refere ao tempo presente.";ERRADO - Refere-se ao futuro, mas é uma hora específica.
"25. ""We meet every week"" é uma frase com verbo intransitivo.";"ERRADO - ""Meet"" é transitivo se há um objeto (por exemplo, ""We meet every week at the café"")."
1. Verbos transitivos exigem um objeto direto para completar o significado da frase.;CERTO
2. Verbos intransitivos precisam de um objeto direto para completar o sentido.;ERRADO - Verbos intransitivos não precisam de objeto direto.
"3. O verbo ""advise"" exige um objeto + infinitivo.";CERTO
"4. ""I consider him to be the best candidate"" é um exemplo de verbo seguido de objeto + infinitivo.";CERTO
"5. ""He is supposed to finish by six o'clock"" usa o verbo ""supposed"" seguido de um gerúndio.";"ERRADO - ""Supposed"" é seguido por infinitivo."
"6. O verbo ""enjoy"" é seguido de gerúndio.";CERTO
"7. A frase ""There’s nothing to do here"" usa o infinitivo após a palavra ""nothing"".";CERTO
"8. ""I regret spending so much money"" usa o gerúndio porque a ação aconteceu antes do momento da frase.";CERTO
"9. ""She forgot to mail the letter"" usa o gerúndio porque a ação ainda está por acontecer.";ERRADO - Usa o infinitivo porque a ação ainda está por acontecer.
"10. ""Stop"" seguido de gerúndio significa parar de fazer algo.";CERTO
"11. ""Stop"" seguido de infinitivo significa parar para fazer outra coisa.";CERTO
"12. ""Try"" seguido de gerúndio significa tentar.";"ERRADO - ""Try"" com gerúndio significa experimentar."
"13. ""Try"" seguido de infinitivo significa experimentar.";"ERRADO - ""Try"" com infinitivo significa tentar."
"14. ""Used to"" seguido de infinitivo significa algo que você costumava fazer no passado.";CERTO
"15. ""Be used to"" seguido de gerúndio significa estar acostumado a algo.";CERTO
"16. ""Mean"" seguido de infinitivo significa ter a intenção de fazer algo.";CERTO
"17. ""Living abroad means adapting to another country’s way of life"" usa o verbo ""mean"" seguido de infinitivo.";"ERRADO - Usa o verbo ""mean"" seguido de gerúndio."
"18. ""We used to live in the country"" é um exemplo de ""used to"" seguido de gerúndio.";"ERRADO - ""Used to"" é seguido de infinitivo."
"19. ""I am used to walking"" usa o infinitivo após ""be used to"".";"ERRADO - ""Be used to"" é seguido de gerúndio."
"20. ""He enjoys reading books"" usa o gerúndio após o verbo ""enjoy"".";CERTO
"21. ""I asked him to help me"" é um exemplo de verbo seguido de objeto + infinitivo.";CERTO
"22. ""She allowed me playing outside"" está correta.";"ERRADO - Deveria ser ""allowed me to play""."
"23. ""I’m thinking about going to the party"" usa o gerúndio após a preposição ""about"".";CERTO
"24. ""She is considering studying abroad"" usa o infinitivo após o verbo ""consider"".";"ERRADO - ""Consider"" é seguido de gerúndio."
"25. ""I want you to come here"" usa o verbo ""want"" seguido de objeto + infinitivo.";CERTO
"1. ""Raise"" é um verbo transitivo e exige um objeto direto.";CERTO
"2. ""Rise"" é um verbo transitivo e exige um objeto direto.";"ERRADO - ""Rise"" é intransitivo e não exige objeto direto."
"3. ""I wish I were rich"" é um exemplo de desejo sobre o presente.";CERTO
"4. ""I wish I had been at the party"" é um exemplo de desejo sobre o futuro.";ERRADO - É um desejo sobre o passado.
"5. ""The teacher raised her hand"" usa o verbo ""raise"" corretamente.";CERTO
"6. ""The sun rises early"" usa o verbo ""rise"" corretamente.";CERTO
"7. ""I stole a book from the library"" é um exemplo de ""rob"".";"ERRADO - ""Stole"" é o verbo correto aqui."
"8. ""The bank was robbed last night"" usa o verbo ""rob"" corretamente.";CERTO
"9. ""I remember meeting her yesterday"" é um exemplo de ""remind"".";"ERRADO - É um exemplo de ""remember""."
"10. ""She reminded me to call my mother"" é um exemplo de ""remind"".";CERTO
"11. ""I used to play soccer when I was young"" expressa um hábito no passado.";CERTO
"12. ""Did you use to live in New York?"" está perguntando sobre algo que aconteceu no presente.";ERRADO - Está perguntando sobre o passado.
"13. ""She looks tired"" usa um verbo de ligação seguido de um adjetivo.";CERTO
"14. ""He grew tired of waiting"" usa um verbo de ligação corretamente.";CERTO
"15. ""He got angry after the argument"" usa o verbo de ligação ""get"" corretamente.";CERTO
"16. ""I wish I could fly"" expressa um desejo sobre o futuro.";CERTO
"17. ""Paul used to live in Miami"" expressa uma situação do passado que ainda acontece.";ERRADO - Expressa algo que aconteceu no passado, mas não ocorre mais.
"18. ""She used to be very shy, but she is more confident now"" descreve algo que aconteceu no passado.";CERTO
"19. ""He was robbed by a thief"" usa o verbo ""rob"" corretamente.";CERTO
"20. ""I am used to waking up early"" usa ""used to"" corretamente.";"ERRADO - ""Used to"" é usado para hábitos do passado, mas ""be used to"" é usado para hábitos ou situações com os quais você está acostumado."
"21. ""I feel happily today"" é um exemplo correto de advérbio derivado de adjetivo.";"ERRADO - A forma correta é ""I feel happy today""."
"22. ""The house smells wonderful"" usa um verbo de ligação seguido de um adjetivo.";CERTO
"23. ""He moved upwards quickly"" é um exemplo de advérbio derivado de preposição.";CERTO
"24. ""She eats very quickly"" usa o advérbio ""quickly"" para modificar o verbo ""eats"".";CERTO
"25. ""They will arrive tomorrow at noon"" usa uma expressão de tempo para se referir ao futuro.";CERTO
"1. ""Afterwards"" é um advérbio de tempo indefinido.";CERTO
"2. ""Already"" é um advérbio de tempo definido.";"ERRADO - ""Already"" é um advérbio de tempo indefinido."
"3. ""I always go to the gym in the morning"" é um exemplo de advérbio de tempo.";CERTO
"4. ""They will arrive tomorrow morning"" usa um advérbio de tempo definido.";CERTO
"5. ""Never"" é um advérbio de modo.";"ERRADO - ""Never"" é um advérbio de tempo."
"6. ""She sings beautifully"" é um exemplo de advérbio de modo.";CERTO
"7. ""She quickly finished her homework"" usa um advérbio de modo corretamente.";CERTO
"8. ""Happily"" é formado pelo sufixo -ly, modificado de um adjetivo.";CERTO
"9. ""Dry"" se torna ""dryly"" quando transformado em advérbio de modo.";CERTO
"10. ""He ran happy to the finish line"" usa o advérbio de modo corretamente.";"ERRADO - O correto seria ""He ran happily to the finish line""."
"11. ""She walks fast"" é um exemplo de advérbio de lugar.";"ERRADO - ""Fast"" é um advérbio de modo."
"12. ""He lives abroad"" usa um advérbio de lugar.";CERTO
"13. ""I looked everywhere for my keys"" usa um advérbio de lugar.";CERTO
"14. ""We went somewhere new for vacation"" é um exemplo de advérbio de lugar.";CERTO
"15. ""She looks around the room"" usa o advérbio de lugar corretamente.";CERTO
"16. ""The car is going ahead"" é um exemplo de advérbio de lugar.";CERTO
"17. ""The children ran upstairs to their rooms"" é um exemplo de advérbio de lugar.";CERTO
"18. ""The plane is flying westward"" usa um advérbio de lugar corretamente.";CERTO
"19. ""She walked slowly down the stairs"" usa um advérbio de modo.";CERTO
"20. ""They waited for me outside"" usa um advérbio de lugar corretamente.";CERTO
"21. ""I will meet you afterwards"" é um exemplo de advérbio de tempo.";CERTO
"22. ""I study happily every day"" usa um advérbio de modo corretamente.";CERTO
"23. ""They were walking backwards"" usa um advérbio de lugar corretamente.";CERTO
"24. ""He came here to talk to you"" é um exemplo de advérbio de lugar.";CERTO
"25. ""I never go to the beach"" usa um advérbio de tempo corretamente.";CERTO
"1. ""Too"" indica excesso e é colocado antes de adjetivos e advérbios.";CERTO
"2. ""Very"" indica intensidade e é colocado após o adjetivo ou advérbio.";"ERRADO - ""Very"" é colocado antes de adjetivos ou advérbios."
"3. ""Enough"" indica suficiência e é colocado antes do adjetivo ou advérbio.";"ERRADO - ""Enough"" é geralmente colocado após adjetivos ou advérbios."
"4. ""Hardly"" é um advérbio de negação fraca e não combina com ""not"" ou ""never"".";CERTO
"5. ""Perhaps"" é um exemplo de advérbio de dúvida.";CERTO
"6. ""Likely"" é colocado depois do verbo em frases afirmativas.";"ERRADO - ""Likely"" é geralmente colocado antes do verbo."
"7. ""How often"" é um exemplo de advérbio de interrogação.";CERTO
"8. ""Where"" é usado no início da frase quando é um advérbio de interrogação.";CERTO
"9. A comparação de advérbios pode ser feita com ""more"" e ""most"".";CERTO
"10. ""Soon"" tem a forma comparativa ""sooner"".";CERTO
"11. ""Better"" é a forma comparativa de ""well"".";CERTO
"12. ""The best"" é a forma superlativa de ""bad"".";"ERRADO - ""The best"" é a forma superlativa de ""well""."
"13. ""Little"" tem a forma comparativa ""less"".";CERTO
"14. ""Near"" tem a forma comparativa ""nearer"".";CERTO
"15. ""A little later"" é uma locução adverbial.";CERTO
"16. ""In short"" é uma locução adverbial que significa ""em resumo"".";CERTO
"17. ""All alone"" é uma locução adverbial que significa ""completamente só"".";CERTO
"18. ""By heart"" é uma locução adverbial que significa ""de cor"".";CERTO
"19. ""He writes good well"" está com o advérbio posicionado corretamente.";"ERRADO - O correto seria ""He writes well""."
"20. ""He speaks English very fluently"" está com o advérbio de modo posicionado corretamente.";CERTO
"21. ""I can’t neither do that"" é uma frase correta.";"ERRADO - O correto seria ""I can’t do that either""."
"22. ""Neither can I"" é uma frase correta, invertendo a ordem sujeito-verbo.";CERTO
"23. ""She was too tired to continue"" está utilizando ""too"" corretamente.";CERTO
"24. ""I hardly never go to the park"" está com dupla negativa.";CERTO
"25. ""She has a very good idea"" usa o advérbio de intensidade corretamente.";CERTO
"1. ""However"" pode ser usado para expressar concessão.";CERTO
"2. ""Moreover"" é utilizado para adicionar mais informações, significando ""além disso"".";CERTO
"3. O conectivo ""in addition"" é usado para concluir uma ideia.";"ERRADO - ""In addition"" é usado para acrescentar informações."
"4. ""To conclude"" é utilizado para dar exemplos.";"ERRADO - ""To conclude"" é usado para apresentar uma conclusão."
"5. ""There goes the last bus"" está correto após um advérbio de lugar.";CERTO
"6. ""On the edge of that cliff was the helpless girl"" usa inversão corretamente após uma expressão adverbial de lugar.";CERTO
"7. ""Never has there been so much pain in the world"" é uma inversão correta com o advérbio de negação ""never"".";CERTO
"8. ""Seldom have I traveled by plane"" é uma inversão correta com o advérbio de negação ""seldom"".";CERTO
"9. ""Rarely does he realize how necessary the treatment is"" é uma frase correta com inversão após ""rarely"".";CERTO
"10. ""On no account must you accept that filthy proposal"" é uma frase correta com inversão após ""on no account"".";CERTO
"11. ""Not only were we late, but also on the wrong bus"" usa inversão corretamente.";CERTO
"12. ""Only then did we notice how difficult the problem was"" está correto com a inversão após ""only then"".";CERTO
"13. ""Only then could they transfer the kids to another school"" está com a inversão correta após ""only then"".";CERTO
"14. ""First(ly)"" é utilizado para enumerar fatos ou indicar ordem.";CERTO
"15. ""For example"" é um conectivo usado para comparar ou contrastar ideias.";"ERRADO - ""For example"" é usado para dar exemplos."
"16. ""In comparison with"" é usado para comparar ou contrastar.";CERTO
"17. ""However"" é um conectivo usado para enumerar ideias.";"ERRADO - ""However"" é usado para contrastar ou expressar concessão."
"18. ""So"" é usado para apresentar resultados.";CERTO
"19. ""As a result"" é um conectivo utilizado para dar exemplos.";"ERRADO - ""As a result"" é usado para apresentar resultados."
"20. ""To sum up"" é utilizado para concluir uma ideia.";CERTO
"21. ""Meanwhile"" é utilizado para mostrar ordem de fatos.";CERTO
"22. ""In other words"" é um conectivo utilizado para esclarecer ou reformular algo.";CERTO
"23. ""Besides"" é usado para reforçar ou acrescentar informações.";CERTO
"24. ""There never has been a problem like this"" está correto após o advérbio de negação ""never"".";CERTO
"25. ""Not only do I like reading, but also writing"" está com a inversão correta.";CERTO
"1. A conjunção ""although"" é uma conjunção subordinativa de oposição.";CERTO
"2. A conjunção ""after"" é uma conjunção subordinativa de tempo.";CERTO
"3. A frase ""Because he was tired, he went to bed early"" é um exemplo de causa + efeito.";CERTO
"4. ""Although it was raining, I went outside"" é uma oração subordinada correta.";CERTO
"5. ""In spite of he was late, he managed to catch the bus"" está correta.";"ERRADO - ""In spite of"" deve ser seguido de um substantivo ou gerúndio, e não de uma oração."
"6. A frase ""Not only my father but also my brother are coming"" está correta.";"ERRADO - O sujeito mais próximo ao verbo (""brother"") deve concordar com o verbo no singular: ""is""."
"7. A conjunção ""because"" é usada para indicar uma condição.";"ERRADO - ""Because"" indica causa, não condição."
"8. ""Either you come with me or you stay here"" é um exemplo correto do uso de ""either ... or"".";CERTO
"9. ""Neither the teacher nor the students was happy"" está correta.";"ERRADO - O sujeito mais próximo ao verbo é ""students"", então o verbo deve estar no plural: ""were""."
"10. A conjunção ""while"" pode ser usada para indicar contraste ou tempo.";CERTO
"11. ""Until"" é uma conjunção subordinativa que indica condição.";"ERRADO - ""Until"" indica tempo, não condição."
"12. A conjunção ""for"" é usada para indicar causa + efeito.";CERTO
"13. A frase ""Not only my father but also my sisters is coming"" está correta.";"ERRADO - O sujeito mais próximo ao verbo (""sisters"") é plural, então o verbo deve ser ""are""."
"14. ""Both my father and my brother are attending the event"" está correta.";CERTO
"15. A conjunção ""yet"" pode ser usada para expressar oposição.";CERTO
"16. ""Either we go now or we stay home"" está correta.";CERTO
"17. ""In order that you study harder, you will pass the exam"" está correta.";CERTO
"18. A conjunção ""unless"" é usada para expressar condição negativa.";CERTO
"19. ""I don't know whether he likes the book or not"" usa corretamente a conjunção ""whether"".";CERTO
"20. A frase ""Both my friends and I are going to the concert"" está correta.";CERTO
"21. ""Although he studied hard, he failed the exam"" é um exemplo correto de conjunção subordinativa de oposição.";CERTO
"22. ""Not only my mother but also my father likes gardening"" está correta.";"ERRADO - O sujeito mais próximo ao verbo (""father"") é singular, então o verbo deve ser ""likes""."
"23. A conjunção ""since"" é uma conjunção subordinativa de tempo.";CERTO
"24. ""Neither the boys nor the girl was happy with the result"" está correta.";"ERRADO - O sujeito mais próximo ao verbo (""girl"") é singular, então o verbo deve ser ""was""."
"25. ""In case it rains, bring an umbrella"" usa corretamente a conjunção subordinativa de condição.";CERTO
"1. A frase ""I will study before he arrives"" usa corretamente a conjunção subordinativa de tempo ""before"".";CERTO
"2. ""As I was swimming, it began to rain"" é um exemplo correto de relação de tempo.";CERTO
"3. ""By the time she arrived, we had already slept"" está correta, pois utiliza ""by the time"" para indicar um evento passado.";CERTO
"4. A frase ""I haven't visited you since I moved to the countryside"" usa corretamente ""since"" para indicar tempo.";CERTO
"5. A frase ""We stayed there till we finished our exam"" usa ""till"" corretamente como sinônimo de ""until"".";CERTO
"6. ""As long as you are free, can you take me to the doctor’s?"" está correta, pois usa ""as long as"" para indicar condição.";CERTO
"7. ""Once you arrive, we will watch the film"" está correta, pois ""once"" indica a condição para que algo aconteça.";CERTO
"8. ""Every time I want, I study"" é uma frase correta com ""every time"" indicando repetição.";CERTO
"9. ""The first time I went to the Amazon, I felt thrilled"" é uma frase correta com ""the first time"" indicando uma experiência.";CERTO
"10. ""Because she was tired, she went to bed"" está correta, pois ""because"" indica causa.";CERTO
"11. ""Now that the school is over, I’m planning to take a trip"" usa corretamente ""now that"" para indicar causa.";CERTO
"12. ""As she had nothing to do, she decided to walk along the seashore"" está correta, pois ""as"" indica causa.";CERTO
"13. ""Such nice weather it was that we went to the beach"" está correta.";"ERRADO - A estrutura correta é ""It was such nice weather that we went to the beach""."
"14. ""I was so thirsty I drank six glasses of water"" usa corretamente a omissão de ""that"".";CERTO
"15. ""It was so nice that we went to the beach"" está correta, pois usa ""so ... that"" para indicar causa e efeito.";CERTO
"16. ""She speaks so fast that I can hardly understand her"" usa corretamente ""so ... that"" para mostrar o grau de intensidade.";CERTO
"17. ""It was such a warm day that we went for a walk"" está correta, pois usa ""such ... that"" para mostrar causa e efeito.";CERTO
"18. ""They made so many mistakes that they failed the course"" está correta, pois usa ""so ... that"" com ""many"".";CERTO
"19. ""He has so few friends that he is always lonely"" está correta, pois usa ""so ... that"" com ""few"".";CERTO
"20. ""She has so much money that she can buy whatever she wants"" está correta, pois usa ""so ... that"" com ""much"".";CERTO
"21. ""Inasmuch as the government did not reach a reasonable solution, peace became extremely remote"" usa ""inasmuch as"" corretamente.";CERTO
"22. ""Since they’re not interested in UFOs, they decided not to go to the lecture"" está correta.";CERTO
"23. ""I will never talk to him again as long as I live"" usa corretamente ""as long as"" para indicar condição de tempo.";CERTO
"24. ""It was such good juice that we had another glass"" está correta, pois usa ""such ... that"" com adjetivo e substantivo.";CERTO
"25. ""So much I can do to help you"" está correta.";"ERRADO - A frase correta seria ""There is so much I can do to help you."""
"1. ""Michael and his friend are going to school"" segue a estrutura de paralelismo com substantivos.";CERTO
"2. ""Chris raised her hand and shouted"" usa paralelismo com verbos corretamente.";CERTO
"3. ""Peter is eating and drinking a lot"" é um exemplo correto de paralelismo com verbos.";CERTO
"4. ""This book is interesting and cheap"" é um exemplo correto de paralelismo com adjetivos.";CERTO
"5. ""Our project will take both time and money"" segue a estrutura de paralelismo com ""both"".";CERTO
"6. ""I’ll take either Journalism or Public Relations at College"" está correta, pois usa paralelismo com ""either ... or"".";CERTO
"7. ""It not only rained this morning but also snowed"" usa paralelismo corretamente com ""not only ... but also"".";CERTO
"8. ""That book is neither interesting nor cheap"" usa paralelismo corretamente com ""neither ... nor"".";CERTO
"9. ""They want to play video games and listen to music"" está correta, pois usa paralelismo com infinitivos.";CERTO
"10. ""Steve, John, and Petra are visiting us tonight"" usa paralelismo corretamente ao listar elementos com vírgulas.";CERTO
"11. ""The colors in that painting are blue, red, green, black, and orange"" usa corretamente a vírgula para separar os elementos de uma lista.";CERTO
"12. ""Houses and rooms are full of perfumes, the shelves are crowded with perfumes, I breathe the fragrance myself and know it and like it"" é um exemplo literário que usa paralelismo.";CERTO
"13. ""Beatrice can speak Italian and I can, too"" está correta, pois usa resposta paralela.";CERTO
"14. ""Beatrice can’t speak Italian and I can’t, too"" está correta, pois usa resposta paralela.";"ERRADO - A forma correta seria ""Beatrice can’t speak Italian and I can’t, either."""
"15. ""Beatrice speaks Italian and so do I"" está correta, pois usa a resposta paralela com ""so do I"".";CERTO
"16. ""Beatrice doesn’t speak Italian and neither do I"" está correta, pois usa a resposta paralela com ""neither do I"".";CERTO
"17. ""Without a doubt, Lady Emily was much happier after her divorce."" termina com ponto final.";CERTO
"18. ""Look out below!"" está correta, pois usa ponto de exclamação para expressar urgência.";CERTO
"19. ""I wonder where she is going?"" deve terminar com ponto final, pois é uma frase indireta.";ERRADO - Deveria terminar com ponto final.
"20. ""She asked if she could play golf?"" deve terminar com ponto final, pois é uma pergunta indireta.";ERRADO - Deveria terminar com ponto final.
"21. ""She invited him to her party, and he accepted"" usa vírgula corretamente antes da conjunção ""and"".";CERTO
"22. ""After the hospital had completed its fund-raising campaign, an anonymous donor contributed $10,000"" usa vírgula corretamente antes da oração adverbial.";CERTO
"23. ""Chris not only read the book but also watched the movie"" segue a estrutura correta de paralelismo com ""not only ... but also"".";CERTO
"24. ""I like both tea and coffee"" está correta, pois usa paralelismo com ""both ... and"".";CERTO
"25. ""He is not only talented but also hard-working"" está correta, pois usa paralelismo com ""not only ... but also"".";CERTO
"1. ""He visited three cities: Recife, Salvador, and Natal"" está correto ao usar dois-pontos para introduzir uma lista.";CERTO
"2. ""My mother gave me one good piece of advice: to avoid wasting time"" usa dois-pontos corretamente para introduzir uma ideia complementar.";CERTO
"3. ""Her three goals are to improve her skills: to increase her confidence, and to sharpen her techniques"" está correto, pois usa dois-pontos entre verbo e seu objeto.";ERRADO - Não se usa dois-pontos entre o verbo e o objeto.
"4. ""Abdominal exercises help prevent back pain; proper posture is also important"" está correto ao usar ponto e vírgula para unir orações independentes.";CERTO
"5. ""The auditors made six recommendations; however, only one has been adopted"" usa ponto e vírgula corretamente entre orações independentes.";CERTO
"6. ""I like playing football; running is also good for my health"" está correto, pois usa ponto e vírgula para unir orações independentes sem conjunção.";CERTO
"7. ""I don't like coffee; although I drink it sometimes"" está correto ao usar ponto e vírgula entre uma oração dependente e uma independente.";ERRADO - Não se usa ponto e vírgula entre uma oração dependente e uma independente.
"8. ""I am going to the store to buy bread-and-butter"" usa hífen corretamente em uma palavra composta.";CERTO
"9. ""A classmate of mine is a great artist"" está correto ao usar hífen em uma palavra composta.";CERTO
"10. ""I’ll meet you at the northeast corner"" usa hífen corretamente para indicar um ponto cardinal.";CERTO
"11. ""I need some self help for my stress"" está correto ao usar hífen com ""self"" como prefixo.";"ERRADO - O correto seria ""self-help""."
"12. ""I have a first class ticket"" usa hífen corretamente em uma palavra composta.";CERTO
"13. ""We stayed at a five stars hotel"" deve usar hífen entre ""five"" e ""stars"".";"ERRADO - O correto é ""five-star""."
"14. ""It’s raining outside"" está correto, pois usa o apóstrofo para indicar a contração de ""it is"".";CERTO
"15. ""She told me it’s a good idea"" usa o apóstrofo corretamente para a contração de ""it is"".";CERTO
"16. ""The spaceship damaged its radar receiver"" está correto, pois ""its"" é um pronome possessivo e não leva apóstrofo.";CERTO
"17. ""James’s car is parked outside"" está correto ao adicionar um apóstrofo após o ""s"" para indicar posse.";CERTO
"18. ""The students' performance was excellent"" está correto ao usar apóstrofo para indicar posse no plural.";CERTO
"19. ""My boss’s office is on the top floor"" está correto ao adicionar apóstrofo após o ""s"" de um substantivo singular para indicar posse.";CERTO
"20. ""I don't like that dog’s behavior"" está correto ao usar apóstrofo para indicar posse de um substantivo singular.";CERTO
"21. ""I think you would look fine wearing either the silk blouse — the one with the floral pattern — or the leather jacket"" está correto ao usar travessão para separar informações longas.";CERTO
"22. ""She gave me a gift — a beautiful necklace"" usa travessão corretamente para dar ênfase à informação.";CERTO
"23. ""I think — it’s possible — we should leave soon"" está correto ao usar travessão para adicionar uma informação entre as orações.";CERTO
"24. ""His answer — if you ask me — is not convincing"" usa travessão corretamente para separar uma expressão de enfatização.";CERTO
"25. ""I will attend the meeting on Monday, — and on Tuesday, too"" usa travessão incorretamente para separar elementos em uma lista.";ERRADO - Não se usa travessão para separar elementos em uma lista.
"1. ""The idea of returning to the basics in the classroom — a notion which has been quietly supported by many teachers — is gaining currency"" usa travessão corretamente para adicionar uma explicação extra.";CERTO
"2. ""Chocolate, cream, honey and peanut butter — all go into this fabulously rich dessert"" usa travessão corretamente para concluir uma lista de elementos.";CERTO
"3. ""We were informed about some exotic menus — and rejected them all"" usa travessão corretamente para marcar uma mudança de pensamento.";CERTO
"4. ""The project — a complete failure — was dismissed by the committee"" usa travessão corretamente para adicionar informações extras.";CERTO
"5. ""She loves pizza, pasta, and ice cream — which are her favorites"" está correto ao usar travessão para adicionar uma explicação adicional.";CERTO
"6. ""We discussed many topics in the meeting — from budgeting to marketing strategies"" usa travessão corretamente para concluir uma lista de elementos.";CERTO
"7. ""The book — which has been on the bestseller list for weeks — is being adapted into a movie"" está correto ao usar travessão para adicionar uma explicação extra.";CERTO
"8. ""He came to the meeting — though he wasn’t feeling well — and participated actively"" usa travessão corretamente para adicionar uma informação extra.";CERTO
"9. ""We agreed on the budget — which was set at $1 million"" está correto ao usar travessão para marcar uma explicação adicional.";CERTO
"10. ""I can’t believe we got the tickets — and front-row seats too!"" usa travessão corretamente para marcar uma mudança de pensamento.";CERTO
"11. ""The restaurant has many dishes — some vegetarian, others with meat"" usa travessão corretamente para concluir uma lista de elementos.";CERTO
"12. ""The team won the game — though it wasn’t easy"" usa travessão corretamente para marcar uma mudança de pensamento.";CERTO
"13. ""I visited many countries — Italy, France, and Spain — during my trip"" está correto ao usar travessão para concluir uma lista de elementos.";CERTO
"14. ""The book was quite long — a real challenge to finish — but it was worth it"" usa travessão corretamente para adicionar uma explicação extra.";CERTO
"15. ""He loves to travel — and hopes to visit Japan soon"" usa travessão corretamente para marcar uma mudança de pensamento.";CERTO
"16. ""I couldn’t attend the event — due to work commitments"" usa travessão corretamente para adicionar uma explicação extra.";CERTO
"17. ""The teacher discussed many topics — including grammar, pronunciation, and writing"" usa travessão corretamente para concluir uma lista de elementos.";CERTO
"18. ""She was upset — but tried not to show it"" está correto ao usar travessão para marcar uma mudança de pensamento.";CERTO
"19. ""The new movie — which has received great reviews — is showing at the local theater"" usa travessão corretamente para adicionar uma explicação extra.";CERTO
"20. ""I like various types of fruit — apples, bananas, oranges"" está correto ao usar travessão para concluir uma lista de elementos.";CERTO
"21. ""The coffee — which was too strong for me — was left uneaten"" usa travessão corretamente para adicionar uma explicação extra.";CERTO
"22. ""They offered me a promotion — something I hadn’t expected — and I accepted"" usa travessão corretamente para adicionar uma informação extra.";CERTO
"23. ""The students were all present — except for one who was sick"" usa travessão corretamente para marcar uma mudança de pensamento.";CERTO
"24. ""The new employee — someone we’ve been expecting — arrived this morning"" está correto ao usar travessão para adicionar uma explicação extra.";CERTO
"25. ""She passed the exam with flying colors — and got a scholarship!"" usa travessão corretamente para marcar uma mudança de pensamento.";
