O MERCOSUL foi criado pelo Tratado de Assunção, de 1991.;CERTO
Os Grupos de Contadora e de Apoio foram originalmente criados com o objetivo de contribuir para a solução dos conflitos na América Central.;CERTO
Raúl Prebisch foi o grande formulador da visão da CEPAL sobre as questões do desenvolvimento latino-americano nos anos 1950 e 1960.;CERTO
MERCOSUL, União Europeia e NAFTA são agrupamentos econômicos regionais que implementaram ou objetivaram a liberalização dos fluxos de comércio intrazona.;CERTO
Segundo os teóricos da corrente liberal, ao transacionarem bens e serviços no mercado internacional, as nações tendem a produzir mais eficientemente, podendo obter ganhos mútuos.;CERTO
UNCTAD, OMC, APEC, CARICOM e GATT são instituições ou agrupamentos dedicados precipuamente a temas econômico-comerciais.;CERTO
A ALADI pode ser considerada um amplo e bem-sucedido exemplo de mercado comum implantado no hemisfério ocidental.;ERRADO
A Comunidade Andina é uma união de países andinos que visa ao estabelecimento de políticas comuns de comércio entre seus integrantes.;CERTO
O processo de integração que levou à criação do MERCOSUL teve origem na aproximação entre Argentina e Brasil em meados da década de 1980, conduzida pelos presidentes Raúl Alfonsín e José Sarney.;CERTO
A ampliação das trocas entre Brasil e Argentina hipertrofiou o comércio brasileiro com Paraguai e Uruguai e reduziu o poder de barganha dos membros do MERCOSUL no mercado mundial.;ERRADO
Diversamente da OMC, o MERCOSUL não possui personalidade jurídica de direito internacional nem competência para celebrar tratados internacionais.;ERRADO
A IIRSA foi um projeto aprovado na Primeira Reunião de Presidentes da América do Sul, em 2000, destinado a dotar a América do Sul de infraestrutura eficiente e moderna, com base em eixos de integração e desenvolvimento e na sinergia entre transportes, energia e comunicações.;CERTO
O MERCOSUL é uma união aduaneira à qual ainda faltam alguns instrumentos comuns de política comercial e que realiza conjuntamente negociações comerciais com terceiros países.;CERTO
As negociações da ALCA envolveram acesso a mercados para bens e serviços e disciplinas relativas a propriedade intelectual e investimentos.;CERTO
Um dos princípios consolidados para a negociação da ALCA foi o princípio do single undertaking.;CERTO
O nascimento do MERCOSUL deve ser visto como um desdobramento natural da evolução da ALADI.;CERTO
Ao se afastar, em 2003, das tratativas para implantação da ALCA, o Brasil sinalizou oposição às práticas norte-americanas de subsídios, especialmente na agricultura.;CERTO
O MERCOSUL, orientado pela lógica da globalização, segue o modelo da União Europeia, que prioriza exclusivamente o intercâmbio comercial.;ERRADO
O núcleo geoeconômico do MERCOSUL compreende concentrações industriais, áreas agrícolas modernas, portos e terminais de corredores de comércio exterior do Centro-Sul brasileiro, favorecendo a integração de cadeias produtivas dos países-membros.;CERTO
Um dos objetivos do Tratado de Cooperação Amazônica, assinado em 1978, é promover um modelo de desenvolvimento da região que atualmente pode ser denominado sustentável.;CERTO
O crescimento do intercâmbio comercial entre os Estados-membros do MERCOSUL está direcionado principalmente para a região Sul do Brasil, em razão da extensão territorial brasileira e dos custos de transporte.;ERRADO
O MERCOSUL nasceu da aproximação política entre os governos de Montevidéu e Assunção em meados dos anos 1980, aos quais posteriormente aderiram Brasil e Argentina.;ERRADO
O MERCOSUL constitui uma barreira aos investimentos de empresas transnacionais na indústria e nos serviços, favorecendo o fortalecimento das economias do bloco.;ERRADO
O MERCOSUL surgiu, entre outros objetivos, para oferecer aos seus membros condições mais favoráveis de inserção na economia mundial globalizada e competitiva.;CERTO
O regime militar brasileiro iniciou entendimentos com o governo argentino para evitar uma possível corrida nuclear.;CERTO
Em 1986, os presidentes José Sarney e Raúl Alfonsín foram os signatários do Tratado de Assunção, que criou o MERCOSUL.;ERRADO
A globalização da década de 1990 acentuou assimetrias entre os sistemas produtivos do Brasil e da Argentina.;CERTO
O acordo destinado à criação da zona de livre comércio entre MERCOSUL e União Europeia foi concluído durante o segundo mandato de Fernando Henrique Cardoso.;ERRADO
Na década de 1990, o processo de integração regional que originou o MERCOSUL começou por iniciativa do Uruguai e do Paraguai, aos quais se juntaram Brasil e Argentina.;ERRADO
O MERCOSUL é classificado como união aduaneira imperfeita porque há um regime de exceções tributárias decorrente das assimetrias internas que impede a aplicação de uma tarifa externa comum absolutamente uniforme entre os países-membros.;CERTO
O Brasil, em conjunto com a Argentina, criou e implantou mecanismo de pagamento em moeda local para agilizar e desburocratizar o intercâmbio comercial no MERCOSUL, mecanismo que poderia ser ampliado aos demais países do bloco.;CERTO
A prioridade brasileira à consolidação e expansão do MERCOSUL expressou-se no apoio a iniciativas de aprimoramento institucional, como a criação do FOCEM e do Parlamento do MERCOSUL.;CERTO
As dificuldades políticas e institucionais do MERCOSUL e o recrudescimento do protecionismo levaram à continuada retração da corrente de comércio do Brasil com o bloco nos cinco anos anteriores a 2009.;ERRADO
Com a criação da UNASUL, os instrumentos e as disciplinas comerciais do MERCOSUL deveriam ser gradativamente transferidos para esse organismo.;ERRADO
A primeira Cúpula da América Latina e do Caribe sobre Integração e Desenvolvimento (CALC), realizada em 2008, decidiu estabelecer formalmente uma Organização dos Estados da América Latina e do Caribe denominada OEALC.;ERRADO
Na CALC de 2008 houve amplo apoio à reinserção de Cuba no sistema interamericano e manifestações de condenação ao embargo comercial dos Estados Unidos contra Cuba.;CERTO
Os chefes de Estado e de Governo da CALC decidiram intensificar o diálogo, a interação e a sinergia entre os mecanismos regionais e sub-regionais de integração da América Latina e do Caribe.;CERTO
Durante a CALC, os líderes ressaltaram a urgência de uma conclusão exitosa da Rodada Doha da OMC, mediante um acordo equilibrado e equitativo de acesso a mercados para agricultura e produtos industriais.;CERTO
O MERCOSUL é uma organização dotada de personalidade jurídica de direito internacional.;CERTO
A UNASUL constitui um bloco regional financeiro-comercial voltado à proteção dos mercados sul-americanos diante da concorrência de bens e serviços procedentes de economias industrializadas, principalmente EUA, Europa e Japão.;ERRADO
Um dos objetivos da UNASUL é apoiar a implantação de infraestrutura física regional que permita a intensificação dos fluxos de comércio, o aprimoramento da prestação de serviços e a redução dos tempos e custos do trânsito de bens, pessoas e serviços entre os países-membros.;CERTO
A UNASUL tem como prioridade eliminar as assimetrias existentes na região, contribuindo, inclusive, para que os países-membros passem a estabelecer com o Brasil um comércio superavitário.;ERRADO
Constitui meta da UNASUL gerar condições políticas propícias para que os países sul-americanos atuem de forma uníssona em foros multilaterais, tais como a Assembleia-Geral, o Conselho de Segurança da ONU e a OMC.;CERTO
A UNASUL é um organismo político internacional formado pela junção das estruturas do MERCOSUL e da Comunidade Andina, que deverão desconstituir-se para consolidar a nova entidade regional.;ERRADO
A CALC, ocorrida em Salvador em dezembro de 2008, foi a primeira reunião de mandatários de toda a América Latina e Caribe sem o envolvimento de atores extrarregionais.;CERTO
O Acordo 4+1, ou Acordo do Jardim de Rosas, firmado no início da década de 1990, representou o primeiro compromisso entre os EUA e os países do MERCOSUL, que participaram das negociações individualmente, e não como bloco.;CERTO
Após a aprovação pelo Senado brasileiro, em dezembro de 2009, do protocolo de adesão da Venezuela ao MERCOSUL, restava apenas a ratificação do Paraguai, facilitada pelo fato de este país integrar a Aliança Bolivariana e pelo perfil político de esquerda de Fernando Lugo.;ERRADO
O MERCOSUL, criado pelo Tratado de Montevidéu, em 1991, inscreve-se na tradição da ALALC, que deu origem à ALADI, em 1980, formando um quadro normativo dirigido à construção de uniões aduaneiras.;ERRADO
O Acordo Multilateral de Seguridade Social do MERCOSUL, a Declaração Sociolaboral e o Protocolo de Integração Cultural são exemplos de instrumentos referentes à integração em matérias não econômicas, alcançados durante a primeira década do MERCOSUL.;CERTO
Sob a forma de reuniões especializadas, as primeiras iniciativas de integração nos campos da educação, justiça, ciência e tecnologia e meio ambiente ocorreram no período de transição de 1991 a 1994.;CERTO
Os temas não econômicos sempre estiveram articulados funcionalmente à agenda da integração comercial, sendo tratados em subgrupos de trabalho específicos e vinculados ao Grupo Mercado Comum.;ERRADO
No MERCOSUL, houve uniformização dos currículos e da duração das etapas da educação básica e reconhecimento automático de certificados e diplomas de educação profissional e superior, com direito automático ao exercício profissional nos países do bloco.;ERRADO
O Parlamento do MERCOSUL permite a formação de grupos políticos integrados por pelo menos 10% dos parlamentares se todos forem de um mesmo Estado-membro, ou por pelo menos cinco parlamentares caso sejam oriundos de mais de um Estado-membro.;ERRADO
A Ata de Buenos Aires, assinada por Argentina, Brasil, Paraguai e Uruguai em 1990, fixou para 1994 a formação de um mercado comum entre os quatro países.;ERRADO
São de responsabilidade do Grupo Mercado Comum, órgão superior do MERCOSUL, a direção do processo de integração dos Estados-membros e a tomada de decisões políticas.;ERRADO
O Programa MERCOSUL Social e Participativo, instituído em 2008, assegura a livre circulação de trabalhadores e o exercício de suas atividades laborais nos Estados-membros sem necessidade de vistos de trabalho.;ERRADO
Conforme o Protocolo Adicional sobre Compromisso com a Democracia, a UNASUL poderá, em caso de ruptura da ordem democrática de um Estado-membro, estabelecer o fechamento parcial ou total de suas fronteiras terrestres e a suspensão do fornecimento de energia a esse Estado.;CERTO
Os objetivos do Conselho de Defesa da América do Sul incluem a consolidação da América do Sul como zona de paz, a construção de identidade sul-americana em matéria de defesa e a geração de consensos para fortalecer a cooperação regional em defesa.;CERTO
A IIRSA é um programa formado pelos doze países da América do Sul e tem como objetivo buscar condições para o incremento da integração física da região.;CERTO
Do ponto de vista político, a Cláusula Democrática é a que mais se destaca no Protocolo de Ouro Preto.;ERRADO
Estabelecida em 2000, a IIRSA foi posteriormente incorporada ao Conselho Sul-Americano de Infraestrutura e Planejamento da UNASUL.;CERTO
A CASA tornou-se UNASUL em 2007 e, em 2008, foi criado o Conselho de Defesa Sul-Americano, cujo objetivo é contribuir para a unidade sul-americana na área de segurança.;CERTO
No MERCOSUL predomina a dimensão intergovernamental sobre a supranacional. O Protocolo de Ouro Preto, de 1994, atribuiu ao MERCOSUL personalidade jurídica como ator internacional.;CERTO
Sob influência da CEPAL, Guatemala, Honduras, Nicarágua e El Salvador assinaram, em 1960, o Tratado Geral de Integração Econômica Centro-Americano, com o intuito de criar uma união aduaneira, incorporando posteriormente a Costa Rica.;CERTO
No fim dos anos 1960, países latino-americanos, por meio do Acordo de Cartagena, conhecido como Pacto Andino, estabeleceram uma integração regional entre suas economias, incorporando posteriormente a Venezuela.;CERTO
A CARICOM foi criada nos anos 1960 por um tratado que só entraria efetivamente em atividade nos anos 1980.;ERRADO
George Bush e Carlos Salinas estabeleceram, no fim dos anos 1980, um acordo comercial entre EUA e México que criou uma união aduaneira, dando origem ao NAFTA.;ERRADO
A integração econômica da América do Sul envolve a UNASUL e o MERCOSUL, mas não considera a CELAC nem a CALC.;ERRADO
A UNASUL visa aprofundar a cooperação regional, evitando objetivos de integração regional para não criar resistências políticas.;ERRADO
O Conselho de Defesa da UNASUL rege-se pelos princípios estabelecidos nas Cartas da ONU e da OEA e respeita, entre outros princípios, a soberania e a integridade dos Estados.;CERTO
Entre os objetivos da UNASUL está a promoção da democracia, inclusive pela mediação de crises internas dos países-membros, como nos casos da tentativa separatista do Pando, da sublevação da Polícia Nacional do Equador e da crise entre Colômbia e Venezuela.;CERTO
A IIRSA é o principal foro de condução da integração da infraestrutura física sul-americana, enquanto cabe ao COSIPLAN levantar os recursos para realizar os investimentos.;ERRADO
O Tratado do Rio da Prata, assinado em 1979 por Brasil, Argentina, Paraguai e Uruguai, disciplinou o uso dos rios internacionais da região para produção de energia elétrica e irrigação agrícola.;ERRADO
Com a Ata das Cataratas, de 1966, o Brasil comprometeu-se a comprar o excedente de energia paraguaia gerado pela represa de Yacyretá pelo prazo de dez anos.;ERRADO
Em 1973, Brasil e Paraguai assinaram tratado para o aproveitamento hidrelétrico do rio Paraná, criando a empresa binacional Itaipu e estabelecendo participação igual dos dois países na construção, operação e divisão da energia gerada.;CERTO
O governo argentino defendeu que, antes da construção de represas na bacia do Paraná, deveria haver consulta prévia obrigatória aos países ribeirinhos do curso inferior dos rios internacionais de curso sucessivo.;CERTO
Diferentes economias têm investido em fórmulas regionais de integração produtiva, como na Ásia-Pacífico e na América do Sul, nas quais economias menores exportam bens de produção para economias maiores, que exportam bens finais para as menores.;CERTO
A globalização cristalizou definitivamente a divisão internacional do trabalho, tornando-se obstáculo absoluto para que países de renda média e de menor desenvolvimento relativo se reposicionem competitivamente.;ERRADO
A globalização enseja a livre expansão da mobilidade internacional de fatores de produção, capital financeiro, investimentos produtivos, conhecimento e mão de obra qualificada e informal.;CERTO
O reforço do multilateralismo, os custos do isolamento, os padrões ambientais, sociais e de segurança, as exigências de competitividade e a busca por qualificação profissional limitam estratégias nacionais de desenvolvimento baseadas em modelos autárquicos ou protecionistas.;CERTO
A Venezuela foi suspensa do MERCOSUL em dezembro de 2016 em razão da aplicação da cláusula democrática do Protocolo de Ushuaia.;ERRADO
Um dos aspectos pendentes da agenda comercial do MERCOSUL é a exclusão dos setores automotivo e açucareiro do regime de livre comércio.;CERTO
Espera-se que todos os Estados-partes do MERCOSUL regulamentem a eleição de seus representantes no Parlamento do bloco, criado em 2006 e reunido regularmente em Montevidéu, pelo voto direto, conforme determina seu Protocolo Constitutivo.;CERTO
O MERCOSUL tem buscado ampliar o número de acordos com outros países e blocos, como demonstra a retomada das negociações para um acordo com a União Europeia e a busca de maior cooperação com a Aliança do Pacífico.;CERTO
No Protocolo de Olivos para a Solução de Controvérsias no MERCOSUL, não há previsão de adoção de medidas provisórias por tribunal ad hoc constituído no âmbito do tratado.;ERRADO
A integração sul-americana despontou na agenda da política externa brasileira mediante iniciativas como a proposta de integração comercial formulada na primeira metade dos anos 90 e na década seguinte, a organização da Primeira Reunião de Presidentes de Países da América do Sul, a criação da CASA e a criação da UNASUL.;CERTO
A IIRSA, criada por iniciativa brasileira em 2000, segue como principal mecanismo para o tratamento de questões de infraestrutura regional no COSIPLAN da UNASUL.;CERTO
Concebido originalmente para o estabelecimento de um mercado comum, o MERCOSUL incorporou à sua agenda e estrutura organizacional, ainda no período de transição, amplo conjunto de temas não econômicos, o que dificultou sua consolidação como união aduaneira.;ERRADO
Embora o Conselho de Defesa Sul-Americano tenha sido concebido para consolidar a América do Sul como zona de paz, temas como narcotráfico e delinquência associada a ilícitos transnacionais não se afirmaram em sua agenda, sendo tratados em conselhos específicos da UNASUL.;CERTO
O Acordo de Associação entre MERCOSUL e União Europeia inclui três pilares: diálogo político, cooperação e livre comércio. O acordo comercial abrange temas como facilitação de comércio, cooperação aduaneira, integração regional, subsídios e pequenas e médias empresas.;CERTO
Antes da primeira reunião de presidentes da América do Sul, as iniciativas diplomáticas brasileiras voltadas para a região eram limitadas em alcance geográfico ou em suas agendas, não expressando abordagem genuinamente regional e abrangente da dimensão sul-americana da política externa brasileira.;CERTO
O MERCOSUL é tributário dos esforços de integração protagonizados por Brasil e Argentina a partir de 1985, mas também representou resposta às tendências liberalizantes que se conformavam nos diferentes espaços regionais e no sistema multilateral de comércio.;CERTO
Tendo alcançado o estágio de união aduaneira ao final de 1994, a agenda do MERCOSUL voltou-se prioritariamente para o estabelecimento de um mercado comum, centrando-se em temas como convergência macroeconômica, integração produtiva e liberalização dos fluxos de capital e mão de obra.;CERTO
A UNASUL, criada em dezembro de 2008, sucedeu a CASA e ampliou o escopo da integração sul-americana ao incorporar à própria agenda e arcabouço institucional iniciativas anteriores de alcance regional nos campos da integração da infraestrutura e da liberalização comercial.;ERRADO
Em resposta aos protestos ocorridos no Equador em outubro de 2019, os países do MERCOSUL emitiram nota conjunta para repudiar a violência e propor, provisoriamente, a suspensão do Equador como membro associado do bloco.;ERRADO
Em 2019, o MERCOSUL e a EFTA firmaram um acordo de livre comércio pelo qual a EFTA se comprometeu a eliminar todas as tarifas de importação dos setores industrial e pesqueiro.;ERRADO
Mais de um quinto das exportações brasileiras foi destinado ao MERCOSUL e à União Europeia em 2019. Somados, os dois blocos representaram o segundo maior destino das exportações brasileiras, atrás somente da China.;CERTO
Os países do MERCOSUL e da Aliança do Pacífico assinaram o Acordo-Quadro sobre Facilitação do Comércio no lançamento do Plano de Ação de Puerto Vallarta, em 2018, comprometendo-se a reduzir em 15% as tarifas agrícolas em cinco anos.;ERRADO
A incorporação do Paraguai e do Uruguai ao MERCOSUL levou à reformulação do objetivo originalmente pactuado entre Brasil e Argentina de estabelecer um mercado comum, em favor de uma área de livre comércio sob uma união aduaneira.;ERRADO
Acompanhando a agenda econômica e comercial do MERCOSUL, houve avanços na agenda não econômica, entre outros, nos campos educacional, da seguridade social e da livre circulação de pessoas no interior do bloco.;CERTO
As negociações do Acordo de Associação MERCOSUL–União Europeia, apesar de seu escopo comercial, foram marcadas por dificuldades políticas decorrentes de diferentes abordagens e impasses acerca de questões extrapauta como defesa, cibersegurança, combate ao terrorismo, direitos humanos e desenvolvimento sustentável.;ERRADO
O exercício da Presidência pro tempore do MERCOSUL, alternadamente pelos países-membros durante seis meses, permite aproximar suas agendas e prioridades domésticas da agenda do bloco. Em 2023, o Brasil priorizou, entre outros temas, o financiamento da infraestrutura física e digital e o fortalecimento das instituições do bloco.;CERTO
Nas décadas de 1940 e 1950, o debate econômico mundial concentrava-se na atuação do Estado e no incentivo ao uso da poupança ociosa, enquanto, na América Latina, o foco era mais voltado para o protecionismo.;ERRADO
O pensamento cepalino não apresenta semelhanças com o pensamento keynesiano surgido na década de 1930, pois a condição de subdesenvolvimento latino-americana exigia uma refutação completa da teoria econômica dos países desenvolvidos.;ERRADO
O desequilíbrio estrutural do balanço de pagamentos é apontado pela CEPAL como uma das consequências do livre comércio e pode justificar medidas cambiais menos ortodoxas utilizadas no Brasil nas décadas de 1940 e 1950.;CERTO
A noção de centro-periferia relaciona-se, no plano interno, à existência de um setor exportador de alta produtividade e de setores de baixa produtividade no restante das economias latino-americanas.;CERTO
A Rota da Ilha das Guianas inclui Guiana, Guiana Francesa, Suriname e Venezuela, além de Amapá, Amazonas, Pará e Roraima, tendo como principal via de interconexão a estrada Transguianense, que liga Caiena a Paramaribo e Georgetown.;ERRADO
A integração econômica, política, social e cultural dos povos da América Latina é expressamente prevista na Constituição Federal de 1988.;CERTO
As jazidas de fertilizantes potássicos recém-descobertas em Itacoatiara e Itapiranga, no Amazonas, representam vantagens energéticas e logísticas para o Brasil e outros países amazônicos, por estarem próximas às linhas de transmissão de Tucuruí e às margens do rio Amazonas, na convergência de três rotas de integração e desenvolvimento.;ERRADO
Além de recursos orçamentários, as obras de integração previstas no projeto Rotas de Integração e Desenvolvimento Sul-Americano devem contar com financiamento do BNDES, BID, CAF, FONPLATA e FMI.;ERRADO
As dificuldades de integração energética no Cone Sul estão relacionadas à ausência histórica de intercâmbios de energia e de infraestrutura de interconexão das redes de eletricidade e gás natural entre os países da região.;ERRADO
É competência do Parlamento do MERCOSUL, conforme seu Protocolo Constitutivo de dezembro de 2005, velar pela preservação dos regimes democráticos nos Estados-partes.;CERTO
Entre as iniciativas que contribuíram para a construção de um espaço de integração sul-americano após a redemocratização brasileira incluem-se a realização da I Reunião dos Chefes de Estado e de Governo da América do Sul e a criação da UNASUL.;CERTO
Do ano anterior à criação do MERCOSUL até a virada do último milênio, aproximadamente nos dez primeiros anos de existência do bloco, o comércio intrazonal mais que quadruplicou.;CERTO
Nos últimos vinte anos, o Brasil experimentou maior diversidade nos fluxos migratórios recebidos, destacando-se o aumento das migrações provenientes de países vizinhos, especialmente após a implementação do Acordo sobre Residência para Nacionais dos Estados-partes do MERCOSUL e países associados.;CERTO
Segundo a teoria da mundialização, defendida a partir dos anos 1990, a queda das fronteiras e barreiras internacionais contribui para a ampliação do mercado globalizado de produtos e para a reorganização das cadeias produtivas em escala mundial.;CERTO
A política de abertura de fronteiras tem garantido a livre circulação de mercadorias e pessoas, favorecendo o crescimento econômico, a reposição de mão de obra e a competitividade territorial nos países-membros de blocos como NAFTA, MERCOSUL e UE.;ERRADO
O bloco geoeconômico da UE é defensor da abertura das fronteiras nacionais, dado o menor custo político e econômico dessa estratégia em comparação com o fechamento das fronteiras externas do bloco.;CERTO
A baixa complementaridade econômica, as assimetrias políticas e sociais e as limitações das estruturas estatais e burocráticas dos países-membros do MERCOSUL constituem obstáculos à efetivação de acordos de integração no bloco.;CERTO
A participação brasileira na UNASUL foi reativada a partir de 2023, ano em que foi editado decreto que promulgou o tratado constitutivo dessa união, criada em 2008.;CERTO
Na perspectiva do estruturalismo da CEPAL, a dualidade entre centro desenvolvido e periferia subdesenvolvida decorre, entre outros fatores, das diferenças tecnológicas entre atividades primárias e industriais; essa perspectiva pode ser redimensionada pela análise de sistemas-mundos, que incorpora o conceito de semiperiferia.";CERTO
Atualmente são membros plenos do MERCOSUL os países fundadores — Argentina, Brasil, Paraguai e Uruguai — e a Venezuela, estando a Bolívia em processo de adesão.;ERRADO
Em pronunciamento recente, o presidente de um dos países integrantes do MERCOSUL expressou desejo de negociar acordo comercial independente com os EUA, mesmo que, para isso, seu país tivesse de se retirar do bloco.;CERTO
Entre os membros da União Europeia, somente França e Itália são contrárias ao Tratado de Livre Comércio com o MERCOSUL, enquanto a Holanda apenas manifestou reservas ao acordo.;ERRADO
Apesar de possuir um Acordo-Quadro sobre Meio Ambiente desde 2001, o MERCOSUL não possui legislação ou políticas comuns que promovam efetivamente o desenvolvimento sustentável.;ERRADO
A teoria da deterioração dos termos de troca tem como um de seus pressupostos o fato de países dependentes ou periféricos serem pequenos no contexto do comércio internacional, ou seja, serem tomadores de preços.;CERTO
Conforme os tratados constitutivos do MERCOSUL, as normas do bloco, de qualquer natureza, possuem vigência e aplicação imediata nos ordenamentos jurídicos dos Estados-partes.;ERRADO
O Tratado de Assunção, celebrado em 1991, concedeu personalidade jurídica de direito internacional ao MERCOSUL.;ERRADO
As normas emanadas dos órgãos do MERCOSUL terão caráter obrigatório e deverão, quando necessário, ser incorporadas aos ordenamentos jurídicos nacionais mediante os procedimentos previstos pelo Conselho do Mercado Comum.;CERTO
O MERCOSUL está vinculado à ALADI, na forma de acordo de complementação econômica entre Argentina, Brasil, Paraguai e Uruguai, e obedece aos princípios e normas daquela associação.;CERTO
A livre circulação de mão de obra não é uma das metas a serem alcançadas pelo processo de integração do MERCOSUL.;ERRADO
A jurisdição de tribunal arbitral constituído para solução de determinada controvérsia, de acordo com o Protocolo de Brasília, não é obrigatória, pois depende de acordo especial entre as partes envolvidas.;ERRADO
Acordos Comerciais Preferenciais são acordos em que os Estados-partes concedem-se mutuamente descontos nas tarifas de importação e outras facilidades de acesso a mercados.;CERTO
O NAFTA prevê a expansão da integração econômica no continente, que teria início com a proposta do presidente George Bush para criação da ALCA.;ERRADO
O NAFTA prevê o aprofundamento da integração econômica entre os Estados-partes, evoluindo para uma união aduaneira e para a coordenação de políticas macroeconômicas.;ERRADO
O NAFTA prevê que os Estados-partes devem submeter aos demais signatários propostas de outros acordos de complementação econômica que pretendam integrar.;ERRADO
Por ser compatível com o Artigo XXIV do GATT, o NAFTA prevê a liberalização comercial, ainda que gradual, em todos os setores das economias envolvidas e a comunicação formal aos demais integrantes do GATT da intenção de constituir um processo de integração regional.;CERTO
O Secretariado do NAFTA é responsável pela administração das disposições do acordo referentes à solução de controvérsias.;CERTO
O Protocolo de Ouro Preto deu origem ao Conselho do Mercado Comum e ao Grupo Mercado Comum, principais instâncias institucionais do MERCOSUL.;ERRADO
O Protocolo de Ouro Preto, ao levar adiante a decisão de constituir uma união aduaneira, obrigou os governos dos Estados-partes a coordenar suas políticas macroeconômicas relativas ao déficit fiscal e à estabilidade de preços.;ERRADO
O Protocolo de Ouro Preto instituiu a Comissão de Comércio do MERCOSUL e a Secretaria Administrativa do MERCOSUL, além de conferir ao Conselho do Mercado Comum faculdade para criar órgãos auxiliares.;CERTO
O Protocolo de Ouro Preto instituiu representação proporcional ao número de habitantes na Comissão Parlamentar Conjunta.;ERRADO
O Protocolo de Ouro Preto reduziu a dimensão intergovernamental do MERCOSUL e criou um eficaz mecanismo de solução de controvérsias comerciais.;ERRADO
O regime de livre comércio do MERCOSUL, implantado a partir de 1.º de janeiro de 1995, manteve como exceção o comércio de automóveis e açúcar.;CERTO
O Tratado de Assunção enuncia como principal objetivo o estabelecimento de um mercado comum entre Argentina, Brasil, Paraguai e Uruguai até dezembro de 1994.;CERTO
Uma união aduaneira pressupõe a livre movimentação de bens, capital e mão de obra e a adoção de uma tarifa externa comum.;ERRADO
Uma união aduaneira pressupõe a liberalização do comércio entre os países que a integram e a adoção de uma tarifa comum para importações provenientes de terceiros países.;CERTO
O NAFTA prevê a criação de um mercado comum entre seus membros para fazer frente ao projeto de integração da Comunidade Econômica Europeia.;ERRADO
O NAFTA foi precedido por acordo bilateral de livre comércio entre Estados Unidos e Canadá.;CERTO
O NAFTA compreende a totalidade dos bens e serviços comercializados pelos três países, além de disciplinas complementares relacionadas ao meio ambiente e aos direitos trabalhistas.;CERTO
O NAFTA prevê prazo de doze anos para a total liberalização do comércio de bens entre Estados Unidos e Canadá e de quinze anos para a abertura total do mercado mexicano.;ERRADO
O NAFTA representa um acordo totalmente conforme à normativa da Organização Mundial do Comércio.;ERRADO
A Comunidade Andina foi criada no âmbito da ALALC e atualmente é integrada por Bolívia, Chile, Equador, Peru, Colômbia e Venezuela.;ERRADO
A Comunidade Andina conforma uma união aduaneira, pois sua tarifa externa comum foi implementada em todos os países-membros a partir de 1995.;ERRADO
A Comunidade Andina contempla o livre comércio de bens e serviços entre todos os países-membros, estando a Colômbia temporariamente suspensa em razão de conflito interno.;ERRADO
A Comunidade Andina instaurou, desde 1993, uma área de livre comércio para bens da qual participam todos os países-membros, exceto o Peru, que se incorporou gradualmente.;CERTO
A Comunidade Andina conforma um mercado comum, pois foram abolidas as restrições ao comércio de bens e serviços e à movimentação dos fatores de produção.;ERRADO
Constituem exceção ao livre comércio no MERCOSUL os produtos agrícolas.;ERRADO
Constituem exceção ao livre comércio no MERCOSUL os produtos que estejam causando prejuízo à indústria doméstica de um Estado-parte.;ERRADO
Constituem exceção ao livre comércio no MERCOSUL os produtos fabricados com peças e insumos estrangeiros correspondentes a 20% do valor final do produto.;ERRADO
Constituem exceção ao livre comércio no MERCOSUL os produtos têxteis e de vestuário.;ERRADO
Constituem exceção ao livre comércio no MERCOSUL os produtos procedentes de zonas francas ou áreas afins.;CERTO
NÃO constitui objetivo previsto no Tratado de Assunção a livre circulação de trabalhadores.;CERTO
NÃO constitui objetivo previsto no Tratado de Assunção a livre circulação de mercadorias.;ERRADO
NÃO constitui objetivo previsto no Tratado de Assunção a adoção de uma moeda única.;CERTO
NÃO constitui objetivo previsto no Tratado de Assunção a adoção de uma tarifa externa comum.;ERRADO
NÃO constitui objetivo previsto no Tratado de Assunção a coordenação de políticas macroeconômicas.;ERRADO
A existência do MERCOSUL insere-se no quadro da economia contemporânea globalizada e competitiva, que estimula a formação de blocos econômicos como forma de melhorar a inserção dos participantes no mercado mundial.;CERTO
O ponto de partida para a constituição do MERCOSUL foi a aproximação entre Brasil e Argentina nos anos 1980, seguida pela incorporação do Paraguai e do Uruguai.;CERTO
Um dos pontos frágeis do funcionamento do MERCOSUL está em seu mecanismo de solução de controvérsias entre os países integrantes.;CERTO
As “últimas divergências entre Brasil e Argentina” mencionadas no texto referiam-se à decisão argentina de impor obstáculos à importação de eletrodomésticos brasileiros, como geladeiras.;CERTO
A escolha de Assunção como sede do Tribunal Permanente de Revisão provavelmente decorreu do grande potencial paraguaio na produção de manufaturados e de sua reconhecida vocação para a formação de juristas.;ERRADO
Com a criação do Tribunal Permanente de Revisão, o MERCOSUL iguala-se à União Europeia quanto ao número, à diversidade e à abrangência das instituições de apoio ao processo de integração.;ERRADO
Desde o governo Itamar Franco, passando pelo governo Fernando Henrique Cardoso, o Brasil manifestou oposição visceral à ALCA por considerá-la instrumento da ação imperialista dos EUA no continente.;ERRADO
O MERCOSUL, criado em 1994, favoreceu as trocas comerciais entre seus membros e consolidou-se como primeiro passo para a mundialização da atuação de empresas nacionais desses países.;ERRADO
A criação do MERCOSUL está relacionada à redemocratização política do Brasil e da Argentina em meados da década de 1980.;CERTO
O MERCOSUL foi concebido a partir do PICE, baseado na integração gradual e flexível por meio de acordos específicos em setores industriais, visando aumentar a competitividade internacional das duas economias.;CERTO
Assim como a União Europeia, o MERCOSUL desenvolve-se por mecanismos de delegação de soberania, pelos quais os Estados transferem parte de suas atribuições a organismos internacionais.;ERRADO
O MERCOSUL caracteriza-se pelo intenso intercâmbio intrarregional, especialmente em razão das complementaridades econômicas entre os países signatários, sobretudo Brasil e Argentina.;CERTO
A crise cambial brasileira de 1999 e as crises financeira e cambial argentinas de 2001 provocaram a mais grave crise do MERCOSUL.;CERTO
Fazem parte do aparato teórico e das propostas de política econômica da CEPAL: teoria da deterioração dos termos de intercâmbio, sistema centro-periferia, teoria estruturalista da inflação e defesa do Estado desenvolvimentista, bem como a defesa da livre mobilidade dos capitais.;ERRADO
A definição da Tarifa Externa Comum (TEC) no MERCOSUL requereu a discussão de normas de origem, regulamento de salvaguardas, regimes de defesa contra práticas desleais de comércio e tratamento de zonas francas e zonas de processamento para exportações.;CERTO
O tratado que estabeleceu a personalidade jurídica internacional do MERCOSUL foi o Tratado de Assunção.;ERRADO
A Presidência do Conselho do Mercado Comum será exercida por rotação dos Estados-Partes, em ordem alfabética, pelo período de um ano.;ERRADO
Zonas de livre comércio resultam da eliminação das tarifas internas e do estabelecimento de tarifas comuns em relação a países não membros.;ERRADO
Uma união aduaneira admite a livre circulação de capital e trabalho entre os membros, além de uma política comercial comum.;ERRADO
Uma união aduaneira pressupõe a existência de uma tarifa comum em relação a países não membros.;CERTO
A crise cambial brasileira de 1999 e os colapsos financeiro e cambial argentinos de 2001 provocaram a mais séria crise do MERCOSUL, pois Brasil e Argentina são os grandes responsáveis pelo delineamento político, jurídico e institucional do bloco.;CERTO
A liberdade de exercício do sufrágio em qualquer Estado-membro constitui uma das quatro liberdades específicas de um mercado comum.;ERRADO
Uniões monetárias e mercados comuns, assim como acordos preferenciais e áreas de livre comércio, dispensam a vizinhança geográfica entre os países para serem bem-sucedidos.;CERTO
A possibilidade de acordos de integração regional melhorarem os termos de troca dos membros às expensas dos não membros, incentivando a manutenção de barreiras externas, constitui um dos custos desses acordos.;CERTO
O NAFTA é exemplo clássico de união aduaneira, pois seus membros adotam tarifa externa comum e coordenam políticas fiscais e monetárias.;ERRADO
Se subestimado, o capital de interação societária e intelectual pode levar ao equívoco de que o MERCOSUL não teria penetrado nos tecidos sociais da região.;CERTO
A involução do comércio intra-MERCOSUL foi capturada pelas estatísticas relativas ao comércio exterior dos países da sub-região.;CERTO
A cooperação nuclear entre Argentina e Brasil, ao final das ditaduras militares, constituiu capítulo importante para a formação do ambiente de cooperação que contribuiu para o nascimento do MERCOSUL.;CERTO
O Tratado de Assunção e o Protocolo de Ouro Preto, embora não tenham sido cumpridos em todos os aspectos, proporcionaram previsibilidade e confiança aos negociadores e operadores da integração sub-regional.;CERTO
A cláusula democrática do MERCOSUL jamais foi invocada na prática.;ERRADO
Embora política exterior e política de comércio exterior não sejam necessariamente iguais, uma não subsiste sem a outra na globalização contemporânea.;ERRADO
A Conferência da OMC realizada em Cancún, em 2003, evidenciou forte mobilização diplomática para a constituição de estruturas negociais duradouras que contenham liberalização comercial de mão única.;ERRADO
As assimetrias do comércio internacional são naturalmente corrigidas pela força da mão invisível e pela movimentação natural dos fatores econômicos.;ERRADO
A internacionalização das economias emergentes, como China e Índia, vem modificando fluxos tradicionais de comércio e criando novas áreas de movimentação entre economias centrais e grandes economias do Hemisfério Sul.;CERTO
Novas potências econômicas e comerciais tendem a reivindicar, ao longo da história das relações internacionais, maior presença nos espaços estratégicos de poder global.;CERTO
Os processos de integração econômica e formação de blocos nasceram, cresceram e se desenvolveram apenas pela vontade de atores econômicos.;ERRADO
A ampliação do comércio intrarregional na América do Sul decorreu exclusivamente da atuação dirigida por agentes político-diplomáticos.;ERRADO
A adesão ao MERCOSUL implica tarifa externa comum, respeitada a lista de exceções.;CERTO
União Europeia e MERCOSUL distinguem-se do NAFTA por estarem ancorados em instituições econômicas internacionais que lhes conferem maior legitimidade.;ERRADO
O MERCOSUL, embora tenha alcançado ganhos relativos substantivos, ainda apresenta problemas estruturais ligados especialmente à assimetria econômica entre os sócios.;CERTO
A balança de poder contemporânea, pouco favorável à integração econômica, privilegia temas relacionados a regimes internacionais que enquadram a dimensão social das relações internacionais.;ERRADO
A globalização é um fenômeno puramente econômico-financeiro fundamentado no alcance mundial do mercado.;ERRADO
O desenvolvimento tecnológico impulsiona o fluxo de capitais e também promove o crescimento da produção industrial.;CERTO
A globalização econômica produziu segmentação do espaço econômico mundial, expressa na formação de blocos econômicos regionais como o MERCOSUL.;CERTO
A globalização produziu aumento jamais visto da demanda por mão de obra e, portanto, pleno emprego nos países ricos.;ERRADO
Barreiras não tarifárias podem envolver questões ambientais, sanitárias e sociais, assumindo importância estratégica no comércio internacional.;CERTO
O desenvolvimento da tecnologia da informação, vetor da globalização, também amplia as possibilidades de expansão do crime organizado, terrorismo, máfias e tráfico de drogas.;CERTO
A globalização diminuiu a concorrência entre produtos agrícolas no mercado internacional, impulsionando a modernização da agricultura brasileira.;ERRADO
A América do Sul apresenta valor estratégico positivo para a política externa brasileira e para a visão do Brasil acerca de seu papel no mundo.;CERTO
A integração da América do Sul objetiva apenas promover fluxos comerciais e atrair investimentos.;ERRADO
Disputas políticas são naturais em processos de cooperação e integração, mas devem ser administradas para não comprometer o projeto integracionista.;CERTO
O Brasil tem interesse na integração sul-americana tanto pelos benefícios da cooperação quanto pelas oportunidades de criação de uma região economicamente desenvolvida e socialmente justa.;CERTO
Energia, infraestrutura e logística sul-americanas são temas fundamentais dos programas de integração regional.;CERTO
Os conflitos comerciais com Argentina e divergências com Paraguai e Uruguai fizeram o Brasil deixar de privilegiar o MERCOSUL como núcleo da integração regional, substituindo-o pela IIRSA, CASA e UNASUL.;ERRADO
O MERCOSUL ficou relegado a posição secundária na política regional brasileira, preservando importância apenas comercial, enquanto questões políticas e de segurança passaram à UNASUL.;ERRADO
O MERCOSUL diferencia-se da UNASUL por ter como objetivo último a constituição de um mercado comum e possuir agenda comercial e não econômica, incluindo educação, cultura, justiça, meio ambiente e previdência social.;CERTO
O FOCEM e o Parlamento do MERCOSUL demonstram disposição brasileira de aprofundar a integração sub-regional simultaneamente à construção de uma estrutura institucional sul-americana representada pela UNASUL.;CERTO
Desde a primeira tentativa de integração regional das Américas, no final do século XIX, as disparidades e desigualdades entre as nações do continente se acentuaram significativamente.;ERRADO
O Tratado de Assunção, de março de 1991, estabeleceu como objetivo a formação de um mercado comum entre Argentina, Brasil, Paraguai e Uruguai, embora tenha regulamentado inicialmente um mecanismo de liberalização comercial.;CERTO
O Protocolo de Ouro Preto, de 1994, conferiu ao MERCOSUL personalidade jurídica de direito internacional, habilitando-o a negociar acordos e praticar atos necessários à realização de seus objetivos.;CERTO
O Grupo Mercado Comum é responsável por acompanhar e revisar matérias relativas às políticas comerciais comuns, especialmente a TEC e o comércio intra-MERCOSUL e com terceiros.;ERRADO
O MERCOSUL conforma uma união aduaneira, que pressupõe formalmente um regime de livre comércio interno e uma tarifa externa comum.;CERTO
O MERCOSUL é um arranjo intergovernamental, com o Conselho do Mercado Comum como principal instância de decisão política e o consenso como critério decisório.;CERTO
O Brasil utilizou o MERCOSUL para adaptar-se às circunstâncias econômicas do início dos anos 1990, quando a formação de blocos econômicos despontava como característica da economia mundial.;CERTO
A suspensão das negociações da ALCA não interrompeu as relações econômicas Brasil-EUA, tendo o comércio bilateral aumentado significativamente desde então.;CERTO
O Pacto ABC, a ALALC e o SELA constituíram esforços de integração comercial multilateral na América Latina que antecederam e influenciaram diretamente o MERCOSUL.;ERRADO
A Operação Pan-Americana, de Juscelino Kubitschek, representou marco nas relações continentais ao defender o revigoramento do pan-americanismo e maior compromisso dos EUA com o desenvolvimento latino-americano.;CERTO
Nas décadas de 1970 e 1980, as políticas comerciais dos países desenvolvidos assumiram caráter predominantemente liberalizante, em resposta ao protecionismo dos países em desenvolvimento.;ERRADO
Acordos de integração regional podem proporcionar economias de escala e ganhos de eficiência decorrentes do aumento da competição entre empresas dos países-membros.;CERTO
A União Europeia constitui uma união aduaneira porque, além de eliminar restrições comerciais internas, possui moeda comum e políticas fiscais e monetárias unificadas.;ERRADO
As regras tarifárias do NAFTA para produtos agrícolas aplicam-se igualmente aos três países signatários.;ERRADO
No âmbito da ALADI, podem ser consideradas originárias mercadorias fabricadas nos territórios participantes, inclusive mediante montagem com materiais originários dos países participantes e de terceiros, conforme as regras aplicáveis.;CERTO
O MERCOSUL possui estrutura intergovernamental, com negociações entre governos, decisões consensuais e ausência de votações como mecanismo ordinário de decisão.;CERTO
O MERCOSUL possui personalidade jurídica de direito internacional.;CERTO
O MERCOSUL garante, de forma semelhante à União Europeia, uma união econômica, monetária e política entre países.;ERRADO
A adoção de uma política comercial comum em relação a terceiros Estados é um dos objetivos da criação do MERCOSUL.;CERTO
No Protocolo Constitutivo do Parlamento do MERCOSUL, está expressamente estabelecido o princípio da promoção do acesso a medicamentos.;ERRADO
Existe uma tradição teórica latino-americana de pensar a integração da região como algo necessário para maior autonomia política e desenvolvimento econômico, que remonta à época das independências e encontra expressão moderna no estruturalismo da CEPAL.;CERTO
O MERCOSUL foi criado pelo Tratado de Integração, Cooperação e Desenvolvimento firmado originalmente por Brasil e Argentina em 1988 e expandido, com a incorporação do Uruguai e do Paraguai, mediante o Tratado de Assunção de março de 1991.;ERRADO
O MERCOSUL objetiva, formalmente, a constituição da união econômica implicando a livre circulação de bens, serviços, capitais e mão de obra, a adoção de uma moeda comum e a criação de instituições supranacionais.;ERRADO
O processo de integração econômica sob a égide do MERCOSUL remonta à superação do contencioso Itaipu-Corpus entre Brasil e Argentina e aos instrumentos firmados por ambos os países.;CERTO
O Conselho do Mercado Comum, o Grupo Mercado Comum e a Comissão de Comércio do MERCOSUL são instâncias intergovernamentais que adotam o consenso como critério decisório.;CERTO
O Protocolo de Ouro Preto estabeleceu os critérios e procedimentos para a resolução de controvérsias comerciais entre os Estados-partes, a estrutura institucional definitiva do bloco e os requisitos para a adesão de novos membros.;ERRADO
O MERCOSUL conforma uma união aduaneira, envolvendo um regime de livre comércio que alcança parcela substancial do comércio entre os Estados-partes e a aplicação da Tarifa Externa Comum (TEC).;CERTO
O Tratado de Assunção dispôs os objetivos formais do MERCOSUL, sua estrutura institucional provisória e o mecanismo para a instauração, em quatro anos, de uma área de livre comércio entre os Estados-partes.;ERRADO
O Brasil associou-se à tendência de formação de blocos econômicos com o propósito de explorar condições privilegiadas de acesso aos mercados integrados e dinamizar o mercado nacional mediante ampla abertura às importações provenientes dos países desenvolvidos.;ERRADO
A possibilidade de desvio de comércio que afetasse as exportações brasileiras nos mercados regionais levou o Brasil a assumir posição cautelosa frente às propostas norte-americanas de criação de uma área de livre comércio de alcance continental.;CERTO
A articulação de um projeto de integração econômica sub-regional, que permitisse ao país negociar em termos mais equilibrados com seus principais parceiros do mundo desenvolvido, foi elemento central da estratégia brasileira de inserção internacional nos anos 1990.;CERTO
O Brasil manteve forte interesse nas negociações comerciais entre o MERCOSUL e a União Europeia em razão da liberalização do comércio agrícola e de motivações políticas associadas ao fortalecimento do multilateralismo e da multipolaridade.;CERTO
Por representarem iniciativas de liberalização comercial, os blocos comerciais regionais não colocam em risco a consecução dos objetivos principais do sistema multilateral de comércio.;ERRADO
O regionalismo aberto é expressão propositiva da possibilidade de harmonizar o tratamento preferencial próprio dos blocos comerciais com o impulso liberalizante da globalização econômica.;CERTO
A proliferação de acordos regionais expressa a preocupação dos governos em exercer maior controle sobre os fluxos de comércio e investimento que impulsionam a globalização econômica.;CERTO
A sequência correta dos órgãos do MERCOSUL, conforme as descrições apresentadas, é II, IV, VI, I, III, V.;CERTO
A TEC do MERCOSUL é adotada pelo Brasil, Argentina, Paraguai, Uruguai, Chile e Venezuela.;ERRADO
O tratado assinado em 1991 para a constituição de um mercado comum entre Argentina, Brasil, Paraguai e Uruguai foi o Tratado de Assunção.;CERTO
Entre as medidas compreendidas pelo acordo do MERCOSUL inclui-se a adoção de uma moeda comum pelos países membros.;ERRADO
Entre os produtos que integram a lista de exceções à TEC do Brasil estão bens de capital, bens de informática e de telecomunicações e cereais, como trigo e cevada.;CERTO
Dentre os países associados ao MERCOSUL, o Chile é o país que mais frequentemente tem buscado acordos comerciais fora da América do Sul.;CERTO
O Tratado de Assunção criou o Conselho do Mercado Comum, órgão superior do MERCOSUL responsável pela condução política do processo de integração.;ERRADO
A emissão do certificado de origem pode ser requerida para comprovar a procedência do bem e dar direito ao tratamento preferencial tarifário no país importador.;CERTO
As partes litigantes podem submeter a controvérsia comercial à apreciação do Grupo Mercado Comum, que atua como órgão conciliador, propondo recomendações para a solução da disputa.;CERTO
A integração política e econômica da América do Sul consiste em prioridade da política externa brasileira, evidenciada pela convergência política, técnica e macroeconômica entre MERCOSUL, ALBA e CAN.;ERRADO
A convocação, em agosto e setembro de 2000, da primeira reunião de presidentes da América do Sul, em Brasília, evidenciou a prioridade brasileira atribuída à integração sul-americana.;CERTO
O artigo 4º, parágrafo único, da Constituição Federal determina que o Brasil buscará a integração econômica, política, social e cultural dos povos da América Latina.;CERTO
O Programa de Substituição Competitiva de Exportações buscou impulsionar o comércio entre o Brasil e os países sul-americanos, substituindo, quando possível e de forma competitiva, importações brasileiras de terceiros mercados por importações provenientes da América do Sul.;CERTO
A IIRSA foi instituída durante a reunião de presidentes sul-americanos com o objetivo de conectar projetos de transporte, energia e comunicações entre os doze países sul-americanos.;CERTO
Entre as características da política externa brasileira contemporânea inclui-se a maior integração sul-americana, com a extensão do FOCEM para os demais países sul-americanos.;ERRADO
A globalização é caracterizada pela supremacia econômica, cultural, política e militar dos EUA, exercida de maneira isolacionista e unilateral.;ERRADO
É característica do MERCOSUL a existência de uma Tarifa Externa Comum.;CERTO
O Tribunal Permanente de Revisão do MERCOSUL está subordinado ao Órgão de Apelação da OMC, como demonstrado na disputa “Argentina – Medidas antidumping às importações de frangos do Brasil”.;ERRADO
Indivíduos e empresas podem acionar diretamente os tribunais arbitrais ad hoc do MERCOSUL, mas não o Tribunal Permanente de Revisão.;ERRADO
O MERCOSUL não assume caráter de união aduaneira porque sua finalidade é constituir um mercado comum.;ERRADO
Um dos objetivos do MERCOSUL é a livre circulação de bens, serviços e fatores produtivos mediante a eliminação dos direitos alfandegários e das restrições não tarifárias à circulação de mercadorias.;CERTO
A partir da segunda metade da década de 1980, houve revalorização do regionalismo pelos governos dos países centrais, inclusive pelos EUA, que passaram a promover acordos regionais como o acordo de livre comércio com Israel, o acordo com o Canadá, o NAFTA e a proposta da ALCA.;CERTO
Uma das prioridades da UNASUL é apoiar o desenvolvimento da infraestrutura física sul-americana e, consequentemente, facilitar o incremento do comércio entre os países-membros.;CERTO
O objetivo primordial do Tratado de Assunção consiste na integração dos Estados-membros por meio da livre circulação de bens, serviços e fatores produtivos, da TEC, da política comercial comum, da coordenação de políticas macroeconômicas e setoriais e da harmonização das legislações pertinentes.;CERTO
Entre os financiadores da IIRSA incluem-se o BNDES, o BID e a CAF.;CERTO
Entre as competências do Parlamento do MERCOSUL inclui-se aprovar o orçamento e a prestação de contas anual apresentada por sua Secretaria Administrativa.;CERTO
Em uma gradação das formas de integração econômica, o MERCOSUL localiza-se acima de uma zona de livre comércio e abaixo de uma união econômica e monetária.;CERTO
O MERCOSUL, além de ser um projeto de natureza econômica, é uma parceria estratégica reconhecida como tal pelo governo brasileiro.;CERTO
Na formulação da política de comércio exterior, o governo brasileiro deve observar os compromissos assumidos na OMC, no MERCOSUL e na ALADI.;CERTO
A ALADI é um organismo intergovernamental, com sede em Montevidéu, cujo objetivo é contribuir para a integração da América Latina mediante a eliminação gradativa dos obstáculos ao comércio entre seus membros.;CERTO
A Nomenclatura Comum do Mercosul (NCM) é utilizada para a identificação e classificação das mercadorias comercializadas entre os países do bloco e nas relações comerciais destes com outros mercados.;CERTO
O governo de Luiz Inácio Lula da Silva promoveu, pela primeira vez na história, reuniões entre presidentes sul-americanos, que culminaram na criação da UNASUL.;ERRADO
O art. 4º, parágrafo único, da Constituição Federal estabelece que o Brasil buscará a integração econômica, política, social e cultural dos povos da América Latina, visando à formação de uma comunidade latino-americana de nações.;CERTO
O art. 4º da Constituição Federal estabelece como princípio das relações internacionais do Brasil a concessão de asilo político.;CERTO
A Nomenclatura da Associação Latino-Americana de Integração (NALADI) foi criada na década de 1980 com o objetivo de facilitar o comércio regional e a aplicação das preferências tarifárias negociadas no âmbito da ALADI.;CERTO
Por ser uma iniciativa de integração negociada no âmbito da ALADI, o MERCOSUL emprega o sistema de classificação de mercadorias da ALADI.;ERRADO
O fortalecimento do regionalismo nos anos 1990 representou resposta aos desafios da globalização e contrapôs-se à tendência de fortalecimento dos organismos multilaterais globais observada durante a Guerra Fria.;ERRADO
A construção de mecanismos de governança que congregam indivíduos e instituições públicas e privadas em diferentes níveis tem adquirido crescente relevância para o tratamento de questões políticas e econômicas da agenda global contemporânea.;CERTO
Os Estados nacionais, em geral, têm transferido competências para organismos internacionais, reforçando tendências de relativização das soberanias e de valorização de arranjos supranacionais.;ERRADO
A emergência de temas econômicos nos anos 1990 reforçou a importância e as atribuições originais das instituições de Bretton Woods, incluindo o GATT.;ERRADO
A ALCA tinha como objetivo criar uma área de livre comércio nas Américas, e os Estados Unidos defendiam, entre outros interesses, forte proteção às patentes, especialmente nos setores farmacêutico e de alta tecnologia.;CERTO
Um dos propósitos do MERCOSUL é a livre circulação de bens, serviços e fatores produtivos entre os países, mediante a eliminação de direitos alfandegários e restrições não tarifárias à circulação de mercadorias.;CERTO
A existência de uma tarifa externa comum implementada pelos países-membros do MERCOSUL caracteriza, por si só, o bloco como um mercado comum.;ERRADO
Nos termos do Protocolo de Ouro Preto, o MERCOSUL é uma organização internacional dotada de personalidade jurídica própria e adota o consenso dos Estados-partes como sistema deliberativo.;CERTO
De acordo com o Protocolo de Olivos, os Estados-partes podem, de comum acordo, submeter diretamente uma controvérsia ao Tribunal Permanente de Revisão, sem necessidade de recurso prévio a tribunal arbitral ad hoc.;CERTO
O MERCOSUL não é uma organização supranacional; suas normas não possuem aplicação direta automática e dependem, conforme o caso, dos procedimentos de incorporação previstos nos ordenamentos dos Estados-partes.";CERTO
Particulares podem peticionar diretamente ao Tribunal Arbitral Ad Hoc e ao Tribunal Permanente de Revisão do MERCOSUL.;ERRADO
Cabe ao Conselho do Mercado Comum, órgão superior composto pelos ministros das Relações Exteriores e da Economia dos Estados-partes, conduzir politicamente o processo de integração e tomar decisões para assegurar o cumprimento dos objetivos e prazos estabelecidos para a constituição do MERCOSUL.;CERTO
O MERCOSUL é considerado uma união aduaneira imperfeita.;CERTO
A CEPAL exerceu influência sobre a política econômica brasileira, especialmente por meio de sua tese acerca da deterioração dos termos de troca.;CERTO
Uma das críticas ao argumento da teoria dos choques adversos, defendida pela CEPAL, é o efeito negativo dos programas de valorização do café sobre o crescimento industrial.;CERTO
O Tratado de Assunção conferiu personalidade jurídica internacional ao MERCOSUL.;ERRADO
O Brasil apoiou a decisão do MERCOSUL e da UNASUL de expulsar o Paraguai de ambos os blocos em razão das violações da ordem democrática e do afastamento de Fernando Lugo.;ERRADO
O Tratado Constitutivo da UNASUL previu inicialmente como órgãos o Conselho de Chefas e Chefes de Estado e de Governo, o Conselho de Ministras e Ministros das Relações Exteriores, o Conselho de Delegadas e Delegados e a Secretaria-Geral.;CERTO
Na formulação da política externa brasileira, considera-se insulado o processo decisório quando a participação de atores da sociedade civil é baixa ou inexistente.;CERTO
O FOCEM permite financiar gastos de funcionamento do próprio Fundo, projetos aprovados e a reposição da reserva de contingência prevista em seu regulamento.;CERTO
A IIRSA tornou evidente a posição central da Amazônia nas estratégias de integração internacional do Brasil, e essa importância relaciona-se também à conexão geográfica da região com vários países sul-americanos e ao seu potencial econômico.;CERTO
A APEC objetiva estimular a liberalização do comércio e dos investimentos por meio da cooperação econômica e técnica e da facilitação do comércio, e não pela expansão de acordos preferenciais ou compromissos mandatórios entre seus membros.;CERTO
A ALADI estabelece uma área de preferências econômicas, incluindo uma preferência tarifária regional.;CERTO
O Sistema de Pagamentos em Moeda Local do MERCOSUL viabiliza operações de comércio exterior nas moedas locais dos Estados Partes e foi implementado voluntariamente inicialmente por Brasil e Argentina.;CERTO
A criação do MERCOSUL dinamizou as relações comerciais entre Brasil e Argentina.;CERTO
A ALADI possui capacidade para conservar fundos em quaisquer moedas.;CERTO
Por ocasião da assinatura do Protocolo de Ouro Preto, os países do MERCOSUL criaram o FOCEM para financiar políticas de assistência social nas regiões mais pobres do bloco.;ERRADO
O Protocolo Adicional ao Tratado Constitutivo da UNASUL sobre Compromisso com a Democracia permite que, na falta do Conselho de Chefes de Estado e de Governo, o Conselho de Ministros das Relações Exteriores defina consensualmente medidas para restabelecer a ordem democrática.;CERTO
No âmbito do Conselho de Defesa Sul-Americano, foram adotadas medidas de intercâmbio de informações e transparência sobre sistemas de defesa nacional e respectivos gastos.;CERTO
O Tratado de Assunção criou, em 1991, uma área de livre comércio entre Argentina, Brasil, Paraguai e Uruguai, tendo como principal objetivo a liberalização comercial entre esses Estados.;ERRADO
A UNASUL, constituída pelos doze países da América do Sul, visa manter um espaço de diálogo e cooperação sobre aspectos culturais, sociais, econômicos e políticos dos povos da região.;CERTO
A suspensão de direitos e obrigações de um Estado-membro do MERCOSUL em razão de violações graves e sistemáticas de direitos humanos depende de consenso entre os Estados do bloco, sem participação do Estado afetado no processo decisório.;CERTO
O FOCEM financia programas destinados à convergência estrutural, à coesão social, ao desenvolvimento da competitividade, ao funcionamento da estrutura institucional e ao fortalecimento do processo de integração do MERCOSUL.;CERTO
A suspensão do Paraguai do MERCOSUL, em 2012, fundamentou-se no Protocolo de Olivos, que trata do compromisso democrático do bloco.;ERRADO
Em 2012, a Bolívia assinou o Protocolo de Adesão ao MERCOSUL, pelo qual aderiu ao Tratado de Assunção e aos demais instrumentos jurídicos do bloco, estando o documento sujeito à ratificação pelos Estados-partes.;CERTO
A Venezuela, por meio de seu protocolo de adesão ao MERCOSUL, comprometeu-se a adotar a Nomenclatura Comum do MERCOSUL, cuja implementação deveria ser concluída em 2013.;CERTO
Cabe ao Grupo Mercado Comum, principal órgão da estrutura institucional do MERCOSUL, conduzir a política do processo de integração e tomar decisões destinadas a assegurar o cumprimento dos objetivos do Tratado de Assunção.;ERRADO
O Conselho Sul-Americano de Economia e Finanças é uma instância de diálogo, reflexão, consulta e cooperação da UNASUL, relacionada também ao desenvolvimento social e humano, à erradicação da pobreza e à superação das desigualdades.;CERTO
O desenvolvimento de mecanismos para a superação das assimetrias entre os Estados-membros constitui um dos objetivos da UNASUL.;CERTO
A UNASUL prevê a formação de um Parlamento Sul-Americano, cuja sede seria localizada em Cochabamba, na Bolívia.;CERTO
O NAFTA trouxe efeitos adversos para as economias nacionais, incluindo perda de mercados de exportação de manufaturas e empregos industriais no México, intenso fluxo de migração ilegal e grandes déficits comerciais dos EUA com seus dois parceiros, além de estancamento das exportações canadenses para os EUA.;ERRADO
A perspectiva de acordos como a Parceria Trans-Pacífico e a Área de Livre Comércio Transatlântica demonstra tendência favorável ao surgimento de arranjos econômicos de alcance inter-regional.;CERTO
MERCOSUL e Comunidade Andina, após terem alcançado estágios profundos de integração econômica nos anos 1990, retrocederam à condição de zonas preferenciais de comércio em razão da retração do comércio regional e dos desequilíbrios macroeconômicos.;ERRADO
Área de Livre Comércio caracteriza-se pela eliminação de tarifas, quotas e preferências comerciais entre os membros; União Aduaneira acrescenta uma tarifa externa comum; Mercado Comum acrescenta a livre circulação dos fatores de produção.";CERTO
A ALADI corresponde ao maior grupo latino-americano de integração, enquanto o NAFTA foi iniciado entre norte-americanos e canadenses em 1988 e posteriormente recebeu o México, e a CAN reúne Bolívia, Colômbia, Equador e Peru.;CERTO
O FOCEM tem por objetivo corrigir as assimetrias econômicas entre os países-membros do MERCOSUL.;CERTO
Compete ao Tribunal Permanente de Revisão do MERCOSUL, instituído pelo Protocolo de Olivos, julgar, em última instância, recursos contra decisões de tribunais ad hoc relativas à interpretação, aplicação ou não cumprimento das normas do bloco.;CERTO
O MERCOSUL registra avanços em temas não econômicos, incluindo integração educacional, harmonização de legislações e direitos trabalhistas e previdenciários, além da promoção da livre circulação de pessoas.;CERTO
A política brasileira para a América do Sul está estruturada em dois vetores complementares: diálogo político e cooperação setorial, privilegiando a UNASUL; e relacionamento econômico-comercial, instrumentalizado pelo MERCOSUL.";CERTO
O MERCOSUL vem perdendo gradualmente importância comercial para o Brasil, tendo sido suplantado, desde 2012, pelo conjunto dos demais países latino-americanos como destino das exportações brasileiras.;ERRADO
Nas negociações comerciais internacionais do MERCOSUL, estão corretas as afirmações I e II, enquanto a III está incorreta, pois os países do bloco não mantêm necessariamente atuação conjunta nas relações comerciais com a China.;CERTO
Estão corretas apenas as afirmações II e IV sobre a UNASUL, seus Conselhos Setoriais, seus objetivos de desenvolvimento e sua articulação entre autonomia nacional e regional.;CERTO
Entre os objetivos do MERCOSUL está a eliminação dos direitos aduaneiros e das restrições não tarifárias à circulação de mercadorias entre os países membros.;CERTO
As fases de integração econômica incluem a zona de livre comércio e a união econômica, sendo esta última caracterizada pela adoção de políticas monetária e fiscal comuns.;CERTO
O sistema de solução de controvérsias do MERCOSUL, atualmente disciplinado pelo Protocolo de Olivos, estabeleceu o Tribunal Permanente de Revisão como instância final judicante.;CERTO
A TPP insere-se no contexto de uma economia mundial crescentemente globalizada, marcada pela expansão do comércio, inovação tecnológica e elevado grau de competitividade.;CERTO
A TPP deu continuidade aos passos estratégicos dos EUA representados pela criação do NAFTA e da ALCA, sendo ambos considerados de inegável êxito político e econômico.;ERRADO
A criação da TPP obedeceu exclusivamente a uma lógica mercantil, afastando qualquer pretensão de hegemonia política ou estratégica dos EUA.;ERRADO
O Brasil era simpatizante da ALCA e tinha como objetivo aderir à TPP, o que provocou desentendimentos com seus parceiros do MERCOSUL, especialmente a Argentina.;ERRADO
Uma característica definidora da globalização é a crescente interdependência entre atores e agentes econômicos globais.;CERTO
As fases de integração econômica incluem a zona de livre comércio e a união econômica, sendo esta última representada pela adoção de políticas monetária e fiscal comuns aos Estados-membros.;CERTO
O comércio internacional e o comércio interno apresentam diferenças relacionadas, entre outros fatores, ao grau de mobilidade dos fatores de produção e à existência de barreiras aduaneiras.;CERTO
A TPP insere-se no contexto de uma economia mundial crescentemente globalizada, marcada pela expansão do comércio, inovação tecnológica e elevada competitividade.;CERTO
A TPP garantiu continuidade aos passos estratégicos dos EUA com o NAFTA e a ALCA, ambos de inegável êxito político e econômico.;ERRADO
A crescente importância econômica de China e Índia, somada ao protagonismo do Japão, contribui para a perspectiva de maior influência asiática no cenário econômico global.;CERTO
A criação da TPP obedeceu essencialmente a uma lógica mercantil, afastando qualquer pretensão de hegemonia política ou estratégica dos EUA.;ERRADO
O Brasil era simpatizante da ALCA e pretendia aderir à TPP, tendo provocado desentendimentos com seus parceiros do MERCOSUL ao unir-se ao Chile e ao Peru.;ERRADO
A nova ordem mundial surgida entre o final dos anos 1980 e início dos anos 1990 foi marcada pela crescente inter-relação dos mercados globais e pela mudança na percepção do papel das fronteiras políticas.;CERTO
De acordo com o Protocolo de Ouro Preto, a estrutura do MERCOSUL compreende o Conselho do Mercado Comum, o Grupo Mercado Comum, a Comissão de Comércio do MERCOSUL, a Comissão Parlamentar Conjunta, o Foro Consultivo Econômico-Social e a Secretaria Administrativa do MERCOSUL.;CERTO
O Paraguai vem atraindo indústrias brasileiras por meio da Lei de Maquilas, em processo comparável, em certos aspectos, ao ocorrido no México após a formação do NAFTA.;CERTO
O Parlamento do MERCOSUL (PARLASUL), criado em 2005, possui sede rotativa, assim como a presidência do bloco.;ERRADO
O Brasil é o maior contribuinte do FOCEM, que entrou em operação em janeiro de 2007 para financiar projetos destinados à consolidação do processo de integração.;CERTO
O MERCOSUL encontra-se no estágio de união aduaneira, pois ainda não alcançou as condições necessárias para ser considerado um mercado comum.;CERTO
A Associação Sul-Asiática para a Cooperação Regional (SAARC) tem como objetivos melhorar a qualidade de vida dos povos do Sul da Ásia, promover o progresso social e acelerar o crescimento econômico.;CERTO
Uma união aduaneira caracteriza-se pela eliminação de barreiras ao comércio entre os membros e pela adoção de uma tarifa externa comum para terceiros países.;CERTO
Além do MERCOSUL, o Brasil participa da Associação Latino-Americana de Integração (ALADI).;CERTO
Na abordagem cepalino-estruturalista, o modelo de crescimento para dentro, baseado no impulso à indústria local e no aumento da produtividade, é considerado a alternativa de desenvolvimento sustentado para a América Latina; as diferenças estruturais entre centro e periferia geram desvantagens comerciais para a periferia primário-exportadora, justificando essa estratégia.";CERTO
Na questão sobre globalização e distribuição de renda, apenas a afirmação III — segundo a qual os países mais beneficiados pela globalização e pelo livre-comércio utilizaram políticas estatais específicas e graduais — está correta.;CERTO
A atuação brasileira contribuiu para a criação do Conselho de Defesa Sul-Americano da UNASUL, com a finalidade de fortalecer a identidade regional, a cooperação internacional e a construção de uma zona de paz.;CERTO
A globalização é apresentada no texto como um processo fundamentalmente econômico, no qual a política e as questões sociais praticamente desapareceram.;ERRADO
O avanço da globalização promoveu o completo esvaziamento da cultura do poder estatal.;ERRADO
O aprofundamento da globalização põe fim ao nacionalismo, torna irreversível o desaparecimento das culturas locais diante de uma cultura transnacional hegemônica e torna obsoleto o direito internacional público.;ERRADO
A interação entre agentes públicos e atores sociais no cenário globalizado pode favorecer instâncias mediadoras de divergências e a diversidade cultural, reforçando o papel de instituições multilaterais como a ONU e a OMC.;CERTO
A ampliação do espaço público e a revolução tecnológica têm impedido o acesso de novos atores, representantes de diferentes culturas e reivindicações, ao espaço público e subvertido a noção clássica dos sujeitos do direito internacional público.;ERRADO
Pelo Tratado de Assunção, os Estados Partes comprometeram-se a eliminar gravames e demais restrições ao comércio recíproco mediante o procedimento previsto no Programa de Liberação Comercial.;CERTO
A política de cooperação internacional do MERCOSUL considera a cooperação uma ferramenta transversal destinada, entre outros objetivos, a fortalecer as capacidades dos países do bloco e reduzir suas assimetrias.;CERTO
O Protocolo de Ouro Preto instituiu como órgãos do MERCOSUL o Conselho do Mercado Comum, o Grupo Mercado Comum, a Comissão de Comércio do MERCOSUL, a Comissão Parlamentar Conjunta, o Foro Consultivo Econômico-Social e a Secretaria Administrativa do MERCOSUL.;CERTO
Entre os objetivos específicos da UNASUL estão a erradicação do analfabetismo, o acesso universal à educação de qualidade, o reconhecimento regional de estudos e títulos e a promoção da diversidade cultural e dos conhecimentos dos povos da região.;CERTO
A estrutura institucional da UNASUL apresenta apenas quatro conselhos políticos e doze conselhos setoriais subordinados, sendo o Conselho de Chefas e Chefes de Estado e de Governo o órgão máximo, seguido pelos Conselhos de Relações Exteriores e de Defesa e pela Secretaria-Geral.;ERRADO
Segundo o Tratado de Assunção, após negociações diretas sem solução, a controvérsia entre Estados Partes deve ser submetida à consideração do Grupo Mercado Comum.;CERTO
O Protocolo de Olivos, de 2002, substituiu o Protocolo de Brasília e estabeleceu mecanismos para solução de controvérsias entre os Estados Partes, sendo possível utilizar procedimento arbitral ad hoc quando o conflito não for solucionado por negociação direta nem pela intervenção do Grupo Mercado Comum.;CERTO
O Conselho de Segurança faz parte da estrutura institucional do MERCOSUL, juntamente com o CMC, GMC, Comissão de Comércio, Comissão Parlamentar Conjunta, Foro Consultivo Econômico-Social e Secretaria Administrativa.;ERRADO
São fontes jurídicas do MERCOSUL o Tratado de Assunção, seus protocolos e instrumentos adicionais ou complementares; os acordos celebrados no âmbito do Tratado de Assunção e seus protocolos; e as decisões do CMC, resoluções do GMC e diretrizes da Comissão de Comércio do MERCOSUL.";CERTO
As normas produzidas pelo Conselho do Mercado Comum, pelo Grupo Mercado Comum e pela Comissão de Comércio do MERCOSUL são obrigatórias e, quando necessário, devem ser incorporadas aos ordenamentos jurídicos nacionais segundo os procedimentos previstos pela legislação de cada país.;CERTO
O Conselho do Mercado Comum é o órgão de administração e execução do Tratado do MERCOSUL e é integrado pelos Ministros das Relações Exteriores e pelos Ministros da Defesa dos Estados Partes.;ERRADO
A Presidência Pro Tempore do MERCOSUL é exercida sucessivamente pelos Estados Partes, em ordem alfabética, pelo período de seis meses.;CERTO
As decisões dos órgãos do MERCOSUL são tomadas por consenso e com a presença de todos os Estados Partes.;CERTO
Segundo o Protocolo de Ouro Preto, são fontes jurídicas do MERCOSUL o Tratado de Assunção, seus protocolos e instrumentos adicionais ou complementares; os acordos celebrados no âmbito do Tratado e seus protocolos; e as Decisões do CMC, Resoluções do GMC e Diretrizes da Comissão de Comércio do MERCOSUL.";CERTO
O acordo MERCOSUL–União Europeia concluído em 2019 abrange temas tarifários e regulatórios, como serviços, compras governamentais e facilitação de comércio, prevendo a eliminação de tarifas para produtos agrícolas de interesse brasileiro e ampliação do acesso ao mercado europeu por meio de quotas.;CERTO 
O Brasil adota alíquotas distintas da TEC para brinquedos, em razão de autorização específica do MERCOSUL para a posição NCM 9503.;CERTO 
O Protocolo de Comércio Eletrônico do MERCOSUL amplia compromissos existentes, considera negociações com a União Europeia e contempla disciplinas regulatórias alinhadas a práticas internacionais e recomendações de organismos como G20 e OCDE.;CERTO
A mundialização do capital no contexto da globalização amenizou problemas dos países em desenvolvimento, como o mercado de trabalho, que foi assimilado pela imigração para os países desenvolvidos.;ERRADO
Embora o cenário geopolítico atual apresente menos conflitos bélicos que o século passado, intensificaram-se estratégias de guerra comercial e de informação, incluindo ataques virtuais contra dados de empresas e governos.;CERTO
A China ultrapassou os Estados Unidos nas exportações mundiais principalmente devido à diversificação das fontes de energia limpa utilizadas em sua produção.;ERRADO
Um bloco que possui eliminação de barreiras comerciais, livre circulação de capital e mão de obra e tarifa externa comum encontra-se no estágio de mercado comum.;CERTO
. O MERCOSUL pode ser considerado um mercado comum, pois as barreiras ao comércio internacional são eliminadas entre seus países-membros, com algumas exceções, e há livre circulação de fatores de produção entre eles.;ERRADO
I. O Brasil obtém vantagem ao exportar produtos industrializados para o MERCOSUL, pois esses produtos acionam uma cadeia produtiva mais extensa e complexa, gerando mais empregos e renda e contribuindo para o desenvolvimento do país.;CERTO
II. A liberalização completa no âmbito do MERCOSUL poderia beneficiar o Brasil no curto prazo, mas, no longo prazo, desemprego, falências e crises nos países do bloco poderiam reduzir a corrente comercial brasileira com o MERCOSUL.;CERTO
. Na união aduaneira, há redução ou retirada das tarifas entre os integrantes e adoção de uma tarifa externa comum para produtos provenientes de terceiros países ou blocos.;CERTO
I. O objetivo específico da união aduaneira é garantir a livre circulação de mercadorias e pessoas entre os países integrantes do bloco.;ERRADO
. Os tratados de comércio são internalizados no ordenamento jurídico brasileiro por meio de despachos do Ministério das Relações Exteriores.;ERRADO
. A ALALC estabelecia que todos os países da América Latina participariam do projeto, com exceção dos países da América Central.;ERRADO
. O Tratado de Assunção prevê o livre trânsito de bens, serviços e fatores de produção entre os Estados Partes.;CERTO
I. O Tratado de Assunção prevê a adoção de uma política comercial comum nas relações com países de fora da região.;CERTO
II. O Tratado de Assunção determinou a coordenação das políticas fiscais, monetárias e de comércio exterior, mas deixou os Estados livres para determinar sua política cambial.;ERRADO
. As eleições dos parlamentares do PARLASUL devem basear-se nas legislações nacionais e procurar assegurar representação por gênero, etnia e região.;CERTO
. As discórdias sobre a crise na Venezuela, a polarização e a ideologização do regionalismo latino-americano, agravadas pela queda de relevância comercial do MERCOSUL, dificultaram a conclusão do Acordo MERCOSUL-UE.;CERTO
. Divergências sobre compras governamentais, propriedade intelectual, setor agrícola e políticas ambientais impactaram a conclusão das negociações do Acordo MERCOSUL-UE.;CERTO
. O desenvolvimento sustentável e as questões ambientais foram objeto de controvérsia nas negociações do Acordo MERCOSUL-UE.;CERTO
. As críticas ao sistema de resolução de controvérsias e a percepção de que regras ambientais poderiam ser utilizadas como formas disfarçadas de protecionismo contribuíram para dificultar a conclusão do Acordo MERCOSUL-UE.;CERTO
. A possibilidade de o acordo aumentar a especialização das economias latino-americanas gerou um debate entre os defensores da expansão das exportações de commodities e aqueles que temiam o aprofundamento da desindustrialização.;CERTO
. O Tratado de Assunção prevê o compromisso de adaptar as legislações nacionais em favor do processo de integração econômica.;CERTO
I. O Tratado de Assunção prevê a manutenção dos direitos alfandegários sobre serviços e a suspensão daqueles incidentes sobre a livre circulação de bens.;ERRADO
II. O Tratado de Assunção prevê a organização de políticas macroeconômicas que assegurem condições adequadas para a concorrência comercial entre os países associados.;CERTO
. As controvérsias entre particulares no MERCOSUL são resolvidas por um Tribunal Arbitral ad hoc criado especificamente para cada controvérsia.;ERRADO
. Particulares podem submeter diretamente suas reclamações ao Tribunal Permanente de Revisão do MERCOSUL.;ERRADO
. O sistema do MERCOSUL não prevê qualquer mecanismo relacionado a reclamações de particulares.;ERRADO
. As controvérsias entre Estados-Membros sobre a interpretação ou aplicação do Tratado de Assunção e do Protocolo de Ouro Preto são sempre decididas por unanimidade dos membros dos tribunais.;ERRADO
. As reclamações de particulares são analisadas pela Seção Nacional do Grupo Mercado Comum e, se consideradas procedentes, podem ser encaminhadas ao Grupo de Especialistas designado pelo GMC.;CERTO
. A área em que é excluída a imposição de medidas que constituam obstáculos ou restrições à liberdade de circulação interna de bens entre os países corresponde a uma área de livre comércio.;CERTO
. Com a extinção do Protocolo de Brasília, o MERCOSUL rejeitou um mecanismo próprio de solução de controvérsias e passou a utilizar o sistema da OMC.;ERRADO
I. O MERCOSUL possui Acordos de Complementação Econômica com outros países, que podem estabelecer reduções recíprocas nas alíquotas do imposto de importação, como no acordo automotivo com o México (ACE-55).;CERTO
II. A Nomenclatura Comum do MERCOSUL é idêntica ao padrão internacional estabelecido pelo Sistema Harmonizado.;ERRADO
. Na união econômica, há harmonização das políticas econômicas entre os países-membros, além da eliminação das restrições ao fluxo de mercadorias e fatores de produção.;CERTO
I. Na zona de livre comércio, as restrições tarifárias e não tarifárias são abolidas entre os membros, mas cada país mantém sua própria política comercial em relação aos países não membros.;CERTO
II. No mercado comum, há livre mobilidade de capital e trabalhadores, além da eliminação das restrições ao fluxo de mercadorias.;CERTO
V. Na união aduaneira, eliminam-se as restrições ao livre fluxo de mercadorias e adota-se uma política comercial comum com países não membros, mas permanecem barreiras à circulação de pessoas.;CERTO
. A Comissão de Comércio do MERCOSUL manifesta-se por meio de diretrizes ou propostas, sendo ambos os instrumentos obrigatórios aos Estados Partes.;ERRADO
. As decisões do Conselho do Mercado Comum e as resoluções do Grupo Mercado Comum, como atos de direito internacional, devem necessariamente ser incorporadas pelos Estados Partes mediante seus mecanismos constitucionais próprios.;ERRADO
. O Conselho do Mercado Comum é o órgão superior do bloco e se manifesta por decisões que, por serem fontes originárias de direito do MERCOSUL, devem obrigatoriamente ser incorporadas pelos mecanismos constitucionais de cada Estado-membro.;ERRADO
. A personalidade jurídica internacional do MERCOSUL confere ao bloco capacidade para celebrar tratados apenas com outros blocos econômicos regionais.;ERRADO
. O caráter intergovernamental do MERCOSUL manifesta-se no processo decisório pela exigência de consenso e da presença de todos os Estados Partes.;CERTO
. O Grupo Mercado Comum é o órgão superior do MERCOSUL, responsável pela condução política e pela tomada de decisões para assegurar o cumprimento dos objetivos do bloco.;ERRADO
. O Protocolo de Olivos permite recurso de revisão contra laudo arbitral emitido por Tribunal Arbitral Ad Hoc perante o Tribunal Permanente de Revisão.;CERTO
. O Protocolo de Olivos prevê mecanismos de solução de controvérsias apenas entre Estados-Membros, sem qualquer mecanismo de reclamação de particulares.;ERRADO
. O Protocolo de Olivos permite que particulares, pessoas físicas ou jurídicas, acionem diretamente o Tribunal Permanente de Revisão.;ERRADO
. Em dezembro de 2024, após mais de duas décadas de negociações, os Estados Partes do MERCOSUL e a Comissão Europeia assinaram o Acordo de Parceria entre as duas regiões.;ERRADO
. O Acordo de Parceria MERCOSUL-UE dispõe sobre desenvolvimento sustentável e cadeias produtivas sustentáveis e contém compromissos destinados a evitar que argumentos ambientais sejam utilizados para justificar barreiras desnecessárias ao comércio.;CERTO
. O Protocolo de Ouro Preto, de 1994, atribuiu personalidade jurídica internacional ao MERCOSUL, permitindo-lhe negociar e assinar acordos com terceiros países, blocos econômicos e organizações internacionais.;CERTO
. O Protocolo de Assistência Jurídica Mútua em Assuntos Penais, conhecido como Protocolo de São Luís, destina-se aos países do MERCOSUL.;CERTO
. Segundo a tese estruturalista de Raúl Prebisch, a deterioração dos termos de troca estava relacionada à posição periférica das economias exportadoras de produtos primários.;CERTO
. A tese estruturalista de Prebisch criou um objeto de análise simplesmente importado do debate existente nos grandes centros de desenvolvimento industrial.;ERRADO
. Segundo Prebisch, as economias centrais transferiam renda para os países em desenvolvimento ao importar matérias-primas e exportar bens industriais.;ERRADO
. Durante o governo Juscelino Kubitschek, a transformação da indústria automobilística colocou o Brasil na condição de país central em comparação com os demais países latino-americanos.;ERRADO
. A tese estruturalista buscava compreender a dinâmica do desenvolvimento em economias de industrialização tardia, analisando relações de dependência entre países periféricos e países centrais.;CERTO
. Segundo a teoria cepalina, a principal causa do subdesenvolvimento latino-americano era o baixo nível de poupança interna, exigindo a atração de capital estrangeiro para iniciar a industrialização.;ERRADO
. Segundo a teoria cepalina, os termos de troca da periferia eram naturalmente favoráveis, pois os produtos primários se valorizavam mais rapidamente que os manufaturados.;ERRADO
. Segundo a teoria cepalina, o subdesenvolvimento latino-americano era apenas uma etapa transitória do desenvolvimento, causada por deficiências institucionais internas e superável pela liberalização comercial.;ERRADO
. Segundo a teoria cepalina, a especialização em produtos primários permitiu à América Latina acompanhar o progresso técnico dos países industrializados e elevar continuamente a produtividade do trabalho.;ERRADO
. Segundo a teoria cepalina, a inserção primário-exportadora da América Latina gerou estruturas econômicas pouco integradas, nas quais o setor exportador não difundiu suficientemente o progresso técnico para o restante da economia, limitando salários reais e absorção de mão de obra.;CERTO
. No crescimento liderado pelas exportações, existe uma relação direta entre o desempenho do setor exportador e o desenvolvimento industrial mais abrangente.;CERTO
. A industrialização por substituição de importações permite aos países aproveitar suas vantagens comparativas, expor suas indústrias à competição internacional e promover inovação e eficiência por meio da abertura comercial.;ERRADO
. No pós-guerra, os países em desenvolvimento do Leste Asiático adotaram a industrialização por substituição de importações, priorizando setores de alta tecnologia e abrindo suas economias à concorrência estrangeira desde o início.;ERRADO
. O crescimento liderado pelas exportações, adotado pelos países latino-americanos no pós-guerra, baseava-se na necessidade de intervenção estatal para superar os efeitos negativos do livre-comércio e da deterioração dos termos de troca.;ERRADO
. O crescimento liderado pelas exportações na América Latina baseou-se na ideia cepalina de que a industrialização interna deveria preceder qualquer inserção competitiva no comércio internacional, começando por bens de consumo não duráveis.;ERRADO
O Tratado de Maastricht teve por objetivo fortalecer a construção da União Europeia.;CERTO
O esquema que congrega os países que adotaram a moeda única europeia é denominado União Econômica e Monetária.;CERTO
O projeto da União Europeia volta-se para a criação de um superestado europeu, capaz de concorrer pelo poder e pela riqueza mundiais.;ERRADO
A União Europeia, criada já como mercado comum pelo Tratado de Roma de 1957, constitui exemplo de integração rápida, abrangente e completa.;ERRADO
O direito comunitário da UE integra o direito interno dos Estados-membros, não podendo estes invocar sua legislação nacional para impedir a aplicação do direito comunitário.;CERTO
Há consenso entre os especialistas de que as dificuldades da UE decorreram de seu foco exclusivo nas questões econômicas, deixando de lado aspectos políticos, sociais e culturais.;ERRADO
No processo de constituição da UE, as questões militares foram suprimidas em razão da prioridade dada à unificação econômica e aos seus desdobramentos políticos, sociais e culturais.;ERRADO
A União Europeia foi criada pelo Tratado de Roma de 2009.;ERRADO
A assinatura dos Tratados de Roma e de Maastricht resultou de um longo processo de integração iniciado no pós-Segunda Guerra, e o fim da Guerra Fria favoreceu um novo ciclo de ampliação da UE.;CERTO
O Tribunal de Justiça da União Europeia detém o monopólio de aplicação do direito da UE, com jurisdição de efeito direto e aplicação imediata em todos os Estados comunitários.;ERRADO
As negociações do Brexit foram formalmente iniciadas por Theresa May em março de 2017 mediante o acionamento do artigo 50, após autorização do Parlamento britânico, e deveriam ser concluídas em dois anos, prorrogáveis por consenso.;CERTO
Escócia e Irlanda do Norte votaram majoritariamente pela permanência do Reino Unido na UE no referendo do Brexit.;CERTO
O Brexit aplica-se apenas à imigração, à participação na elaboração das normas comunitárias e à aplicação das decisões das cortes europeias, mantendo necessariamente o livre comércio.;ERRADO
A derrota de David Cameron levou à formação de um governo de oposição liderado pela conservadora Theresa May, uma das principais defensoras do Brexit.;ERRADO
A aproximação entre MERCOSUL e UE remonta ao Acordo-Quadro de Cooperação Inter-regional de 1995, mas as negociações de livre comércio não avançaram desde então.;ERRADO
São países candidatos à adesão à UE: Albânia, Macedônia do Norte, Montenegro, Sérvia e Turquia.;CERTO
A Comissão Europeia é composta por um representante de cada Estado-membro, exerce função executiva e defende os interesses gerais da UE.;CERTO
O Conselho da Europa e a Corte Europeia de Direitos Humanos não são instituições da União Europeia.;CERTO
O Conselho da União Europeia é composto pelos chefes de Estado e de governo de todos os países do bloco e é responsável pela celebração de acordos da UE com terceiros.;ERRADO
O artigo 50 do Tratado de Lisboa estabelece prazo de dois anos para a retirada de um Estado da UE após a notificação, prorrogável por acordo entre os envolvidos.;CERTO
Ursula von der Leyen tornou-se, em 2019, a primeira mulher presidente da Comissão Europeia e apresentou seis grandes ambições para seu mandato.;CERTO
Romênia e Bulgária foram aceitas como membros da UE em abril de 2005, e sua adesão ao Espaço Schengen foi posteriormente protelada.;ERRADO
A Declaração da Identidade Europeia de 1973 estabeleceu elementos de identidade comum, mas não impunha padrões às futuras expansões, o que somente ocorreu com os critérios de Copenhague de 1993.;ERRADO
O Direito Comunitário Europeu não se aplica a terceiros e, portanto, não pode produzir efeitos extraterritoriais.;ERRADO
Os Estados-membros da UE têm resistido a ceder sua competência nacional sobre imigração e controle de fronteiras em favor de uma abordagem comum europeia.;CERTO
A Lei Antidesmatamento da UE, adotada em 2023, foi considerada positiva pelos países exportadores de produtos primários, como o Brasil, por valorizar sua legislação ambiental e impulsionar o comércio sustentável.;ERRADO
No Acordo de Parceria MERCOSUL-UE, a abertura comercial da UE será maior porque a UE aplica tarifa média superior à tarifa média do MERCOSUL.;ERRADO
Em 2024, MERCOSUL e UE anunciaram a conclusão das negociações do Acordo de Parceria, e o texto pode ser desmembrado, do lado europeu, em um acordo misto e um acordo provisório abrangendo matérias de competência exclusiva da UE.;CERTO
O CBAM da UE busca combater a fuga de carbono por meio de um mecanismo de ajuste de carbono na fronteira e está plenamente alinhado às regras multilaterais existentes e ao posicionamento brasileiro.;ERRADO
As salvaguardas da UE para produtos agropecuários e agroindustriais vinculados ao Acordo Provisório MERCOSUL-UE estabelecem mecanismos específicos, com gatilhos próprios, monitoramento e procedimentos especiais, independentemente dos mecanismos previstos no acordo.;CERTO
O desmembramento do acordo MERCOSUL-UE permitiu a tramitação do Acordo Provisório de Comércio, que enfrenta oposição parlamentar em países de ambos os blocos.;CERTO
O Acordo Provisório de Comércio MERCOSUL-UE prevê livre comércio em bens industriais e agrícolas e permitirá ao bloco sul-americano diversificar sua pauta exportadora em direção a produtos de maior valor agregado e tecnologia.;ERRADO
O Tratado de Maastricht estabeleceu critérios de convergência macroeconômica, incluindo metas relativas à inflação, ao déficit público e à dívida pública, para a participação na União Econômica e Monetária.;CERTO
Entre os critérios de convergência de Maastricht estavam inflação, taxas de câmbio, taxas de juros de longo prazo e déficits fiscais, considerados em relação aos melhores resultados alcançados pelos países envolvidos no processo de unificação monetária.;CERTO
Entre os objetivos da Política Agrícola Comum da União Europeia estão o aumento da produtividade agrícola, a estabilização dos mercados e a garantia da segurança do abastecimento.;CERTO
Não constitui competência do Tribunal de Justiça das Comunidades Europeias julgar diretamente contenciosos entre cidadãos europeus em razão de suposta violação do direito comunitário.;CERTO
Na data de lançamento do euro, em 1º de janeiro de 1999, Dinamarca, Grécia, Reino Unido e Suécia não haviam aderido à moeda comum.;CERTO
Entre as dificuldades relacionadas à adesão da Turquia à União Europeia estavam os elevados custos de integração, a necessidade de alterações na Política Agrícola Comum e o impacto demográfico da entrada de um país muito populoso.;CERTO
Constitui atribuição da Comissão Europeia concentrar o poder político da União Europeia.;ERRADO
O aumento gradativo das taxas de juros de longo prazo constituiu um dos critérios de convergência para a adoção da moeda comum europeia.;ERRADO
Entre os países que passaram a integrar a Comunidade Europeia/União Europeia após o fim do bloco soviético encontram-se Polônia, República Tcheca e Hungria.;CERTO
A Associação Europeia de Livre Comércio (EFTA), criada em 1960, contou entre seus membros fundadores com Reino Unido, Áustria e Islândia.;CERTO
A União Europeia é considerada uma das experiências mais avançadas de integração econômica do mundo contemporâneo, resultado de um longo e complexo processo histórico.;CERTO
O êxito da União Europeia decorre exclusivamente de seu caráter econômico, sem pretensões de integração política e cultural.;ERRADO
O aumento da demanda chinesa por produtos lácteos europeus exemplifica a interdependência dos mercados na economia global contemporânea.;CERTO
A produção reduzida e o consumo elevado são apontados pelo texto como fatores responsáveis pela alta dos preços do leite e de seus derivados na União Europeia.;ERRADO
A União Europeia é considerada uma das experiências mais avançadas de integração econômica da atualidade, resultante de um processo iniciado nas décadas posteriores à Segunda Guerra Mundial.;CERTO
O êxito da União Europeia decorre de um consenso entre seus membros para agir de maneira uniforme e unânime em áreas como política externa, imigração e tributação.;ERRADO
A União Europeia exige dos Estados-membros a adoção de um conjunto de regras e princípios comuns em diversas áreas estratégicas de intervenção.;CERTO
A participação na zona do euro limita as iniciativas políticas unilaterais dos países que adotam a moeda comum, especialmente no campo da política monetária.;CERTO
O Tratado de Lisboa incorporou formalmente a cláusula de solidariedade ao ordenamento da União Europeia.;CERTO
A introdução das Outright Monetary Transactions pelo Banco Central Europeu, o estabelecimento do Mecanismo Europeu de Estabilidade e o encaminhamento de uma união bancária contribuíram para reduzir o risco de contágio na zona do euro.;CERTO
Entre os argumentos dos partidários do Brexit estava a percepção de que a imigração aumentava a concorrência em um mercado de trabalho considerado saturado.;CERTO
O voto favorável ao Brexit foi majoritário nas grandes cidades e nas regiões mais ricas do Reino Unido.;ERRADO
As medidas protecionistas dos países da União Europeia foram o principal motivo que levou o governo conservador britânico a propor o Brexit.;ERRADO
O Brexit decorreu da aplicação do artigo 50 do Tratado de Lisboa, que estabelece o procedimento para a retirada voluntária de um Estado-membro da União Europeia.;CERTO
O resultado do referendo sobre o Brexit expressou de forma uniforme a vontade de todas as nações integrantes do Reino Unido.;ERRADO
A União Europeia foi criada com o objetivo de estruturar uma Europa pacífica, unida e próspera.;CERTO
O Brexit pode afetar empresários brasileiros que utilizavam o Reino Unido como porta de entrada para negócios no mercado europeu.;CERTO
A retirada unilateral de um Estado da União Europeia não estava prevista originalmente nos tratados, sendo necessária uma alteração posterior para inserir um artigo específico sobre a retirada.;ERRADO
O Brexit pode impactar acordos firmados pelo Reino Unido com terceiros Estados e sua participação em organizações internacionais, considerando as competências externas exercidas pela União Europeia.;CERTO
Após a saída da União Europeia, o Reino Unido passou a poder desenvolver suas relações comerciais de forma independente, inclusive definindo sua própria política tarifária.;CERTO
Um dos pontos mais delicados do acordo para viabilizar o Brexit envolvia a questão da fronteira entre a Irlanda do Norte e a Irlanda, devido ao risco de retomada de tensões históricas. Certo ou Errado?;CERTO
A integração econômica europeia iniciada durante a Guerra Fria passou por distintas fases, começando pela cooperação em carvão e aço e avançando por diferentes tratados até culminar na criação da União Europeia. Certo ou Errado?;CERTO
A entrada de Portugal e Espanha na Comunidade Europeia, em 1986, antecedeu Schengen e o euro e teve como objetivo fundamental enfraquecer a União Soviética. Certo ou Errado?;ERRADO
O Tratado de Roma de 1957 estabeleceu a Comunidade Europeia do Carvão e do Aço (CECA), que posteriormente originou a União Europeia. Certo ou Errado?;ERRADO
Entre os fatores que contribuíram para a vitória do Brexit esteve o descontentamento com as políticas migratórias da União Europeia no contexto da crise dos refugiados. Certo ou Errado?;CERTO
O Brexit resultou da insatisfação britânica com as consequências econômicas da adoção do euro como moeda corrente no Reino Unido. Certo ou Errado?;ERRADO
O Brexit foi motivado pela preocupação britânica com o controle das fronteiras após a assinatura do Acordo de Schengen pelo Reino Unido. Certo ou Errado?;ERRADO
Os membros fundadores da Comunidade Econômica Europeia, criada em 1957, foram Alemanha, Bélgica, Espanha, França, Itália, Luxemburgo e Países Baixos. Certo ou Errado?;ERRADO
Os seis membros fundadores da Comunidade Econômica Europeia foram Alemanha, Bélgica, França, Itália, Luxemburgo e Países Baixos. Certo ou Errado?;CERTO
A criação da Política Agrícola Comum foi facilitada pelo fato de o setor agrário não possuir grande importância estratégica em comparação com a produção de armamentos. Certo ou Errado?;ERRADO
A multifuncionalidade foi desenvolvida, entre outros motivos, como forma de justificar aspectos da política agrícola europeia diante das críticas internacionais aos subsídios agrícolas. Certo ou Errado?;CERTO
O Tratado de Nice, assinado em 2001, tratou de questões como a dimensão e composição da Comissão Europeia, a composição do Parlamento Europeu, a ponderação dos votos no Conselho e as cooperações reforçadas. Certo ou Errado?;CERTO
A restrição das votações por maioria qualificada constituiu um dos principais objetivos do Tratado de Nice. Certo ou Errado?;ERRADO
A União Europeia não dispõe de uma Política Agrícola Comum, de modo que as políticas agrícolas são definidas exclusivamente pelos Estados-membros. Certo ou Errado?;ERRADO
O Espaço Schengen foi criado por acordo assinado em 1985 e prevê a eliminação dos controles nas fronteiras internas entre os países participantes. Certo ou Errado?;CERTO
Todos os países da União Europeia fazem parte do Espaço Schengen. Certo ou Errado?;ERRADO
A livre circulação de pessoas dentro da União Europeia tem gerado controvérsias, inclusive porque quem ingressa regularmente em um país do espaço de livre circulação pode deslocar-se entre os demais países participantes. Certo ou Errado?;CERTO
A imigração magrebina contribuiu para a formação de uma importante comunidade muçulmana na França e sua presença foi utilizada como elemento de campanhas políticas de caráter xenofóbico. Certo ou Errado?;CERTO
Do ponto de vista econômico e demográfico, a imigração pode contribuir para amenizar o envelhecimento populacional e fornecer mão de obra, inclusive em ocupações menos procuradas pelos trabalhadores locais. Certo ou Errado?;CERTO
A maior parte do crescimento populacional da União Europeia decorre do crescimento vegetativo, e não dos saldos migratórios. Certo ou Errado?;ERRADO
