Para o realismo, os Estados são os principais atores das relações internacionais.;Certo
Segundo o realismo, a segurança é uma das principais preocupações dos Estados.;Certo
O liberalismo considera que a cooperação internacional é impossível devido à anarquia do sistema internacional.;Errado
A teoria da paz democrática sustenta que democracias dificilmente entram em guerra entre si.;Certo
O realismo enfatiza ganhos relativos nas relações internacionais.;Certo
O liberalismo tende a enfatizar ganhos absolutos na cooperação internacional.;Certo
O neorrealismo atribui grande importância à estrutura do sistema internacional.;Certo
O realismo ofensivo defende que os Estados devem buscar maximizar seu poder.;Certo
O realismo defensivo sustenta que a busca excessiva por poder pode reduzir a segurança do Estado.;Certo
A interdependência complexa foi desenvolvida por Robert Keohane e Joseph Nye.;Certo
A interdependência complexa afirma que o uso da força militar é sempre o instrumento dominante entre os Estados.;Errado
O neoliberalismo institucional considera que instituições internacionais podem facilitar a cooperação.;Certo
Para o construtivismo, identidades e normas influenciam o comportamento dos Estados.;Certo
Alexander Wendt é um dos principais autores do construtivismo.;Certo
A frase ""Anarchy is what states make of it"" está associada ao construtivismo.";Certo
Segundo Wendt, as instituições existem independentemente das ideias compartilhadas pelos atores.;Errado
A Escola de Copenhague desenvolveu o conceito de securitização.;Certo
Na teoria da securitização, basta existir uma ameaça objetiva para que ocorra a securitização.;Errado
A Escola Inglesa trabalha com os conceitos de sistema internacional, sociedade internacional e sociedade mundial.;Certo
O feminismo nas Relações Internacionais critica a exclusão das questões de gênero da análise internacional.;Certo
O pós-colonialismo critica a centralidade das perspectivas ocidentais nas Relações Internacionais.;Certo
A Teoria Crítica questiona as estruturas de poder existentes no sistema internacional.;Certo
A geopolítica clássica possui forte afinidade com o paradigma realista.;Certo
O conceito de ""Estado-tampão"" refere-se a um Estado que atua como amortecedor entre potências rivais.";Certo
O conceito de ""balcanização"" refere-se ao processo de fragmentação política de uma região.";Certo
Balance of Power significa equilíbrio na distribuição do poder entre os Estados.;Certo
Para Hans Morgenthau, o interesse nacional é definido em termos de poder.;Certo
Kenneth Waltz é considerado o principal representante do neorrealismo.;Certo
John Mearsheimer é associado ao realismo ofensivo.;Certo
O liberalismo considera irrelevantes as organizações internacionais.;Errado
A ONU pode ser compreendida, pelo neoliberalismo institucional, como uma instituição que favorece a cooperação.;Certo
Segundo o realismo, a política interna explica melhor o comportamento internacional dos Estados do que a distribuição de poder.;Errado
O construtivismo afirma que o sistema internacional é socialmente construído.;Certo
Os construtivistas rejeitam a ideia de que interesses estatais sejam fixos e imutáveis.;Certo
O conceito de soberania é central para o estudo das Relações Internacionais.;Certo
A anarquia no sistema internacional significa ausência de governo mundial superior aos Estados.;Certo
Anarquia significa necessariamente caos e guerra permanente.;Errado
Organizações internacionais são exemplos de atores internacionais.;Certo
Empresas multinacionais podem ser consideradas atores internacionais.;Certo
ONGs transnacionais podem influenciar a política internacional.;Certo
Para o realismo clássico, Tucídides e Hobbes são importantes referências teóricas.;Certo
Maquiavel também é frequentemente associado à tradição realista.;Certo
A Escola Inglesa considera que existe uma sociedade internacional composta por Estados.;Certo
A teoria da paz democrática pertence à tradição liberal.;Certo
A intensificação do comércio internacional pode favorecer a paz segundo o liberalismo.;Certo
Norman Angell defendia que a guerra não traz benefícios econômicos duradouros aos agressores.;Certo
Friedrich Ratzel desenvolveu o conceito de espaço vital (Lebensraum).;Certo
Para Ratzel, o Estado pode ser compreendido como um organismo vivo.;Certo
A noção de polos de poder continua sendo útil para analisar o sistema internacional contemporâneo.;Certo
O equilíbrio de poder busca impedir a hegemonia absoluta de um único Estado.;Certo
Segundo a Escola de Copenhague, um processo de securitização depende da aceitação do discurso pela audiência.;Certo
A alta política está tradicionalmente relacionada à segurança e defesa.;Certo
A baixa política envolve temas econômicos, sociais e ambientais.;Certo
A teoria da interdependência complexa elimina completamente a importância da força militar.;Errado
O construtivismo considera que normas internacionais podem modificar interesses estatais.;Certo
O pós-estruturalismo enfatiza o papel do discurso na construção da realidade internacional.;Certo
O feminismo defende que apenas Estados devem ser estudados nas Relações Internacionais.;Errado
O pós-colonialismo critica o eurocentrismo presente nas teorias tradicionais.;Certo
A Teoria Crítica procura apenas descrever a realidade internacional sem questioná-la.;Errado
A distribuição de capacidades entre os Estados é elemento central do neorrealismo.;Certo
Para o realismo, a sobrevivência do Estado é um objetivo fundamental.;Certo
O liberalismo considera que a cooperação é possível mesmo em um sistema anárquico.;Certo
Segundo o construtivismo, identidades podem mudar ao longo do tempo.;Certo
O sistema internacional é composto exclusivamente por organizações internacionais.;Errado
O Estado continua sendo um ator central para a maior parte das teorias tradicionais das Relações Internacionais.;Certo
;
;
O Primeiro Debate contribuiu para a autonomia científica das Relações Internacionais e consolidou o liberalismo como teoria predominante até a Segunda Guerra Mundial.;Certo
A interdependência complexa é um conceito central do neoliberalismo institucional.;Certo
A interdependência complexa elimina completamente as assimetrias entre os atores internacionais.;Errado
A interdependência complexa tende a aumentar as possibilidades de cooperação entre os Estados.;Certo
O Comitê Britânico de Teoria de Política Internacional está associado ao desenvolvimento da Escola Inglesa.;Certo
A Escola Inglesa utiliza as tradições hobbesiana, grotiana e kantiana (os ""3R's"") para interpretar as relações internacionais.";Certo
Para o neorrealismo, a anarquia é uma construção social produzida pelos próprios Estados.;Errado
Para o construtivismo, a anarquia depende dos significados compartilhados entre os Estados.;Certo
Para os neorrealistas, a anarquia gera um sistema de autoajuda (self-help).;Certo
Para o construtivismo, a cultura kantiana representa uma possibilidade de superação da lógica conflitiva.;Certo
O realismo e o liberalismo compartilham pressupostos racionalistas nas Relações Internacionais.;Certo
Tanto realistas quanto liberais consideram o Estado um ator fundamental das Relações Internacionais.;Certo
No neorrealismo, mesmo Estados revolucionários são constrangidos pela estrutura anárquica do sistema internacional.;Certo
O pós-colonialismo busca evidenciar conhecimentos e perspectivas historicamente silenciados.;Certo
O pós-colonialismo reforça a universalidade das teorias ocidentais tradicionais.;Errado
Os neoliberais distinguem a interdependência como retórica da interdependência como conceito analítico.;Certo
Sensibilidade e vulnerabilidade são conceitos centrais da teoria da interdependência complexa.;Certo
A Teoria da Paz Democrática sustenta que democracias raramente entram em guerra entre si.;Certo
Segundo a Teoria da Paz Democrática, regimes autoritários enfrentam menos controles internos para iniciar guerras.;Certo
A Teoria Crítica defende neutralidade absoluta e imparcialidade como princípios centrais da pesquisa científica.;Errado
A teoria pós-estruturalista enfatiza o papel do discurso na construção da realidade internacional.;Certo
Para os liberais, organizações internacionais aumentam previsibilidade, estabilidade e fluxo de informações.;Certo
Para os realistas, organizações internacionais determinam as escolhas dos Estados.;Errado
Os realistas tendem a privilegiar ganhos relativos em detrimento dos ganhos absolutos.;Certo
A revolução behaviorista ampliou o uso de métodos quantitativos nas Relações Internacionais.;Certo
A revolução behaviorista buscou conferir maior cientificidade às pesquisas em Relações Internacionais.;Certo
O debate sobre níveis de análise ganhou força durante a revolução behaviorista.;Certo
Para o neorrealismo, a soberania caracteriza os Estados como unidades autônomas do sistema internacional.;Certo
O princípio da soberania garante legitimidade aos Estados no sistema internacional.;Certo
As teorias críticas entendem a soberania como uma construção histórica e social.;Certo
A criação da ONU enfraqueceu o princípio da igualdade soberana previsto na Carta das Nações Unidas.;Errado
A Carta da ONU afirma o princípio da igualdade soberana entre os Estados-membros.;Certo
Para o construtivismo, a soberania é uma instituição baseada em entendimentos intersubjetivos.;Certo
Segundo o construtivismo, normas compartilhadas influenciam a forma como os Estados justificam suas ações.;Certo
A diplomacia continua sendo útil mesmo durante conflitos armados entre Estados.;Certo
Durante guerras, a diplomacia pode servir para reduzir tensões e manter canais de comunicação.;Certo
A decisão de mobilização militar integra uma estratégia de política externa, e não a diplomacia em sentido estrito.;Certo
O envio de telegramas diplomáticos faz parte das atividades tradicionais da diplomacia.;Certo
O realismo considera a diplomacia totalmente irrelevante como instrumento de poder.;Errado
Para os realistas, a diplomacia pode servir aos interesses nacionais e à busca de poder.;Certo
Representar, informar e negociar são funções clássicas da diplomacia.;Certo
A diplomacia pública ganhou maior relevância com a expansão das tecnologias de comunicação e das redes sociais.;Certo
A diplomacia pública limita-se exclusivamente às negociações secretas entre governos.;Errado
A política externa possui escopo mais amplo do que a diplomacia.;Certo
A diplomacia é um dos instrumentos de execução da política externa.;Certo
A Escola Inglesa valoriza a diplomacia como uma das instituições fundamentais da sociedade internacional.;Certo
A soberania, para o construtivismo, existe independentemente de normas e práticas sociais.;Errado
A interdependência complexa pressupõe múltiplos canais de interação entre sociedades.;Certo
Na interdependência complexa, nem sempre os assuntos militares ocupam posição hierárquica superior.;Certo
Segundo o neorrealismo, a estrutura internacional condiciona o comportamento dos Estados.;Certo
;
A ascensão da China levou os EUA a adotarem estratégias para conter sua influência no Indo-Pacífico e em outras regiões estratégicas.;Certo
O fim da União Soviética tornou a teoria do Rimland completamente obsoleta.;Errado
A OTAN perdeu sua relevância estratégica após o fim da Guerra Fria.;Errado
A teoria do Rimland é também conhecida como teoria do choque das civilizações.;Errado
A teoria do choque das civilizações foi formulada por Nicholas Spykman.;Errado
Ucrânia e Taiwan constituem importantes focos contemporâneos de competição geopolítica entre grandes potências.;Certo
O realismo defensivo sustenta que os Estados devem maximizar seu poder sempre que possível.;Errado
O realismo defensivo entende que a busca excessiva por poder pode reduzir a segurança dos próprios Estados.;Certo
Para o realismo defensivo, a sobrevivência é o principal objetivo dos Estados.;Certo
Segundo Mackinder, o Heartland corresponde ao núcleo continental da Eurásia.;Certo
Segundo Mackinder, o Heartland corresponde ao cinturão costeiro da Eurásia.;Errado
O Rimland corresponde à faixa periférica marítima que circunda o Heartland.;Certo
O Heartland estende-se aproximadamente do Oceano Ártico até a Ásia Central.;Certo
Mackinder atribuía grande importância estratégica aos recursos naturais do Heartland.;Certo
A teoria de Mackinder afirma que quem controla o Heartland possui grande vantagem geopolítica.;Certo
Segundo Mackinder, o Heartland impede o avanço da Rússia em direção ao Rimland.;Errado
A teoria de Mackinder enfatiza prioritariamente o poder terrestre.;Certo
A teoria de Mackinder considera irrelevante o poder marítimo.;Errado
Para Maquiavel, um príncipe deve agir conforme as circunstâncias para preservar o poder.;Certo
Segundo Maquiavel, seguir sempre a moral cristã é a melhor estratégia para manter o poder.;Errado
Em Maquiavel, virtù refere-se à capacidade política, habilidade e prudência do governante.;Certo
Em Maquiavel, fortuna representa apenas riqueza material.;Errado
A frase ""os fins justificam os meios"" não aparece literalmente em O Príncipe, embora sintetize uma interpretação da obra.";Certo
Após a Guerra Fria, meio ambiente e direitos humanos ganharam maior espaço na agenda internacional.;Certo
Livre mercado e desregulamentação tornaram-se temas importantes da agenda global no pós-Guerra Fria.;Certo
A opinião pública tornou-se completamente irrelevante para a política externa dos Estados.;Errado
A governança global reduz a centralidade exclusiva do Estado nas relações internacionais.;Certo
A ideia de império é anterior ao sistema moderno de Estados.;Certo
O sistema moderno de Estados consolidou-se após a Paz de Vestfália (1648).;Certo
O desenvolvimento industrial contribuiu para a consolidação do sistema moderno de Estados.;Certo
Em um sistema unipolar, apenas um Estado concentra a maior parcela de poder.;Certo
Em um sistema unipolar, os Estados deixam de existir como atores internacionais.;Errado
O poder é o único conceito relevante para o estudo das Relações Internacionais.;Errado
A política externa influencia paz, guerra, cooperação e desenvolvimento dos Estados.;Certo
No Direito Internacional, soberania implica igualdade jurídica entre os Estados.;Certo
A soberania permite que um Estado imponha sua vontade aos demais.;Errado
A ONU possui autoridade para substituir automaticamente a legislação interna dos Estados.;Errado
O estudo das Relações Internacionais possui antecedentes na Antiguidade, como em Tucídides.;Certo
As Relações Internacionais são estudadas exclusivamente no mundo anglo-saxão.;Errado
As teorias das Relações Internacionais refletem valores e interesses de seus contextos históricos.;Certo
As Relações Internacionais constituem um campo interdisciplinar.;Certo
Apenas países economicamente desenvolvidos são capazes de produzir teorias relevantes de Relações Internacionais.;Errado
A Teoria da Estabilidade Hegemônica afirma que a cooperação internacional depende, em grande medida, da existência de uma potência dominante.;Certo
Segundo a Teoria da Estabilidade Hegemônica, a ausência de um hegemon facilita a cooperação econômica internacional.;Errado
A Teoria da Estabilidade Hegemônica está associada a autores como Charles Kindleberger e Robert Gilpin.;Certo
A Teoria da Estabilidade Hegemônica sustenta que uma potência dominante tende a fornecer bens públicos internacionais.;Certo
Segundo a TEH, estabilidade econômica internacional pode depender da liderança de um Estado hegemônico.;Certo
O Rimland corresponde à faixa costeira que circunda o Heartland.;Certo
Nicholas Spykman defendia que o controle do Rimland era mais importante que o controle do Heartland.;Certo
A estratégia de contenção durante a Guerra Fria foi influenciada pelas ideias de Spykman.;Certo
O Heartland localiza-se predominantemente na América do Norte.;Errado
;
;
;
O modelo do jogo de dois níveis, de Robert Putnam, integra as dimensões doméstica e internacional na análise da política externa.;Certo
O modelo de Putnam analisa a política externa apenas no plano internacional.;Errado
Segundo a Teoria Crítica, o pesquisador é influenciado pelo contexto histórico e social em que está inserido.;Certo
A Teoria Crítica considera possível uma análise completamente neutra e desprovida de valores.;Errado
Ignorar a relação entre interesses econômicos e posições ideológicas favorece a reprodução da ordem existente, segundo a Teoria Crítica.;Certo
Para o construtivismo, a anarquia é socialmente construída e pode assumir diferentes significados.;Certo
Segundo o construtivismo, a anarquia leva inevitavelmente à guerra entre os Estados.;Errado
A frase ""a anarquia é aquilo que os Estados fazem dela"" sintetiza a visão construtivista.";Certo
As teorias feministas afirmam que conceitos tradicionais de poder refletem visões associadas à masculinidade.;Certo
O feminismo busca demonstrar que conceitos das Relações Internacionais são neutros em relação ao gênero.;Errado
As teorias feministas criticam a separação rígida entre as esferas pública e privada.;Certo
O neorrealismo surgiu em parte como resposta às críticas behavioristas ao realismo clássico.;Certo
O neorrealismo concentra sua análise na estrutura do sistema internacional.;Certo
O neorrealismo substituiu o conceito de poder pelo conceito de identidade nacional.;Errado
O debate entre neorrealistas e neoliberais marcou as Relações Internacionais na década de 1980.;Certo
Para os neorrealistas, além da deserção, os ganhos relativos dificultam a cooperação entre os Estados.;Certo
Os neoliberais enfatizam principalmente os ganhos absolutos da cooperação.;Certo
Segundo os neorrealistas, apenas a ausência de cultura comum impede a cooperação.;Errado
O realismo é frequentemente descrito como uma teoria amoral, e não imoral.;Certo
O realismo busca explicar o comportamento dos Estados, sem fundamentar-se em julgamentos morais.;Certo
O sistema internacional moderno surgiu após o fim da Guerra dos Trinta Anos e a Paz de Vestfália.;Certo
A Paz de Vestfália (1648) é considerada um marco do sistema moderno de Estados.;Certo
O Primeiro Grande Debate ocorreu entre idealistas e realistas.;Certo
O Primeiro Grande Debate ocorreu entre marxistas e construtivistas.;Errado
O realismo clássico atribui importância à natureza humana na explicação da política internacional.;Certo
O realismo clássico frequentemente antropomorfiza os Estados, atribuindo-lhes interesses e características semelhantes às humanas.;Certo
Para o realismo, a cooperação internacional é sempre impossível.;Errado
O realismo considera a anarquia uma característica permanente do sistema internacional.;Certo
O realismo sustenta que a sociedade internacional elimina a anarquia entre os Estados.;Errado
Para Hobbes, o medo da morte violenta leva os indivíduos a aceitarem a autoridade do soberano.;Certo
O Leviatã de Hobbes busca superar o estado de natureza por meio de um poder soberano.;Certo
Para Hobbes, o estado de natureza caracteriza-se pela insegurança e pelo medo.;Certo
Segundo o realismo, os Estados atuam racionalmente para maximizar seus interesses nacionais.;Certo
O institucionalismo liberal desconsidera completamente atores não estatais.;Errado
O neoliberalismo institucional valoriza o papel das instituições internacionais na promoção da cooperação.;Certo
O neoliberalismo institucional reconhece que a cooperação é possível mesmo em um sistema anárquico.;Certo
As instituições internacionais podem reduzir custos de transação e aumentar a previsibilidade, segundo o neoliberalismo institucional.;Certo
O construtivismo é uma teoria tradicional anterior ao realismo clássico.;Errado
O equilíbrio do terror é um conceito associado principalmente à Guerra Fria.;Certo
O terrorismo internacional é explicado exclusivamente pela distinção entre agentes racionais e irracionais.;Errado
O neorrealismo enfatiza fatores estruturais do sistema internacional.;Certo
Para o neorrealismo, a distribuição de capacidades entre os Estados influencia seu comportamento.;Certo
O neorrealismo concentra sua análise principalmente nas características psicológicas dos líderes.;Errado
A estrutura anárquica é uma variável central do neorrealismo.;Certo
O modelo de Putnam ficou conhecido como ""jogo de dois níveis"" (Two-Level Games).";Certo
O jogo de dois níveis afirma que negociações internacionais dependem também da política doméstica.;Certo
A Teoria Crítica busca questionar e transformar estruturas de poder existentes.;Certo
As teorias feministas analisam como relações de gênero influenciam a política internacional.;Certo
O neorrealismo é frequentemente associado à obra de Kenneth Waltz.;Certo
O neoliberalismo institucional é frequentemente associado às obras de Robert Keohane e Joseph Nye.;Certo
;
;
Para a teoria da paz democrática, democracias são menos propensas a entrar em guerra entre si.;Certo
A teoria da paz democrática afirma que democracias são mais propensas a guerrear entre si devido aos valores universais.;Errado
As teorias feministas afirmam que a oposição entre masculino e feminino influencia as relações de poder internacionais.;Certo
Para o feminismo, questões de gênero são irrelevantes para a compreensão da guerra.;Errado
O pós-colonialismo considera que a experiência colonial continua relevante para compreender as Relações Internacionais contemporâneas.;Certo
Intervenções humanitárias podem ser analisadas criticamente pelo pós-colonialismo como continuidade de relações coloniais.;Certo
Para o construtivismo, os efeitos da anarquia dependem dos processos de socialização entre os atores.;Certo
As teorias críticas entendem a soberania como um conjunto de práticas historicamente construídas.;Certo
A soberania é considerada um atributo natural e imutável do Estado pelas teorias críticas.;Errado
No construtivismo, a identidade dos atores é construída por meio da interação social.;Certo
No construtivismo, os interesses decorrem das identidades dos atores.;Certo
Para o construtivismo, a identidade dos Estados é fixa e anterior às interações sociais.;Errado
O construtivismo de Wendt admite uma ontologia compatível com o positivismo.;Certo
Segundo Wendt, a estrutura ideacional influencia profundamente a estrutura material.;Certo
Para o construtivismo, a política de poder e a autoajuda não decorrem necessariamente da anarquia.;Certo
A política de poder é consequência inevitável da anarquia, segundo o construtivismo.;Errado
O realismo considera o Estado o principal ator das Relações Internacionais.;Certo
Para o realismo, o Estado é normalmente tratado como ator racional e unitário.;Certo
O interesse nacional constitui objetivo central da atuação estatal segundo o realismo.;Certo
A anarquia significa ausência de autoridade superior aos Estados.;Certo
O realismo afirma que a identidade compartilhada entre os Estados é o principal fundamento da ordem internacional.;Errado
A Teoria da Estabilidade Hegemônica sustenta que uma potência dominante pode fornecer bens públicos internacionais.;Certo
Uma moeda internacional pode ser considerada um bem público internacional segundo a Teoria da Estabilidade Hegemônica.;Certo
A supremacia econômica e militar do hegemon facilita a adesão a regimes internacionais.;Certo
A Teoria da Estabilidade Hegemônica rejeita qualquer papel da liderança internacional na cooperação econômica.;Errado
Wallerstein entende que o sistema-mundo é estruturado de forma hierárquica.;Certo
Centro e periferia desempenham funções distintas na divisão internacional do trabalho.;Certo
Para Wallerstein, centro e periferia exercem exatamente as mesmas funções no sistema-mundo.;Errado
Wallerstein identifica conflitos entre capital e trabalho como elementos internos do sistema-mundo.;Certo
O sistema-mundo de Wallerstein corresponde necessariamente ao mundo inteiro em todos os períodos históricos.;Errado
A Teoria da Dependência rejeita a ideia de que todos os países seguem as mesmas etapas de desenvolvimento.;Certo
A Teoria da Dependência entende que países periféricos ocupam posição subordinada em relação aos países centrais.;Certo
Segundo a Teoria da Dependência, o desenvolvimento ocorre por etapas universais e idênticas para todos os países.;Errado
O paradigma realista enfatiza relações de poder e desconfiança entre os Estados.;Certo
O dilema de segurança é um conceito central do realismo.;Certo
O dilema de segurança descreve situações em que medidas defensivas de um Estado aumentam a insegurança de outros.;Certo
A Escola Inglesa enfatiza a existência de uma sociedade internacional regulada por instituições comuns.;Certo
A Escola Inglesa concentra-se exclusivamente em instituições econômicas internacionais.;Errado
O construtivismo ganhou grande projeção após o fim da Guerra Fria.;Certo
O construtivismo explica a política internacional principalmente por teorias cibernéticas.;Errado
O construtivismo valoriza normas, identidades e ideias na explicação das Relações Internacionais.;Certo
Para o construtivismo, normas compartilhadas podem modificar os interesses dos Estados.;Certo
O realismo busca explicar a política internacional principalmente por fatores ideacionais.;Errado
A Teoria da Dependência foi desenvolvida, entre outros, por Fernando Henrique Cardoso e Enzo Faletto.;Certo
O pós-colonialismo critica o eurocentrismo presente nas teorias tradicionais das Relações Internacionais.;Certo
O feminismo questiona a masculinização dos conceitos tradicionais de poder.;Certo
A Escola Inglesa combina elementos do realismo e do liberalismo ao estudar a sociedade internacional.;Certo
O construtivismo afirma que identidades e interesses são mutuamente constituídos.;Certo
A teoria da paz democrática pertence à tradição liberal das Relações Internacionais.;Certo
O sistema internacional é necessariamente caótico para todos os realistas.;Errado
;
As Relações Internacionais estudam apenas as relações entre governos.;Errado
O estudo das Relações Internacionais abrange as relações entre Estados e outros atores do sistema internacional.;Certo
As Relações Internacionais limitam-se ao estudo do comércio internacional.;Errado
O idealismo busca transformar o sistema internacional para promover a paz permanente.;Certo
O idealismo defende a guerra como principal instrumento para alcançar a paz.;Errado
O idealismo valoriza democracia, justiça e cooperação internacional.;Certo
O idealismo busca compreender melhor o mundo para construir uma ordem racional e pacífica.;Certo
A diplomacia constitui um meio de comunicação e negociação entre Estados baseado na reciprocidade.;Certo
A diplomacia existe principalmente para impor a vontade dos Estados mais fortes sobre os mais fracos.;Errado
A diplomacia é um instrumento da política externa dos Estados.;Certo
População, território e soberania figuram entre os elementos constitutivos do Estado.;Certo
A soberania é um dos elementos essenciais do Estado.;Certo
Todos os Estados possuem sistemas políticos, econômicos e culturais semelhantes.;Errado
O realismo considera que a política é governada por leis objetivas ligadas à natureza humana.;Certo
Para o realismo clássico, o Estado é um ator racional e unitário.;Certo
O realismo entende o Estado como uma arena pluralista dominada por grupos de interesse.;Errado
O poder de uma potência depende exclusivamente de sua população.;Errado
População, posição geográfica e extensão territorial são fatores relevantes para o poder de um Estado.;Certo
O poder nacional também depende de fatores econômicos, militares, tecnológicos e ideacionais.;Certo
Para a perspectiva marxista, o Estado atua como instrumento dos interesses sociais dominantes.;Certo
A perspectiva radical (marxista) concentra-se prioritariamente no conflito entre classes sociais.;Certo
O marxismo considera o Estado o ator central e autônomo das Relações Internacionais.;Errado
O realismo entende que o sistema internacional é anárquico por não existir autoridade superior aos Estados.;Certo
Para o realismo, a anarquia favorece um estado permanente de desconfiança entre os Estados.;Certo
Tucídides é considerado um precursor do pensamento realista.;Certo
Maquiavel e Hobbes são importantes referências da tradição realista.;Certo
Kant é uma das principais referências do pensamento liberal nas Relações Internacionais.;Certo
Segundo Kant, repúblicas tendem a ser menos propensas à guerra entre si.;Certo
O liberalismo considera o Estado o único ator relevante das Relações Internacionais.;Errado
A globalização eliminou completamente a importância dos Estados nacionais.;Errado
A globalização exigiu uma redefinição do papel dos Estados nas relações internacionais.;Certo
A soberania estatal tornou-se mais flexível diante da globalização.;Certo
A Escola Inglesa desenvolveu o conceito de sociedade internacional.;Certo
Para a Escola Inglesa, a anarquia impede totalmente a existência de normas internacionais.;Errado
A sociedade internacional pressupõe Estados conscientes de interesses e valores comuns.;Certo
A sociedade internacional envolve instituições e regras compartilhadas entre os Estados.;Certo
Os 14 Pontos de Wilson buscavam estabelecer bases para uma paz duradoura após a Primeira Guerra Mundial.;Certo
A Liga das Nações foi criada como instrumento de segurança coletiva.;Certo
A autodeterminação dos povos foi um princípio associado ao projeto wilsoniano.;Certo
O Primeiro Grande Debate ocorreu entre idealistas e realistas.;Certo
Os realistas acreditavam que a natureza humana era facilmente transformável e cooperativa.;Errado
O neorrealismo enfatiza fatores estruturais do sistema internacional.;Certo
O neorrealismo desloca a explicação da política internacional da natureza humana para a estrutura do sistema.;Certo
A distribuição de poder entre os Estados é variável central do neorrealismo.;Certo
O realismo ofensivo defende que os Estados tendem a maximizar seu poder.;Certo
O realismo defensivo sustenta que a busca excessiva por poder pode reduzir a segurança do Estado.;Certo
O realismo neoclássico incorpora variáveis domésticas para explicar a política externa dos Estados.;Certo
O realismo neoclássico ignora completamente fatores internos dos Estados.;Errado
A ausência de autoridade central é um dos fundamentos do realismo estrutural de Kenneth Waltz.;Certo
A competição entre os Estados decorre, em grande parte, da estrutura anárquica do sistema internacional.;Certo
;
;
Para as correntes liberais, os regimes democráticos são menos propensos a estabelecer relações pacíficas entre si, em razão da prevalência de valores universais.;Errado
A oposição binária entre masculino e feminino é constitutiva das dinâmicas de poder nas Relações Internacionais, impactando sobretudo o fenômeno da guerra.;Certo
A experiência colonial permanece como dimensão fundamental para compreender as Relações Internacionais contemporâneas.;Certo
As dinâmicas políticas decorrentes da condição anárquica do sistema internacional dependem dos processos de socialização dos atores.;Certo
A soberania pode ser entendida como um conjunto de práticas produtoras de comunidades políticas exclusivas e excludentes que separam a esfera doméstica da internacional.;Certo
Segundo as abordagens pós-coloniais, a visão de que os EUA deveriam conduzir a transição democrática do Iraque representa uma leitura subalterna das sociedades pós-coloniais.;Certo
A interpretação pós-colonial associa esse tipo de discurso ao eurocentrismo e à ideia de superioridade dos modelos ocidentais.;Certo
Para o construtivismo, a identidade dos atores é exógena ao processo de interação social.;Errado
Para o construtivismo, a identidade dos atores fornece a base para a definição de seus interesses.;Certo
No construtivismo wendtiano, a estrutura ideacional influencia a estrutura material.;Certo
O fato de as Relações Internacionais serem socialmente construídas implica constantes rupturas dos padrões sistêmicos.;Errado
Para o construtivismo, a política de poder e a autoajuda não decorrem necessariamente da anarquia internacional.;Certo
Para o realismo, a busca de poder pelos Estados gera caos permanente no sistema internacional.;Errado
Para o realismo, o Estado é ator central, unitário e racional, voltado à defesa do interesse nacional.;Certo
Para o realismo, a anarquia corresponde à ausência de autoridade superior aos Estados.;Certo
Para o realismo, a manutenção da ordem internacional depende da disseminação de uma identidade compartilhada entre as nações.;Errado
Segundo a Teoria da Estabilidade Hegemônica, uma potência hegemônica pode fornecer bens públicos internacionais, como uma moeda internacional.;Certo
Um país hegemônico pode liderar regimes internacionais por meio de incentivos positivos e negativos aos demais Estados.;Certo
Na análise de Wallerstein, os Estados tornam-se irrelevantes diante do sistema-mundo.;Errado
O sistema-mundo é composto por elementos interdependentes organizados de forma hierárquica.;Certo
Centro e periferia desempenham as mesmas funções no sistema-mundo.;Errado
O sistema-mundo é tensionado por conflitos vinculados à relação entre capital e trabalho.;Certo
Para Wallerstein, o sistema-mundo corresponde necessariamente à totalidade da ordem global.;Errado
Segundo a Teoria da Dependência, a superação do subdesenvolvimento depende essencialmente da industrialização.;Errado
A Teoria da Dependência rejeita a ideia de que o desenvolvimento ocorre por etapas.;Certo
A Teoria da Dependência sustenta que países periféricos ocupam posição subordinada em relação aos países centrais.;Certo
O paradigma realista enfatiza relações de poder, força e desconfiança entre Estados, conduzindo ao dilema de segurança.;Certo
A Escola Inglesa enfatiza principalmente instituições econômicas internacionais entre Estados e atores não estatais.;Errado
O construtivismo recupera principalmente teorias cibernéticas e privilegia a estrutura cognitiva individual em detrimento das interações entre Estados.;Errado
Segundo o institucionalismo, instituições internacionais reduzem custos de transação, fornecem informações e facilitam a reciprocidade.;Certo
Para os realistas, os Estados permanecem preocupados com ganhos relativos e riscos de defecção.;Certo
Para o institucionalismo, os Estados alteram seu comportamento porque buscam maximizar ganhos relativos.;Errado
O institucionalismo considera positiva a mudança de comportamento dos Estados quando fortalece instituições e aprofunda a interdependência.;Certo
Para Wendt, poder e interesse são construídos a partir das identidades dos atores.;Certo
O dilema de segurança é uma estrutura social baseada em percepções intersubjetivas.;Certo
Para Wendt, apenas fatores materiais determinam identidades e interesses dos Estados.;Errado
Migração, terrorismo, tráfico de drogas e meio ambiente podem ser securitizados.;Certo
A securitização depende da construção intersubjetiva de uma ameaça existencial.;Certo
Antes de se tornar subárea própria, a análise de política externa refletia a visão realista do Estado como ator autônomo em relação à sociedade.;Certo
Os estudos burocráticos de política externa enfatizam a interação entre líderes, burocracias e outros atores.;Certo
O fim da Guerra Fria estimulou novas formas de análise da política externa em razão das mudanças no papel do Estado.;Certo
Para Mackinder, controlar o Heartland implica controlar politicamente o mundo.;Certo
Para Ratzel, as condições naturais influenciam a humanidade.;Certo
O conceito de espaço vital, em Ratzel, relaciona-se ao equilíbrio entre população e recursos.;Certo
A detecção remota ampliou as possibilidades da geopolítica e influenciou a noção de soberania.;Certo
Vidal de La Blache foi o autor da expressão ""espaço é poder"".";Errado
O Estado, para o realismo, é um ator unitário e racional voltado ao interesse nacional.;Certo
Tucídides e Maquiavel são referências clássicas do pensamento realista.;Certo
Hans Morgenthau defendia que a democratização das relações internacionais garantiria a paz mundial.;Errado
A Teoria da Dependência possui matriz neomarxista e foi desenvolvida inicialmente na sociologia e na economia.;Certo
O construtivismo destaca o papel das ideias, normas e instituições para explicar o comportamento internacional.;Certo
Segundo Allison, a política externa resulta da barganha entre burocracias do Poder Executivo.;Certo
A diplomacia pode obter informações necessárias à formulação da política externa por meios irrestritos.;Errado
O emprego da força é totalmente alheio ao repertório da política externa.;Errado
Na interdependência complexa, os temas econômicos ocupam posição hierarquicamente superior aos demais temas da agenda internacional.;Errado
Para Kindleberger, a estabilidade internacional depende da existência de vários polos hegemônicos.;Errado
Para Susan Strange, poder estrutural é a capacidade de moldar a estrutura da economia mundial.;Certo
Para Keohane, instituições internacionais podem promover estabilidade mesmo diante do declínio da potência hegemônica.;Certo
;
O neorrealismo de Kenneth Waltz explica as guerras principalmente pela natureza humana e pela organização interna dos Estados.;Errado
Segundo o neorrealismo de Waltz, a estrutura anárquica do sistema internacional explica a busca dos Estados por segurança e sobrevivência.;Certo
Para o neorrealismo, os Estados buscam ganhos absolutos como princípio central de sua atuação internacional.;Errado
O neorrealismo considera os Estados atores centrais, racionais e orientados pela lógica da autoajuda.;Certo
Kenneth Waltz introduziu o conceito de dilema de segurança ao afirmar que a organização política interna dos Estados determina sua percepção pelos demais.;Errado
Segundo o neorrealismo, a estrutura do sistema internacional influencia decisivamente o comportamento dos Estados.;Certo
O equilíbrio de poder é considerado irrelevante pelo neorrealismo para explicar a estabilidade internacional.;Errado
A teoria neorrealista privilegia uma abordagem sistêmica das Relações Internacionais.;Certo
Para a perspectiva grociana, os regimes internacionais são indispensáveis para a ordem internacional.;Certo
A abordagem estrutural convencional considera os regimes internacionais elementos centrais para explicar o comportamento dos Estados.;Errado
A abordagem estrutural modificada sustenta que os regimes internacionais podem influenciar o comportamento dos Estados em determinadas condições.;Certo
Segundo a abordagem estrutural convencional, os regimes internacionais sempre limitam o comportamento estatal de forma decisiva.;Errado
Na perspectiva grociana, os regimes internacionais são componentes fundamentais da sociedade internacional.;Certo
Para a abordagem estrutural modificada, organizações intergovernamentais e regimes podem alterar a atuação dos Estados em certas circunstâncias.;Certo
O institucionalismo liberal compartilha com Mearsheimer a ideia de que os ganhos relativos são sempre o foco central da análise.;Errado
Segundo o institucionalismo liberal, instituições internacionais ajudam a lidar com problemas de coordenação entre múltiplos Estados.;Certo
Para o institucionalismo liberal, a reciprocidade favorece a cooperação entre os Estados.;Certo
O institucionalismo liberal enfatiza a existência de um governo supranacional como condição indispensável para a cooperação internacional.;Errado
Segundo o institucionalismo liberal, conflitos distributivos reforçam a importância das instituições internacionais.;Certo
O institucionalismo liberal considera irrelevantes os regimes internacionais para promover cooperação.;Errado
As teorias feministas sustentam que a simples inclusão de mulheres nas altas esferas decisórias transformou substancialmente a política internacional.;Errado
As teorias feministas afirmam que ainda existe valorização do masculino na construção política das relações internacionais.;Certo
Segundo as abordagens feministas, a exclusão das mulheres da alta política decorre de construções sociais de gênero.;Certo
As feministas liberais defendem que a presença de mulheres em cargos de representação internacional pode alterar processos e resultados políticos.;Certo
Para as teorias feministas, gênero é uma categoria relevante para compreender poder e política internacional.;Certo
As teorias feministas consideram que homens e mulheres sempre participaram em igualdade de condições da formulação da política internacional.;Errado
;
;
;
A Escola Inglesa e o Construtivismo são considerados enfoques de ""via média"" (middle ground), por estabelecerem diálogo entre tradições teóricas opostas.";Certo
A Escola Inglesa utiliza os conceitos de sistema internacional, sociedade internacional e sociedade mundial, enquanto o Construtivismo utiliza as culturas de anarquia como instrumentos analíticos.;Certo
A concepção de sistema internacional da Escola Inglesa corresponde à cultura kantiana de anarquia de Wendt.;Errado
A cultura lockeana de anarquia aproxima-se da concepção estadocêntrica de sociedade internacional da Escola Inglesa.;Certo
A cultura hobbesiana de anarquia pressupõe uma sociedade internacional plenamente desenvolvida.;Errado
Segundo o Construtivismo, as relações sociais entre Estados influenciam suas capacidades materiais e produzem conhecimento coletivo compartilhado.;Certo
Para o Construtivismo, amizade e inimizade entre Estados dependem apenas da distribuição de capacidades materiais.;Errado
Segundo Alexander Wendt, as expectativas e os conhecimentos compartilhados moldam diferentes estruturas sociais entre os Estados.;Certo
As relações entre EUA e Irã diferem das relações entre EUA e Brasil porque são construídas por diferentes estruturas sociais e identidades.;Certo
Para o Construtivismo, recursos materiais possuem significado independentemente das relações sociais.;Errado
A Escola de Copenhague contribuiu para o estudo da ampliação da agenda de segurança por meio dos conceitos de securitização e segurança societal.;Certo
O realismo ofensivo de Mearsheimer e o realismo estrutural de Waltz enfatizam atores não estatais, como terroristas e piratas, como principais ameaças ao sistema internacional.;Errado
A securitização de temas como imigração e tráfico de drogas pode legitimar medidas extraordinárias, inclusive ações militares.;Certo
A ampliação da agenda de segurança no pós-Guerra Fria incluiu temas como meio ambiente e terrorismo.;Certo
A Escola de Copenhague restringe o conceito de segurança exclusivamente ao âmbito militar.;Errado
Os Quatorze Pontos de Woodrow Wilson defendiam a imposição de severas punições aos derrotados da Primeira Guerra Mundial.;Errado
O Liberalismo combina dimensões analítica e normativa ao estudar as Relações Internacionais.;Certo
A globalização levou ao declínio definitivo das teses liberais nas Relações Internacionais.;Errado
O desacordo teórico nas Relações Internacionais terminou na década de 1930.;Errado
O desenvolvimento das Relações Internacionais como disciplina esteve ligado à necessidade de compreender as causas da Primeira Guerra Mundial.;Certo
O Realismo sustenta que a política é regida por leis objetivas e pela busca do interesse.;Certo
Em uma negociação de soma nula, o ganho de uma parte implica necessariamente a perda da outra.;Certo
Para Hobbes, os indivíduos renunciam a parte de suas liberdades naturais em troca de segurança garantida pelo Estado.;Certo
Maquiavel defendia que o Estado surgia de um contrato social firmado entre os cidadãos.;Errado
Para Hobbes, o Estado resulta de um pacto destinado a superar a insegurança do estado de natureza.;Certo
Maquiavel e Hobbes fundamentaram o Estado moderno principalmente a partir das ideias liberais clássicas.;Errado
Para Maquiavel, a estabilidade política depende da virtù e da fortuna do governante.;Certo
;
;
A concepção maquiaveliana de verità effettuale inspirou o princípio realista de que a política é regida por leis objetivas ligadas à natureza humana.;Certo
Segundo o Realismo, uma boa organização institucional pode compensar as limitações dos indivíduos, aproximando-se da ideia de que até uma nação de demônios pode ser pacífica se bem organizada.;Certo
O Realismo sustenta que princípios morais devem sempre prevalecer sobre o interesse nacional nas ações dos Estados.;Errado
Para o Realismo, a busca do interesse nacional pode justificar a não submissão da política à moral individual.;Certo
As teorias de inspiração marxista questionam a ideia do Estado como ator unitário e racional e enfatizam as relações de produção e as classes sociais.;Certo
O marxismo compartilha com o Realismo a ideia de que a distribuição de poder explica, por si só, a política internacional.;Errado
O neoinstitucionalismo abandona completamente a ideia do Estado como ator racional.;Errado
Robert Keohane procurou explicar a cooperação internacional em ambientes institucionalizados sem romper totalmente com pressupostos compartilhados com o neorrealismo.;Certo
O Realismo clássico enfatiza a natureza humana, enquanto o Neorrealismo destaca a estrutura anárquica do sistema internacional.;Certo
Segundo a Escola Inglesa, a ONU pode ser compreendida como expressão tanto do sistema internacional quanto da sociedade internacional.;Certo
Para a Escola Inglesa, sistema internacional e sociedade internacional têm os Estados como principal unidade de análise.;Certo
O conceito de sociedade mundial da Escola Inglesa inclui atores além dos Estados.;Certo
Para Kenneth Waltz, um Irã nuclear poderia contribuir para o equilíbrio de poder no Oriente Médio por meio da dissuasão.;Certo
Kenneth Waltz defendia um neorrealismo ofensivo, segundo o qual os Estados buscam maximizar continuamente seu poder militar.;Errado
O neorrealismo de Waltz está associado à lógica do equilíbrio de poder e da busca por segurança, e não à maximização ofensiva do poder.;Certo
Para Clausewitz, a eficácia da guerra é medida exclusivamente pelo número de inimigos mortos.;Errado
Clausewitz defendia que os limites éticos e os objetivos políticos devem ser considerados mesmo durante conflitos armados.;Certo
Segundo Clausewitz, matar um inimigo desarmado não é eticamente justificável.;Certo
A afirmação ""Minha câmera matou um homem"" permite inferir, segundo Clausewitz, que toda a população civil adere irracionalmente às guerras.";Errado
Para Hobbes, a liberdade dos súditos consiste em agir nos espaços permitidos pelas leis estabelecidas pelo soberano.;Certo
No Estado civil hobbesiano, os súditos permanecem livres para comprar, vender e celebrar contratos quando essas ações são permitidas pelo soberano.;Certo
Segundo Hobbes, os súditos podem destituir livremente o soberano sempre que discordarem de suas decisões.;Errado
;
;
O neorrealismo de Kenneth Waltz explica as guerras principalmente pela natureza humana e pela organização interna dos Estados.;Errado
Segundo o neorrealismo de Waltz, a estrutura anárquica do sistema internacional explica a busca dos Estados por segurança e sobrevivência.;Certo
Para o neorrealismo, os Estados buscam prioritariamente ganhos absolutos.;Errado
Kenneth Waltz introduziu o conceito de dilema de segurança com base na organização política interna dos Estados.;Errado
Segundo a perspectiva grociana, os regimes internacionais são indispensáveis para a ordem global.;Certo
A abordagem estrutural convencional considera que os regimes internacionais limitam efetivamente o comportamento dos Estados.;Errado
A abordagem estrutural modificada entende que regimes internacionais podem modificar a atuação estatal em determinadas situações.;Certo
Para o liberalismo institucionalista, os ganhos relativos tornam irrelevantes as instituições internacionais.;Errado
O liberalismo institucionalista destaca o papel das instituições internacionais e da reciprocidade para facilitar a cooperação entre múltiplos Estados.;Certo
O liberalismo institucionalista defende a criação de uma governança supranacional como elemento central de sua teoria.;Errado
As teorias feministas afirmam que a simples inclusão de mulheres em altos cargos transformou substancialmente a política internacional.;Errado
As teorias feministas sustentam que o masculino continua sendo privilegiado na construção política das Relações Internacionais.;Certo
O feminismo liberal considera que a presença de mulheres na representação internacional pode alterar processos e resultados políticos.;Certo
A Escola Inglesa e o Construtivismo são considerados enfoques de ""via média"" (middle ground).";Certo
A Escola Inglesa utiliza os conceitos de sistema internacional, sociedade internacional e sociedade mundial como ferramentas analíticas.;Certo
A cultura lockeana de anarquia aproxima-se da concepção estadocêntrica de sociedade internacional da Escola Inglesa.;Certo
Para o construtivismo, amizade e inimizade entre Estados dependem apenas da distribuição material de poder.;Errado
Segundo o construtivismo, conhecimentos coletivos e identidades moldam relações de amizade e inimizade entre Estados.;Certo
As relações entre EUA e Irã diferem das relações entre EUA e Brasil devido a estruturas sociais construídas historicamente.;Certo
A Escola de Copenhague contribuiu para compreender a ampliação da agenda de segurança por meio dos conceitos de securitização e segurança societal.;Certo
O realismo ofensivo e o realismo estrutural foram responsáveis por introduzir os atores não estatais como principal ameaça à estabilidade internacional.;Errado
A securitização de temas como imigração e tráfico de drogas pode legitimar medidas extraordinárias de segurança.;Certo
Os Quatorze Pontos de Woodrow Wilson influenciaram diretamente o surgimento do Realismo.;Errado
O Liberalismo entrou em franco declínio com a globalização.;Errado
O desacordo teórico nas Relações Internacionais desapareceu após a década de 1930.;Errado
O desenvolvimento das Relações Internacionais como disciplina esteve ligado à necessidade de compreender as causas da Primeira Guerra Mundial.;Certo
O Realismo parte da ideia de que o comportamento político é orientado pela busca de interesses.;Certo
Em negociações de soma nula, o ganho de uma parte implica a perda da outra.;Certo
Para Hobbes, os indivíduos abrem mão de suas liberdades naturais em troca de segurança garantida pelo Estado.;Certo
Para Maquiavel, o Estado surge de um contrato social entre os cidadãos.;Errado
A compreensão maquiaveliana da verità effetuale inspirou o princípio realista de que a política segue leis objetivas ligadas à natureza humana.;Certo
O Realismo sustenta que princípios morais não devem ser sobrepostos automaticamente às ações dos Estados.;Certo
As teorias marxistas em Relações Internacionais enfatizam as relações de produção, as classes sociais e a articulação entre economia e política.;Certo
O neoinstitucionalismo rejeita completamente a ideia de Estado unitário e racional.;Errado
O Realismo enfatiza a natureza humana, enquanto o Neorrealismo privilegia a estrutura anárquica do sistema internacional.;Certo
Na Escola Inglesa, sistema internacional e sociedade internacional têm o Estado como principal unidade de análise.;Certo
A sociedade mundial da Escola Inglesa inclui atores além dos Estados.;Certo
Segundo Kenneth Waltz, um Irã nuclear poderia contribuir para o equilíbrio de poder no Oriente Médio.;Certo
O neorrealismo de Waltz é ofensivo e defende a maximização ilimitada do poder militar.;Errado
Clausewitz defendia que a eficácia da guerra era medida exclusivamente pelo número de mortos do inimigo.;Errado
Para Clausewitz, objetivos políticos e limites éticos continuam relevantes durante a guerra.;Certo
Segundo Hobbes, os súditos possuem liberdade para agir nas matérias permitidas pelo soberano.;Certo
Para Locke, a sociedade política existe para proteger a vida, a liberdade e a propriedade.;Certo
Clausewitz definiu a guerra como um ato de força destinado a obrigar o inimigo a submeter-se à nossa vontade.;Certo
Para Clausewitz, após o início da guerra, a política deixa de orientar o conflito.;Errado
O liberalismo sociológico sustenta que relações transnacionais intensas favorecem a paz.;Certo
O liberalismo sociológico considera que as relações entre pessoas tendem a ser mais cooperativas do que as relações entre Estados.;Certo
O liberalismo da interdependência afirma que a divisão internacional do trabalho intensifica conflitos violentos entre os Estados.;Errado
Segundo o liberalismo da interdependência, guerras são mais frequentes em países menos interdependentes economicamente.;Certo
A especificidade é um dos critérios utilizados para medir o grau de institucionalização internacional.;Certo
O realismo clássico possui uma visão pessimista da natureza humana.;Certo
O realismo clássico acredita que as relações internacionais são essencialmente harmoniosas.;Errado
O neorrealismo procura explicar cientificamente o sistema internacional enfatizando sua estrutura.;Certo
O construtivismo sustenta que fatores sociais são mais importantes do que fatores puramente materiais.;Certo
O construtivismo considera o plano social como uma realidade objetiva totalmente independente do observador.;Errado
Os pós-estruturalistas criticam a separação rígida entre sujeito e objeto e a ideia de neutralidade da ciência.;Certo
O pós-colonialismo busca promover uma descolonização intelectual e critica a colonialidade do poder e do saber.;Certo
Para Friedrich Ratzel, o Estado possui estreita relação com o espaço geográfico.;Certo
Os Estudos de Segurança Internacional surgiram entre as duas guerras mundiais.;Certo
A segurança é considerada um conceito essencialmente contestado nas Ciências Sociais.;Certo
O trecho apresentado sobre anarquia, Estados e política de poder descreve a abordagem realista.;Certo
As teorias decoloniais denunciam a colonialidade do poder e do saber e defendem a descolonização dos campos do saber, do ser e do poder.;Certo
Para Kant, o princípio supremo da moralidade consiste na maximização do bem-estar geral.;Errado
Um dos Quatorze Pontos de Wilson que não recebeu adesão dos Estados Unidos foi a criação de uma associação geral de nações.;Certo
No Direito Internacional, a violação da soberania pode desencadear conflitos entre Estados.;Certo
A resolução de problemas globais depende da coordenação entre Estados por meio de tratados e convenções.;Certo
Classicamente, a soberania é considerada separável da ideia de Estado.;Errado
;
;
Segundo o Realismo, a concepção de verità effettuale de Maquiavel inspirou a ideia de que a política é regida por leis objetivas enraizadas na natureza humana.;Certo
Para o Realismo, a boa organização do Estado garante que até uma nação de demônios será pacífica.;Errado
Para o Realismo, princípios morais não devem ser sobrepostos às ações dos Estados quando isso compromete seus interesses e sua sobrevivência.;Certo
O Realismo considera que a política internacional é orientada principalmente por princípios morais universais.;Errado
As perspectivas marxistas em Relações Internacionais questionam a ideia de Estado unitário e racional.;Certo
As abordagens marxistas enfatizam a centralidade das relações de produção, das classes sociais e da economia política internacional.;Certo
O marxismo explica a política internacional exclusivamente pela distribuição de poder entre os Estados.;Errado
O neoinstitucionalismo rejeita completamente a noção de Estado racional e unitário.;Errado
Robert Keohane buscou explicar a cooperação internacional por meio das instituições, dialogando criticamente com o neorrealismo.;Certo
Para o neorrealismo, as características da natureza humana explicam o comportamento dos Estados.;Errado
Para o realismo clássico, a natureza humana é um elemento central para compreender a política internacional.;Certo
Segundo Hedley Bull, existe sistema internacional quando os Estados influenciam reciprocamente suas decisões.;Certo
Para Hedley Bull, uma sociedade internacional pressupõe regras, valores e instituições compartilhadas entre os Estados.;Certo
Na Escola Inglesa, sistema internacional e sociedade internacional possuem o Estado como principal unidade de análise.;Certo
O conceito de sociedade mundial considera apenas os Estados como atores relevantes.;Errado
A Organização das Nações Unidas pode ser entendida como uma instituição representativa da sociedade internacional.;Certo
Kenneth Waltz argumentou que um Irã nuclear poderia contribuir para o equilíbrio estratégico no Oriente Médio.;Certo
Waltz defendia o realismo ofensivo e afirmava que os Estados devem buscar maximizar continuamente seu poder militar.;Errado
Para Waltz, a dissuasão nuclear pode favorecer a estabilidade entre adversários.;Certo
O neorrealismo de Waltz é classificado como realismo defensivo ou estrutural.;Certo
Clausewitz afirmava que a guerra é apenas uma sucessão irracional de atos de violência sem relação com objetivos políticos.;Errado
Para Clausewitz, os objetivos políticos devem orientar o emprego da força militar.;Certo
Clausewitz não sustentava que a eficácia da vitória fosse medida apenas pelo número de mortes do inimigo.;Certo
Segundo a interpretação de Clausewitz, a guerra deve permanecer subordinada à política.;Certo
A cena descrita no filme permite concluir que Clausewitz defendia a execução de prisioneiros desarmados.;Errado
Para Hobbes, a liberdade dos súditos consiste em agir dentro dos limites estabelecidos pelo poder soberano.;Certo
Segundo Hobbes, os súditos conservam plena liberdade para desafiar as leis civis sempre que discordarem delas.;Errado
Para Hobbes, comprar, vender e celebrar contratos são exemplos de liberdades permitidas pelo soberano.;Certo
No Estado Civil hobbesiano, os indivíduos mantêm integralmente a liberdade do estado de natureza.;Errado
Segundo Hobbes, as leis civis limitam a liberdade natural em troca da paz e da segurança.;Certo
;
;
O governo de Costa e Silva recuperou princípios básicos da Política Externa Independente.;Certo
O entendimento político entre Brasil e EUA resultou em importante acordo de cooperação nuclear entre os dois países no governo Ernesto Geisel.;Errado
O chanceler Azeredo da Silveira teve importante atuação no contencioso Brasil-Argentina sobre o aproveitamento energético dos rios da Bacia do Prata.;Certo
No governo Castelo Branco, lançaram-se as bases para a criação da Comunidade dos Países de Língua Portuguesa (CPLP).;Errado
No governo Eurico Gaspar Dutra, o Brasil alinhou-se à estratégia político-militar dos EUA no contexto da Guerra Fria.;Certo
A Política Externa Independente buscava utilizar a política externa como instrumento do desenvolvimento nacional, sem submissão às potências hegemônicas.;Certo
O pragmatismo responsável de Ernesto Geisel retomou o alinhamento especial com os EUA característico do governo Castelo Branco.;Errado
A aproximação entre Brasil e Argentina no governo Sarney não resultou em acordos econômicos concretos.;Errado
San Tiago Dantas defendia um desenvolvimento com menor dependência externa e uma diplomacia voltada ao interesse nacional.;Certo
O Brasil votou contra o bloqueio naval imposto pelos EUA a Cuba em 1962 na OEA.;Errado
Um dos traços da Política Externa Independente era a autonomia decisória nos organismos multilaterais para defender os interesses do desenvolvimento.;Certo
O regime militar abandonou definitivamente todos os princípios da Política Externa Independente.;Errado
Na III Conferência de Chanceleres Americanos (1942), o Brasil buscou negociar vantagens para seu desenvolvimento e industrialização durante a Segunda Guerra Mundial.;Certo
A partir de 1967, a política externa brasileira permaneceu fundamentada na doutrina das fronteiras ideológicas até o fim do regime militar.;Errado
O pragmatismo responsável de Geisel possuía antecedentes em ideias e práticas anteriores ao regime militar.;Certo
Desde o início da crise da dívida externa, prevaleceu a estratégia do Consenso de Cartagena.;Errado
O acordo nuclear firmado com a Alemanha Ocidental em 1975 fazia parte da busca de maior autonomia do Brasil.;Certo
O objetivo central da Operação Pan-Americana era combater o subdesenvolvimento econômico da América Latina.;Certo
A Operação Pan-Americana defendia que o desenvolvimento econômico reduziria a influência de ideologias antidemocráticas.;Certo
Os formuladores da Operação Pan-Americana acreditavam que ela poderia servir de modelo para outras regiões do mundo.;Certo
Os objetivos da Operação Pan-Americana foram imediatamente aceitos por Washington.;Errado
O governo Juscelino Kubitschek promoveu forte atuação estatal na infraestrutura e no incentivo à industrialização.;Certo
A manutenção da Instrução nº 113 da SUMOC fortaleceu as empresas nacionais em detrimento das estrangeiras.;Errado
O nacional-desenvolvimentismo de JK fortaleceu o Estado-empresário em detrimento do capital privado.;Errado
O Plano de Metas fortaleceu o capital nacional por meio de compras públicas e também incentivou a entrada de capital estrangeiro.;Certo
Para John Locke, a finalidade da sociedade política é garantir a conservação da vida, da liberdade e da propriedade.;Certo
Para Clausewitz, a guerra é um ato de força destinado a obrigar o inimigo a submeter-se à nossa vontade.;Certo
Para Clausewitz, a motivação original da guerra está nas técnicas militares.;Errado
Para Clausewitz, após iniciada a guerra, a política deixa de orientar os conflitos.;Errado
O liberalismo sociológico considera que as relações internacionais podem ser compreendidas principalmente pelas relações entre governos.;Errado
O liberalismo sociológico sustenta que maiores vínculos transnacionais favorecem relações pacíficas.;Certo
O liberalismo sociológico considera que as relações entre pessoas tendem a ser mais cooperativas do que as relações entre Estados.;Certo
Segundo o liberalismo da interdependência, maior interdependência econômica intensifica os conflitos violentos entre os Estados.;Errado
O liberalismo da interdependência considera impossível que Estados interdependentes recorram à guerra.;Errado
Países menos desenvolvidos, com menor interdependência, apresentam maior incidência de guerras segundo o liberalismo da interdependência.;Certo
Para o institucionalismo liberal, a especificidade mede o grau de clareza das regras da instituição.;Certo
Para o institucionalismo liberal, a autonomia mede a margem de liberdade dos participantes para escolher seus cursos de ação.;Certo
O realismo clássico possui visão pessimista da natureza humana.;Certo
O realismo clássico acredita em progresso internacional semelhante ao da política doméstica.;Errado
O realismo clássico rejeita a importância da segurança nacional e da sobrevivência do Estado.;Errado
O realismo clássico entende que as relações internacionais não são necessariamente conflituosas.;Errado
O neorrealismo busca uma explicação científica das relações internacionais e enfatiza a estrutura do sistema internacional.;Certo
Segundo o neorrealismo ofensivo, sistemas bipolares tendem a reduzir o número de conflitos entre grandes potências.;Certo
Em sistemas bipolares, é mais difícil manter a dissuasão devido à menor quantidade de alianças.;Errado
Em sistemas bipolares, os riscos de acidentes e erros de cálculo são maiores.;Errado
O construtivismo enfatiza o papel das ideias, identidades e fatores sociais nas relações internacionais.;Certo
O construtivismo rejeita o materialismo excessivo presente em outras teorias.;Certo
Para o construtivismo, a realidade social é totalmente objetiva e independente do observador.;Errado
Os pós-estruturalistas criticam a separação rígida entre sujeito e objeto e a ideia de neutralidade científica.;Certo
O pós-colonialismo foi inspirado no liberalismo clássico.;Errado
O pós-colonialismo analisa criticamente as relações entre países centrais e regiões anteriormente colonizadas.;Certo
O pós-colonialismo propõe uma descolonização intelectual dos campos do saber, do ser e do poder.;Certo
Para Friedrich Ratzel, os Estados são organismos profundamente relacionados ao espaço geográfico.;Certo
Para Ratzel, a vontade política dos povos é irrelevante para compreender a formação dos Estados.;Certo
Segundo Ratzel, o vínculo do campesinato alemão com a terra contribuía para a unidade territorial da nação.;Certo
Os Estudos de Segurança Internacional surgiram no período entre as duas guerras mundiais.;Errado
A segurança é considerada um conceito essencialmente contestado nas Ciências Sociais.;Certo
Tradicionalmente, proteger a segurança do Estado era considerado o melhor meio de proteger outros objetos de referência.;Certo
O realismo considera que o sistema internacional é anárquico e que os Estados são seus principais atores.;Certo
As teorias decoloniais denunciam a colonialidade do poder e do saber.;Certo
As teorias decoloniais defendem a descolonização dos campos do saber, do ser e do poder.;Certo
Para Kant, o princípio supremo da moralidade consiste na maximização do bem-estar geral.;Errado
Um dos principais pontos de Woodrow Wilson que não recebeu adesão dos EUA foi a criação de uma associação geral de nações.;Certo
No Direito Internacional, a soberania relaciona-se ao exercício da autoridade por um povo por meio de seus órgãos constitucionais.;Certo
A violação da soberania de um Estado pode levar ao surgimento de conflitos internacionais.;Certo
A coordenação entre Estados por tratados e convenções é essencial para enfrentar problemas globais.;Certo
Classicamente, a soberania é considerada separável da ideia de Estado.;Errado
Em janeiro de 1942, o Brasil decidiu romper relações diplomáticas e comerciais com os países do Eixo.;Certo
A principal iniciativa de política externa do governo Juscelino Kubitschek foi a Operação Pan-Americana.;Certo
Os Grupos de Contadora e de Apoio foram criados para contribuir para a solução dos conflitos na América Central.;Certo
Os ""três Ds"" do discurso de Araújo Castro eram Desarmamento, Descolonização e Desenvolvimento.";Certo
Da Era Vargas ao fim do regime militar predominou o paradigma do Estado desenvolvimentista na política externa brasileira.;Certo
A política externa de Vargas utilizou o equilíbrio entre Alemanha e EUA para obter vantagens ao desenvolvimento nacional.;Certo
A Política Externa Independente coexistiu, na primeira metade da década de 1960, com um Estado internamente cada vez mais conservador e refratário às reformas.;Errado
O Chile pós-Pinochet é apontado por Amado Cervo como exemplo do paradigma do Estado normal.;Certo
A principal crítica ao Estado normal é sua subserviência política e a preservação integral dos setores estratégicos nacionais.;Errado
Entre 1951 e 1954, Vargas abandonou qualquer orientação nacionalista na política econômica e externa.;Errado
O Plano de Metas de JK foi amplamente financiado graças ao apoio do Banco Mundial e do FMI.;Errado
O regime militar manteve alinhamento automático e permanente com os EUA durante todo o período.;Errado
O governo Collor promoveu forte abertura econômica e liberalização da economia brasileira.;Certo
O governo Itamar Franco deu continuidade às reformas econômicas iniciadas anteriormente.;Certo
Após a redemocratização, o Brasil ampliou sua atuação multilateral, como demonstram a Eco-92 e a candidatura ao Conselho de Segurança da ONU.;Certo
No governo Dutra, o Brasil manteve posição equidistante entre EUA e URSS durante a Guerra Fria.;Errado
A Política Externa Independente rompeu completamente com as tradições diplomáticas brasileiras e alinhou-se ao bloco socialista.;Errado
A Política Externa Independente buscou ampliar a autonomia brasileira em um contexto de transformação da ordem internacional.;Certo
O governo Dutra apoiou os EUA, rompeu relações com a URSS e cassou o registro do Partido Comunista Brasileiro.;Certo
;
A Política Externa Independente foi idealizada pelo Presidente Juscelino Kubitschek, que enfatizou a autonomia da diplomacia do Brasil ao romper relações com o FMI.;Errado
A legitimidade do aparelho de Estado na condução da política externa é uma característica histórica do perfil diplomático brasileiro.;Certo
O Brasil demonstrou desconfiança precoce dos foros multilaterais ao retirar-se da Liga das Nações em 1926.;Errado
A experiência histórica brasileira demonstra tendência à hegemonia mais do que à cooperação.;Errado
A continuidade em detrimento de eventuais rupturas contribui para um perfil de estabilidade da política externa brasileira.;Certo
A criação da CEPAL pela ONU contou, desde o início, com decidido apoio dos Estados Unidos.;Errado
As ideias de Raúl Prebisch influenciaram decisivamente a convocação da Conferência das Nações Unidas sobre Comércio e Desenvolvimento (UNCTAD).;Certo
Prebisch defendia para a América Latina um modelo de industrialização agressivamente voltado para a exportação para corrigir a deterioração dos termos de troca.;Errado
Celso Furtado foi um dos economistas brasileiros influenciados pelas ideias de Raúl Prebisch e ligados à CEPAL.;Certo
A política externa do Governo Vargas durante a Segunda Guerra Mundial pode ser caracterizada como pragmatismo equidistante.;Certo
Durante o “milagre brasileiro” (1969-1973), houve vigorosa política de recomposição salarial que ampliou o mercado interno.;Errado
Um dos pilares do “milagre brasileiro” foi a contratação de empréstimos externos em grande escala.;Certo
Durante o “milagre brasileiro”, a diminuição do comércio exterior foi compensada pela expansão inédita do consumo interno.;Errado
Os resultados positivos do “milagre brasileiro” foram favorecidos pela ampla disponibilidade internacional de capitais.;Certo
O Brasil manteve apoio ao colonialismo português na ONU até aproximadamente 1973.;Errado
Depois da União Soviética, o Brasil foi o primeiro país a reconhecer a independência de Angola.;Certo
No final do governo Geisel, o Brasil rompeu relações com a África do Sul por oposição ao apartheid.;Errado
O alinhamento brasileiro aos EUA durante a Guerra Fria impediu maior aproximação do Brasil com regimes socialistas africanos.;Errado
A Comunidade Luso-Afro-Brasileira foi criada após a completa descolonização portuguesa na África durante a década de 1970.;Errado
Durante o regime militar, o Brasil recusou o TNP e denunciou o congelamento do poder mundial pelas superpotências.;Certo
Durante o regime militar, o Brasil exerceu liderança no Movimento dos Países Não Alinhados e no G-77.;Errado
O Brasil manteve-se incondicionalmente alinhado aos EUA durante todo o regime militar, rompendo com Cuba e China e votando contra a entrada chinesa na ONU.;Errado
Durante o regime militar, o Brasil privilegiou as relações hemisféricas, especialmente com a América do Sul.;Errado
A autonomia brasileira em relação ao conflito Leste-Oeste ficou evidente quando o governo Castello Branco recusou enviar tropas à Força Interamericana de Paz na República Dominicana.;Errado
O tardio processo de independência das colônias portuguesas na África ocorreu devido à capacidade militar e estratégica portuguesa.;Errado
As independências de Angola, Moçambique, Cabo Verde, Guiné-Bissau e São Tomé e Príncipe relacionaram-se às lutas nacionalistas e à crise do regime português.;Certo
A Guerra Fria teve pouca relevância no processo de independência das colônias portuguesas na África.;Errado
O acordo nuclear Brasil-Alemanha previa centrais nucleares, reprocessamento de combustíveis e produção de reatores, mas não incluía enriquecimento de urânio devido às pressões norte-americanas.;Errado
A diplomacia econômica de Geisel buscava reduzir vulnerabilidades externas por meio da diversificação de parcerias internacionais.;Certo
A política externa brasileira para a África durante o regime militar foi subordinada apenas aos interesses econômicos, sem objetivos políticos.;Errado
;
;
;
A política externa do governo Ernesto Geisel foi marcada pela continuidade da política externa de Médici.;Errado
A política externa de Geisel caracterizou-se pela reaproximação com a Argentina, superando as discórdias do período Médici.;Errado
O governo Geisel resistiu a acordos de cooperação tecnológica ou militar com países industrializados, denunciando o acordo nuclear com a Alemanha.;Errado
O governo Geisel adotou alinhamento com os interesses norte-americanos no cenário internacional.;Errado
O pragmatismo responsável de Geisel resultou no reatamento das relações diplomáticas com a China e no reconhecimento de Angola.;Certo
Durante o governo Vargas (1930-1945), o Brasil manteve relações comerciais com a Alemanha por meio do marco de compensação, apesar das pressões dos EUA.;Certo
A nomeação de Osvaldo Aranha para o Ministério das Relações Exteriores em 1938 fortaleceu a estratégia de barganha brasileira entre EUA e Alemanha.;Certo
A política externa brasileira entre 1930 e 1945 adotou postura expansionista e intervencionista nos conflitos sul-americanos.;Errado
Na VII Conferência Internacional Americana de Montevidéu (1933), o Brasil reiterou sua oposição ao Pacto Briand-Kellogg.;Errado
A Política Externa Independente adaptou a diplomacia brasileira às transformações internacionais do final dos anos 1950 e início dos anos 1960.;Certo
Durante a Era Vargas, a política externa brasileira alinhou-se decididamente aos EUA a partir de 1941, afastando-se dos países do Prata.;Errado
Durante o governo JK, a política de industrialização nacional incluiu participação de capitais estrangeiros.;Certo
A Operação Pan-Americana encontrou resistências dos EUA e da Argentina.;Certo
Jânio Quadros conciliou iniciativas externas próximas da esquerda com medidas econômicas próximas aos setores conservadores.;Certo
Durante o período 1967-1974, o Brasil apoiou as posições dos países industrializados nos fóruns internacionais de comércio.;Errado
Durante a Segunda Guerra Mundial, os EUA condicionaram suas relações com países latino-americanos ao grau de adesão ao esforço de guerra.;Certo
A Argentina, no pós-Segunda Guerra, manteve alinhamento incondicional com os EUA, gerando desconfiança dos vizinhos.;Errado
O Brasil apoiou explicitamente a criação da Organização dos Estados Americanos no contexto da estratégia norte-americana para a América Latina.;Certo
Apesar de romper com a URSS e cassar o PCB, o Brasil recusou-se a assinar o TIAR por considerá-lo instrumento de dominação ideológica.;Errado
O Brasil rompeu relações diplomáticas com a União Soviética em 1947.;Certo
Na IV Reunião de Consulta dos Ministros das Relações Exteriores das Américas (1951), o Brasil defendeu o desenvolvimento como forma de conter o comunismo.;Certo
O Brasil apoiou a intervenção das potências ocidentais na Guerra Civil Grega sob o argumento de combate ao comunismo internacional.;Certo
O Brasil absteve-se na votação da ONU que declarou a República Popular da China culpada pela agressão na Guerra da Coreia.;Errado
A crise política brasileira dos anos 1960 relacionava-se ao esgotamento do regime de 1946 e ao impacto da Revolução Cubana no continente americano.;Certo
A Política Externa Independente foi um dos símbolos da polarização ideológica dos anos 1960.;Certo
A Operação Pan-Americana contribuiu para a criação do Banco Interamericano de Desenvolvimento (BID), iniciado em 1960.;Certo
O governo JK buscou apoio dos EUA para o desenvolvimento latino-americano, mas encontrou resistências, rompendo com o FMI em 1959.;Certo
Durante o governo JK, o Brasil passou a criticar a política colonialista portuguesa na ONU.;Errado
JK reatou relações comerciais com a União Soviética, mas não restabeleceu plenamente relações diplomáticas.;Certo
Durante o governo Castello Branco, o Brasil enviou tropas para a Força Interamericana de Paz criada pela OEA para atuar na República Dominicana.;Certo
;
;
Na política externa adotada no governo Ernesto Geisel, destaca-se como característica proeminente: a) continuidade da política de Médici; b) reaproximação com Argentina; c) resistência ao acordo nuclear com Alemanha; d) alinhamento com EUA; e) pragmatismo responsável, reatamento com China e reconhecimento de Angola.";CERTO
Sobre a política externa brasileira entre 1930 e 1945: a) Vargas alinhou-se aos regimes totalitários europeus; b) Brasil manteve comércio com Alemanha via marco de compensação; c) Osvaldo Aranha introduziu estratégia de barganha com EUA e Alemanha; d) Brasil teve política expansionista; e) Brasil rejeitou alianças como Pacto Briand-Kellog.";CERTO
;
;
;
A política externa no governo Figueiredo centrava-se em um universalismo que buscava manter a autonomia do Brasil, definiu o país como parte do Terceiro Mundo e denunciou assimetrias internacionais.;CERTO
A Constituição Federal prevê como princípio das relações internacionais do Brasil o repúdio ao terrorismo e ao racismo.;CERTO
A Constituição Federal prevê como princípio das relações internacionais a não concessão de extradição a estrangeiro por crime político ou de opinião.;ERRADO
O governo Dutra incorporou o espírito da Guerra Fria, rompeu relações com a URSS e aproximou-se dos EUA.;CERTO
A política externa brasileira atual afastou-se da economia e abandonou a diplomacia econômica, que passou ao Ministério da Fazenda.;ERRADO
A continuação coerente do texto sobre a PEI é a alternativa que afirma que propostas como a OPA e Operação Brasil-Ásia ampliaram relações com Europa e África, além da ruptura com o FMI.;CERTO
Sobre as teses da CEPAL, é incorreto afirmar que o atraso latino-americano decorria exclusivamente de sanções impostas pelos países desenvolvidos que impediam qualquer industrialização.;ERRADO
Sobre princípios das relações internacionais brasileiras: I - defesa da paz e solução pacífica relacionam-se ao direito à paz; IV - cooperação para progresso relaciona-se ao direito ao desenvolvimento.";CERTO
O universalismo e o multilateralismo brasileiro não significaram abandono das relações bilaterais e das parcerias estratégicas.;CERTO
A busca por protagonismo internacional é uma descoberta exclusiva da política externa do governo Lula.;ERRADO
Os militares alteraram radicalmente os caminhos da política externa desenvolvimentista iniciada por Vargas.;ERRADO
O Brasil atuou no sistema interamericano buscando maior autonomia decisória própria e regional diante dos EUA.;CERTO
A Europa historicamente ajudou o Brasil a equilibrar suas relações externas com os EUA por meio da diversificação de parcerias econômicas.;CERTO
Historicamente, a política externa brasileira possui padrão mais próximo de política de Estado do que de política de governo.;CERTO
O desenvolvimento econômico ocupou lugar especial nas opções externas do Estado brasileiro durante todo o século XX.;CERTO
O caráter supletivo do setor externo gerou uma inserção internacional acanhada e inadequada ao peso do Brasil.;ERRADO
A dimensão regional da inserção internacional brasileira possui apenas função instrumental para aumentar poder global.;ERRADO
As relações internacionais do Brasil correspondem apenas à agenda da política externa brasileira.;ERRADO
;
;
A política externa no governo Figueiredo centrava-se em um universalismo que buscava manter a autonomia do Brasil no cenário internacional, embora tenha representado uma descontinuidade em relação ao Pragmatismo Responsável.;ERRADO
A Constituição Federal de 1988 prevê como princípio das relações internacionais do Brasil o repúdio ao terrorismo e ao racismo.;CERTO
A Constituição Federal de 1988 estabelece a não concessão de extradição a estrangeiro por crime político ou de opinião como princípio das relações internacionais brasileiras.;ERRADO
O governo Gaspar Dutra incorporou o espírito da Guerra Fria, rompeu relações diplomáticas com a URSS e aproximou-se dos EUA.;CERTO
A política externa brasileira contemporânea afastou-se da diplomacia econômica e deixou de atuar em temas econômicos internacionais.;ERRADO
A Política Externa Independente inaugurada por Jânio Quadros ampliou relações com América Latina, Ásia, África, mundo socialista e Movimento dos Não Alinhados.;CERTO
Segundo a CEPAL, o atraso latino-americano decorria exclusivamente das sanções impostas pelos países desenvolvidos, que impediam qualquer industrialização.;ERRADO
O princípio da defesa da paz e da solução pacífica de controvérsias está relacionado ao direito à paz, considerado direito de terceira geração.;CERTO
O universalismo brasileiro não significou abandono das relações bilaterais nem da busca por parcerias estratégicas.;CERTO
A busca por protagonismo internacional brasileiro surgiu apenas durante o governo Lula.;ERRADO
Os governos militares alteraram radicalmente a política externa desenvolvimentista iniciada por Vargas.;ERRADO
O Brasil historicamente busca maior autonomia decisória no sistema interamericano em relação aos EUA.;CERTO
A Europa contribuiu historicamente para equilibrar as relações externas brasileiras com os EUA.;CERTO
A política externa brasileira apresenta historicamente características mais próximas de política de Estado do que de política de governo.;CERTO
O desenvolvimento econômico ocupou lugar central nas opções externas brasileiras durante o século XX.;CERTO
O caráter supletivo do setor externo resultou em uma inserção internacional brasileira acanhada e incompatível com seu peso.;ERRADO
A dimensão regional da política externa brasileira possui apenas função instrumental para aumentar poder global.;ERRADO
As relações internacionais brasileiras correspondem apenas à agenda da política externa oficial.;ERRADO
A produção acadêmica brasileira em Relações Internacionais é precária pela ausência de autores nacionais relevantes.;ERRADO
Desenvolvimentismo, nacionalismo e autonomia decisória influenciaram o pensamento brasileiro de Relações Internacionais.;CERTO
A escola brasileira de RI possui afinidades com a escola argentina em temas como superação da história diplomática tradicional.;CERTO
A dimensão logística do Estado revive elementos do nacional-desenvolvimentismo.;CERTO
O Brasil desenvolveu conceitos próprios para interpretar sua política externa.;CERTO
A política externa brasileira historicamente enfatiza paz, desenvolvimento e participação internacional.;CERTO
Comércio internacional e sua regulação multilateral são temas fundamentais para o Brasil.;CERTO
A reforma da ONU possui pouco interesse para a política externa brasileira.;ERRADO
Pobreza e desigualdade internacional são temas relevantes para a atuação brasileira na criação de normas internacionais.;CERTO
A intervenção em assuntos internos de outros países é permitida quando envolve o MERCOSUL.;ERRADO
O Brasil repudia o uso da força e valoriza soluções pacíficas de conflitos.;CERTO
A igualdade entre as nações e a autodeterminação dos povos são princípios da política externa brasileira.;CERTO
A submissão ao direito internacional depende sempre de reciprocidade.;ERRADO
O repúdio ao racismo não constitui princípio constitucional das relações internacionais brasileiras.;ERRADO
O princípio constitucional brasileiro é o da intervenção, associado ao repúdio ao terrorismo e defesa da paz.;ERRADO
A Política Externa Independente buscou ampliar relações diplomáticas, defender a paz e promover desenvolvimento econômico.;CERTO
A Constituição brasileira estabelece como princípios internacionais a prevalência dos direitos humanos e defesa da paz.;CERTO
A Operação Pan-Americana e a Aliança para o Progresso foram iniciativas de aproximação política no continente americano durante a Guerra Fria.;CERTO
A política externa contemporânea reduziu sua participação em organismos multilaterais.;ERRADO
A diplomacia presidencial foi intensificada na política externa brasileira contemporânea.;CERTO
A China tornou-se importante parceiro comercial brasileiro, superando parceiros tradicionais.;CERTO
A integração sul-americana foi ampliada por mecanismos como o FOCEM.;CERTO
O Brasil expandiu sua cooperação científica e técnica para países africanos e asiáticos.;CERTO
A Aliança para o Progresso repudiava o intervencionismo dos EUA na América Latina.;ERRADO
O Brasil ingressou no Movimento dos Não Alinhados e participou da Conferência de Belgrado em 1961.;ERRADO
A PEI levou ao reatamento das relações diplomáticas com URSS e Cuba.;ERRADO
A PEI defendia o direito de Cuba à autodeterminação.;CERTO
A política externa de Geisel ficou conhecida como Pragmatismo Responsável.;CERTO
A OPA defendia desenvolvimento econômico e combate à miséria como forma de reduzir a influência comunista na América Latina.;CERTO
;
;
;
A Aliança para o Progresso, lançada em 1961, tinha como plano de cooperação decenal o estímulo ao desenvolvimento econômico, social e político, combinando crescimento econômico, mudanças estruturais e democratização política.;CERTO
O governo Castello Branco considerava a bipolaridade rígida e o alinhamento automático aos EUA como elementos centrais da política externa brasileira.;ERRADO
Durante o governo Geisel, o Pragmatismo Responsável foi definido como método, associado à valorização da economia como elemento da política externa e do Estado como articulador do desenvolvimento.;CERTO
Na década de 1980, o Brasil ampliou exportações e diversificou mercados, mas enfrentou protecionismo dos países desenvolvidos e dificuldades no comércio internacional.;CERTO
Com o reconhecimento da República Popular da China pelo Brasil em 1974, foram estabelecidas relações diplomáticas com Pequim e rompidas relações com Taiwan.;CERTO
A política externa do governo Lula ampliou a aproximação política e econômica com o Irã em comparação aos governos anteriores.;CERTO
O governo Lula promoveu as primeiras reuniões de cúpula dos presidentes sul-americanos, que contribuíram para a criação da UNASUL.;CERTO
O governo Lula caracterizou-se por grande esfriamento das relações com os EUA, divergindo da maioria das votações da Assembleia Geral da ONU.;ERRADO
O governo Lula celebrou acordo de livre comércio entre o MERCOSUL e a Comunidade para o Desenvolvimento da África Austral (SADC).;ERRADO
A política externa de Lula caracterizou-se pelo isolacionismo em relação às grandes potências e abandono das relações com EUA, União Europeia e China.;ERRADO
O governo Fernando Henrique Cardoso lançou o BRICS e organizou sua primeira reunião de cúpula.;ERRADO
Durante o governo Fernando Henrique Cardoso, o Brasil aderiu ao Tratado de Não Proliferação Nuclear (TNP).;CERTO
Durante o governo Fernando Henrique Cardoso, o Brasil afastou-se progressivamente do MERCOSUL, reduzindo sua importância comercial.;ERRADO
I. Durante Vargas, o Brasil participou das conferências pan-americanas e adotou política externa voltada à mediação de conflitos sul-americanos.;CERTO
II. Durante Vargas, o Brasil aumentou seu poder de barganha utilizando o pragmatismo ecumênico e responsável diante das potências.;CERTO
III. O Brasil alinhou-se aos EUA na Segunda Guerra Mundial e recebeu investimentos norte-americanos em setores estratégicos.;CERTO
;
A Aliança para o Progresso foi lançada em março de 1961 pelo governo Eisenhower e destinou 60 bilhões de dólares para investimentos na América Latina.;Errado
O objetivo oficial da Aliança para o Progresso era promover o desenvolvimento econômico da América Latina, mas também buscava conter a expansão comunista no continente.;Certo
A Aliança para o Progresso previa crescimento econômico, mudanças sociais e estruturais e democratização política como elementos interdependentes.;Certo
O golpe de 1964 no Brasil retirou o país das prioridades da Aliança para o Progresso porque eliminou o objetivo de fortalecimento democrático.;Errado
A Aliança para o Progresso modificou de forma irreversível a política externa dos EUA para a América Latina.;Errado
A política externa de Castello Branco foi curta e fracassou por incompatibilidade com o desenvolvimento brasileiro e com o cenário internacional.;Errado
O governo Castello Branco considerou a multipolaridade crescente como principal característica internacional e abandonou a lógica bipolar.;Errado
A política externa de Castello Branco recebeu apoio amplo dos setores progressistas e da intelligentsia brasileira.;Errado
Durante a crise da República Dominicana (1965), o Brasil apoiou a posição da OEA e participou da Força Interamericana de Paz.;Certo
O realismo universalista defendido ao final do governo Castello Branco buscava ampliar relações multilaterais, aproximar-se dos países socialistas e fortalecer contatos com a África.;Certo
A partir de 1967, a política externa brasileira rompeu com a doutrina de segurança nacional e passou a priorizar apenas a democracia.;Errado
Após 1967, conceitos como bipolaridade estrita e alinhamento automático foram substituídos por autonomia e universalismo.;Certo
Entre 1967 e 1980, a diplomacia brasileira tornou-se instrumento do expansionismo militar brasileiro.;Errado
No governo Geisel, o pragmatismo responsável teve como base a importância da economia e do Estado como articulador do desenvolvimento.;Certo
Entre 1967 e 1979, a política latino-americana brasileira combinou atuação regional e busca de integração.;Certo
Na década de 1980, o Brasil manteve expansão energética, cooperação tecnológica e defesa das indústrias de ponta sem dificuldades.;Errado
Nos anos 1980, o Brasil ampliou exportações e diversificou mercados, enfrentando protecionismo dos países desenvolvidos.;Certo
As relações Brasil-EUA melhoraram significativamente nos anos 1980 após tensões da década anterior.;Errado
As relações Brasil-Europa nos anos 1980 foram prejudicadas por questões como informática e Mercado Comum Europeu.;Certo
O Brasil enfrentou dificuldades com o bloco socialista devido à postura agressiva da União Soviética na fase final da Guerra Fria.;Errado
O Brasil apoiou o colonialismo português na África até Portugal entrar na Comunidade Europeia em 1986.;Errado
O pragmatismo dos governos militares e interesses comerciais impediram o rompimento das relações do Brasil com Cuba.;Certo
O Brasil manteve relações políticas e econômicas com a África do Sul durante o apartheid até a eleição de Mandela.;Errado
O Brasil apoiou a política israelense de ocupação dos territórios palestinos.;Errado
O reconhecimento da República Popular da China em 1974 levou ao estabelecimento de relações diplomáticas e ao rompimento com Taiwan.;Certo
O governo Lula aproximou o Brasil do Irã em áreas políticas, econômicas, científicas e energéticas.;Certo
O governo Lula criou a UNASUL após realizar pela primeira vez reuniões entre presidentes sul-americanos.;Certo
O governo Lula caracterizou-se por esfriamento das relações com os EUA e divergência na maioria das votações da ONU.;Errado
O governo Lula celebrou acordo de livre comércio entre Mercosul e SADC.;Errado
A política externa Lula caracterizou-se pelo isolacionismo e afastamento das grandes potências.;Errado
O governo FHC lançou o BRICS e realizou sua primeira cúpula.;Errado
O Brasil aderiu ao Tratado de Não Proliferação Nuclear durante o governo FHC.;Certo
Durante FHC, o Brasil afastou-se progressivamente do Mercosul com redução do comércio intrabloco.;Errado
Durante Vargas, a política externa brasileira aproveitou a disputa entre potências para aumentar seu poder de barganha.;Certo
A imagem internacional brasileira nos anos 1980 e 1990 esteve relacionada à redemocratização e abertura econômica.;Certo
A afirmação do Brasil como potência global independe de sua posição regional.;Errado
A inserção econômica brasileira nos anos 1990 e 2000 ocorreu por abertura ao comércio e investimentos internacionais.;Certo
A projeção global brasileira envolve participação em missões de paz, negociações nucleares e reforma da ordem internacional.;Certo
A Cepal defendia a deterioração dos termos de troca prejudicial aos exportadores de matérias-primas.;Certo
A Cepal defendia que o desenvolvimento periférico deveria ocorrer pela especialização agrícola.;Errado
A CEPAL influenciou o debate brasileiro desenvolvimentista e Celso Furtado participou desse movimento intelectual.;Certo
A teoria da dependência surgiu nos anos 1960 e teve Fernando Henrique Cardoso e Enzo Faletto como autores importantes.;Certo
Collor aproximou-se dos países desenvolvidos; FHC priorizou Mercosul; Lula aproximou-se dos emergentes e retomou aspectos terceiro-mundistas.";Certo
Durante o regime militar, houve inicialmente alinhamento ao Ocidente e depois maior autonomia, universalismo e multilateralismo.;Certo
A Cepal defendia que a América Latina era dependente da exportação de produtos primários.;Certo
A Cepal defendia economia aberta sem intervenção estatal como solução para o subdesenvolvimento.;Errado
A Cepal defendia maior participação estatal e substituição de importações.;Certo
A Cepal defendia teorias próprias baseadas nas especificidades latino-americanas.;Certo
A crise da política externa brasileira nos anos 1980 relacionou-se à dívida externa e à política neoconservadora dos EUA.;Certo
Os EUA buscavam vencer a Guerra Fria e limitar autonomias de países do Terceiro Mundo, enquanto o Brasil buscava universalismo.;Certo
Prevalência dos direitos humanos, asilo político e solução pacífica de conflitos são princípios das relações internacionais brasileiras.;Certo
A referência a 1917 como marco internacional relaciona-se à Revolução Russa.;Certo
A Guerra Fria foi comandada pelas potências europeias ocidentais e o Brasil ficou fora do conflito.;Errado
A independência da Índia e a Revolução Chinesa contribuíram para nova configuração internacional, influenciando a PEI.;Certo
A Revolução Bolchevique dividiu o mundo em campos ideológicos e o governo Dutra alinhou-se aos EUA.;Certo
A PEI buscava libertar o Brasil de vinculações incondicionais às potências mundiais.;Certo
A ênfase Norte-Sul da PEI significava prioridade ao Primeiro Mundo.;Errado
A PEI entrou em declínio porque João Goulart adotou posições pró-EUA.;Errado
A política externa e a reforma agrária foram temas presentes na crise política que levou ao golpe de 1964.;Certo
Vargas adotou equidistância pragmática e aproximou-se estrategicamente dos EUA no governo democrático.;Errado
A Operação Pan-Americana buscou recursos dos EUA para o desenvolvimento latino-americano usando o argumento anticomunista.;Certo
A política externa militar brasileira foi sempre uniforme e totalmente alinhada aos EUA.;Errado
O Estado normal de Cervo corresponde ao paradigma neoliberal dos anos 1990 associado a Collor e FHC.;Certo
;
;
A CEPAL defendia que o desenvolvimento latino-americano deveria ocorrer por meio de investimentos em infraestrutura, saúde, educação e saneamento, com participação pública e privada.;Certo
Segundo a CEPAL, o principal entrave das economias periféricas era apenas a falta de financiamento para diversificar exportações e explorar vantagens comparativas.;Errado
A CEPAL defendia que a América Latina deveria especializar-se em produtos com vantagens comparativas para financiar a industrialização.;Errado
Para a CEPAL, o subdesenvolvimento latino-americano estava relacionado à deterioração dos termos de troca e à dependência de exportações primárias.;Certo
A Política Externa Independente alterou as relações do Brasil com o bloco socialista, buscando ampliar relações comerciais e diplomáticas.;Certo
A origem da PEI remonta aos ensaios de multilateralização da segunda Era Vargas.;Certo
A PEI adotou caráter autônomo e multilateralista, com destaque para o universalismo das relações exteriores brasileiras.;Certo
A PEI fortaleceu a dependência brasileira em relação aos Estados Unidos.;Errado
A defesa da exclusão de Cuba da OEA foi uma característica da PEI.;Errado
A política externa de Vargas entre 1930 e 1945 adotou equidistância pragmática entre Estados Unidos e Alemanha, buscando benefícios econômicos para o Brasil.;Certo
A política externa de Vargas adotou uma postura pendular entre Estados Unidos e União Soviética durante a Segunda Guerra Mundial.;Errado
O Brasil declarou guerra ao Eixo em 1942 e enviou a FEB para combater na Itália ao lado dos Aliados.;Certo
Vargas e Perón criaram uma parceria estratégica chamada Terceira Posição entre 1930 e 1945.;Errado
O governo Dutra acreditava que o Brasil receberia tratamento privilegiado dos EUA devido à cooperação durante a Segunda Guerra Mundial.;Certo
O segundo governo Vargas estabeleceu relações com países comunistas para atrair investimentos para a indústria de base brasileira.;Errado
O governo JK reduziu o alinhamento ideológico pró-EUA por meio da Operação Pan-Americana.;Certo
Os governos Jânio Quadros e João Goulart defenderam maior autonomia decisória brasileira diante da bipolaridade da Guerra Fria.;Certo
A Constituição de 1988 alterou significativamente a relação entre Executivo e Legislativo na formulação da política externa brasileira.;Certo
A Constituição de 1988 incorporou novos temas à política externa brasileira, como direitos humanos e integração regional.;Certo
A Constituição de 1988 criou novas agências burocráticas responsáveis pela complexificação dos temas internacionais.;Errado
A governança global liberal é um princípio das relações internacionais previsto no artigo 4º da Constituição Federal.;Errado
A concessão de asilo político é um princípio constitucional das relações internacionais brasileiras.;Certo
A prevalência dos direitos humanos é princípio constitucional das relações internacionais brasileiras.;Certo
O repúdio ao terrorismo e ao racismo é princípio constitucional das relações internacionais brasileiras.;Certo
A não intervenção é princípio constitucional das relações internacionais brasileiras.;Certo
A Política Externa Brasileira, como política pública, envolve disputa de interesses internos que influenciam decisões governamentais.;Certo
Analisar a política externa como política pública impede compreender as escolhas dos governos e seus processos decisórios.;Errado
A política externa diferencia-se de outras políticas públicas porque possui dimensão internacional e exige conhecimento do ambiente externo.;Certo
;
;
O Conselho de Segurança das Nações Unidas é composto por 5 membros permanentes e 10 membros não permanentes.;CERTO
Após a Segunda Guerra Mundial, o maior contingente militar brasileiro enviado ao exterior foi para a Guerra da Coreia.;ERRADO
Após a Segunda Guerra Mundial, o maior contingente militar brasileiro enviado ao exterior foi para a UNAVEM III, em Angola.;CERTO
O UNICEF é uma organização não governamental (ONG) dedicada aos direitos da criança.;ERRADO
O UNICEF é um Fundo das Nações Unidas dedicado à proteção dos direitos da criança.;CERTO
O UNICEF é uma agência especializada das Nações Unidas.;ERRADO
A Carta das Nações Unidas estabelece seis órgãos principais: Assembleia Geral, Conselho de Segurança, Conselho Econômico e Social, Conselho de Tutela, Corte Internacional de Justiça e Secretariado.;CERTO
A Comissão de Direitos Humanos é um dos seis órgãos principais da ONU previstos na Carta de São Francisco.;ERRADO
O Conselho de Segurança da ONU é integrado por cinco membros permanentes e dez membros não permanentes.;CERTO
O Conselho de Segurança da ONU possui cinco membros permanentes e cinco membros não permanentes, representando cada continente.;ERRADO
Os Estados Unidos se retiraram da Sociedade das Nações em 1933 após a ascensão do nazismo na Alemanha.;ERRADO
Os Estados Unidos nunca chegaram a integrar a Sociedade das Nações, apesar de Woodrow Wilson ter sido um dos principais idealizadores da organização.;CERTO
Com a extinção da União Soviética, o número de membros permanentes do Conselho de Segurança da ONU diminuiu.;ERRADO
A Rússia herdou o assento permanente da União Soviética no Conselho de Segurança da ONU após 1991.;CERTO
A ONU criada na Conferência de São Francisco (1945) manteve elementos idealistas semelhantes aos presentes na criação da Liga das Nações.;CERTO
A Assembleia Geral da ONU possui poder deliberativo geral e todos os Estados membros possuem igualdade de voz e voto.;CERTO
O Conselho de Segurança da ONU possui simetria entre todos os seus membros, pois permanentes e não permanentes têm os mesmos poderes.;ERRADO
A Assembleia Geral da ONU pode discutir quaisquer questões ou assuntos dentro das finalidades previstas na Carta da ONU.;CERTO
O Conselho Econômico e Social pode estabelecer consultas com organizações não governamentais dentro de sua competência.;CERTO
Em caso de conflito entre obrigações da Carta da ONU e outro tratado internacional, prevalece o tratado mais moderno.;ERRADO
Em caso de conflito entre obrigações da Carta da ONU e outro acordo internacional, prevalecem as obrigações assumidas na Carta da ONU.;CERTO
A ONU está baseada no princípio da igualdade soberana de todos os seus membros.;CERTO
A política externa brasileira após a redemocratização ampliou sua participação multilateral, incluindo a Eco-92 e a candidatura a um assento permanente no Conselho de Segurança.;CERTO
O Brasil, após a redemocratização, reduziu sua atuação em organismos multilaterais e abandonou iniciativas internacionais.;ERRADO
O Brasil defende uma reforma do Conselho de Segurança da ONU e participa do G4 pelo aumento da representatividade do órgão.;CERTO
O Brasil não demonstra desconforto com a estrutura original do Conselho de Segurança, pois considera adequada a distribuição de poder de 1945.;ERRADO
A Liga das Nações e a ONU foram criadas em contextos influenciados por ideias idealistas de organização internacional e busca pela paz.;CERTO
A Liga das Nações e a ONU foram completamente afastadas dos interesses e disputas de poder entre Estados.;ERRADO
Para ingressar na ONU, um Estado deve ser amante da paz, aceitar as obrigações da Carta e estar apto a cumprir essas obrigações.;CERTO
Para ingressar na ONU, um Estado deve comprovar limites mínimos de população e extensão territorial.;ERRADO
A ONU nasceu para repetir exatamente a trajetória da Liga das Nações, com apenas pequenas alterações.;ERRADO
A ONU apresentou diferenças importantes em relação à Liga das Nações, especialmente pela criação de um Conselho de Segurança com membros permanentes dotados de veto.;CERTO
A criação da ONU ocorreu durante a Segunda Guerra Mundial e seu desenho básico foi definido antes de 1945.;CERTO
A ONU foi criada como consequência da vitória dos Aliados e da necessidade de evitar novos conflitos globais.;CERTO
O século XX foi marcado pela consolidação do Estado-nação como principal forma de organização política das sociedades.;CERTO
O surgimento da Liga das Nações e da ONU demonstra a tentativa de transformar o direito internacional em instrumento universal de organização das relações entre Estados.;CERTO
A Liga das Nações e a ONU foram organizações totalmente independentes das disputas de poder entre Estados nacionais.;ERRADO
Os Quatorze Pontos de Wilson defendiam diplomacia aberta, autodeterminação dos povos e criação de uma organização internacional para preservar a paz.;CERTO
Wilson defendia a manutenção da diplomacia secreta e das anexações territoriais como instrumentos legítimos da política internacional.;ERRADO
Os Estados Unidos participaram da Liga das Nações e lideraram confortavelmente a organização desde sua criação.;ERRADO
O Congresso norte-americano rejeitou a entrada dos Estados Unidos na Liga das Nações, apesar da defesa de Wilson.;CERTO
Os Estados Unidos entraram na Primeira Guerra Mundial ao lado das potências centrais (Tríplice Aliança).;ERRADO
Os Estados Unidos entraram na Primeira Guerra Mundial ao lado da Tríplice Entente.;CERTO
A política de Wilson representou uma tentativa de substituir o equilíbrio de poder europeu por uma comunidade internacional organizada.;CERTO
Após a Primeira Guerra Mundial, os Estados Unidos abandonaram completamente seu tradicional isolamento e assumiram liderança permanente da política europeia.;ERRADO
;
;
Após a Guerra Fria, a participação brasileira nas operações de paz da ONU intensificou-se e tornou-se mais diversificada quanto às formas de colaboração e responsabilidades assumidas.;CERTO
O Brasil participou pela primeira vez de operações de paz da ONU apenas após o fim da Guerra Fria, com envio de observadores ao Timor-Leste.;ERRADO
O Brasil privilegia missões de paz voltadas exclusivamente para intervenções humanitárias e prevenção de genocídios.;ERRADO
O comando político e militar brasileiro na MINUSTAH consolidou a liderança brasileira em operações de paz.;CERTO
O Brasil restringe sua participação em operações de paz apenas a países onde não existam interesses brasileiros envolvidos.;ERRADO
O processo de reforma da ONU já alcançou consenso sobre a redefinição das competências do Secretariado, Conselho de Segurança e agências especializadas.;ERRADO
O principal obstáculo à reforma do Conselho de Segurança da ONU é o dissenso sobre sua ampliação e o uso do veto pelos membros permanentes.;CERTO
A eleição de um novo Secretário-Geral da ONU reabre automaticamente as negociações da reforma do Conselho de Segurança.;ERRADO
A criação do Conselho de Direitos Humanos e da Comissão de Construção da Paz representa avanços concretos no processo de reforma da ONU.;CERTO
O Conselho de Segurança da ONU é composto, desde sua criação em 1945, por cinco membros permanentes e dez membros não permanentes.;CERTO
Os três princípios básicos das operações de manutenção da paz da ONU são consentimento das partes, imparcialidade e não uso da força, salvo legítima defesa e defesa do mandato.;CERTO
As operações de manutenção da paz da ONU podem ocorrer apenas em conflitos entre Estados, nunca em guerras civis ou conflitos internos.;ERRADO
A ausência de previsão expressa na Carta da ONU impede o Brasil de participar de operações de paz sem autorização do Congresso Nacional.;ERRADO
O Conselho de Segurança da ONU já autorizou o emprego de força militar contra Estados com base no Capítulo VII da Carta da ONU.;CERTO
O Conselho de Segurança da ONU é questionado quanto à sua representatividade e eficácia, especialmente devido à sua estrutura e ao poder de veto.;CERTO
Toda decisão de uma organização internacional deve ser adotada obrigatoriamente por unanimidade ou consenso devido ao princípio da igualdade soberana.;ERRADO
O Brasil e outros países em desenvolvimento defendem a ampliação do Conselho de Segurança da ONU com novos membros permanentes.;CERTO
Existe amplo consenso internacional de que Brasil, Nigéria, Japão e Índia são os representantes naturais de América Latina, África e Ásia no Conselho de Segurança.;ERRADO
A Liga das Nações tinha como objetivos solucionar pacificamente controvérsias e promover cooperação internacional.;CERTO
O Protocolo de Genebra da Liga das Nações estabeleceu plenamente um sistema eficaz de segurança coletiva até a Segunda Guerra Mundial.;ERRADO
Os Tratados de Locarno de 1925 favoreceram a entrada da Alemanha na Liga das Nações e garantiram as fronteiras ocidentais alemãs.;CERTO
O Pacto Briand-Kellogg renunciava à guerra como instrumento de política nacional.;CERTO
O Brasil retirou-se da Liga das Nações em 1926 devido à entrada da Alemanha na organização.;CERTO
A reforma do Conselho de Segurança da ONU ocorrerá automaticamente devido ao aumento das tensões internacionais.;ERRADO
O Brasil é considerado candidato natural da América Latina a um assento permanente no Conselho de Segurança.;CERTO
A Argentina, Colômbia e Venezuela apoiam unanimemente o Brasil como candidato latino-americano ao Conselho de Segurança permanente.;ERRADO
Tornar-se signatário da Carta de São Francisco implica automaticamente aceitar a jurisdição obrigatória da Corte Internacional de Justiça.;ERRADO
As decisões da Assembleia Geral da ONU são obrigatórias para todos os membros da comunidade internacional.;ERRADO
As resoluções do Conselho de Segurança da ONU relacionadas à manutenção da paz podem ter caráter vinculante.;CERTO
O G4 apresentou em 2005 proposta de reforma do Conselho de Segurança incluindo seis novos membros permanentes e quatro não permanentes, sem direito ao veto inicial.;CERTO
O Brasil defende reformas nas instituições de governança global para torná-las mais representativas e adequadas à atual distribuição de poder internacional.;CERTO
O conceito brasileiro de Responsabilidade ao Proteger (RwP) foi incorporado definitivamente ao acervo normativo da ONU e já foi aplicado em casos concretos.;ERRADO
A Responsabilidade ao Proteger buscava complementar a Responsabilidade de Proteger, defendendo que o uso da força fosse último recurso e proporcional aos objetivos do mandato.;CERTO
A Responsabilidade ao Proteger defendia mecanismos de monitoramento e avaliação pelo Conselho de Segurança sobre o uso da força autorizado.;CERTO
Para o Brasil, a intervenção militar na Líbia demonstrou possível uso indevido da Responsabilidade de Proteger ao ultrapassar o mandato autorizado pelo Conselho de Segurança.;CERTO
O Brasil participa de operações de paz da ONU desde a década de 1950, incluindo a Força de Emergência das Nações Unidas durante a Crise de Suez.;CERTO
Atualmente, o Brasil exerce o comando da Força-Tarefa Marítima da UNIFIL no Líbano.;CERTO
O secretário-geral da ONU é escolhido pela Assembleia Geral mediante recomendação do Conselho de Segurança.;CERTO
O secretário-geral da ONU é escolhido diretamente pelo Conselho de Segurança sem participação da Assembleia Geral.;ERRADO
;
;
;
A primeira operação de manutenção da paz da ONU foi criada em 1956 para monitorar o cessar-fogo entre Egito e Israel durante a Crise de Suez, com participação brasileira e apenas componente militar.;ERRADO
A primeira operação de manutenção da paz da ONU foi a UNEF I, criada em 1956 após a Crise de Suez.;CERTO
A MINUSTAH encerrou-se em 2017 e contou com participação expressiva de países latino-americanos.;CERTO
O Brasil dividiu o comando militar da MINUSTAH com Argentina e Chile.;ERRADO
O Brasil comandou o componente militar da MINUSTAH durante toda a missão.;CERTO
A Marinha do Brasil comanda a Força-Tarefa Marítima da UNIFIL no Líbano.;CERTO
As operações de paz da ONU em Angola e Moçambique tiveram como objetivo acompanhar acordos de paz que encerraram guerras civis.;CERTO
As missões da ONU em Angola e Moçambique foram operações exclusivamente militares, sem componentes políticos ou humanitários.;ERRADO
A reivindicação japonesa de inclusão de uma cláusula de igualdade racial no Tratado de Versalhes foi rejeitada, especialmente pela Austrália, devido às suas políticas migratórias baseadas em ideias eugenistas.;CERTO
A Liga das Nações foi criada em 1919 e oficialmente extinta em 1946.;CERTO
Estados Unidos, França, Grã-Bretanha, Alemanha e Japão permaneceram membros da Liga das Nações até o início da Segunda Guerra Mundial.;ERRADO
A Carta das Nações Unidas foi elaborada na Conferência de São Francisco e estabeleceu princípios como direitos humanos e autodeterminação dos povos.;CERTO
A Conferência de Potsdam criou os tribunais militares internacionais de Nuremberg e Tóquio.;ERRADO
Os tribunais de Nuremberg e Tóquio foram criados após a Segunda Guerra Mundial para julgar crimes de guerra.;CERTO
O Tribunal de Tóquio julgou, entre outros crimes, a escravização sexual de mulheres conhecidas como ""mulheres de conforto"".";CERTO
O conceito de Responsabilidade de Proteger (R2P) surgiu após crises humanitárias como Ruanda e os Bálcãs.;CERTO
A Responsabilidade de Proteger estabelece um direito ilimitado de ingerência internacional em qualquer conflito interno.;ERRADO
A R2P envolve a responsabilidade internacional de agir diante de genocídio, crimes de guerra, limpeza étnica e crimes contra a humanidade.;CERTO
O Brasil propôs o conceito de Responsabilidade ao Proteger (RwP), buscando estabelecer limites e controles ao uso da força internacional.;CERTO
A Responsabilidade ao Proteger ampliou as possibilidades de intervenção autorizadas pela Assembleia Geral da ONU.;ERRADO
O Brasil contribuiu para a criação da Comissão de Consolidação da Paz da ONU e defende seu fortalecimento.;CERTO
A Comissão de Consolidação da Paz da ONU busca tratar causas profundas dos conflitos e auxiliar países em reconstrução pós-conflito.;CERTO
A saída do Brasil da Liga das Nações representou abandono completo do multilateralismo universal pela política externa brasileira.;ERRADO
O afastamento brasileiro da Liga das Nações esteve relacionado ao fracasso da candidatura brasileira a um assento permanente no Conselho da Liga.;CERTO
O Brasil foi o único país sul-americano a participar da Primeira Guerra Mundial e participou da organização da Sociedade das Nações.;CERTO
O Brasil integrou o Conselho da Sociedade das Nações como membro eleito.;CERTO
Mesmo após o fim da MINUSTAH, o Brasil continuou contribuindo com operações de paz da ONU principalmente no Oriente Médio e África Subsaariana.;CERTO
Depois da UNIFIL, MONUSCO e UNMISS são as missões da ONU com maior participação de funcionários brasileiros.;ERRADO
O Brasil participa da MINUSCA na República Centro-Africana.;CERTO
A MINUSCA foi estabelecida pelo Conselho de Segurança da ONU sob o Capítulo VII da Carta.;CERTO
O Brasil participa atualmente da MINUSMA no Mali contra organizações terroristas como a Al-Qaeda no Magrebe Islâmico.;ERRADO
O Brasil cogitou enviar tropas do Haiti para o Mali após o fim da MINUSTAH.;CERTO
O Brasil participou das negociações que criaram a ONU e sua delegação defendeu princípios como igualdade de direitos entre homens e mulheres.;CERTO
A delegação brasileira na Conferência de São Francisco foi liderada por Osvaldo Aranha.;CERTO
A Corte Internacional de Justiça é o principal órgão judiciário da ONU e resolve controvérsias jurídicas entre Estados.;CERTO
A Corte Internacional de Justiça possui 15 juízes e atualmente conta com um juiz brasileiro.;CERTO
O Brasil foi o primeiro país latino-americano a ocupar assento não permanente no Conselho de Segurança da ONU (1946-1947).;CERTO
O G4 é formado por Brasil, Alemanha, Índia e Japão e defende a expansão do Conselho de Segurança com novos membros permanentes.;CERTO
O G4 defende manter exatamente o mesmo número de membros não permanentes do Conselho de Segurança.;ERRADO
A Assembleia Geral da ONU nunca aprovou nenhuma emenda relacionada ao capítulo V da Carta sobre o Conselho de Segurança.;ERRADO
Roosevelt defendia a ideia de ""quatro policiais"" responsáveis pela segurança mundial no pós-guerra.";CERTO
Os quatro policiais imaginados por Roosevelt eram Estados Unidos, Grã-Bretanha, União Soviética e China.;CERTO
Roosevelt inicialmente pensou em três policiais e depois incluiu a China devido ao contexto da guerra contra o Japão.;CERTO
A África colonial representava, para Roosevelt, o principal desafio imediato de segurança internacional no pós-guerra.;ERRADO
Churchill defendia a criação de conselhos regionais para Europa, Ásia e Américas subordinados a um conselho mundial superior.;CERTO
A proposta de Churchill sobre conselhos regionais foi exatamente a estrutura adotada pela ONU após 1945.;ERRADO
O Brasil era considerado por Roosevelt um possível aliado estratégico dos EUA no pós-Segunda Guerra Mundial.;CERTO
O Brasil possuía características que poderiam justificar uma maior participação no sistema de segurança internacional do pós-guerra, segundo a visão de Roosevelt.;CERTO
Roosevelt visitou o Brasil duas vezes, em 1936 e 1943, e encontrou-se com Getúlio Vargas.;CERTO
A política externa brasileira durante Vargas contou com influência de Osvaldo Aranha, defensor de maior aproximação com os Estados Unidos.;CERTO
;
;
Franklin Roosevelt cogitou o Brasil como possível membro permanente do Conselho de Segurança da ONU devido principalmente à participação da FEB ao lado dos Aliados na Segunda Guerra Mundial.;CERTO
A proposta de Roosevelt para incluir o Brasil como membro permanente do Conselho de Segurança avançou e foi aceita pelas principais potências aliadas.;ERRADO
Reino Unido e União Soviética apresentaram resistências à inclusão do Brasil como membro permanente do Conselho de Segurança.;CERTO
Os membros não permanentes do Conselho de Segurança possuem direito a voto em questões procedimentais e substantivas, mas não possuem poder de veto.;CERTO
O poder de veto no Conselho de Segurança da ONU pertence aos cinco membros permanentes: EUA, Rússia, França, Reino Unido e China.;CERTO
O Brasil tradicionalmente apoia a aplicação de sanções econômicas multilaterais autorizadas pelo Conselho de Segurança como instrumento de pressão internacional.;CERTO
O Brasil tradicionalmente prefere sanções multilaterais autorizadas pela ONU em vez de medidas unilaterais de retaliação.;CERTO
A participação frequente no Conselho de Segurança e em operações de paz garante automaticamente ao Brasil um assento permanente após a reforma da ONU.;ERRADO
A reforma do Conselho de Segurança da ONU ainda não foi concluída e a entrada do G4 como membros permanentes não é automática.;CERTO
O G4 é composto por Brasil, Alemanha, Índia e Japão e defende a ampliação do Conselho de Segurança.;CERTO
A Liga das Nações possuía compromissos relacionados ao trabalho, tratamento justo dos povos, liberdade de comunicação e prevenção de doenças.;CERTO
O Pacto da Liga das Nações tratava exclusivamente de questões militares e de segurança internacional.;ERRADO
A crise que levou à Segunda Guerra Mundial provocou o enfraquecimento da Liga das Nações e levou à criação de novas instituições multilaterais no pós-guerra.;CERTO
A Liga das Nações foi dissolvida oficialmente em 1946, após a criação da ONU.;CERTO
Todos os órgãos e agências vinculados à Liga das Nações desapareceram imediatamente junto com a dissolução da organização.;ERRADO
O primeiro programa multilateral de cooperação para o desenvolvimento foi implementado pela Liga das Nações tendo a China como beneficiária.;ERRADO
A Liga das Nações desenvolveu iniciativas de cooperação internacional em áreas sociais e econômicas.;CERTO
O relatório Bruce propunha ampliar a atuação da Liga das Nações nos campos econômico e social.;CERTO
O relatório Bruce foi frustrado pela invasão da Polônia pela Alemanha em 1939.;CERTO
Um juiz da Corte Internacional de Justiça deve declarar-se impedido quando o Estado de sua nacionalidade for parte em um caso contencioso perante a Corte.;CERTO
O Brasil reconhece automaticamente a jurisdição obrigatória da Corte Internacional de Justiça por meio da cláusula facultativa do artigo 36(2) do Estatuto da CIJ.;ERRADO
O Brasil pode submeter-se à jurisdição da CIJ por compromisso específico firmado em tratado internacional.;CERTO
O Brasil pode aceitar a jurisdição da CIJ ao apresentar contestação de mérito em um caso contencioso.;CERTO
A ONU aprovou em 2024 uma convenção internacional sobre regulação de plataformas digitais inspirada na Lei de Serviços Digitais da União Europeia.;ERRADO
As intervenções de terceiros Estados em procedimentos contenciosos da CIJ têm aumentado e influenciado ajustes nas regras processuais da Corte.;CERTO
O princípio da não intervenção estabelece que cada Estado soberano possui direito de conduzir seus assuntos sem interferência externa.;CERTO
A Assembleia Geral da ONU reconhece o princípio da não intervenção como condição essencial para a convivência pacífica entre os Estados.;CERTO
O princípio brasileiro de defesa da paz inclui críticas ao alargamento excessivo do conceito de legítima defesa previsto na Carta da ONU.;CERTO
O Brasil não pode ser demandado perante a CIJ porque não reconhece sua jurisdição compulsória geral.;ERRADO
O Brasil pode participar de procedimentos perante a CIJ mesmo sem aceitar a jurisdição obrigatória geral da Corte.;CERTO
A participação brasileira em opiniões consultivas da CIJ sobre Kosovo, Chagos e armas nucleares demonstra sua atuação perante tribunais internacionais.;CERTO
Um Estado que exerce legítima defesa deve informar imediatamente o Conselho de Segurança da ONU.;CERTO
O exercício da legítima defesa impede o Conselho de Segurança de adotar medidas para manter ou restaurar a paz internacional.;ERRADO
A Carta da ONU autoriza represálias como forma legítima de exercício do direito de legítima defesa.;ERRADO
A legítima defesa preventiva é aceita amplamente pelo direito internacional contemporâneo e pelo Brasil.;ERRADO
O Brasil defende interpretação restritiva do direito de legítima defesa previsto na Carta da ONU.;CERTO
A legítima defesa prevista no artigo 51 da Carta da ONU possui modalidades individual e coletiva.;CERTO
O Brasil não participa de nenhum acordo regional baseado no artigo 51 da Carta da ONU.;ERRADO
O Brasil apoia a criação de uma zona de paz e cooperação na América do Sul.;CERTO
A União Africana defende reforma do Conselho de Segurança da ONU e maior representação africana permanente por meio do Consenso de Ezulwini.;CERTO
O Brasil e a União Africana possuem posições convergentes quanto à necessidade de reforma do Conselho de Segurança da ONU.;CERTO
A personalidade jurídica das organizações internacionais foi reconhecida pela Carta das Nações Unidas de 1945.;ERRADO
O reconhecimento da personalidade jurídica das organizações internacionais ocorreu principalmente pela evolução do direito internacional, tendo como marco importante o parecer da CIJ sobre a ONU em 1949.;CERTO
;
;
Uma nova ordem internacional emergiu ao fim das duas guerras mundiais, tendo como expressão a criação da Organização das Nações Unidas em Nova York em agosto de 1945.;ERRADO
A ONU foi criada em 1945 durante a Conferência de São Francisco, realizada nos Estados Unidos, mas sua sede foi posteriormente estabelecida em Nova York.;CERTO
Nos Quatorze Pontos de Woodrow Wilson, de 1918, estava presente a defesa da integridade territorial de grandes e pequenos Estados.;CERTO
A jurisdição contenciosa da Corte Internacional de Justiça depende do consentimento dos Estados envolvidos na controvérsia.;CERTO
A Corte Internacional de Justiça possui jurisdição automática sobre todos os membros da ONU independentemente de consentimento.;ERRADO
A competência consultiva da Corte Internacional de Justiça pode ser exercida apenas a pedido da Assembleia Geral e do Conselho de Segurança da ONU, além de outros órgãos autorizados.;CERTO
Particulares podem solicitar diretamente pareceres consultivos à Corte Internacional de Justiça.;ERRADO
A Corte Internacional de Justiça pode julgar controvérsias entre Estados membros ou não membros da ONU quando houver reconhecimento de sua competência.;CERTO
A CIJ possui competência automática para julgar qualquer controvérsia entre membros da ONU.;ERRADO
As decisões da Corte Internacional de Justiça anulam automaticamente leis internas contrárias dos Estados condenados.;ERRADO
A Corte Internacional de Justiça pode determinar diretamente o uso da força contra Estados que descumprirem suas decisões.;ERRADO
Sérgio Vieira de Mello morreu em um atentado contra a sede da ONU em Bagdá, em 2003, enquanto atuava como representante da organização no Iraque.;CERTO
Sérgio Vieira de Mello ocupou o cargo de Alto Comissário das Nações Unidas para os Direitos Humanos.;CERTO
Sérgio Vieira de Mello participou de missões internacionais da ONU em diversos continentes.;CERTO
Sérgio Vieira de Mello teve papel destacado na administração transitória do Timor-Leste após a independência.;CERTO
A ONU foi criada em um contexto bipolar e enfrenta desafios após o fim da Guerra Fria devido às mudanças no sistema internacional.;CERTO
A dissolução da União Soviética alterou profundamente o contexto geopolítico no qual a ONU atuava.;CERTO
O terrorismo internacional é um dos fatores que aumentaram os desafios de segurança enfrentados pela ONU no século XXI.;CERTO
A ameaça terrorista internacional está igualmente distribuída por todas as regiões do planeta.;ERRADO
A ONU possui forças militares próprias permanentes para executar suas operações de paz.;ERRADO
A ONU depende do fornecimento de tropas pelos Estados membros para suas operações de manutenção da paz.;CERTO
A presença de soldados brasileiros no Haiti esteve relacionada à participação brasileira na MINUSTAH.;CERTO
A reforma do Conselho de Segurança da ONU defendida pelo Brasil inclui a reivindicação de um assento permanente para o país.;CERTO
A ONU e a Liga das Nações foram baseadas em princípios como justiça e direito, mas também surgiram em contextos históricos concretos.;CERTO
A Liga das Nações e a ONU foram criadas apenas como construções ideológicas sem relação com acontecimentos históricos reais.;ERRADO
Durante a Guerra Fria, o direito de veto no Conselho de Segurança ajudou a evitar que conflitos entre as superpotências destruíssem o sistema de segurança coletiva da ONU.;CERTO
O direito de veto dos membros permanentes sempre impediu qualquer atuação do Conselho de Segurança durante a Guerra Fria.;ERRADO
O fim da Guerra Fria aumentou a importância dos direitos humanos na agenda da ONU.;CERTO
A criação do Tribunal Penal Internacional ocorreu diretamente como consequência do fim da Guerra Fria e da atuação da ONU.;ERRADO
A Doutrina Bush de guerra preventiva recebeu amplo apoio institucional da ONU.;ERRADO
A reforma do Conselho de Segurança é um dos principais temas debatidos atualmente na ONU.;CERTO
O Brasil defende sua inclusão como membro permanente do Conselho de Segurança da ONU.;CERTO
Os Estados Unidos participaram como membros da Liga das Nações durante todo o período entreguerras.;ERRADO
Grã-Bretanha, França, Japão e Itália participaram da Liga das Nações durante o período entreguerras.;CERTO
A Itália foi membro da Liga das Nações antes de sua saída da organização em 1937.;CERTO
A ONU teve entre seus objetivos reorganizar a ordem internacional e criar mecanismos de segurança coletiva após a Segunda Guerra Mundial.;CERTO
A bipolaridade da Guerra Fria foi causada exclusivamente pela existência do Conselho de Segurança da ONU.;ERRADO
O direito de veto no Conselho de Segurança dificultou algumas ações da ONU durante a Guerra Fria, mas também fazia parte do equilíbrio entre as grandes potências.;CERTO
O Tribunal Penal Internacional foi criado pela ONU como órgão subordinado da organização.;ERRADO
O Tribunal Penal Internacional foi criado pelo Estatuto de Roma de 1998 como instituição independente da ONU.;CERTO
O Brasil participa do debate sobre a reforma do Conselho de Segurança buscando maior representatividade do órgão.;CERTO
A Doutrina Bush fortaleceu a ONU ao estabelecer uma política internacional baseada na guerra preventiva aceita pela organização.;ERRADO
;
O Brasil, ao longo de sua participação na ONU, utilizou a relevância política da organização para propor resoluções e contribuir para a construção da ordem internacional.;CERTO
O Brasil defende que a ONU deveria possuir forças armadas próprias permanentes para garantir a paz internacional.;ERRADO
O Brasil apoia reformas e modernização de órgãos da ONU, incluindo mudanças no Conselho de Segurança.;CERTO
A política externa brasileira tradicionalmente demonstra indiferença às reformas institucionais da ONU.;ERRADO
A recusa em mobilizar forças armadas brasileiras para operações da ONU é uma característica permanente da política externa e de segurança brasileira.;ERRADO
A ONU exerce autoridade política internacional mesmo sem possuir exército próprio ou capacidade fiscal semelhante à dos Estados.;CERTO
O sistema institucional da ONU, comparado ao da Liga das Nações, apresentou avanços que aumentaram sua capacidade de atuar nas relações internacionais.;CERTO
A Sociedade das Nações surgiu como ideia de solução pacífica de controvérsias e ganhou destaque político com sua inclusão nos Quatorze Pontos de Wilson.;CERTO
O Conselho de Segurança da ONU permanece composto pelos mesmos membros permanentes desde sua fundação: EUA, França, Reino Unido, Alemanha, Rússia e China.;ERRADO
Os membros permanentes atuais do Conselho de Segurança da ONU são Estados Unidos, Rússia, China, França e Reino Unido.;CERTO
A participação brasileira na MINUSTAH esteve relacionada, entre outros fatores, ao objetivo de ampliar a atuação internacional do Brasil e fortalecer sua candidatura a um assento permanente no Conselho de Segurança.;CERTO
A Anistia Internacional faz parte da estrutura oficial da ONU.;ERRADO
A Assembleia Geral integra a estrutura da ONU.;CERTO
A Comissão de Direito Internacional integra o sistema das Nações Unidas.;CERTO
O Conselho de Direitos Humanos integra o sistema das Nações Unidas.;CERTO
A Carta da ONU admite o uso da força armada para resolver conflitos quando autorizado pelo Conselho de Segurança.;CERTO
A Carta das Nações Unidas proíbe qualquer uso da força nas relações internacionais, inclusive quando autorizado pelo Conselho de Segurança.;ERRADO
O Tribunal Penal Internacional é um tribunal ad hoc criado pela ONU para julgar qualquer crime cometido contra indivíduos.;ERRADO
O Tribunal Penal Internacional representa uma inovação no direito internacional ao estabelecer responsabilidade penal individual permanente em âmbito internacional.;CERTO
A ONU possui papel relevante na resolução de conflitos e pode adotar medidas coercitivas para preservar a paz.;CERTO
O Brasil valoriza fóruns multilaterais como espaços para influenciar a criação de regras internacionais.;CERTO
A atuação brasileira em fóruns multilaterais busca formar coalizões com outros países para reduzir assimetrias de poder.;CERTO
O Brasil utiliza coalizões internacionais apenas para confrontar países desenvolvidos, sem buscar negociações equilibradas.;ERRADO
A candidatura brasileira a um assento permanente no Conselho de Segurança relaciona-se à busca de maior reconhecimento internacional e liderança regional.;CERTO
O pleito brasileiro por um assento permanente no Conselho de Segurança está associado à defesa dos interesses latino-americanos na área de segurança internacional.;CERTO
A política multilateral brasileira é competência exclusiva da diplomacia profissional, sem participação de outros órgãos do Estado.;ERRADO
As relações internacionais brasileiras buscam uma inserção global sem abandonar a dimensão regional da política externa.;CERTO
A política externa brasileira historicamente busca diversificação de parceiros para ampliar autonomia internacional.;CERTO
A participação brasileira em conferências internacionais da ONU contribuiu para maior ativismo internacional do Brasil.;CERTO
O Brasil busca participar da formulação de normas internacionais, incluindo por meio de sua candidatura a membro permanente do Conselho de Segurança.;CERTO
A ONU não pode ser considerada uma organização multilateral porque o Conselho de Segurança possui membros permanentes com poder de veto.;ERRADO
O Conselho de Segurança da ONU demonstra uma dimensão hierárquica de poder dentro de uma estrutura multilateral.;CERTO
A existência do veto no Conselho de Segurança elimina completamente o caráter multilateral da ONU.;ERRADO
;
;
A ONU tem como principais órgãos o FMI, a OMC e o Conselho de Segurança.;ERRADO
O principal órgão da ONU é o Conselho de Segurança, composto por EUA, Rússia, Reino Unido, França e Brasil.;ERRADO
Na Assembleia Geral da ONU, os votos dos Estados possuem pesos diferentes.;ERRADO
A ONU é constituída por seis órgãos principais: Assembleia Geral, Conselho de Segurança, Conselho Econômico e Social, Conselho de Tutela, Corte Internacional de Justiça e Secretariado.;CERTO
A ONU foi formada após a Primeira Guerra Mundial para manter a paz mundial.;ERRADO
O Banco Mundial é uma agência da ONU que concede empréstimos de curto prazo para resolver problemas de liquidez internacional.;ERRADO
O FMI é uma agência da ONU responsável pela regulação do comércio internacional e financiamento de projetos de exportação.;ERRADO
Entre as agências especializadas da ONU estão OMS, FMI e Organização Mundial da Propriedade Intelectual.;CERTO
Todas as agências da ONU funcionam junto à sede central em Nova York.;ERRADO
A FAO atua na defesa da produção agrícola e segurança alimentar mundial.;CERTO
O processo de reforma do Conselho de Segurança da ONU é conduzido pela ONU de forma multilateral.;CERTO
A aliança entre Brasil, Índia, Alemanha e Japão pela reforma do Conselho de Segurança é chamada G4.;CERTO
Podem ser admitidos na ONU todos os Estados que desejarem, independentemente de critérios políticos.;ERRADO
A Assembleia Geral da ONU é composta por todos os membros e cada Estado possui um voto.;CERTO
O secretário-geral da ONU é eleito pelo Conselho de Segurança mediante recomendação deste órgão.;ERRADO
O Conselho de Segurança possui cinco membros permanentes e dez não permanentes, eleitos por dois anos.;CERTO
ONU e OEA são organizações supranacionais que restringem a soberania dos Estados.;ERRADO
As agências especializadas da ONU não possuem personalidade jurídica própria no direito internacional.;ERRADO
O princípio da não intervenção não impede medidas coercitivas previstas na Carta da ONU.;CERTO
Os Estados membros da ONU podem utilizar força militar livremente para resolver conflitos internacionais.;ERRADO
Não existe dever de solidariedade entre os membros da ONU.;ERRADO
Estados não membros da ONU não possuem obrigações relacionadas à paz internacional.;ERRADO
A ONU é baseada no princípio da igualdade orçamentária entre seus membros.;ERRADO
O Tribunal Penal Internacional possui competência automática sobre todos os cidadãos dos países membros da ONU.;ERRADO
A Corte Internacional de Justiça possui juízes eleitos pela Assembleia Geral e pelo Conselho de Segurança.;CERTO
A arbitragem internacional depende do consentimento das partes e sua sentença geralmente é definitiva.;CERTO
Estados devem obrigatoriamente recorrer primeiro às organizações regionais antes de procurar a ONU.;ERRADO
Bons Ofícios são uma forma de facilitar negociações entre Estados, sem impor uma decisão.;CERTO
A Assembleia Geral da ONU determina diretamente onde e quando ocorre uma operação de paz como a MINUSTAH.;ERRADO
O Brasil liderou, no âmbito da UNASUL, a criação do Conselho de Defesa Sul-Americano.;CERTO
Segurança coletiva equivale ao equilíbrio de poder entre Estados.;ERRADO
Brasil, Chile e Argentina tiveram papel relevante na MINUSTAH.;CERTO
A Assembleia Geral pode expulsar Estado membro que viole persistentemente a Carta, após recomendação do Conselho de Segurança.;CERTO
A OMC é um dos principais órgãos da ONU.;ERRADO
O Conselho de Segurança tem como atribuição a manutenção da paz internacional e liberalização do comércio.;ERRADO
Um Estado pode ser membro da Corte Internacional de Justiça sem ser membro da ONU.;CERTO
O G4 é formado por Brasil, Índia, Alemanha e Japão e defende reforma do Conselho de Segurança.;CERTO
O Brasil participa de operações de paz da ONU e defende imparcialidade, consentimento das partes e uso excepcional da força.;CERTO
O Conselho de Segurança possui capacidade jurídica para autorizar uso da força em casos previstos na Carta da ONU.;CERTO
O Pacto Briand-Kellogg proibiu a guerra como instrumento de política nacional.;CERTO
A ONU foi o primeiro projeto de criação de uma organização internacional.;ERRADO
A OIT foi criada antes da Carta de São Francisco e tornou-se organismo especializado da ONU posteriormente.;CERTO
;
;
O Brasil, ao propor em 2011 a responsabilidade ao proteger, apoiou incondicionalmente o direito de intervenção militar internacional em Estados fracassados para prevenir crimes contra a humanidade.;ERRADO
A ONU, criada após a Segunda Guerra Mundial, tem como finalidade principal a manutenção da paz e da segurança internacionais.;CERTO
OMS, FAO e UNESCO são agências especializadas da ONU com atuação global.;CERTO
Organizações não governamentais como a Cruz Vermelha Internacional atuam em ações humanitárias internacionais.;CERTO
O Brasil boicotou todos os órgãos da ONU durante quase duas décadas entre o final dos anos 1960 e o final dos anos 1980.;ERRADO
O Brasil possui histórico de participação como membro não permanente do Conselho de Segurança da ONU e já exerceu sua presidência.;CERTO
O Brasil participou da MINUSTAH, missão de estabilização no Haiti.;CERTO
O Brasil pleiteia assento permanente no Conselho de Segurança por defender maior representatividade dos fóruns multilaterais.;CERTO
A reforma da ONU busca aumentar a eficácia da organização em segurança, assistência humanitária, direitos humanos, construção da paz e desenvolvimento.;CERTO
A soberania estatal relaciona-se ao conceito moderno de Estado desde Vestefália.;CERTO
A característica do Estado como autoridade soberana é elemento central da organização do sistema internacional segundo a Carta da ONU.;CERTO
A segunda afirmação justifica corretamente a primeira afirmação sobre soberania e Estado.;ERRADO
O Conselho de Segurança sofre crise de representatividade devido ao surgimento de novas potências e novos atores internacionais.;CERTO
A capacidade do Conselho de Segurança de produzir resoluções vinculantes aproxima o órgão dos interesses de seus membros permanentes.;CERTO
A segunda afirmação justifica corretamente a primeira sobre a crise de representatividade do Conselho de Segurança.;ERRADO
O uso da força nas relações internacionais é proibido, salvo legítima defesa em caso de agressão ou autorização do Conselho de Segurança.;CERTO
O órgão da ONU composto por cinco membros permanentes e dez rotativos, responsável por autorizar intervenções militares, é o Conselho de Segurança.;CERTO
A crise de representatividade do Conselho de Segurança relaciona-se ao fato de sua composição refletir a distribuição de poder de 1945.;CERTO
A lógica do poder nacional-territorial foi substituída completamente pela lógica do poder econômico nas relações internacionais.;ERRADO
A admissão como membro da ONU é aberta aos Estados amantes da paz que aceitem as obrigações da Carta e estejam dispostos a cumpri-las.;CERTO
A admissão de novos membros da ONU ocorre por decisão da Assembleia Geral mediante recomendação do Conselho de Segurança.;CERTO
No Conselho de Segurança, os membros permanentes não podem utilizar o veto na admissão de novos membros.;ERRADO
O direito à autodeterminação dos povos constitui atualmente norma imperativa do Direito Internacional.;CERTO
Os Estados são juridicamente iguais e possuem iguais direitos independentemente de seu poder material.;CERTO
A responsabilização por crimes cometidos durante missões de paz é uma responsabilidade compartilhada entre ONU e Estados participantes das forças militares.;CERTO
As missões de paz da ONU são forças multinacionais aprovadas pelo Conselho de Segurança para atividades pacíficas e humanitárias.;CERTO
A segunda afirmação justifica corretamente a primeira sobre responsabilidade por crimes em missões de paz.;ERRADO
Os cinco membros permanentes do Conselho de Segurança refletem a composição de forças entre os vencedores da Segunda Guerra Mundial.;CERTO
Os membros permanentes do Conselho de Segurança representam proporcionalmente países desenvolvidos e subdesenvolvidos.;ERRADO
Os membros permanentes do Conselho de Segurança representam todos os continentes de forma equilibrada.;ERRADO
;
;
Em 2011, o Brasil apoiou incondicionalmente o direito de intervenção humanitária com uso da força em Estados fracassados, desde que autorizada pelo Conselho de Segurança da ONU.;Errado
A ONU, criada após a Segunda Guerra Mundial, tem como finalidade principal a manutenção da paz e da segurança internacionais.;Certo
Entre as agências especializadas da ONU estão OMS, FAO e UNESCO.;Certo
Organizações não governamentais como a Cruz Vermelha Internacional atuam no trabalho humanitário mundial.;Certo
O Brasil boicotou por quase duas décadas todos os órgãos da ONU, principalmente Assembleia Geral e Conselho de Segurança.;Errado
Um dos pilares da reforma da ONU é aumentar a eficácia na promoção da segurança, assistência humanitária, direitos humanos e desenvolvimento.;Certo
A soberania, relacionada ao conceito de Estado desde Vestefália, constitui elemento central da ordem internacional expressa na Carta da ONU.;Certo
O Conselho de Segurança enfrenta crise de representatividade devido à emergência de novas potências e novos atores internacionais.;Certo
O uso da força é proibido nas relações internacionais, salvo legítima defesa em caso de agressão externa.;Certo
O órgão da ONU composto por cinco membros permanentes e dez rotativos, responsável por autorizar intervenções militares, é o Conselho de Segurança.;Certo
A reforma do Conselho de Segurança é debatida devido à sua baixa representatividade e à permanência da estrutura de poder de 1945.;Certo
A admissão na ONU é aberta aos Estados amantes da paz que aceitem as obrigações da Carta e estejam aptos a cumpri-las.;Certo
A admissão de um Estado na ONU depende da Assembleia Geral mediante recomendação do Conselho de Segurança, podendo haver veto dos membros permanentes.;Errado
O direito à autodeterminação dos povos constitui atualmente norma imperativa do Direito Internacional.;Certo
Os Estados são juridicamente iguais, independentemente do poder que possuem.;Certo
A prestação de contas sobre crimes cometidos em missões de paz é responsabilidade compartilhada entre ONU e Estados participantes.;Certo
Os cinco membros permanentes do Conselho de Segurança refletem a composição de forças entre os vencedores da Segunda Guerra Mundial.;Certo
Uma disputa territorial entre Brasil e Uruguai perante um tribunal internacional deveria ser encaminhada à Corte Internacional de Justiça.;Certo
As operações de paz da ONU podem usar a força para defender seu mandato e civis, especialmente quando o Estado receptor não consegue garantir segurança.;Certo
O Brasil foi membro temporário do Conselho da Liga das Nações, buscou assento permanente, enquanto os EUA permaneceram ausentes da Liga.;Certo
Organizações Internacionais Governamentais são formadas por Estados, voltadas à cooperação internacional e associadas ao multilateralismo.;Certo
A Assembleia Geral reúne todos os membros e emite recomendações sem força vinculante; o Conselho de Segurança possui 15 membros e decisões vinculantes.";Certo
O Conselho de Segurança pode aplicar sanções, bloqueios e autorizar uso da força para manter ou restaurar a paz internacional.;Certo
;
;
;
Em 1997, o presidente Fernando Henrique Cardoso enviou ao Congresso Nacional proposta de adesão do Brasil ao Tratado de Não Proliferação Nuclear (TNP).;Certo
A proibição do emprego de armas químicas foi respeitada na Segunda Guerra Mundial, mas violada na Guerra Irã-Iraque.;Certo
A expressão ""espada de Dâmocles"" designa uma ameaça constante e iminente.";Certo
O ""equilíbrio do terror"" baseia-se na capacidade de retaliação nuclear suficiente para desencorajar um ataque inicial.";Certo
O Tribunal Penal Internacional julga indivíduos por genocídio, crimes contra a humanidade, crimes de guerra e crime de agressão, de forma complementar às jurisdições nacionais.;Certo
A instabilidade política na Amazônia internacional impulsionou projetos voltados à segurança da faixa de fronteira brasileira.;Certo
Após os atentados de 11 de setembro, o Brasil solidarizou-se com os EUA e defendeu o fortalecimento das instituições multilaterais no combate ao terrorismo.;Certo
O Brasil restringiu seu combate ao terrorismo apenas ao âmbito da OEA e do TIAR.;Errado
As acusações dos EUA sobre a Tríplice Fronteira aproximaram completamente o Brasil das posições norte-americanas sobre terrorismo.;Errado
O Brasil defendeu o fortalecimento dos mecanismos multilaterais e não se opôs previamente à cooperação com os EUA no combate ao terrorismo.;Certo
O Brasil permaneceu à margem dos principais regimes de não proliferação entre as décadas de 1960 e 1980, aproximando-se deles nos anos 1990.;Certo
O Brasil considera o TNP discriminatório e, embora seja parte do tratado, não aderiu ao Protocolo Adicional da AIEA.;Certo
Durante a Guerra Fria, o Brasil participou ativamente das discussões sobre desarmamento tanto na Comissão de Desarmamento da ONU quanto no Conselho de Segurança.;Errado
O Brasil nunca aderiu ao Regime de Controle de Tecnologia de Mísseis (MTCR).;Errado
A OTAN foi criada como aliança militar entre EUA e Europa Ocidental no contexto da Guerra Fria.;Certo
A União Soviética não criou aliança militar semelhante à OTAN até a década de 1960.;Errado
As condições que motivaram a criação da OTAN permanecem inalteradas mais de sessenta anos após a Segunda Guerra Mundial.;Errado
O Brasil reconhece automaticamente como terrorista qualquer organização assim classificada por países com os quais mantém relações diplomáticas.;Errado
O terrorismo suicida moderno ganhou projeção a partir da Revolução Iraniana e foi utilizado pelo Hezbollah em 1983 contra alvos norte-americanos no Líbano.;Certo
A MINUSTAH, a Estratégia Nacional de Defesa e o Conselho de Defesa Sul-Americano demonstram articulação entre política externa e política de defesa do Brasil.;Certo
A diplomacia brasileira reduziu sua ênfase em desarmamento devido ao reaparelhamento das Forças Armadas.;Errado
Os atentados de 11 de setembro de 2001 marcaram o início de uma escalada do terrorismo internacional relacionada às guerras do Afeganistão e do Iraque.;Certo
O documento final da Primeira Cúpula das Américas (1994) contém item específico sobre o combate às drogas ilícitas.;Certo
;
;
O Irã, diferentemente do Brasil, recusou-se a adotar o Protocolo Adicional do TNP, por considerá-lo instrumento que amplia as inspeções da AIEA.;Certo
Israel é signatário do Tratado de Não Proliferação Nuclear (TNP).;Errado
O Brasil é signatário original tanto do TNP quanto do CTBT.;Errado
O TNP não inclui o Irã, que nunca aderiu ao tratado.;Errado
Israel e Irã podem realizar testes nucleares porque ambos não são signatários do CTBT.;Errado
As negociações SALT entre EUA e URSS, na década de 1970, estabeleceram limites para a produção de armas estratégicas.;Certo
O Tratado de Não Proliferação Nuclear (TNP) foi um dos acordos decorrentes do Plano SALT.;Errado
O Plano SALT representou negociações entre EUA, Reino Unido e URSS.;Errado
A década de 1980 iniciou-se sob estabilidade estratégica, com superação da corrida armamentista e eliminação dos riscos de proliferação nuclear.;Errado
O Brasil defendeu e promoveu a assinatura do Tratado sobre o Comércio de Armas (Arms Trade Treaty), em 2013, visando prevenir e combater o tráfico de armas.;Certo
O Brasil propõe listas periódicas de grupos terroristas para orientar sua política externa.;Errado
O Brasil defende substituir o princípio da responsabilidade compartilhada pelo princípio da responsabilidade exclusiva dos países consumidores no combate ao narcotráfico.;Errado
O Brasil propõe assentos rotativos para a União Europeia no Conselho de Segurança da ONU.;Errado
O Brasil opõe-se à Coalizão da Nova Agenda em matéria de desarmamento nuclear.;Errado
A Reunião Ministerial do Cone Sul sobre Segurança nas Fronteiras (2016) decidiu ampliar a cooperação judicial, policial e de inteligência contra o crime organizado transnacional.;Certo
A ZOPACAS foi criada por resolução da Assembleia Geral da ONU em 1986 e reúne países banhados pelo Atlântico Sul.;Certo
O Conselho de Defesa Sul-Americano foi criado como uma aliança militar destinada à formação de forças armadas integradas.;Errado
A Organização para a Proibição de Armas Químicas (OPAQ) é uma agência especializada da ONU diretamente subordinada ao Secretário-Geral.;Errado
No século XXI, a segurança passou a integrar de forma mais intensa a agenda da política externa brasileira, incluindo operações de paz e debates sobre segurança humana e reforma do Conselho de Segurança.;Certo
O sistema interamericano oferece instrumentos importantes de cooperação no combate ao narcotráfico, complementando os mecanismos multilaterais globais.;Certo
O Brasil privilegia exclusivamente mecanismos bilaterais de combate ao terrorismo, em detrimento das instâncias multilaterais.;Errado
O Brasil integra a OPANAL, responsável pela aplicação do Tratado de Tlatelolco na América Latina e Caribe.;Certo
O Tribunal Penal Internacional possui competência para julgar indivíduos acusados de crimes de guerra, genocídio, crimes contra a humanidade e crimes de agressão.;Certo
Tortura, extermínio e deportação forçada podem constituir crimes contra a humanidade quando praticados como parte de ataque generalizado ou sistemático contra população civil.;Certo
A criação da ABACC integrou a estratégia brasileira de adesão ao Tratado de Não Proliferação Nuclear (TNP).;Certo
O Ministro das Relações Exteriores é membro nato do Conselho de Defesa Nacional.;Certo
A Convenção Interamericana contra o Terrorismo prevê que os Estados adotem medidas de detecção e vigilância de movimentos transfronteiriços de dinheiro em espécie.;Certo
Desde 2005, o Brasil participou apenas de operações de paz realizadas em países pertencentes ao seu entorno estratégico.;Errado
O aumento da pirataria nos Golfos da Guiné e de Áden passou a representar ameaça ao entorno estratégico brasileiro.;Certo
Desde 2005, o entorno estratégico brasileiro caracteriza-se pela baixa ocorrência de guerras interestatais, embora persistam conflitos internos e violência doméstica.;Certo
A chamada ""Rota do Pacífico"" atravessa praticamente todos os países do entorno estratégico brasileiro até os Estados Unidos.";Errado
No início da década de 1990, o Exército Brasileiro passou a receber atribuições relacionadas ao combate a crimes transfronteiriços na faixa de fronteira.;Certo
O Brasil não aderiu ao GAFI/FATF porque participa apenas de mecanismos sul-americanos de cooperação.;Errado
A Unasul reconheceu oficialmente as FARC como grupo narcoterrorista em 2009.;Errado
A chamada ""rota caipira"" envolve organizações criminosas atuando na Bolívia e no Paraguai, com influência inclusive sobre o sistema penitenciário paraguaio.";Certo
Em 2023 ocorreu o maior aumento anual dos gastos militares globais desde 2009, e o GPI 2024 registrou o maior número de conflitos desde a Segunda Guerra Mundial.;Certo
Segundo entendimento do Tribunal Penal Internacional, sua jurisdição pode alcançar crimes cometidos no território de um Estado-parte, independentemente de discussão sobre os elementos constitutivos desse Estado no direito internacional geral.;Certo
;
;
O procurador do TPI não pode iniciar investigação por iniciativa própria (proprio motu), dependendo sempre de anuência de Estado-parte ou de encaminhamento do Conselho de Segurança da ONU.;Errado
O Tribunal Penal Internacional é órgão judicial das Nações Unidas e possui competência complementar às jurisdições penais nacionais.;Errado
As Resoluções 1593 (Darfur) e 1970 (Líbia) determinaram que os custos das investigações e processos do TPI seriam suportados pelas Nações Unidas.;Errado
O artigo 98(2) do Estatuto de Roma foi invocado de forma controversa para justificar acordos bilaterais destinados a impedir a entrega de nacionais de Estados não partes ao TPI.;Certo
A Convenção sobre Armas Químicas exige a destruição dos arsenais, deixando, em regra, essa obrigação à discricionariedade de cada Estado-parte.;Errado
A Corte Internacional de Justiça, em sua Opinião Consultiva de 1996, não concluiu de forma definitiva sobre a licitude ou ilicitude do uso de armas nucleares em todas as circunstâncias, mas ressaltou dúvidas quanto à compatibilidade dessas armas com os princípios do Direito Internacional Humanitário.;Certo
O Brasil defende historicamente o uso exclusivamente pacífico da energia nuclear, rejeita a proliferação de armas nucleares e manifesta preocupação com ações militares que possam levar ao uso desse armamento.;Certo
Mandados de prisão emitidos pelo TPI contra líderes mundiais podem ser executados quando eles ingressarem em um dos Estados-partes do Estatuto de Roma.;Certo
O Tribunal Penal Internacional é um órgão da ONU e pode julgar cidadãos de qualquer país sem limitações de jurisdição.;Errado
O Tribunal Penal Internacional exerce funções semelhantes às da Corte Internacional de Justiça, julgando crimes de guerra entre Estados.;Errado
O CTBT impede o Brasil de realizar explosões nucleares, mas permite sua participação em testes nucleares realizados por Estados não partes do tratado.;Errado
A adesão brasileira ao TNP representou a superação das críticas tradicionais da diplomacia brasileira quanto ao caráter discriminatório do tratado.;Certo
O Tratado de Tlatelolco inseriu o Brasil em uma zona livre de armas nucleares situada em região habitada.;Certo
O Brasil possui obrigação internacional de eliminar eventuais armas químicas de seus arsenais.;Certo
A Convenção sobre Armas Biológicas não impede pesquisas científicas ou cooperação internacional para fins pacíficos e defensivos.;Certo
Nas últimas décadas, observa-se crescente interseção entre grandes eventos esportivos e interesses econômicos.;Certo
A ""síndrome de Nova Iorque"" faz referência aos atentados terroristas de 11 de setembro de 2001 contra o World Trade Center e o Pentágono.";Certo
A Al-Qaeda operava a partir do Iraque sob comando de Saddam Hussein, fato que motivou a invasão norte-americana de 2003.;Errado
A OTAN foi criada durante a Guerra Fria e permanece ativa, inclusive com ampliação de seus membros após o fim da URSS.;Certo
O Brasil submete-se à jurisdição do Tribunal Penal Internacional cuja criação tenha aprovado por adesão.;Certo
Existe consenso internacional sobre a definição jurídica de terrorismo.;Errado
O Brasil considera oficialmente as FARC, na Bolívia, como grupo terrorista.;Errado
Na América Latina houve tanto terrorismo praticado por grupos políticos quanto terrorismo de Estado.;Certo
Os atentados de 11 de setembro deixaram de ser considerados atos terroristas pela maioria da opinião pública norte-americana.;Errado
Não se deve associar automaticamente o Islã ao terrorismo contemporâneo.;Certo
Nos últimos anos, a África tem permanecido praticamente livre de atentados terroristas.;Errado
Terrorismo, narcotráfico, espionagem e crime organizado estimularam a ampliação das estruturas estatais de inteligência.;Certo
Em Estados democráticos cresce a preocupação com mecanismos de controle e supervisão dos serviços de inteligência.;Certo
A eficiência dos serviços de inteligência deve prevalecer sobre a transparência, independentemente do regime político.;Errado
A globalização fortaleceu a atuação internacional de grandes empresas frequentemente vinculadas aos interesses estratégicos de seus Estados de origem.;Certo
CIA, KGB e Mossad desfrutam de confiança praticamente unânime da população de seus países e da comunidade internacional.;Errado
A assinatura do TNP, da Convenção sobre Armas Químicas e Biológicas e a adesão aos regimes de controle de exportações consolidaram, nos anos 1990, o compromisso brasileiro com a não proliferação.;Certo
A adesão brasileira ao Regime de Controle de Tecnologia de Mísseis (MTCR), em 1995, também buscou ampliar o acesso à cooperação tecnológica no setor aeroespacial.;Certo
As prioridades brasileiras em segurança internacional concentram-se principalmente em ameaças militares regionais e na proliferação de armas de destruição em massa.;Errado
Antes de aderir ao TNP, o Brasil já havia assumido compromissos de não proliferação no plano regional e perante a AIEA.;Certo
A posição brasileira de não tratar o terrorismo como principal ameaça à segurança nacional relaciona-se à valorização do multilateralismo e à crítica de iniciativas unilaterais.;Certo
Ao ratificar a Convenção Interamericana contra o Terrorismo, o Brasil decidiu concentrar seus esforços exclusivamente no plano regional.;Errado
O Brasil participa tanto do GAFI/FATF quanto do GAFILAT (antigo GAFISUD), priorizando o combate à lavagem de dinheiro e ao financiamento do terrorismo.;Certo
A segurança sub-regional brasileira foi resolvida mediante acordos militares do Mercosul que instituíram um mecanismo comum de defesa e de uso de armas não convencionais.;Errado
;
;
O Tribunal Penal Internacional (TPI) tem competência expressa para julgar o terrorismo como crime contra a humanidade.;Errado
As línguas de trabalho do Tribunal Penal Internacional são apenas o inglês e o francês.;Certo
O Tribunal Penal Internacional é um organismo especializado da ONU.;Errado
O Estatuto de Roma permite ao Tribunal Penal Internacional aplicar a pena de morte em casos graves.;Errado
O Tribunal Penal Internacional começou a funcionar em 1998, logo após a conclusão do Estatuto de Roma.;Errado
A deportação ou transferência forçada de populações constitui crime contra a humanidade segundo o Estatuto de Roma.;Certo
A morte ou o ferimento de adversários rendidos constitui crime contra a humanidade.;Errado
A adoção de medidas destinadas a impedir nascimentos no seio de determinado grupo constitui crime contra a humanidade.;Errado
A organização de tribunais de exceção constitui crime contra a humanidade previsto no Estatuto de Roma.;Errado
O recrutamento de crianças menores de quinze anos constitui crime contra a humanidade.;Errado
O Tratado de Não Proliferação Nuclear estabelece a prevalência de seus dispositivos sobre quaisquer tratados regionais.;Errado
Entre as finalidades da Convenção da ONU contra a Corrupção está promover a integridade, a prestação de contas e a boa gestão dos assuntos e bens públicos.;Certo
A Convenção da ONU contra a Corrupção busca homogeneizar os ordenamentos jurídicos dos Estados Partes.;Errado
A Convenção da ONU contra a Corrupção aplica-se apenas quando houver prejuízo patrimonial ao Estado.;Errado
A Convenção da ONU contra a Corrupção prevê medidas apenas para prevenir a corrupção no setor público, excluindo sanções ao setor privado.;Errado
A Convenção da ONU contra a Corrupção não trata da proteção de testemunhas, vítimas, peritos ou denunciantes.;Errado
A Convenção da OCDE admite que interesses econômicos nacionais influenciem a investigação de corrupção de funcionário público estrangeiro.;Errado
A Convenção Interamericana contra a Corrupção fixa penas específicas para todos os Estados Partes.;Errado
A Convenção da ONU contra a Corrupção autoriza um Estado Parte a exercer diretamente sua jurisdição no território de outro Estado Parte.;Errado
Segundo a Convenção da OCDE, a corrupção de funcionário público estrangeiro não pode ser considerada delito passível de extradição.;Errado
O Mecanismo de Acompanhamento da Implementação da Convenção Interamericana contra a Corrupção foi criado pelos Estados Partes para acompanhar sua implementação.;Certo
O Brasil aderiu ao Tratado de Não Proliferação Nuclear por considerar que isso fortaleceria o regime de não proliferação e contribuiria para a eliminação das armas nucleares.;Certo
O Brasil se recusa a participar da Interpol.;Errado
O narcotráfico é uma manifestação do crime organizado e atua de forma globalizada.;Certo
As FARC derrotaram recentemente o Estado colombiano, impulsionando o narcotráfico na América do Sul.;Errado
O narcotráfico integra cadeias globais de fornecimento, financiamento e tecnologia.;Certo
Há consenso entre os líderes latino-americanos de que apenas a repressão policial é eficaz no combate às drogas.;Errado
A política antidrogas dos EUA desarticulou completamente o narcotráfico na Colômbia e na Bolívia.;Errado
O tráfico internacional de drogas tornou-se uma atividade globalizada e altamente lucrativa.;Certo
O narcotráfico contribui para o aumento da violência e da insegurança, especialmente nos centros urbanos.;Certo
A Convenção da ONU contra o Crime Organizado Transnacional estabelece cooperação sobre controle de precursores químicos de entorpecentes.;Certo
A Convenção sobre Armas Bacteriológicas obriga os Estados Partes a destruir agentes, toxinas, armas e meios de emprego hostil.;Certo
A Convenção sobre Armas Químicas foi criada pelo Conselho de Segurança da ONU e adotada por aproximadamente metade dos Estados do mundo.;Errado
O Brasil recusa-se a aderir ao Protocolo Adicional do TNP em razão de seu caráter intrusivo.;Certo
A ABACC negocia com a AIEA e com o MERCOSUL no âmbito do Acordo Quadripartite.;Errado
A Comissão Interministerial de Controle de Exportação de Bens Sensíveis é coordenada pelo Ministério da Indústria, Comércio Exterior e Serviços.;Certo
A Comissão Antiterrorismo foi criada no âmbito da Assembleia Geral da ONU.;Errado
A Constituição de 1988 passou a prever o repúdio ao terrorismo apenas após decreto presidencial de 2006.;Errado
A Assembleia Geral da ONU aprovou, em 2006, a Estratégia Mundial contra o Terrorismo.;Certo
O Fórum Regional da ASEAN foi criado para equilibrar a pressão da URSS e da Iniciativa de Defesa Estratégica dos EUA.;Errado
O Tratado de Segurança Coletiva surgiu após os atentados de 11 de setembro para impedir a atuação dos EUA na Ásia Central.;Errado
Entre os objetivos do Conselho de Defesa Sul-Americano estão a cooperação na indústria de defesa e a incorporação da perspectiva de gênero.;Certo
A Estratégia de Segurança da União Europeia considera a proliferação de armas de destruição em massa uma das principais ameaças à segurança europeia.;Certo
O TIAR prevê reunião imediata do órgão de consulta quando houver ameaça à soberania ou integridade territorial de Estado Parte.;Certo
A Política Africana Comum de Defesa e Segurança adota conceito amplo de defesa, abrangendo valores sociais, políticos, culturais e econômicos.;Certo
O tráfico internacional de drogas é facilitado pela inexistência de cooperação internacional entre órgãos de segurança.;Errado
A política antidrogas dos EUA eliminou os grandes cartéis da Colômbia e da Bolívia.;Errado
Diversas lideranças internacionais defendem a legalização de algumas drogas como forma de enfraquecer o narcotráfico.;Certo
As organizações não governamentais ampliaram sua atuação nas últimas décadas em diversas áreas ligadas à cidadania e aos direitos humanos.;Certo
A atuação da ONU e do Tribunal Penal Internacional reduziu significativamente o crime organizado transnacional ligado ao tráfico de drogas e à lavagem de dinheiro.;Errado
O Brasil assinou e ratificou integralmente todos os instrumentos globais e regionais sobre desarmamento e não proliferação nuclear.;Errado
O Brasil privilegia canais bilaterais de ação diplomática no combate ao terrorismo internacional.;Errado
A CICAD, na OEA, e o Conselho Sul-Americano sobre o Problema Mundial das Drogas, na UNASUL, são importantes mecanismos multilaterais utilizados pelo Brasil no combate ao narcotráfico.;Certo
;
;
. A Escola de Copenhague rompe com a visão tradicional de segurança, ampliando o escopo das ameaças ao Estado para incluir questões políticas, sociais, econômicas e ambientais.;CERTO
I. Os ataques de 11 de setembro demonstraram o desafio do terrorismo internacional, e os eventos posteriores aumentaram a preocupação com a proliferação de armas de destruição em massa e outras armas não convencionais.;CERTO
II. A comunidade internacional forjou, no âmbito da Assembleia Geral da ONU, um consenso sobre uma definição universal de terrorismo.;ERRADO
. O Brasil assinou o Tratado de Não Proliferação Nuclear (TNP) em 1998 e recusou-se a assinar o Protocolo Adicional do TNP.;ERRADO
I. O estreitamento das relações com os países do Atlântico Sul, a reativação da ZOPACAS e a formação do Conselho de Defesa Sul-Americano evidenciam a conexão entre política externa e política de defesa nacional.;CERTO
II. A Estratégia Nacional de Defesa, formulada em 2008, busca garantir maior autonomia institucional e orçamentária na área de defesa em detrimento das estratégias de inserção internacional do Brasil.;ERRADO
V. A participação do Brasil em Missões de Paz da ONU constitui uma forma de ampliar sua atuação na área de defesa e segurança internacionais.;CERTO
. Há um consenso básico de que terroristas são aqueles que lutam contra o Estado e também contra um de seus elementos básicos, o povo.;ERRADO
. O Tribunal Penal Internacional é uma instituição destinada a investigar e julgar indivíduos acusados de genocídio, crimes de guerra e crimes contra a humanidade, com sede em Haia e criada oficialmente em 2002.;CERTO
. Durante a Guerra Fria, os temas de segurança estiveram virtualmente ausentes ou em posições secundárias na agenda da política externa brasileira, adquirindo grande relevância a partir do início do século XXI devido ao fortalecimento de ameaças globais.;ERRADO
. A prioridade brasileira aos fóruns multilaterais e aos regimes globais para tratar de questões de segurança decorre, entre outros fatores, da inexistência de ameaças diretas provenientes do entorno regional e da relativa estabilidade da América do Sul quanto a conflitos interestatais.;CERTO
. No período pós-Guerra Fria, a natureza transnacional de novas ameaças, como terrorismo, proliferação de armas de destruição em massa, crime organizado e narcotráfico, estimulou a cooperação entre aparatos de segurança e agências de inteligência de países anteriormente rivais.;CERTO
. As organizações dedicadas ao narcotráfico vêm apresentando crescente presença de redes horizontais, menos estruturadas e hierarquizadas, que também podem atuar em outras atividades ilícitas, como crimes cibernéticos e ambientais.;CERTO
. O acordo de paz entre o governo colombiano e as FARC, firmado em 2016, não resultou na diminuição do tráfico de drogas originado na Colômbia, que se expandiu significativamente durante as negociações e no primeiro ano de vigência do acordo.;CERTO
. A expansão global das novas substâncias psicoativas sintéticas provocou a contração e a segmentação dos mercados tradicionais de heroína e cocaína, que ficaram cada vez mais circunscritos às respectivas regiões produtoras.;ERRADO
. A Convenção de Budapeste sobre Cibercrime, negociada no âmbito da União Europeia em 2001, constitui instrumento jurídico vinculante para a cooperação internacional na prevenção e no combate ao crime cibernético.;CERTO
. As agendas e os espaços institucionais internacionais relacionados à segurança cibernética global são, atualmente, eminentemente intergovernamentais e de alcance regional.;ERRADO
. Os estreitos vínculos entre hacktivismo e terrorismo cibernético representam atualmente importante item da pauta das políticas de segurança dos países e da cooperação internacional em segurança cibernética.;ERRADO
. A Convenção de Palermo é um instrumento internacional multilateral e solene que foi promulgado pelo Congresso Nacional brasileiro e ratificado, no âmbito interno, por decreto.;ERRADO
. Os protocolos adicionais à Convenção de Palermo, como o relativo à prevenção, repressão e punição do tráfico de pessoas, foram incorporados ao direito brasileiro com eficácia de lei complementar por tratarem de direitos fundamentais.;ERRADO
. O Brasil não aderiu ao Estatuto de Roma, que criou o Tribunal Penal Internacional, porque não admite a extradição de brasileiros para serem julgados por uma corte internacional que admita pena de caráter perpétuo.;ERRADO
. O Tratado de Não Proliferação Nuclear, assinado em 1968, é o principal instrumento jurídico para conter a disseminação nuclear, persistindo divergências sobre usos pacíficos da energia nuclear e sobre compromissos de desarmamento.;CERTO
I. Após o fim da Guerra Fria, as armas nucleares soviéticas permaneceram em poder da Rússia, Ucrânia, Bielorrússia e Cazaquistão, que se tornaram potências nucleares e aderiram ao TNP por meio do Protocolo de Lisboa de 1992.;ERRADO
II. No pós-Guerra Fria, a proliferação nuclear continua sendo preocupação da segurança internacional devido à existência de países como Índia, Paquistão e Coreia do Norte com capacidade nuclear.;CERTO
. O Brasil é um dos países que assinou o Tratado sobre a Proibição de Armas Nucleares (TPAN).;CERTO
. A natureza dual da tecnologia nuclear e a preocupação das potências emergentes com o possível uso do regime de não proliferação para restringir seu acesso à tecnologia nuclear contribuem para as dificuldades da governança global sobre o tema.;CERTO
I. A partir dos anos 1990, as potências nucleares passaram progressivamente a abolir seus respectivos arsenais, em consonância com a igualdade entre os Estados e com o TNP.;ERRADO
II. A Conferência de Desarmamento e a Assembleia Geral da ONU tornaram-se os dois principais fóruns para questões normativas relacionadas à proliferação nuclear no pós-Guerra Fria.;ERRADO
. Na década de 1960, os Estados possuidores de armas nucleares comprometeram-se formalmente com o desarmamento nuclear completo.;CERTO
I. Existem argumentos morais favoráveis ao desarmamento nuclear, mas não existem argumentos de natureza econômica que sustentem essa perspectiva.;ERRADO
II. Os opositores ao movimento de desarmamento consideram essa abordagem ingênua ou uma forma de deixar o Estado vulnerável diante de seus adversários.;CERTO
. O Tribunal Penal Internacional foi criado pelo Estatuto de Roma, tem sede em Haia e possui competência sobre os crimes de guerra, crimes contra a humanidade, genocídio e agressão.;CERTO
. Considerando o art. 4º, parágrafo único, da Constituição de 1988, a América Latina integra o entorno estratégico brasileiro.;CERTO
I. A Antártica foi incorporada ao entorno estratégico brasileiro, embora sua exploração seja destinada exclusivamente a fins de pesquisa científica.;CERTO
II. A Comunidade dos Países de Língua Portuguesa (CPLP) é expressamente incluída como uma das áreas do entorno estratégico brasileiro.;ERRADO
. A Convenção de Genebra original de 1906 e os Regulamentos de Haia de 1907 foram complementados pelo Protocolo de Genebra de 1925, que proibiu o emprego de gases asfixiantes, tóxicos ou similares e de meios bacteriológicos de guerra.;CERTO
. A Convenção sobre Armas Químicas de 1993 estabeleceu um regime de verificação supervisionado pela OPAQ, incluindo relatórios nacionais, inspeções de rotina e inspeções por denúncia.;CERTO
. As proibições de armas químicas e biológicas aplicam-se aos conflitos armados não internacionais como Direito Internacional Humanitário Consuetudinário.;CERTO
. A Convenção sobre Armas Biológicas de 1972 proíbe o desenvolvimento, produção e estocagem de determinados agentes biológicos, toxinas, armas, equipamentos ou vetores destinados a fins hostis ou conflitos armados.;CERTO
. A Convenção sobre Armas Químicas de 1993 proíbe absolutamente, em quaisquer circunstâncias, o uso, aquisição, estocagem, conservação e transferência de armas químicas e exige a destruição das armas existentes.;CERTO
. Um Comando Operacional Combinado emprega meios ponderáveis de mais de uma Força Armada, enquanto um Comando Operacional Conjunto congrega meios ponderáveis de mais de um país.;ERRADO
. A criação do Estado de Israel ocorreu em 1967 como resultado da Guerra dos Seis Dias, durante a qual ocorreu a Operação Moked.;ERRADO
. A ascensão de novas potências globais capazes de contestar a predominância unipolar dos EUA reacende o debate sobre a importância do controle do ar e sobre a teoria do Poder Aéreo.;CERTO
. A Força Aérea Numerada é o órgão de direção setorial do Comando da Aeronáutica responsável pela segurança da navegação aérea no espaço aéreo brasileiro.;ERRADO
. O Poder Aeroespacial compreende a Força Aérea, suas bases, estruturas de comando e controle, estruturas logísticas e administrativas, além de meios adjudicados pelas demais Forças e outros meios vinculados à missão do Poder Militar Aeroespacial.;CERTO
. A Estratégia Nacional de Defesa estabelece que as áreas estratégicas marítimas que merecem atenção especial para o controle do acesso marítimo ao Brasil são a faixa entre Santos e Vitória e a área em torno da foz do rio Amazonas.;CERTO
I. Defesa marítima é o sentimento de garantia necessário e indispensável à sociedade e aos seus integrantes contra ameaças de qualquer natureza em períodos de normalidade.;ERRADO
II. A principal vulnerabilidade decorrente da dependência brasileira do mar é a proteção da atividade pesqueira, destacando-se o Instituto de Estudos do Mar Almirante Paulo Moreira como instituição fundamental para o futuro da vida marinha.;ERRADO
. A prisão de integrantes de baixo escalão do crime organizado pode aprofundar suas relações com o mundo do crime dentro das prisões, enquanto fragilidades no combate aos crimes financeiros dificultam o enfrentamento das redes globais de crime organizado.;CERTO
. O monitoramento das atividades criminosas pelo governo contribui para a segurança interna, enquanto a OEA acompanha importações, exportações e trânsito de armas nos países membros para combater o crime organizado.;ERRADO
. O serviço de inteligência nacional direciona ações policiais contra o crime organizado, enquanto a INTERPOL fornece contingentes para intervenções militares.;ERRADO
. A polícia é responsável pelo enfrentamento do crime organizado nacional, enquanto crimes internacionalizados demandam a aprovação de operações de manutenção da paz pela Assembleia Geral da ONU.;ERRADO
. A legalização da aquisição de armas de fogo e o controle de armamentos constituem políticas públicas de segurança doméstica, enquanto a regulamentação internacional desses temas ocorre apenas em casos comprovados de terrorismo.;ERRADO
;
;
. A relação correta entre os tipos de ameaça e suas caracterizações é: ataque cibernético → espionagem → interferência externa → criminalidade organizada.;CERTO
. O jus in bello abrange normas internacionais que regulam o emprego de armas de alto potencial destrutivo em conflitos armados.;CERTO
I. O jus ad bellum diz respeito ao direito de promover a guerra conforme o direito internacional, incluindo a legítima defesa contra agressões externas e as decisões do Conselho de Segurança da ONU para evitar a guerra ou restabelecer a paz.;CERTO
II. O jus in bello não abrange as normas de Direito Internacional Humanitário.;ERRADO
. Segundo Mary Kaldor, nas novas guerras aumentaram as diferenças entre a guerra entre Estados e outras formas de violência sistemática, como o crime organizado e as violações de direitos humanos.;ERRADO
I. As novas guerras são conflitos de baixa intensidade nos quais a distinção entre público e privado e entre estatal e não estatal tende a desaparecer.;CERTO
II. Nas novas guerras, a sociedade civil é simultaneamente palco e alvo da violência organizada, contribuindo para um processo de privatização da violência.;CERTO
. A Política Nacional de Cibersegurança inclui entre seus princípios a soberania nacional e a priorização dos interesses nacionais.;CERTO
I. A Política Nacional de Cibersegurança inclui a garantia dos direitos fundamentais, especialmente liberdade de expressão, proteção de dados pessoais, privacidade e acesso à informação.;CERTO
II. A Política Nacional de Cibersegurança inclui a prevenção de incidentes e ataques cibernéticos, especialmente contra infraestruturas críticas e serviços essenciais.;CERTO
V. A Política Nacional de Cibersegurança inclui a resiliência das organizações públicas e privadas diante de incidentes e ataques cibernéticos.;CERTO
. Segundo a legislação brasileira, configura crime de terrorismo o uso ou ameaça de uso de explosivos capazes de promover destruição em massa, por razões de xenofobia ou preconceito de raça, cor, etnia e religião, com finalidade de provocar terror social.;CERTO
. O Tribunal Penal Internacional somente terá competência relativamente aos crimes cometidos após a entrada em vigor do Estatuto de Roma, ainda que se trate de crimes de genocídio ou contra a humanidade.;CERTO
. A Convenção de Palermo, promovida pela ONU e destinada ao enfrentamento do crime organizado transnacional, ainda não foi ratificada pelo Brasil.;ERRADO
. A ideia de projeção mundial do Brasil, de Meira Mattos, rejeita a teoria da tríade de Brzezinski e sustenta a tese do Brasil potência, baseada na projeção do país sem alinhamentos automáticos aos polos de poder mundial.;CERTO
. As fronteiras e o entorno estratégico brasileiros são espaços prioritários, exigindo coordenação entre Forças Armadas, órgãos de segurança pública e diplomacia, além de cooperação com países vizinhos para enfrentar ilícitos e defender interesses comuns.;CERTO
. No pós-Guerra Fria, consolidou-se uma concepção de segurança que passou a incluir ameaças militares e não militares, incorporando variáveis econômicas, ambientais, sociais, políticas e sanitárias, dando origem à ideia de segurança multidimensional.;CERTO
. Biossegurança refere-se às políticas, práticas e barreiras destinadas a prevenir o acesso ou exposição acidental a agentes biológicos perigosos e a proteger a saúde humana, animal e ambiental.;CERTO
. Considerando uma perspectiva do Sul e a escola brasileira de geopolítica, a grande estratégia brasileira deve priorizar os quatro grandes arquétipos que posicionam o país como superpotência energética, alimentar, ambiental/verde e aquífera.;CERTO
. A operação naval multinacional iniciada em 2021 por iniciativa brasileira, destinada à capacitação, troca de experiências, adestramento e interoperabilidade entre forças navais e guardas-costeiras da costa ocidental africana, foi denominada Guinex.;CERTO
. Entre as capacidades nacionais de defesa, a capacidade de mobilidade estratégica é a que melhor proporciona rápida resposta mediante o emprego da força em defesa dos interesses nacionais, no país ou no exterior.;CERTO
. No caso brasileiro, o fator que requer maior atenção para a inserção no mercado internacional de defesa é a defasagem tecnológica e a existência de barreiras de acesso a tecnologias críticas.;CERTO
;
;
. O Tratado da Antártida, assinado em Washington em 1959, estabelece a internacionalização da Antártida, que passou a ser considerada patrimônio comum da Humanidade.;ERRADO
. A Rio-92 foi o primeiro dos grandes encontros internacionais realizados na década de 1990 e contou com atuação decisiva do Brasil para a adoção de um enfoque acentuadamente social na abordagem ambiental.;CERTO
. Entre os principais resultados da Rio-92 estão a Declaração do Rio sobre Meio Ambiente e Desenvolvimento e a consolidação do conceito de desenvolvimento sustentável, vinculando proteção ambiental e direito ao desenvolvimento.;CERTO
. O Brasil enfrenta o desafio de conciliar desenvolvimento socioeconômico e preservação ambiental, considerando a necessidade de investimentos econômicos e promoção da justiça social.;CERTO
. As bacias hidrográficas brasileiras são exclusivamente temas de gestão ambiental e planejamento nacional, sem dimensão internacional envolvendo países vizinhos.;ERRADO
. A Conferência de Monterrey, realizada no México em 2002, teve como tema central o financiamento ao desenvolvimento.;CERTO
. O desenvolvimento sustentável busca uma sinergia entre os processos produtivos e o ecossistema, garantindo que o atendimento das necessidades presentes não comprometa a capacidade das futuras gerações de atender às suas necessidades.;CERTO
. Na Conferência de Estocolmo de 1972, ganhou relevo a tese de que os problemas ambientais do planeta decorriam da explosão demográfica dos países pobres.;CERTO
. O relatório “Nosso Futuro Comum”, publicado em 1987, procurou separar a temática ambiental das questões demográficas e sociais.;ERRADO
. O desenvolvimento sustentável caracteriza-se pela privação da maior parte da população mundial de suas necessidades básicas para sustentar elevados níveis de consumo nos países desenvolvidos.;ERRADO
. A Agenda 21, aprovada na Rio-92, prevê ações de adequação ambiental de novos investimentos produtivos e recuperação de áreas degradadas pelo uso predatório dos recursos naturais.;CERTO
. O Protocolo de Kyoto foi assinado e ratificado por todos os Estados integrantes da ONU e estabeleceu limites de emissão de gases de efeito estufa para todos eles.;ERRADO
. As primeiras iniciativas multilaterais para tratar conjuntamente desenvolvimento econômico e meio ambiente ocorreram em 1964, na Conferência das Nações Unidas sobre Comércio e Desenvolvimento (UNCTAD).;ERRADO
. A Conferência de Estocolmo de 1972 consagrou o direito a um meio ambiente saudável e estabeleceu diretrizes ambientais condicionadas à ressalva da liberalização do comércio internacional prevista pelo GATT.;ERRADO
. A Rio-92 tratou de questões como poluição, dilapidação de recursos naturais e perda da biodiversidade, resultando em compromissos de proteção ambiental, entre eles os previstos na Agenda 21.;CERTO
. O Protocolo de Kyoto estabeleceu metas de redução de gases de efeito estufa para países industrializados, mas determinou que essas metas fossem progressivamente adotadas pelos países em desenvolvimento.;ERRADO
. A comunidade internacional considerou satisfatórios, de forma geral, os resultados da COP 15, realizada em Copenhague em 2009.;ERRADO
. O Brasil teve participação destacada na COP 15, negociando ativamente o Acordo de Copenhague e defendendo a criação de fundos para financiar ações relacionadas à mudança climática em países pobres.;CERTO
. O Brasil defende o princípio das responsabilidades comuns, porém diferenciadas, e adotou medidas relacionadas à redução das emissões de CO₂ e ao combate ao desmatamento da Amazônia.;CERTO
. Por iniciativa brasileira, os países amazônicos adotaram posição comum de defender a conservação da cobertura vegetal como compensação pelo aumento das emissões de CO₂ decorrente da industrialização urbana.;ERRADO
. A Conferência de Estocolmo, realizada em 1972, marcou a inclusão da temática ambiental na pauta de interesse mundial e contou com a participação de grande número de chefes de Estado.;CERTO
. O Consenso de Monterrey, aprovado em 2002, recomendou que os países industrializados destinassem 0,7% de seu PIB à ajuda ao desenvolvimento, recomendação cumprida de maneira geral pela maioria desses países.;ERRADO
. A gestão ambiental pública no Brasil caracteriza-se fundamentalmente por uma perspectiva corretiva voltada ao controle da poluição, utilizando instrumentos legais como penalidades pelo descumprimento das medidas necessárias.;CERTO
. O conceito de desenvolvimento sustentável foi influenciado por debates sobre a relação entre crescimento econômico e meio ambiente, incluindo as discussões que resultaram no relatório “Limites do Crescimento”.;CERTO
. Os Estados possuem direito soberano de explorar seus recursos conforme suas políticas ambientais e desenvolvimentistas, mas também têm responsabilidade de assegurar que atividades sob sua jurisdição não causem danos ambientais a outros Estados.;CERTO
. Embora sistemas agropastoris e reflorestamento contribuam para as metas de Kyoto, o desenvolvimento de políticas para incentivar combustíveis renováveis foi considerado mais importante, constituindo o objeto da criação do Mecanismo de Desenvolvimento Limpo.;ERRADO
. A política externa brasileira, historicamente associada ao desenvolvimento econômico e à inclusão social, passou nas últimas décadas a incorporar também a questão ambiental, como demonstram a Rio-92 e a Rio+20.;CERTO
. No início da década de 1970, o Brasil ampliou unilateralmente seu mar territorial para 200 milhas marítimas, medida que foi considerada ilegítima por todos os países latino-americanos.;ERRADO
. Os primeiros indícios de petróleo na camada do pré-sal foram encontrados na Bacia de Santos, onde o Brasil passou a projetar a exploração de grandes reservas abaixo do leito marinho.;CERTO
. Os trabalhos do LEPLAC, voltados à extensão do limite exterior da plataforma continental brasileira, aumentam as oportunidades de descoberta de recursos naturais independentemente da definição futura desses limites.;ERRADO
. O Brasil possui mar territorial de 12 milhas marítimas e ZEE de 200 milhas marítimas, na qual exerce direitos de soberania para explorar e gerir recursos naturais.;CERTO
. A Convenção-Quadro das Nações Unidas sobre Mudança do Clima é denominada “Convenção-Quadro” porque serve de base para a assinatura de outras convenções internacionais sobre mudança climática.;ERRADO
. A Convenção sobre Diversidade Biológica funciona como arcabouço legal e político para acordos ambientais específicos, como o Protocolo de Cartagena sobre Biossegurança e a Convenção sobre Armamentos Químicos.;ERRADO
. O Brasil é signatário da Convenção das Nações Unidas de Combate à Desertificação e é considerado uma das grandes lideranças globais na implementação dessa Convenção.;CERTO
. A Conferência de Estocolmo de 1972 demonstrou grande convergência entre países desenvolvidos e em desenvolvimento quanto à necessidade de reduzir o ritmo das atividades industriais.;ERRADO
. A XVIII Conferência das Partes prorrogou o Protocolo de Kyoto até 2030, sem apoio de Japão, Rússia, Canadá, Nova Zelândia e Estados Unidos.;CERTO
. A XX Conferência das Partes exigiu que todos os Estados-membros apresentassem, até março de 2015, metas de cortes de emissões e planos para conter o aquecimento após 2030.;ERRADO
. Dados da NASA e da NOAA indicaram que, na primeira década do século XXI, houve relativa estabilidade da temperatura média mundial, enquanto as emissões de gases de efeito estufa continuaram aumentando.;CERTO
. A COP 3, realizada em 1997, adotou o Protocolo de Kyoto, que estabeleceu para os países desenvolvidos do Anexo I a redução média de 5,2% das emissões de gases de efeito estufa até 2012, em relação aos níveis de 1990.;CERTO
;
;
;
Uma das principais inovações do Acordo de Paris é não estabelecer metas uniformes para todos os signatários, tendo cada país indicado metas voluntárias que pretende cumprir, as chamadas Pretendidas Contribuições Nacionalmente Determinadas.;CERTO
A contribuição brasileira às metas do Acordo de Paris contempla o aumento da participação de energias renováveis em sua matriz energética, mas não inclui compromissos no âmbito florestal, seja de redução do desmatamento, seja de reflorestamento.;ERRADO
Como decorrência do conceito de “responsabilidades comuns, porém diferenciadas”, um dos aspectos-chave do Acordo de Paris é o financiamento às ações de mitigação e adaptação em países em desenvolvimento, com previsão de um fundo comum no valor mínimo de US$ 100 bilhões por ano a partir de 2020.;ERRADO
Embora tenha sido assinado por quase duas centenas de países, o Acordo de Paris ainda não entrou em vigor, já que muitos desses países ainda não o ratificaram.;ERRADO
O aquecimento global vem ganhando importância na agenda internacional devido ao aumento gradativo da temperatura média da superfície terrestre e à intensificação do efeito estufa, fenômeno relacionado à concentração de gases como dióxido de carbono, ozônio, metano e óxido nitroso na atmosfera.;CERTO
A China e a União Europeia adotaram políticas de geração de energia e desenvolvimento de tecnologias limpas como estratégias para o cumprimento do Acordo de Paris, e a competição na geração de energia limpa poderá contribuir para o reordenamento do território, da produção e da competitividade entre países.;CERTO
No Brasil, o setor sucroalcooleiro, além da produção de açúcar e álcool, tem intensificado a geração de energia a partir da queima da biomassa da cana, representando alternativa ao tradicional modelo de energia hidrelétrica.;CERTO
A decisão dos EUA de abandonar o Acordo de Paris aumentou as incertezas sobre o cumprimento das metas. Nesse contexto, o Brasil reiterou disposição de trabalhar com os signatários para rever os compromissos assumidos, de modo a mitigar os impactos da retirada norte-americana.;ERRADO
A UNCTAD representa importante espaço de apoio aos países em desenvolvimento no seguimento e implementação dos Objetivos de Desenvolvimento Sustentável da Agenda 2030, especialmente daqueles voltados à dimensão econômica.;CERTO
Quando surgir controvérsia entre Estados Partes da CNUDM sobre sua interpretação ou aplicação, as partes devem proceder, sem demora, a uma troca de opiniões para solucioná-la por negociação ou outros meios pacíficos.;CERTO
Ao assinar ou ratificar a CNUDM, ou aderir a ela, um Estado pode escolher livremente, entre os meios de solução de controvérsias, a CIJ, o TIDM, tribunal arbitral do Anexo VII e o Órgão de Apelação da OMC.;ERRADO
O Tribunal Internacional do Direito do Mar possui jurisdição sobre controvérsias relativas à interpretação ou aplicação da CNUDM e também sobre controvérsias relativas a acordos internacionais relacionados aos objetivos da Convenção, quando submetidas conforme esses acordos.;CERTO
Conforme a jurisprudência do TIDM, considerações de humanidade devem ser aplicadas no Direito do Mar, assim como em outras áreas do Direito Internacional.;CERTO
A politização da questão ambiental, por meio da fundação e do fortalecimento de partidos verdes na Europa, é contemporânea da primeira crise do petróleo, decorrente da elevação de aproximadamente 400% dos preços dessa commodity.;CERTO
O Tratado da Antártica decorreu da Conferência de Washington de 1959 e retomou princípios da Declaração de Escudero, como a liberdade científica e o uso da região apenas para fins pacíficos.;CERTO
O Brasil é um dos 12 membros signatários originais que ratificaram o Tratado da Antártica em 1961, embora tenha estabelecido a Estação Antártica Comandante Ferraz somente nos anos 1980.;ERRADO
Embora o Tratado da Antártica se aplique ao sul de 60° S e tenha previsto a desmilitarização da região, ele não impediu que países com pretensões territoriais, como Reino Unido e Austrália, exercessem soberania sobre seus respectivos territórios antárticos.;ERRADO
O Protocolo de Madrid, de 1991, proibiu a exploração de recursos minerais na Antártica até 2048, quando o Tratado da Antártica poderá ser revisto pelas Partes Consultivas, sendo necessárias as aprovações dos 12 membros signatários originais para modificações.;ERRADO
A CNUDM, assinada em 10 de dezembro de 1982, foi complementada pelo Acordo Relativo à Implementação da Parte XI, de 1994, e pelo Acordo sobre Peixes Transzonais e Altamente Migratórios, de 1995.;CERTO
Segundo a CNUDM, todo Estado tem o dever de fixar a largura de seu mar territorial em 12 milhas marítimas.;ERRADO
A área e seus recursos, incluindo os recursos genéticos decorrentes da biodiversidade marinha além dos limites de jurisdição nacional, são considerados patrimônio comum da humanidade conforme o art. 136 da CNUDM.;ERRADO
O Brasil participou de todo o processo negociador da CDB e defendeu a soberania estatal sobre os recursos naturais, em contraste com países industrializados favoráveis ao acesso livre a esses recursos.;CERTO
A diplomacia brasileira atuou nas negociações relativas ao terceiro objetivo da CDB, buscando estabelecer um regime internacional para a repartição justa e equitativa dos benefícios derivados da utilização dos recursos genéticos.;CERTO
O Brasil não assinou o Tratado Internacional sobre Recursos Fitogenéticos para a Alimentação e a Agricultura porque se opôs ao acesso livre e sem custos aos recursos fitogenéticos relacionados à agricultura.;ERRADO
Nas negociações do Protocolo de Nagoia, o Brasil coordenou o Grupo dos Megadiversos e tornou-se um dos principais articuladores da defesa de posições comuns entre países em desenvolvimento.;CERTO
As primeiras convenções ambientais surgiram no início do século XIX, buscando regular a ação predatória em áreas coloniais das metrópoles europeias.;ERRADO
A partir da criação da ONU, a temática ambiental ganhou visibilidade, distinguindo-se um período até a Conferência de Estocolmo de 1972 e outro período posterior.;CERTO
Em Estocolmo, foram discutidas questões relacionadas à poluição atmosférica e decidiu-se pela criação do PNUMA, que passou a comandar as discussões ambientais em escala mundial.;CERTO
Outro momento de destaque na evolução da agenda ambiental internacional foi a Conferência das Nações Unidas sobre Meio Ambiente e Desenvolvimento, realizada no Rio de Janeiro em 1992.;CERTO
O Instituto do Açúcar e do Álcool, criado em 1933, exerceu forte intervenção estatal no setor, regulando produção, comercialização, preços, cotas, exportação e importação.;CERTO
O Proálcool foi criado em 1975 e incentivou a produção de etanol anidro e hidratado, além da cogeração de energia por meio do bagaço e da palha da cana. Sua criação foi consequência dos dois choques do petróleo de 1973 e 1979.;ERRADO
Em 2006, o governo brasileiro lançou o Plano de Desenvolvimento de Biocombustíveis, promovendo a expansão de usinas canavieiras para produção de etanol consorciada ao processamento de biodiesel.;ERRADO
A legislação brasileira que estabeleceu o RenovaBio foi criada após a COP21. Entre seus objetivos está a criação de metas nacionais anuais de descarbonização para o setor de combustíveis.;CERTO
Segundo o TIDM, com base no art. 110 da CNUDM, o Estado costeiro pode exercer poder de polícia em sua ZEE por meio de navio de guerra, não podendo conferir esse poder a outras autoridades estatais.;ERRADO
Um navio de guerra de qualquer Estado pode abordar e inspecionar navio estrangeiro em alto-mar, quando este não for navio de guerra ou estiver em serviço oficial não comercial, caso se dedique à pirataria ou ao tráfico de escravos.;CERTO
Segundo o projeto revisado do acordo BBNJ de 2019, o aproveitamento dos recursos genéticos marinhos da Antártica deve ocorrer em benefício da humanidade como um todo, levando em consideração os interesses e necessidades dos Estados em desenvolvimento.;CERTO
O descumprimento de disposição contratual pela parte patrocinada perante a Autoridade Internacional dos Fundos Marinhos implica automaticamente a responsabilidade internacional do Estado patrocinador quando houver dano e nexo causal.;ERRADO
A Comissão de Limites da Plataforma Continental, composta por 21 peritos, examina dados apresentados pelos Estados costeiros sobre os limites exteriores da plataforma continental além de 200 milhas e formula recomendações conforme o art. 76 da CNUDM.;CERTO
A Autoridade Internacional dos Fundos Marinhos possui como órgãos principais uma Assembleia, um Conselho e um Secretariado e exerce jurisdição sobre a Área, além dos limites da jurisdição nacional.;CERTO
O Brasil, país megadiverso, atuou decisivamente na negociação da CDB. A Convenção foi complementada pelos Protocolos de Cartagena, Nagoia e Nagoia-Kuala Lumpur, e o Brasil demorou mais de uma década para ratificar o Protocolo de Nagoia.;CERTO
No início do regime climático internacional, o Brasil defendeu o conceito de responsabilidade histórica, segundo o qual países industrializados mais cedo deveriam arcar com custos de mitigação. A posterior adoção das responsabilidades comuns, porém diferenciadas, pode ser considerada uma derrota brasileira.;ERRADO
Durante as negociações do acordo BBNJ, o Brasil não pôde integrar o grupo CLAM por causa de compromissos previamente assumidos no G77/China.;ERRADO
O Brasil é membro consultivo da Reunião das Partes Consultivas do Tratado da Antártica e possui direito a voto nas decisões relativas às regras aplicáveis ao continente.;CERTO
;
;
As obrigações dos Estados acerca da mudança do clima e da emergência climática estão estabelecidas em diversas normas do Direito Internacional, de modo que o tema não é objeto de parecer consultivo solicitado à CIJ ou à Corte Interamericana de Direitos Humanos.;ERRADO
A complexidade do processo negociador dos acordos internacionais relativos ao meio ambiente favoreceu o desenvolvimento de sistemática normativa distinta, em que a implementação das disposições gerais que constam das convenções-quadro ocorre por meio de mecanismos próprios e de definições específicas.;CERTO
Na Cúpula da Amazônia de 2023, com a presença do presidente francês Emmanuel Macron, aprovou-se a entrada da França na OTCA, dada a condição amazônica da Guiana Francesa.;ERRADO
Em 9 de agosto de 2023, os presidentes dos Estados-partes no TCA encontraram-se com representantes de países em desenvolvimento com florestas tropicais, como Indonésia, República Democrática do Congo e República do Congo, sendo adotado o documento “Unidos por Nossas Florestas”.;CERTO
A Cúpula da Amazônia de 2023 contou com a participação de todos os países signatários do TCA e foi a primeira reunião de presidentes dos Estados-partes no TCA desde 2009.;CERTO
Na declaração presidencial da Cúpula da Amazônia de 2023, os mandatários dos Estados-partes no TCA concordaram em promover mecanismos inovadores de financiamento para ações climáticas, incluindo a troca de dívidas por ações climáticas.;CERTO
Em 2023, o Brasil assinou o acordo BBNJ, também conhecido como Tratado do Alto-Mar, que cria mecanismo de repartição de benefícios advindos da exploração científica e econômica de recursos genéticos marinhos em alto-mar.;CERTO
A Convenção-Quadro das Nações Unidas sobre Mudança do Clima, aberta para assinatura na Rio-92, inaugurou o regime multilateral para responder ao desafio do aquecimento global.;CERTO
A OTCA integra como membros todos os países do bioma amazônico e a Declaração de Belém de 2023 reconheceu que a Amazônia já havia atingido o ponto de não retorno.;ERRADO
A iniciativa Missão 1.5, lançada na COP28, buscou estimular maior ambição na segunda rodada de apresentação das NDCs e levou em consideração o relatório de 2023 do IPCC.;CERTO
Em 2020, devido à pandemia de covid-19, aos conflitos armados e aos impactos da crise climática, o progresso na redução da pobreza global desacelerou e a fome aumentou, à exceção de poucas nações, como o Brasil, que se mantiveram fora do Mapa da Fome da FAO.;CERTO
O Acordo BBNJ tem como um de seus princípios norteadores o princípio do patrimônio comum da humanidade, já previsto na CNUDM.;CERTO
O crescente recurso a instâncias judiciais internacionais estendeu-se às questões climáticas, com pedidos de opinião consultiva dirigidos à CIJ, ao Tribunal Internacional do Direito do Mar e à Comissão Interamericana de Direitos Humanos.;CERTO
Os direitos de soberania do Estado costeiro sobre sua plataforma continental não afetam o regime jurídico das águas sobrejacentes.;CERTO
É pacífico o entendimento de que Estados que percam integralmente seu território em razão da elevação do nível do mar sejam considerados extintos pela perda de um dos elementos constitutivos essenciais do Estado.;ERRADO
Na COP30, realizada em Belém em 2025, deveria ser lançado o Fundo de Florestas Tropicais para Sempre (TFFF), destinado a remunerar países que preservem biomas tropicais, captando recursos no mercado a juros reduzidos e reinvestindo-os em projetos que gerem lucro.;CERTO
Preservação ambiental refere-se à proteção de um ecossistema contra danos causados pela presença humana, enquanto conservação relaciona-se à proteção da natureza de forma sustentável, permitindo atividades humanas.;CERTO
Embora desenvolva intensamente fontes de energia renovável, a China continua sendo o maior emissor global de gases de efeito estufa, seguida pelos Estados Unidos.;CERTO
A saída dos EUA do Acordo de Paris em 2025 foi inédita e, juntamente com o descumprimento de compromissos por outros países desenvolvidos, ameaça o cumprimento das metas do acordo.;ERRADO
A Convenção das Nações Unidas sobre o Direito do Mar permitiu a regulação jurídica dos espaços marinhos contíguos ao mar territorial e à Antártica.;ERRADO
A UNFCCC prevê a obrigação de elaboração e atualização periódica de inventários nacionais de emissões de gases de efeito estufa.;CERTO
A Conferência das Partes (COP) é o órgão supremo criado pela UNFCCC.;CERTO
O princípio das responsabilidades comuns, porém diferenciadas, consta somente do preâmbulo da UNFCCC e não gera obrigação entre as partes.;ERRADO
Pelo princípio clássico da precaução, as partes devem adotar medidas protetivas somente diante de provas científicas peremptórias de danos sérios e irreversíveis ao meio ambiente.;ERRADO
Muitos analistas questionam a eficiência de sanções político-econômicas impostas a países produtores de petróleo, por poderem perturbar cadeias de suprimento e causar sofrimento às populações sem necessariamente modificar a postura dos governos atingidos.;CERTO
Apesar dos riscos ecológicos da produção e do comércio de petróleo, todos os desastres ocorridos na cadeia de suprimento foram adequadamente contingenciados por esforços internacionais, evitando danos substanciais aos ecossistemas.;ERRADO
O mar territorial estende-se da linha de base até uma distância que não exceda 12 milhas marítimas, sobre a qual o Estado exerce soberania, limitada pela regra da passagem inocente.;CERTO
A zona contígua é uma faixa adjacente ao mar territorial e, em princípio, possui igual largura, não podendo exceder 24 milhas marítimas contadas da linha de base.;CERTO
Águas interiores são extensas áreas de água salgada cercadas de terra, com ou sem comunicação navegável com o mar.;ERRADO
As instalações portuárias permanentes são consideradas parte da costa e suas águas estão sob jurisdição do Estado costeiro, não devendo este interferir em incidentes de bordo de navio mercante que não afetem a ordem pública.;CERTO
O limite exterior da plataforma continental coincide com o da zona econômica exclusiva, podendo, em determinados casos, atingir 350 milhas marítimas.;ERRADO
Há consenso entre países ricos e pobres quanto ao patenteamento da biodiversidade, concordando ambos que os royalties devem ser pagos apenas à empresa e ao pesquisador que desenvolverem o uso do princípio ativo de um organismo vivo.;ERRADO
O Brasil possui biodiversidade relativamente pequena e, por isso, está praticamente a salvo da biopirataria.;ERRADO
A Conferência de Estocolmo, de 1972, apresentou a base da discussão ambiental sobre a qual se desenvolveram os debates acerca de desenvolvimento e meio ambiente na Rio-92.;CERTO
O Protocolo de Quioto, adotado em 1997 no âmbito da UNFCCC, tinha como objetivo principal estabelecer metas específicas de redução das emissões exclusivamente de CO₂.;ERRADO
Reflorestamento e geração de agroenergia são exemplos de atividades que países desenvolvidos podem patrocinar no âmbito do Mecanismo de Desenvolvimento Limpo.;CERTO
A implementação do MDL possibilitou que países ricos continuassem poluindo, bastando financiar projetos elegíveis no âmbito desse mecanismo.;ERRADO
O MDL permitiu que países em desenvolvimento recebessem pagamento apenas para manter suas reservas florestais intactas, absorvendo o CO₂ emitido pelos países desenvolvidos.;ERRADO
Na implementação do MDL, é obrigatório haver envolvimento entre um país desenvolvido e outro país em desenvolvimento.;CERTO
O Mecanismo de Desenvolvimento Limpo corresponde a uma nova forma de comércio internacional.;ERRADO
Os países em desenvolvimento posicionaram-se contra o financiamento de projetos de reflorestamento no Brasil por causa da existência de incentivos perversos e vazamentos.;ERRADO
O Protocolo de Quioto permite que um país em desenvolvimento passe a integrar o Anexo B, bastando que determine voluntariamente limites para o crescimento de suas emissões.;ERRADO
Uma das inovações mais representativas do Protocolo de Quioto foi a fixação de metas de emissões e a criação de mecanismos de mercado, incluindo o comércio de créditos de emissão.;CERTO
Entre os acordos ambientais não ratificados pelos EUA encontra-se o Protocolo de Quioto.;CERTO
Os problemas ambientais podem constituir causas de conflitos e motivar ações cooperativas internacionais, sendo a contenção do petróleo derramado durante a Guerra do Golfo um exemplo de ação mitigadora cooperativa.;ERRADO
A questão energética está exclusivamente relacionada à escassez de suprimentos, à produção e aos custos da energia.;ERRADO
O Brasil possui baixa capacidade de suprimento energético interno e depende da Bolívia para o abastecimento de todo o gás que consome.;ERRADO
Existem resistências à utilização de novas fontes de energia na indústria automobilística mundial, que ainda prioriza veículos movidos por derivados de petróleo.;CERTO
;
A viabilidade econômica e a sustentabilidade na oferta e distribuição do etanol em termos globais ainda é ponto de discussão de políticas voltadas para o abastecimento de energia.;CERTO
As posições do Brasil com relação às mudanças observadas no clima do planeta e às propostas de soluções para uma Terra mais limpa são consideradas conservadoras pelos organismos internacionais.;ERRADO
Pressões de grupos e interesses internacionais exercem influência sobre discussões acerca da Amazônia e de seu desmatamento.;CERTO
As convenções internacionais produzidas por conferências da ONU a respeito de novos regimes para o melhoramento do clima estão sendo facilmente ratificadas pelos Estados nacionais.;ERRADO
O Brasil tem cumprido as metas com relação à temática não apenas do clima, mas também da pobreza e de combate à fome, sendo um exemplo quanto a esse último aspecto.;CERTO
A Convenção sobre Diversidade Biológica consagrou o princípio da universalização dos recursos genéticos, reconhecendo-os como patrimônio da humanidade e proibindo os países-partes de restringirem o acesso dos demais países a esses recursos.;ERRADO
A Convenção sobre Diversidade Biológica, também conhecida como Protocolo de Kyoto, proporciona mecanismos para proteger a biodiversidade diante das consequências da mudança climática global.;ERRADO
A zona contígua brasileira compreende uma faixa de 12 a 24 milhas marítimas, contadas a partir das linhas de base que servem para medir a largura do mar territorial.;CERTO
A Em sua zona econômica exclusiva, o Brasil tem o direito exclusivo de regular a investigação científica marinha.;CERTO
B É reconhecido aos navios de todas as nacionalidades o direito de passagem inocente no mar territorial brasileiro.;CERTO
C O mar territorial brasileiro compreende uma faixa de duzentas milhas marítimas de largura, medidas a partir da linha de base.;ERRADO
A Constituição Federal de 1988 afirma que a não informação de eventos significativamente danosos ao meio ambiente por parte dos Estados constitui crime internacional a ser julgado pelo Tribunal Penal Internacional.;ERRADO
A Declaração do Rio de Janeiro de 1992 dispôs que, no nível nacional, é direito de todo indivíduo ter acesso adequado às informações relativas ao meio ambiente de que disponham as autoridades públicas, inclusive informações sobre materiais e atividades perigosas em sua comunidade.;CERTO
Na zona econômica exclusiva, os Estados estrangeiros não podem usufruir da liberdade de navegação nem instalar cabos e oleodutos submarinos.;ERRADO
Segundo a Convenção de Montego Bay, Estados sem litoral podem usufruir do direito de acesso ao mar pelo território dos Estados vizinhos que tenham litoral.;CERTO
As descobertas de petróleo no pré-sal aproximaram o Brasil das posições europeias e norte-americanas sobre metas de redução de emissões de CO₂ e outros gases de efeito estufa.;ERRADO
Desde o Protocolo de Quioto, o Brasil defende o princípio de responsabilidade comum entre países desenvolvidos e em desenvolvimento e, por isso, metas universais de redução de emissões.;ERRADO
Com base no princípio das responsabilidades comuns, porém diferenciadas, o Brasil defende medidas de redução do desmatamento e compromissos dos países desenvolvidos condizentes com seus respectivos níveis de emissão.;CERTO
A drástica redução das geleiras é uma evidência das mudanças climáticas geradas pelo aquecimento global provocado pelas emissões de gases que intensificam o efeito estufa, como o CO₂.;CERTO
Bill Clinton assinou o Protocolo de Kyoto e o enviou ao Senado, que o ratificou; George W. Bush posteriormente ratificou o acordo.";ERRADO
Desenvolvimento sustentável é conceitualmente equivalente a crescimento econômico e depende do reconhecimento de que os recursos naturais são ilimitados.;ERRADO
O Protocolo de Kyoto foi ratificado por 163 países e apenas 30 países industrializados ficaram sujeitos às metas de redução de CO₂; o Brasil não teve metas específicas por ser país em desenvolvimento.";ERRADO
A China, os EUA, a Índia, a Rússia e o Japão são os maiores emissores de CO₂ e podem ser considerados os principais responsáveis pelo aquecimento global.;ERRADO
C Índia e Paquistão enfrentaram-se três vezes desde 1947, tendo a disputa pela Caxemira como principal causa dessas guerras.;CERTO
A COP15 foi o primeiro grande fórum mundial a aprovar um documento que estabelece metas para a redução das emissões de gases de efeito estufa.;ERRADO
O G77 é um grupo bastante homogêneo, sem grandes divergências internas, e defende a redução gradativa das emissões de CO₂ dos países ricos.;ERRADO
O Brasil manifestou-se favorável a um acordo em Copenhague e anunciou metas voluntárias de redução de emissões projetadas para 2020.;CERTO
A ONU extinguiu o IPCC e deixou de organizar a COP15, demonstrando perda de importância relativa no cenário mundial pós-Guerra Fria.;ERRADO
A UNCTAD, realizada em 1964, foi o primeiro evento internacional a defender inequivocamente a indissociabilidade entre desenvolvimento e preservação ambiental.;ERRADO
B Em Estocolmo, em 1972, o Brasil defendeu simultaneamente a proteção da biodiversidade e o direito dos países em desenvolvimento à manutenção de mecanismos de proteção às suas indústrias nascentes.;ERRADO
C Na Rio-92, consagrou-se a tese do direito ao desenvolvimento sustentável, tendo o governo brasileiro como um de seus patrocinadores.;CERTO
D Na COP15, o Brasil defendeu uma moratória das emissões de gases de efeito estufa para países em desenvolvimento.;ERRADO
E O governo brasileiro esteve entre os opositores dos objetivos estabelecidos pelo Protocolo de Quioto.;ERRADO
A Constituição Federal de 1988 não trata expressamente da educação ambiental.;ERRADO
O processo de institucionalização da educação ambiental no governo federal brasileiro teve início em 1973, com a criação da Secretaria Especial do Meio Ambiente (SEMA), vinculada ao Ministério do Interior.;CERTO
A UNFCCC foi criada para desenvolver instrumentos e mecanismos que possibilitem estabilizar as concentrações de gases de efeito estufa na atmosfera em nível que não interfira perigosamente no sistema climático.;CERTO
A UNFCCC estabelece a necessidade de preservar reservatórios responsáveis pela remoção de gases de efeito estufa, aerossóis ou seus precursores.;CERTO
A UNFCCC estabelece como princípio básico a responsabilidade prevalente dos países desenvolvidos pelo ônus da luta contra a mudança climática, devido à sua responsabilidade histórica pelas emissões antrópicas.;CERTO
O Protocolo de Kyoto estabelece metas e prazos para redução ou limitação das emissões futuras de CO₂ e outros gases de efeito estufa.;CERTO
O mecanismo de execução conjunta só pode ser utilizado por países industrializados listados no Protocolo de Kyoto e permite contabilizar reduções líquidas de emissões mediante projetos em outros países.;CERTO
O Mecanismo de Desenvolvimento Limpo corresponde a um fundo financeiro de grandes emissores para compensar o descumprimento das metas de redução, segundo o princípio do poluidor-pagador.;ERRADO
O Brasil, juntamente com EUA, Argentina, Japão e México, recusou-se a assinar a Convenção de Ramsar por considerar que ela restringiria a soberania nacional.;ERRADO
A Convenção de Roterdã regula o comércio internacional de produtos químicos perigosos e fundamenta-se no princípio da prevenção.;CERTO
;
;
No que diz respeito à sustentabilidade nas cidades brasileiras, a redução das emissões de gases poluentes associadas à atividade industrial e ao crescimento da frota automotiva constitui um desafio prioritário?;CERTO
O desenvolvimento de um mercado global de biocombustíveis tem recebido atenção especial do Brasil por conciliar potencialidades econômicas agroindustriais e da agricultura familiar com a diversificação da matriz energética e a redução das emissões de gases de efeito estufa?;CERTO
Segundo a CNUDM, a soberania do Estado costeiro sobre o mar territorial estende-se ao espaço aéreo sobrejacente, ao leito e ao subsolo desse mar?;CERTO
Baixios a descoberto parcialmente situados a distância do continente que não exceda a largura do mar territorial podem ser utilizados como parâmetro para medir a largura do mar territorial?;CERTO
A Rio+20 contou com participação maciça dos chefes de Estado e de governo da quase totalidade dos países-membros da ONU?;ERRADO
O uso eficiente e sustentável de energia foi adotado como compromisso voluntário por diversos países, incluindo o Brasil, na Rio+20?;CERTO
A Declaração Final da Rio+20 conclamou os países a cumprirem integralmente as três importantes convenções adotadas na Rio-92: mudança climática, biodiversidade e combate à desertificação?;CERTO
A economia verde, consagrada na Rio+20, preceitua a redução da participação da indústria na economia global em favor de atividades sustentáveis, especialmente do setor de serviços?;ERRADO
Sobre Montreal e Quioto: III — ambos são tratados internacionais voltados à proteção ambiental e ao desenvolvimento sustentável; IV — os acordos não criaram uma organização internacional própria para estabelecer metas e políticas comuns?";CERTO
Os gases causadores do efeito estufa mencionados no texto são gases atmosféricos que contribuem para alterações climáticas, como o aquecimento global?;CERTO
A COP19, realizada em 2013, constituiu o marco inaugural dos trabalhos multilaterais sobre o problema climático mundial?;ERRADO
Entre os grandes países emergentes que se tornaram potências econômicas, a China é o que menos emite gases de efeito estufa?;ERRADO
Conferências globais sobre mudanças climáticas ocorrem periodicamente, geralmente sob a chancela da ONU, com participação de governos, instituições científicas e organizações não governamentais?;CERTO
O desmatamento no Brasil foi estancado nos dez anos anteriores a 2013 devido ao declínio do agronegócio e à maior conscientização ambiental da sociedade?;ERRADO
Segundo a Declaração do Rio, as autoridades nacionais devem promover a internalização dos custos ambientais e o uso de instrumentos econômicos, cabendo, em princípio, ao poluidor arcar com os custos da poluição?;CERTO
A Rio+20 tratou especialmente da economia verde no contexto do desenvolvimento sustentável e da erradicação da pobreza, além da estrutura institucional para o desenvolvimento sustentável?;CERTO
A pegada de carbono mede, em toneladas, a transformação em dióxido de carbono do consumo individual periódico de uma pessoa?;ERRADO
A ecoeficiência consiste em produzir mais utilizando mais recursos naturais e gerando menos poluição?;ERRADO
Cornélio Van Bynkershoek propôs a célebre teoria do tiro de canhão como critério para definir a extensão do poder estatal sobre o mar adjacente?;CERTO
A Rio+20 resultou em um tratado obrigatório para os Estados participantes, com dispositivos institucionais e substanciais sobre desenvolvimento sustentável?;ERRADO
O conceito de desenvolvimento sustentável foi definido pela Declaração de Estocolmo de 1972?;ERRADO
O princípio da precaução, difundido internacionalmente pela Declaração do Rio-92, está presente em diversos dispositivos normativos brasileiros?;CERTO
As negociações da Rio-92 resultaram em normas mandatórias, como a Convenção-Quadro sobre Mudança do Clima e a Convenção sobre Diversidade Biológica?;CERTO
A Conferência de Joanesburgo de 2002 resultou na assinatura da Convenção de Viena sobre a camada de ozônio e da Convenção de Basileia sobre resíduos perigosos?;ERRADO
O Brasil implementou o Protocolo de Cartagena por meio de legislação que estabelece normas de segurança e fiscalização de atividades envolvendo organismos geneticamente modificados?;CERTO
As disposições da Convenção das Nações Unidas sobre o Direito do Mar ainda não podem ser aplicadas no Brasil porque o país não a ratificou?;ERRADO
O domínio fluvial compreende os cursos de água situados no território de um Estado e aqueles que o separam de outros Estados, enquanto o domínio lacustre refere-se aos lagos totalmente cercados por terra?;CERTO
Uma aeronave em voo no espaço aéreo brasileiro ou em pouso no território nacional pode ser detida caso desrespeite as normas de direito aeronáutico?;CERTO
Na faixa de fronteira, o estabelecimento ou a exploração de indústrias, inclusive as de interesse para a segurança nacional, são vedados sem consentimento do Conselho de Segurança Nacional?;ERRADO
O mar territorial brasileiro possui 12 milhas marítimas de largura, medidas a partir da linha de baixa-mar do litoral continental e insular, excluindo-se o espaço aéreo, o leito e o subsolo?;ERRADO
As faixas de fronteira brasileiras possuem largura máxima de 100 quilômetros?;ERRADO
O domínio terrestre compreende o solo e o subsolo em qualquer profundidade situados dentro das fronteiras do Estado?;CERTO
A dependência mundial do petróleo contribui para fazer do Oriente Médio uma das regiões mais estratégicas e conflituosas do mundo contemporâneo?;CERTO
A exploração do pré-sal tornou o Brasil autossuficiente em petróleo bruto, situação favorecida pela diminuição da frota de veículos e pela retração da indústria automobilística?;ERRADO
Os EUA buscam recuperar a posição de maior economia mundial por meio do investimento em gás não convencional, sendo China e União Europeia, alternadamente, as maiores economias mundiais?;ERRADO
O Protocolo de Kyoto foi ratificado pela totalidade dos Estados-membros da ONU, sendo essa unanimidade a base de sua legitimidade?;ERRADO
A China constitui um modelo de desenvolvimento altamente sofisticado no qual tecnologias avançadas minimizam os efeitos ambientais de sua produção?;ERRADO
A poluição atmosférica constitui um dos mais graves problemas contemporâneos e, caso não seja combatida, pode colocar em risco a própria sobrevivência no planeta?;CERTO
A emissão de gases poluentes resultantes da queima de combustíveis fósseis contribui decisivamente para as alterações climáticas contemporâneas?;CERTO
O combate à fome e à pobreza está separado da agenda de desenvolvimento concebida no âmbito das Nações Unidas desde a Cúpula do Desenvolvimento do Milênio?;ERRADO
A agenda do desenvolvimento global esteve centrada, desde 2000, nos Objetivos de Desenvolvimento do Milênio, que foram sucedidos pelos Objetivos de Desenvolvimento Sustentável?;CERTO
O Brasil defende que países em desenvolvimento adotem padrões sustentáveis de consumo semelhantes aos dos países desenvolvidos, respeitadas suas necessidades, capacidades e direito ao desenvolvimento?;CERTO
A Emenda de Kigali ao Protocolo de Montreal tem como objetivo a eliminação progressiva dos hidrofluorcarbonos (HFC)?;CERTO
O Acordo de Paris estabelece que as partes devem trabalhar para manter o aquecimento global abaixo de 2 °C em relação aos níveis pré-industriais?;CERTO
;
O Acordo de Paris estabelece que as metas nacionais de redução de emissões são voluntárias, sendo essa uma das principais críticas ao acordo por serem consideradas insuficientes para limitar o aquecimento global a 2 °C?;CERTO
O texto sugere que optar pelo desenvolvimento material e proteger o planeta são fatores excludentes no mundo atual.;ERRADO
O tema do aquecimento global está entre as grandes questões ambientais contemporâneas e é debatido por organizações não governamentais, meios acadêmicos e líderes políticos em encontros internacionais?;CERTO
O avanço da industrialização contribuiu para a degradação de áreas naturais e para alterações climáticas, em razão de um modelo que priorizou o aumento da capacidade produtiva sem maiores preocupações ambientais?;CERTO
O petróleo, responsável pelo maior volume de gases de efeito estufa, foi relegado a plano secundário e perdeu relevância diante de fontes como a eólica e a solar?;ERRADO
O principal objetivo do Acordo de Paris é limitar o aumento da temperatura global a, no máximo, 2 °C em relação aos níveis pré-industriais, buscando esforços para limitar o aumento a 1,5 °C?;CERTO
Os países partes da Convenção-Quadro das Nações Unidas sobre Mudança do Clima, aberta para assinaturas na Rio-92, participam desde 1995 das reuniões anuais denominadas Conferências das Partes (COPs)?;CERTO
A soberania do Estado costeiro sobre o mar territorial abrange as águas, o leito, o subsolo e o espaço aéreo correspondente, devendo ser admitido o direito de passagem inocente de navios mercantes ou de guerra de outros Estados?;CERTO
O regime internacional de mudanças climáticas busca fortalecer a gestão compartilhada de bens públicos ambientais, estabelecer obrigações e responsabilidades dos Estados, reduzir incertezas e favorecer a cooperação internacional, restringindo ações unilaterais dos Estados?;CERTO
O Acordo de Paris prevê financiamento entre países em desenvolvimento por meio da cooperação Sul-Sul e determina que países desenvolvidos priorizem investimentos internos em energia e tecnologias limpas como estratégia obrigatória para cumprir o acordo?;ERRADO
A Agenda 2030 da ONU não faz referência expressa à dimensão cultural, o que demonstra baixa influência dos movimentos sociais ligados à cultura na construção da agenda global?;ERRADO
O fortalecimento de perspectivas cosmopolitas encontra apoio na consolidação de organizações da sociedade civil com atuação internacional e na influência de redes transnacionais no debate político global?;CERTO
A construção da governança internacional reflete esforços de organizações não governamentais para ampliar a coordenação e a atuação independente dos governos nacionais em temas como desenvolvimento, meio ambiente e direitos humanos?;CERTO
A soberania do Brasil estende-se ao mar territorial, ao espaço aéreo sobrejacente, bem como ao leito e ao subsolo do mar territorial?;CERTO
Os Objetivos de Desenvolvimento Sustentável propõem estratégias envolvendo toda a comunidade internacional, tendo os governos como principais responsáveis por sua implementação, com colaboração da sociedade civil, empresas, universidades e organismos nacionais e internacionais?;CERTO
;
;
. Os Grupos de Trabalho da Sociedade Civil que lidam diretamente com o ODS 5 defendem que os planos emergenciais de combate à pandemia incluam a questão de gênero, pois homens e mulheres são afetados de maneira diferenciada.;CERTO
I. A pandemia de Covid-19 atingiu de forma muito mais direta as mulheres em suas atividades sociais, econômicas e familiares, em razão do aumento das obrigações domésticas e do cuidado não remunerado.;CERTO
. Os maiores produtores de petróleo e gás natural do mundo são os Estados Unidos, a China, a Rússia e o Kuwait.;ERRADO
. A transição energética envolve mudanças na geração, no consumo e no reaproveitamento da energia e caracteriza-se principalmente pela descarbonização, descentralização e digitalização, os chamados 3 Ds.;CERTO
. Matriz energética e matriz elétrica são conceitos similares utilizados para representar o conjunto de fontes disponíveis em um país, estado, região ou no mundo para suprir a demanda de energia.;ERRADO
. O limite exterior da plataforma continental brasileira está fixado em lei.;ERRADO
. A investigação científica marinha por outros países na plataforma continental brasileira depende do consentimento do Brasil.;CERTO
. O Brasil exerce direitos de soberania na exploração de organismos vivos que se encontrem em sua plataforma continental.;CERTO
. O Brasil tem direito exclusivo de colocar cabos ou dutos em sua plataforma continental, determinando seus traçados.;ERRADO
. Outros países têm direito de colocar cabos ou dutos na plataforma continental brasileira, determinando seus traçados.;ERRADO
. O Fundo Amazônia está bloqueado porque Alemanha e Noruega suspenderam os repasses por discordarem da forma como a proteção ambiental vinha sendo tratada pelo governo brasileiro.;CERTO
. A Declaração do Rio de 1992 atribui aos países em desenvolvimento maior responsabilidade na efetivação internacional do desenvolvimento sustentável.;ERRADO
. O Protocolo de Cartagena sobre Biossegurança regula a produção e o manejo de organismos geneticamente modificados com o objetivo de limitar o desenvolvimento da biotecnologia devido aos seus elevados riscos ao bem-estar humano.;ERRADO
. A Convenção-Quadro da ONU sobre Mudança do Clima de 1992 estabelece responsabilidades iguais para todos os Estados, independentemente de seus níveis de industrialização.;ERRADO
. O Acordo de Paris entrou em vigor internacionalmente em 2016 e foi promulgado no Brasil por decreto presidencial em 2017.;CERTO
. A Agenda 2030 é um tratado internacional adotado em 2015 que estabelece os 17 ODS em três pilares: econômico, social e ambiental.;ERRADO
. Na zona econômica exclusiva, todos os Estados, exceto os Estados sem litoral, gozam das liberdades de navegação, sobrevoo e colocação de cabos e dutos submarinos.;ERRADO
I. Na plataforma continental, os direitos de exploração e aproveitamento de seus recursos são exercidos de forma soberana pelo Estado costeiro, independentemente de ocupação ou declaração expressa.;CERTO
II. O alto-mar é aberto a todos os Estados para o exercício de suas liberdades sem qualquer restrição, pois não está sujeito a qualquer poder soberano estatal.;ERRADO
. A OMC e a Declaração Ministerial de Nairobi estabeleceram marcos relacionados à articulação entre comércio internacional, crescimento sustentável, redução da pobreza e ODS.;CERTO
. Os padrões voluntários de sustentabilidade são certificações que contribuem para promover o comércio sustentável por meio de regras e instrumentos que diferenciam produtos segundo sua adesão a métricas de sustentabilidade.;CERTO
. A aplicação de sanções legais pela OMC é uma medida eficaz para atingir atores financeiros e econômicos que descumprem metas locais e regionais de gestão da água, resíduos e redução do desmatamento.;ERRADO
. A OCDE atua na criação de diretrizes para a governança global, destacando temas relacionados à economia verde e à sustentabilidade.;CERTO
. A ESG é uma abordagem que prioriza compromissos ambientais, sociais e de governança, orientando decisões de investimento e risco para retornos financeiros sustentáveis de longo prazo.;CERTO
. Promover o Estado de Direito nos níveis nacional e internacional e garantir igualdade de acesso à justiça para todos constitui uma meta do ODS 16.;CERTO
. Reduzir significativamente, até 2030, fluxos financeiros e de armas ilegais e combater todas as formas de crime organizado constitui uma meta do ODS 16.;CERTO
. Ampliar e fortalecer a participação dos países em desenvolvimento nas instituições de governança global constitui uma meta do ODS 16.;CERTO
. Assegurar acesso público à informação e proteger as liberdades fundamentais constitui uma meta do ODS 16.;CERTO
. Eliminar todas as formas de violência contra mulheres e meninas nas esferas pública e privada constitui uma meta do ODS 16.;ERRADO
. O instrumento internacional aprovado pelo Decreto Legislativo nº 136/2020 sobre recursos genéticos e repartição justa e equitativa dos benefícios derivados de sua utilização é a Conferência de Estocolmo.;ERRADO
. O instrumento internacional aprovado pelo Decreto Legislativo nº 136/2020 sobre recursos genéticos e repartição justa e equitativa dos benefícios derivados de sua utilização é o Protocolo de Nagoia.;CERTO
. O instrumento internacional aprovado pelo Decreto Legislativo nº 136/2020 sobre recursos genéticos e repartição de benefícios é o Relatório Brundtland.;ERRADO
. O instrumento internacional aprovado pelo Decreto Legislativo nº 136/2020 sobre recursos genéticos e repartição de benefícios é o Acordo de Paris.;ERRADO
. O instrumento internacional aprovado pelo Decreto Legislativo nº 136/2020 sobre recursos genéticos e repartição de benefícios é a Convenção Internacional de Combate à Desertificação.;ERRADO
. A Agenda 2030 determina que a resposta global à mudança do clima seja negociada mediante a adoção subsidiária da Convenção-Quadro da ONU sobre Mudança do Clima.;ERRADO
. A Agenda 2030 prevê alcançar a igualdade entre as pessoas e eliminar práticas nocivas, como casamentos prematuros, forçados e infantis e mutilações genitais.;ERRADO
. A Agenda 2030 estabelece como meta do ODS 6 assegurar acesso universal, confiável, moderno e a preços acessíveis ao serviço de saneamento básico.;ERRADO
. A Agenda 2030 prevê tornar cidades e assentamentos humanos inclusivos, seguros, resilientes e sustentáveis, incluindo a proteção e salvaguarda do patrimônio cultural e natural do mundo.;CERTO
. A Agenda 2030 estabelece, no ODS 8, emprego pleno e produtivo e trabalho decente especificamente para adultos entre 18 e 35 anos, juntamente com a conclusão do ensino primário e secundário por todas as crianças.;ERRADO
. A contribuição nacionalmente determinada sucessiva deve refletir menor ambição das Partes em razão das dificuldades encontradas na implementação das CNDs.;ERRADO
I. As CNDs são compromissos compulsórios que cada país recebe para lidar com as mudanças climáticas, definidos de acordo com suas circunstâncias nacionais, capacidades e metas.;ERRADO
II. Cada Parte do Acordo de Paris deve preparar, comunicar e manter sucessivas CNDs, e cada contribuição sucessiva deve representar uma progressão em relação à contribuição vigente.;CERTO
. As Partes países desenvolvidos deverão assumir a dianteira, adotando metas de redução absoluta de emissões para o conjunto da economia.;ERRADO
I. O princípio das responsabilidades comuns, porém diferenciadas, constitui uma das bases do Acordo de Paris e busca promover equidade e justiça nas ações climáticas globais.;CERTO
II. O Acordo de Paris busca manter o aumento da temperatura média global bem abaixo de 2°C em relação aos níveis pré-industriais e prosseguir esforços para limitá-lo a 1,5°C.;CERTO
. A Agenda 2030 possui apenas dimensão ambiental e de boa governança e restringiu seu escopo em relação aos Objetivos de Desenvolvimento do Milênio.;ERRADO
. A Agenda 2030 estabelece 20 objetivos a serem alcançados até 2050, abrangendo exclusivamente a dimensão ambiental.;ERRADO
. O ODS 15, relativo à Vida Terrestre, prevê como principal medida o combate à mudança do clima e aos seus impactos.;ERRADO
. O ODS 6 busca garantir disponibilidade e manejo sustentável da água e saneamento para todos até 2030, incluindo acesso a saneamento e higiene adequados e equitativos e o fim da defecação a céu aberto.;CERTO
. O ODS 2 prevê dobrar a produtividade agrícola e a renda dos grandes produtores de alimentos, especialmente das monoculturas.;ERRADO
;
. A diversidade biológica compreende a variabilidade de organismos vivos de todas as origens, incluindo ecossistemas terrestres, marinhos e aquáticos, além da diversidade dentro de espécies, entre espécies e de ecossistemas.;CERTO
. Nos termos da CDB, os Estados signatários não têm o direito de explorar seus recursos naturais segundo suas próprias políticas ambientais, devendo seguir obrigatoriamente uma política ambiental unificada da ONU.;ERRADO
. Os principais eixos da CDB são a conservação da diversidade biológica, a utilização sustentável de seus componentes e a repartição justa e equitativa dos benefícios derivados da utilização dos recursos.;CERTO
. A Convenção-Quadro das Nações Unidas sobre Mudança do Clima tem como objetivo promover ações para reduzir as concentrações atmosféricas de gases de efeito estufa a níveis que não afetem perigosamente o sistema climático global.;CERTO
. Os gases de efeito estufa têm ciclo de vida curto e concentram-se nas regiões mais industrializadas, tornando o reflorestamento e o sequestro de carbono medidas eficazes para sua mitigação.;ERRADO
. O Protocolo de Quioto estabeleceu, para os países industrializados, compromissos de redução de pelo menos 5% das emissões de gases de efeito estufa.;CERTO
. Terremotos, furacões, tsunamis, secas e inundações podem provocar migrações nacionais e internacionais e constituem desafios para a gestão de riscos.;CERTO
. A Agenda 2030 e os ODS reforçam a necessidade de tornar cidades e assentamentos humanos inclusivos, seguros, resilientes e sustentáveis.;CERTO
. As emissões brasileiras de GEE decorrem principalmente de mudanças no uso da terra, desmatamento e agropecuária, enquanto nos países do G20 a maioria das emissões está relacionada ao setor de energia.;CERTO
I. A matriz energética brasileira é mais renovável que a das maiores economias mundiais, e sua matriz elétrica possui predominância de fontes renováveis.;CERTO
II. Embora o Brasil se destaque nas energias renováveis para produção de eletricidade, não dispõe de tecnologias para produção de hidrogênio de baixo carbono, eletrificação e captura e armazenamento de carbono.;ERRADO
. A Amazônia Azul compreende a superfície do mar, as águas sobrejacentes ao leito, o solo e o subsolo marinhos da extensão atlântica projetada a partir do litoral até o limite exterior da Plataforma Continental brasileira.;CERTO
I. A área do pré-sal brasileiro não está localizada na Amazônia Azul.;ERRADO
I. Na Amazônia Azul existem recursos naturais, biodiversidade e potencial de extração de metais como níquel, cobre, cobalto e manganês em grandes profundidades.;CERTO
II. Desde 2004, o Brasil reivindica junto à Comissão de Limites da Plataforma Continental a extensão de seus direitos sobre a faixa marítima, tendo sua reivindicação dividida em três regiões.;CERTO
II. Em 2019, o Brasil teve parte de sua reivindicação atendida, com a incorporação de aproximadamente 170 mil km² à Plataforma Continental brasileira na Região Sul.;CERTO
. A Agenda 2030 é um plano abrangente cujo objetivo prioritário é o crescimento econômico de cada país por meio da concessão de benefícios fiscais às empresas.;ERRADO
I. A Agenda 2030 possui natureza de soft law no ordenamento jurídico brasileiro.;CERTO
II. A execução das metas da Agenda 2030 depende de cada Estado, que pode atuar de acordo com suas prioridades nacionais, estimulando parcerias e projetos de cooperação.;CERTO
. A pauta energética brasileira é quase totalmente alicerçada no uso de combustíveis fósseis.;ERRADO
. A adoção de uma economia verde em escala global é incompatível com o conceito de sustentabilidade econômica.;ERRADO
. O conceito de desenvolvimento sustentável surgiu da necessidade de frear a degradação da natureza sem interromper o processo produtivo essencial à vida das sociedades.;CERTO
. As grandes catástrofes climáticas tendem, segundo a comunidade científica, a se tornar mais intensas e frequentes.;CERTO
. Existe consenso científico de que a sustentabilidade econômica exige a utilização indispensável de combustíveis fósseis, como petróleo e carvão.;ERRADO
. O desenvolvimento sustentável é estruturado pelos princípios da sustentabilidade financeira, ambiental e tecnológica.;ERRADO
. O desenvolvimento sustentável é estruturado pelos princípios da sustentabilidade digital, tecnológica e social.;ERRADO
. O desenvolvimento sustentável é estruturado pelas dimensões social, ambiental e econômica.;CERTO
. O desenvolvimento sustentável é estruturado pelas dimensões ambiental, jurídica e política.;ERRADO
. O desenvolvimento sustentável é estruturado pelas dimensões política, financeira e ambiental.;ERRADO
. A matriz energética brasileira é diferente da mundial, pois o Brasil utiliza uma proporção maior de fontes renováveis.;CERTO
. A matriz energética brasileira é diferente da mundial porque o Brasil utiliza menos fontes renováveis que o restante do mundo.;ERRADO
. A matriz energética brasileira é igual à mundial, pois os percentuais de fontes renováveis são equivalentes.;ERRADO
. A matriz energética brasileira é parecida com a mundial porque utiliza muitas fontes renováveis.;ERRADO
. A matriz energética brasileira é parecida com a mundial porque utiliza poucas fontes renováveis.;ERRADO
. Uma das metas da Agenda 2030 torna obrigatório o oferecimento de todos os recursos de tecnologia assistiva disponíveis para garantir o acesso à justiça às pessoas com deficiência.;ERRADO
. A igualdade de gênero e o empoderamento de todas as mulheres e meninas constituem um dos ODS da Agenda 2030.;CERTO
. A igualdade étnico-racial é expressamente prevista como um dos 17 ODS da Agenda 2030.;ERRADO
. O novo discurso do desenvolvimento humano sustentável representa uma estratégia homogênea, sem considerar diversidades históricas, culturais e econômicas.;ERRADO
. O novo discurso do desenvolvimento humano sustentável está desvinculado de relações de poder e concentra-se apenas na assistência técnica e financeira aos países periféricos.;ERRADO
. O novo discurso do desenvolvimento humano sustentável representa um esforço unificado dos países desenvolvidos para erradicar a pobreza global, evitando influências políticas.;ERRADO
. O novo discurso do desenvolvimento humano sustentável envolve atores do desenvolvimento em um arranjo institucional no qual mercado, Estado e terceiro setor desempenham funções complementares.;CERTO
. O novo discurso do desenvolvimento humano sustentável consiste principalmente na transferência de saber-fazer dos países do Norte para os países do Sul, visando à modernização baseada no fornecimento de matérias-primas locais.;ERRADO
. O Tratado do Espaço Exterior regula a exploração de corpos celestes, exceto a Lua.;ERRADO
. O Tratado do Espaço Exterior tem como principal objetivo regular a propriedade sobre os recursos existentes no espaço.;ERRADO
. O Tratado do Espaço Exterior regula a exploração e o uso do espaço exterior, incluindo a Lua e outros corpos celestes.;CERTO
. O Tratado do Espaço Exterior define especificamente os direitos dos astronautas em missões espaciais privadas.;ERRADO
. O principal objetivo do Tratado do Espaço Exterior é regulamentar especificamente a colocação de armas nucleares no espaço.;ERRADO
. A Convenção sobre Responsabilidade Internacional por Danos Causados por Objetos Espaciais autoriza excepcionalmente testes nucleares por meio de objetos espaciais.;ERRADO
. O Estado detentor de um objeto espacial envolvido em acidente é responsável pelos danos causados a astronautas de outros países.;ERRADO
. O Estado lançador possui obrigações relacionadas aos objetos espaciais por ele lançados que atinjam o território de outros Estados.;CERTO
. Os Estados possuem responsabilidade internacional simplesmente pela falta de diligência no monitoramento de seus objetos espaciais.;ERRADO
. Em lançamentos conjuntos por mais de um Estado, os danos causados por objetos espaciais são de responsabilidade individual do Estado em cujo território ocorreu o lançamento.;ERRADO
. A Convenção sobre o Registro de Objetos Lançados no Espaço Exterior define a responsabilidade por danos causados por objetos espaciais.;ERRADO
. A Convenção sobre o Registro de Objetos Lançados no Espaço Exterior estabelece um sistema internacional de registro dos objetos espaciais.;CERTO
. A Convenção sobre o Registro de Objetos Lançados no Espaço Exterior determina que os objetos espaciais sejam monitorados por um único país.;ERRADO
. A Convenção sobre o Registro de Objetos Lançados no Espaço Exterior estabelece um sistema de registro dos objetos lançados no espaço.;CERTO
. A principal finalidade da Convenção sobre o Registro de Objetos Lançados no Espaço Exterior é criar um registro unificado dos interesses comerciais das empresas de satélites.;ERRADO
. Os Estados podem realizar mineração de metais raros na Lua sem restrições.;ERRADO
. Os recursos da Lua devem ser destinados ao benefício especial dos países em desenvolvimento.;ERRADO
. Os Estados podem explorar a Lua de forma privada sem necessidade de regulamentação internacional.;ERRADO
. Os recursos da Lua destinam-se exclusivamente ao benefício dos países envolvidos em missões espaciais.;ERRADO
. Os Estados devem cooperar entre si e utilizar os recursos da Lua e de outros corpos celestes de modo que isso beneficie toda a humanidade.;CERTO
. O Tratado do Espaço Exterior proíbe a troca de tecnologia militar entre os países.;ERRADO
. O Tratado do Espaço Exterior permite ensaios com armas em órbita, desde que não sejam armas de destruição em massa.;ERRADO
. O Tratado do Espaço Exterior estabelece um sistema específico de defesa para os astronautas.;ERRADO
. O Tratado do Espaço Exterior permite a utilização de pessoal militar para pesquisas científicas ou para qualquer outro fim pacífico.;CERTO
. O Tratado do Espaço Exterior permite a criação de bases militares em outros planetas.;ERRADO
. O Estado em cujo território caia um objeto espacial de outro Estado pode autorizar imediatamente sua destruição.;ERRADO
. O Estado onde cair um objeto espacial pode negociar sua venda ao país que realizar sua recuperação.;ERRADO
. O Estado onde cair um objeto espacial deve permitir que o país de origem recupere o objeto de acordo com as normas do acordo internacional aplicável.;CERTO
. O Estado onde cair o objeto deve entregá-lo ao país de origem sem necessidade de qualquer procedimento legal.;ERRADO
. O Estado onde cair o objeto pode mantê-lo e utilizá-lo para fins militares até que o país de origem o reclame.;ERRADO
. A Convenção sobre o Registro de Objetos Lançados no Espaço Exterior estabelece regras sobre permissões para viagens privadas ao espaço.;ERRADO
. A Convenção torna públicos os detalhes comerciais dos objetos lançados ao espaço.;ERRADO
. A Convenção determina os direitos de propriedade sobre os objetos espaciais.;ERRADO
. O registro dos objetos espaciais facilita sua rastreabilidade e a responsabilização por danos causados no espaço.;CERTO
. O registro dos objetos espaciais tem como finalidade facilitar a prospecção mineral desses objetos.;ERRADO
. Uma das principais funções do COPUOS é desenvolver normas e princípios destinados à exploração pacífica e não conflituosa do espaço.;CERTO
. O COPUOS tem como principal função definir padrões técnicos para a construção de veículos espaciais.;ERRADO
. O COPUOS regulamenta diretamente a exploração comercial do espaço por empresas privadas.;ERRADO
. O COPUOS supervisiona a construção de bases lunares internacionais.;ERRADO
. O COPUOS emite licenças para o lançamento de satélites no espaço exterior.;ERRADO
. A cooperação entre Brasil e ESA inclui o controle de satélites geoestacionários para comunicações militares.;ERRADO
. A cooperação entre Brasil e ESA inclui programas de observação da Terra e pesquisa climática.;CERTO
. Brasil e ESA desenvolvem conjuntamente veículos lançadores tripulados.;ERRADO
. Brasil, ESA e Estados Unidos possuem uma iniciativa conjunta para criar uma base lunar.;ERRADO
. Brasil e Estados europeus mantêm projeto para construção de um centro espacial conjunto na Amazônia.;ERRADO
. O Tratado de Montego Bay incentivou o Brasil a estabelecer uma estrutura institucional para coordenar suas atividades espaciais.;ERRADO
. O Tratado sobre os Princípios que Regem as Atividades dos Estados na Exploração e no Uso do Espaço Exterior, inclusive a Lua e outros corpos celestes, está entre os instrumentos que fundamentaram a estrutura institucional espacial brasileira.;CERTO
. A Convenção sobre Responsabilidade Internacional por Danos Causados por Objetos Espaciais foi o tratado que incentivou o Brasil a estabelecer sua estrutura institucional espacial.;ERRADO
. O Acordo sobre o resgate de astronautas e a devolução de objetos espaciais foi o instrumento que determinou a criação da estrutura institucional espacial brasileira.;ERRADO
. A Convenção sobre o Registro de Objetos Lançados no Espaço Exterior foi o instrumento responsável por incentivar a criação da estrutura institucional espacial brasileira.;ERRADO
. O Brasil defende a inclusão de um ODS específico para a exploração espacial como principal tema de sustentabilidade espacial.;ERRADO
. O Brasil defende a repartição de benefícios oriundos da exploração de recursos espaciais como principal tema de sustentabilidade espacial.;ERRADO
. O Brasil defende prioritariamente a regulamentação das patentes decorrentes da exploração dos recursos espaciais.;ERRADO
. O Brasil defende a criação de estações espaciais exclusivas para países em desenvolvimento.;ERRADO
. O Brasil defende a elaboração de normas específicas sobre detritos espaciais.;CERTO
. O primeiro satélite desenvolvido pelo Brasil foi o Sputnik.;ERRADO
. O Amazônia-1 foi o primeiro satélite de observação da Terra completamente projetado, integrado, testado e operado pelo Brasil, com papel no monitoramento ambiental.;CERTO
. O Voyager 1 foi o primeiro satélite desenvolvido pelo Brasil.;ERRADO
. O SGDC-1 foi o primeiro satélite desenvolvido pelo Brasil voltado ao monitoramento ambiental e à segurança alimentar.;ERRADO
. O Hubble foi o primeiro satélite desenvolvido pelo Brasil.;ERRADO
. A Convenção sobre o Registro de Objetos Lançados ao Espaço Exterior proíbe lançamentos comerciais de satélites sem autorização da ONU.;ERRADO
. A Convenção sobre o Registro de Objetos Lançados ao Espaço Exterior busca estabelecer um sistema de registro dos objetos espaciais, facilitando sua identificação e rastreabilidade.;CERTO
. A Convenção estabelece um sistema de pagamento de royalties pela exploração do espaço.;ERRADO
. A Convenção garante que apenas Estados-membros da ONU possam lançar satélites.;ERRADO
. A Convenção regula a repartição de benefícios e patentes relacionadas à exploração dos corpos celestes.;ERRADO
. O Tratado Internacional sobre Recursos Fitogenéticos para Alimentação e Agricultura tem como principal objetivo a conservação e o uso sustentável de recursos genéticos vegetais e animais.;ERRADO
. O Anexo I do TIRFAA lista os cultivos abrangidos pelo sistema multilateral, incluindo cultivos alimentícios e forrageiros.;CERTO
. O Anexo I do TIRFAA não inclui cultivos importantes como morango, cenoura e girassol.;ERRADO
. O Protocolo de Cartagena busca contribuir para o estabelecimento de níveis adequados de proteção no transporte, manuseio e utilização de organismos vivos modificados resultantes da biotecnologia moderna.;CERTO
. O Protocolo de Nagoya trata da repartição justa e equitativa dos benefícios decorrentes da utilização de recursos genéticos, incluindo o acesso apropriado a esses recursos.;CERTO
. O Brasil ainda não ratificou o Protocolo de Nagoya por divergências quanto à paridade na repartição de benefícios provenientes de recursos genéticos.;ERRADO
. O TIRFAA busca conservar e utilizar sustentavelmente os recursos fitogenéticos para alimentação e agricultura e promover a repartição justa e equitativa dos benefícios, estando em consonância com a CDB.;CERTO
. A integração das agendas climática e de biodiversidade é uma estratégia adotada por países latino-americanos, como Brasil e Colômbia, para fortalecer sua liderança na transformação da agenda global.;CERTO
. Os objetivos estratégicos finalísticos da Embrapa estão alinhados ao Acordo de Paris ao promoverem sustentabilidade, produtividade e competitividade da agropecuária nacional.;CERTO
. O Acordo de Paris é um tratado internacional multilateral celebrado em 2015 sob a Convenção-Quadro das Nações Unidas sobre Mudança do Clima.;CERTO
. A agricultura possui papel secundário nos compromissos brasileiros de adaptação aos impactos da mudança climática e de descarbonização da economia.;ERRADO
. O Acordo de Paris entrou em vigor no Brasil após aprovação pelo Congresso Nacional e ratificação pelo presidente da República.;CERTO
. No intercâmbio de informações sobre biossegurança, devem ser consideradas necessidades especiais de países em desenvolvimento, especialmente países de menor desenvolvimento relativo, pequenos Estados insulares em desenvolvimento e países que sejam centros de origem e diversidade genética.;CERTO
. Organismos vivos modificados destinados à introdução intencional no meio ambiente da parte importadora devem ser identificados claramente como organismos vivos modificados, com especificação de sua identidade e características relevantes.;CERTO
. Ao decidir sobre a importação, as partes podem considerar impactos socioeconômicos dos organismos vivos modificados, especialmente quanto ao valor da biodiversidade para a comunidade científica.;ERRADO
. A temperatura das áreas continentais entre 2011 e 2020 foi cerca de 1,1 °C superior à registrada entre 1850 e 1900.;ERRADO
. A desertificação em regiões áridas e semiáridas decorre da diminuição da distribuição e intensidade das chuvas associada ao desmatamento e à redução dos recursos hídricos.;ERRADO
. A criosfera é definida como a biodiversidade de fauna e flora marinha em ambientes oceânicos.;ERRADO
. O desenvolvimento sustentável depende do equilíbrio entre fatores ecológicos, econômicos, sociais e tecnológicos, conciliando preservação ambiental e desenvolvimento econômico.;CERTO
. Segundo o Relatório Brundtland, o desenvolvimento sustentável atende às necessidades do presente sem comprometer a capacidade das gerações futuras de atenderem às suas próprias necessidades.;CERTO
. O Mecanismo de Desenvolvimento Limpo foi criado para auxiliar países desenvolvidos a cumprir compromissos de redução de emissões e promover projetos de redução de emissões em países em desenvolvimento.;CERTO
. O princípio do poluidor-pagador estabelece que o poluidor deve, em princípio, arcar com os custos da poluição, considerando o interesse público e evitando distorções no comércio e nos investimentos internacionais.;CERTO
. O Sistema Brasileiro de Comércio de Emissões e o Mercado Voluntário de Carbono são estratégias relacionadas à remuneração por serviços associados à redução ou remoção de emissões de carbono.;CERTO
. A produção de energia pela queima de resíduos urbanos e industriais constitui exemplo de Economia Circular.;CERTO
. O poder público deve incentivar a Economia Circular por meio de políticas que estimulem o uso de matérias-primas não renováveis na produção de bens duráveis.;ERRADO
. A Economia Circular busca criar um sistema de ciclo fechado no qual resíduos podem ser transformados em insumos produtivos por meio de reutilização, reciclagem e valorização energética.;CERTO
. A Economia Circular coloca a justiça social em segundo plano, priorizando exclusivamente ganhos ambientais e econômicos provenientes da reciclagem e do reúso.;ERRADO
. Na Economia Circular, o setor privado deve assegurar que seus produtos sejam reintegrados à economia, minimizando a geração de resíduos em seus processos.;CERTO
;
;
. Entre as metas dos ODS e da Agenda 2030 está a desregulamentação do mercado, segundo o ODS 10 — Redução das Desigualdades.;ERRADO
. A Agenda 2030 estabelece a garantia da igualdade étnico-racial como meta do ODS 5 — Igualdade de Gênero.;ERRADO
. A Agenda 2030 estabelece como meta garantir acesso a água potável e saneamento a pelo menos 40% da população mundial.;ERRADO
. A Agenda 2030 promove o desenvolvimento sustentável em três dimensões: econômica, social e ambiental.;CERTO
. A Agenda 2030 estabelece como meta realizar investimentos em energia nuclear para melhorar a produtividade energética e garantir energia a todos.;ERRADO
. O Acordo de Paris determina que os países devem seguir medidas específicas acordadas na COP21 para atingir suas metas individuais de redução de emissões de GEE.;ERRADO
. Os países em desenvolvimento ficam isentos de medidas de redução de emissões de GEE que possam impedir seu desenvolvimento.;ERRADO
. O Acordo de Paris estabelece o compromisso de manter o aquecimento global abaixo de 3°C, buscando limitá-lo a 2,5°C acima dos níveis pré-industriais.;ERRADO
. Os países desenvolvidos devem continuar a assumir a dianteira, adotando metas de redução absoluta de emissões para o conjunto da economia.;CERTO
. Os países desenvolvidos devem continuar fortalecendo seus esforços de mitigação e são encorajados a progressivamente transitar para metas de redução ou limitação de emissões para o conjunto da economia, considerando as diferentes circunstâncias nacionais.;ERRADO
. A Política Nacional de Defesa considera o potencial energético da Amazônia Azul secundário diante da necessidade de preservação ambiental e proteção da biodiversidade marítima.;ERRADO
. A Estratégia Nacional de Defesa recomenda priorizar o desenvolvimento econômico na Amazônia e na Amazônia Azul, mesmo que isso implique flexibilização das políticas ambientais.;ERRADO
. A exploração de recursos naturais na Amazônia integra a Estratégia Nacional de Defesa como uma das principais ações para garantir simultaneamente desenvolvimento econômico e conservação ambiental.;ERRADO
. A proteção da Amazônia Azul é prioritária apenas em aspectos relacionados à soberania marítima, conforme previsto na Política Nacional de Defesa.;ERRADO
. A conservação dos biomas da Amazônia e da Amazônia Azul é considerada estratégica na PND e na END, que indicam a necessidade de fortalecer medidas de proteção ambiental integradas a políticas de defesa e desenvolvimento sustentável.;CERTO
. Uma ilha pelágica corresponde à zona econômica exclusiva.;ERRADO
I. Uma ilha costeira corresponde à área de livre comércio marítimo.;ERRADO
II. A área posterior ao mar territorial que se estende até 200 milhas marítimas das linhas de base corresponde à zona econômica exclusiva.;CERTO
. O mar territorial tem início na linha de base e se superpõe à zona contígua por uma faixa de 24 milhas náuticas.;ERRADO
. A plataforma continental começa no fim da zona econômica exclusiva e abrange as águas sobrejacentes do alto-mar até 350 milhas náuticas.;ERRADO
. A zona contígua é adjacente ao mar territorial e não pode se estender além de 24 milhas náuticas, contadas a partir das linhas de base utilizadas para medir o mar territorial.;CERTO
. O alto-mar começa onde termina o alcance do Acordo BBNJ, excetuadas as águas sobrejacentes à plataforma continental estendida.;ERRADO
. A zona econômica exclusiva estende-se até 200 milhas náuticas a partir das linhas de base, independentemente de eventual prolongamento da plataforma continental, cujo limite exterior pode chegar a 350 milhas náuticas.;ERRADO
;
;
O chamado Pacto de San José da Costa Rica (1969) é a Convenção Americana sobre Direitos Humanos.;CERTO
A existência da democracia na Atenas clássica comprova o respeito aos direitos humanos já na Antiguidade.;ERRADO
Especialistas e militantes da causa dos direitos humanos acreditam que a evolução tímida desse tema decorre, em larga medida, de ele continuar sendo visto como um fim em si mesmo, em vez de instrumento para a plena cidadania.;ERRADO
Após a redemocratização, o Brasil avançou na proteção internacional dos direitos humanos, aderindo a convenções contra discriminação e tortura e relativas aos direitos da criança e dos refugiados.;CERTO
O Brasil não reconheceu a jurisdição da Corte Interamericana relativamente a atos praticados por brasileiros e posteriormente extinguiu a Secretaria de Estado de Direitos Humanos.;ERRADO
Atualmente, a garantia da eficácia dos direitos humanos compete principalmente à Corte Europeia e à Corte Interamericana de Direitos Humanos.;ERRADO
A Corte Interamericana profere sentenças recorríveis e não pode determinar indenização à parte lesada.;ERRADO
O Direito Internacional Humanitário surgiu efetivamente com a Primeira Convenção de Genebra, em 1864.;CERTO
O Direito de Haia destina-se à proteção das vítimas de conflitos armados, enquanto o Direito de Genebra regula os meios e métodos de combate.;ERRADO
A Declaração de Viena de 1993 consagrou os princípios da universalidade, indivisibilidade, objetividade e não seletividade dos direitos humanos.;CERTO
A Declaração Universal dos Direitos Humanos, embora não seja tratado juridicamente vinculante, influenciou constituições nacionais e impulsionou convenções internacionais de direitos humanos.;CERTO
É obrigação do ACNUR enviar anualmente ao Conselho de Segurança da ONU uma lista vermelha dos países responsáveis pela busca de refúgio de seus nacionais.;ERRADO
O Sistema Interamericano de Direitos Humanos é composto pela Comissão e pela Corte Interamericanas, ambas sediadas em Washington.;ERRADO
O Conselho de Direitos Humanos da ONU, criado em 2006, realiza eleições de seus membros por votação secreta.;CERTO
O Brasil conta com juiz na Corte Interamericana, integra a Comissão Interamericana e Brasília sediou sessão extraordinária da Corte em novembro de 2013.;CERTO
O Conselho de Direitos Humanos foi criado pela Assembleia Geral da ONU em 1948 e realiza a Revisão Periódica Universal.;ERRADO
Na Revisão Periódica Universal de 2012, o Brasil recebeu 170 recomendações em diferentes áreas de direitos humanos.;CERTO
A resolução da ONU sobre o direito à privacidade na era digital, de 2013, foi originalmente proposta por Brasil, Alemanha e Estados Unidos.;ERRADO
Os direitos sociais relacionados à proteção do trabalho foram incluídos na Declaração Universal dos Direitos Humanos em consequência da iniciativa do representante brasileiro no comitê de redação.;CERTO
A promoção dos direitos das mulheres foi aspecto importante da política externa norte-americana durante o período em que Hillary Clinton foi secretária de Estado.;CERTO
Em 2015, o Reino Unido adotou uma política externa feminista centrada na tríade representação, direitos e recursos.;ERRADO
A Carta da ONU de 1945 não menciona a igualdade entre os sexos.;ERRADO
A Corte Interamericana pode emitir parecer, a pedido de Estado-membro da OEA, sobre a compatibilidade de leis internas com a Convenção Americana.;CERTO
Em 2017, o número de pessoas forçadas a se deslocar em razão de conflitos retrocedeu em relação aos anos anteriores.;ERRADO
O Pacto Global para Migração Segura, Ordenada e Regular, aprovado em 2018, possui natureza jurídica não vinculante.;CERTO
O Brasil é parte das Convenções de 1954 e 1961 sobre apatridia e reconheceu pela primeira vez duas pessoas como apátridas em 2018.;CERTO
Pessoas que atravessam fronteiras em busca de melhores condições econômicas estão protegidas pela Convenção relativa ao Estatuto dos Refugiados.;ERRADO
A Corte Interamericana reconhece a responsabilidade estatal por falta de devida diligência para prevenir violações cometidas por particulares.;CERTO
O início de um conflito armado encerra automaticamente a vigência do Direito Internacional dos Direitos Humanos no território em conflito.;ERRADO
A proteção de civis em conflitos armados é absoluta e prevalece mesmo quando civis participam diretamente das hostilidades.;ERRADO
O status de prisioneiro de guerra é previsto em conflitos armados internacionais, mas não possui proteção equivalente específica nos conflitos armados não internacionais.;CERTO
O Pacto de San José, reconhecido pelo STF como norma supralegal, prevê direitos humanos de primeira e segunda gerações.;CERTO
A consagração do direito à nacionalidade na Declaração Universal praticamente extinguiu a apatridia no século XXI.;ERRADO
A concessão de asilo político é princípio constitucional brasileiro, constitui ato discricionário do Estado e não será concedida a quem tenha cometido crime contra a humanidade.;CERTO
A Lei de Migração assegura aos migrantes acesso igualitário a serviços, programas, benefícios sociais, educação, trabalho, moradia, serviços bancários e seguridade social.;CERTO
Tratados de direitos humanos aprovados em cada Casa do Congresso, em dois turnos, por maioria simples, são equivalentes às emendas constitucionais.;ERRADO
A Corte Interamericana não exige formação jurídica para seus juízes.;ERRADO
O visto temporário para acolhida humanitária pode ser concedido ao apátrida ou nacional de país em situação de grave instabilidade, conflito, calamidade, desastre ambiental ou grave violação de direitos humanos.;CERTO
A política migratória brasileira baseia-se, entre outros, na universalidade, indivisibilidade e interdependência dos direitos humanos, na não criminalização da migração e na acolhida humanitária.;CERTO
O Brasil é signatário da Convenção Americana sobre Direitos Humanos e reconhece a competência obrigatória da Corte Interamericana.;CERTO
Qualquer cidadão brasileiro pode recorrer ao sistema interamericano, mas a petição deve obrigatoriamente ser apresentada por advogado.;ERRADO
Em casos graves e urgentes no Brasil, com risco de danos irreparáveis, pode-se solicitar medida cautelar à Comissão Interamericana.;CERTO
O caso Maria da Penha Maia Fernandes versus Brasil teve importantes repercussões e contribuiu para a aprovação da Lei Maria da Penha.;CERTO
A consolidação dos migrantes nos novos lugares envolve inserção no mercado de trabalho, reconhecimento social, representação política e participação na vida social.;CERTO
Preconceito e discriminação contra migrantes são aspectos meramente culturais dos países receptores e desaparecem com a inserção no mercado de trabalho.;ERRADO
Migrantes internacionais e intranacionais frequentemente enfrentam dificuldades de inserção laboral, baixos salários, jornadas exaustivas e exploração.;CERTO
Refugiados políticos não são migrantes, pois seu deslocamento é necessariamente temporário.;ERRADO
Segundo a Declaração e Programa de Ação de Viena de 1993, todos os direitos humanos são universais, indivisíveis, interdependentes e inter-relacionados.;CERTO
A Convenção contra a Tortura estabelece que nenhuma circunstância excepcional pode ser invocada para justificar a tortura.;CERTO
As resoluções do Conselho de Direitos Humanos da ONU são vinculantes para o Brasil, mesmo quando o país não é membro do Conselho.;ERRADO
A Convenção sobre os Direitos das Pessoas com Deficiência e a Convenção Interamericana contra o Racismo possuem equivalência às emendas constitucionais por terem sido aprovadas conforme o art. 5º, § 3º, da Constituição.;CER
;
O Brasil copreside a Coalizão Global para a Justiça Social, iniciativa lançada no início de 2024 pela OIT, organismo criado no contexto do final da Primeira Guerra Mundial e que atualmente passa por reforma para incorporar representantes de empregadores e trabalhadores.;ERRADO
Embora a Agenda 2030 estabeleça 17 ODS, o Brasil assumiu voluntariamente um 18.º ODS para eliminar o racismo e a discriminação étnico-racial contra povos indígenas e afrodescendentes.;CERTO
Em janeiro de 2023, o Brasil atualizou seu posicionamento internacional sobre gênero e direitos das mulheres e meninas, inclusive desvinculando-se da Declaração do Consenso de Genebra sobre Saúde da Mulher e Fortalecimento da Família.;CERTO
Por ter assumido mandato no Conselho de Direitos Humanos da ONU em 2024, o Brasil deverá submeter-se, até 2026, à Revisão Periódica Universal, por meio de relatórios regulares dos ministérios indicados no item.;ERRADO
No início de 2024, a OMS adotou um tratado sobre prevenção, prontidão e resposta a pandemias, com participação ativa do Brasil nas negociações.;ERRADO
Segundo Antônio Augusto Cançado Trindade, o direito internacional contemporâneo caracteriza-se por um retorno às teorias clássicas do direito internacional público, em processo de humanização do direito internacional.;ERRADO
O princípio da distinção obriga os beligerantes a distinguir, em todas as circunstâncias, entre civis e combatentes e entre bens civis e objetivos militares; contudo, civis que participam diretamente das hostilidades perdem a proteção contra os ataques durante essa participação.";CERTO
Pelo princípio da proporcionalidade, mesmo quando o alvo é militarmente legítimo, o ataque não deve ser realizado se os danos incidentais aos civis forem excessivos em relação à vantagem militar concreta e direta esperada.;CERTO
Os chamados refugiados climáticos são formalmente reconhecidos pela ONU como categoria de refugiados e gozam de proteção jurídica específica garantida pelos tratados internacionais em vigor.;ERRADO
A Comissão Interamericana de Direitos Humanos tem como funções principais promover e defender os direitos humanos e supervisionar sua observância nos Estados-membros da OEA, sejam ou não partes da Convenção Americana, além de exercer função consultiva perante a OEA.;CERTO
A Comissão Interamericana de Direitos Humanos atua, no recebimento e processamento de denúncias individuais, como instância preliminar de acesso à Corte Interamericana, mas esse acesso não é facultativo no sentido de poder ser dispensado o procedimento perante a Comissão.;CERTO
Indivíduos podem apresentar petições à Comissão Interamericana denunciando violações da Convenção Americana por um Estado, sem necessidade de constituir advogado.;CERTO
O prévio esgotamento dos recursos internos é requisito de admissibilidade perante a Comissão Interamericana, ainda que haja demora injustificada na apreciação desses recursos.;ERRADO
Uma vez admitida uma denúncia pela Comissão Interamericana, não é possível buscar solução amistosa entre as partes.;ERRADO
Perante a Corte Interamericana, podem atuar como partes a Comissão Interamericana e os Estados que tenham reconhecido a jurisdição da Corte, enquanto as vítimas possuem legitimidade para participar do procedimento nos termos previstos pelo sistema.;CERTO
A Corte Interamericana pode atribuir responsabilidade estatal pela violação de outros tratados específicos de direitos humanos, mesmo quando sua competência material não estiver prevista nesses instrumentos.;ERRADO
A Corte Interamericana pode determinar medidas provisórias urgentes por meio de seu presidente quando não estiver reunida, inclusive antes de um caso chegar à Corte, desde que o caso esteja sob exame da Comissão e esta solicite as medidas.;CERTO
A apresentação de exceções preliminares pelo Estado demandado paralisa automaticamente o procedimento da Corte Interamericana quanto ao mérito.;ERRADO
A jurisprudência da Corte Interamericana admite mecanismos de reparação destinados a restabelecer o status quo ante, não se limitando à indenização pecuniária.;CERTO
Para apresentar petição individual à Comissão Interamericana, a parte peticionária pode ser qualquer pessoa, grupo de pessoas ou entidade não governamental legalmente reconhecida em um ou mais Estados-membros da OEA, não sendo obrigatória a constituição de advogado.;CERTO
A Declaração Universal dos Direitos Humanos tornou-se obsoleta no século XXI por ser particularista e limitada às violações ocorridas no contexto do pós-guerra.;ERRADO
Diante de demora excessiva na prestação jurisdicional interna, um caso de violência doméstica contra Maria da Penha poderia ser levado à Comissão Interamericana sem a necessidade de aguardar o esgotamento dos recursos internos, em razão da exceção prevista pela Convenção Americana.;CERTO
A Declaração e Programa de Ação de Viena de 1993 estabelece que todos os direitos humanos são universais, indivisíveis, interdependentes e inter-relacionados; que devem ser tratados globalmente, de forma justa e equitativa; e que os Estados devem promover e proteger esses direitos independentemente de seus sistemas políticos, econômicos e culturais.";CERTO
A Declaração dos Direitos do Homem e do Cidadão de 1789 e a Declaração Universal dos Direitos Humanos de 1948 reconhecem a liberdade e a igualdade como inerentes ao ser humano.;CERTO
O Sistema Interamericano de Direitos Humanos é composto pela Assembleia Geral da OEA, pela Corte Interamericana e pela Comissão Interamericana.;ERRADO
O Brasil, embora reconheça a jurisdição obrigatória da Corte Interamericana, jamais foi responsabilizado internacionalmente por violações de direitos humanos.;ERRADO
Os tratados internacionais de direitos humanos podem ser denunciados pelos Estados-partes a qualquer momento, conforme suas conveniências nacionais, independentemente das condições estabelecidas pelo próprio tratado.;ERRADO
Atualmente, o principal problema dos direitos humanos é sua falta de positivação e constitucionalização, pois direitos positivados são necessariamente efetivados.;ERRADO
A universalidade dos direitos humanos é compatível com a diversidade cultural, conforme reconhecido pela Declaração Universal de 1948, pelos Pactos de 1966 e pelos documentos finais das Conferências de Teerã de 1968 e Viena de 1993.;CERTO
A ascensão do fundamentalismo teve origem nos conflitos interétnicos, particularmente frequentes em países que abrigam diferentes povos e religiões.;ERRADO
A crescente criminalização das migrações econômicas e sociais demonstra que o direito de ir e vir das pessoas se tornou subordinado ao privilégio universal da livre circulação de capitais.;CERTO
As legislações restritivas adotadas pela União Europeia refletem, entre outros aspectos, a mudança da função histórica da imigração africana e asiática no pós-guerra e a prevalência dos interesses nacionais e comunitários europeus sobre a reciprocidade histórica com a América Latina.;CERTO
As migrações internacionais deixaram de ser relevantes nas relações entre África e Europa após o fim dos conflitos internos das últimas décadas do século XX.;ERRADO
O Brasil, historicamente marcado pela imigração europeia e asiática no final do século XIX e início do século XX, posteriormente passou também a apresentar importante fluxo emigratório.;CERTO
A migração forçada ou fraudulenta, inclusive o tráfico de pessoas, possui apenas impacto internacional e apresenta pouca relevância para a segurança dos Estados nacionais.;ERRADO
A Corte Interamericana de Direitos Humanos pode ter casos submetidos à sua decisão somente pelos Estados-partes e pela Comissão Interamericana de Direitos Humanos.;CERTO
A proteção internacional dos direitos econômicos, sociais e culturais no Sistema Interamericano foi concretizada, em 1988, pelo Protocolo de San Salvador.;CERTO
A Convenção Interamericana assinada em Belém do Pará é a Convenção para Prevenir, Punir e Erradicar a Violência contra a Mulher.;CERTO
A Declaração Universal dos Direitos Humanos protege expressamente o genoma humano como unidade fundamental de todos os membros da espécie humana e o reconhece como patrimônio da humanidade.;ERRADO
A EC nº 45/2004 representou um grande retrocesso nos direitos fundamentais porque, antes dela, todos os tratados internacionais de direitos humanos já eram considerados normas constitucionais pelo STF, independentemente do quórum de aprovação.;ERRADO
A Declaração Universal dos Direitos Humanos universalizou direitos civis, políticos, econômicos, sociais e culturais, conferindo-lhes paridade hierárquica.;CERTO
O acesso contencioso à Corte Interamericana é restrito aos Estados-partes e à Comissão Interamericana, e a competência contenciosa da Corte depende do reconhecimento pelos Estados, mediante cláusula facultativa.;CERTO
;
;
A Declaração Universal dos Direitos Humanos apresenta força jurídica vinculante, segundo parte considerável da doutrina, e consagra a ideia de que, para ser titular de direitos, basta ser pessoa.;CERTO
A Declaração Universal dos Direitos Humanos, redigida sob o impacto das atrocidades da Segunda Guerra Mundial, afirma que liberdade, igualdade e fraternidade são princípios axiológicos fundamentais em matéria de direitos humanos.;CERTO
A Convenção Americana sobre Direitos Humanos proíbe o restabelecimento da pena de morte nos países que a tenham abolido.;CERTO
A imprescritibilidade dos direitos fundamentais relaciona-se à sua proteção contra os efeitos do decurso do tempo.;CERTO
O Pacto Internacional de Direitos Civis e Políticos de 1966 previu novas espécies de direitos humanos além daqueles expressamente previstos na Declaração Universal dos Direitos Humanos de 1948.;CERTO
A principal função da Organização dos Estados Americanos é promover a observância e a proteção dos direitos humanos na América.;ERRADO
A Declaração Universal dos Direitos Humanos é um tratado internacional que contém obrigação jurídica vinculante de respeito aos princípios básicos de direitos humanos.;ERRADO
A Declaração Universal dos Direitos Humanos de 1948 seguiu os moldes liberais clássicos de não intervenção, enquanto a Declaração de Viena de 1993 consagrou a universalidade, a indivisibilidade e a interdependência dos direitos humanos.;ERRADO
A violação grave e sistemática dos direitos humanos das mulheres em um Estado pode ser investigada pelo Comitê sobre a Eliminação da Discriminação contra a Mulher, que pode receber petições com denúncias de violações.;CERTO
Qualquer pessoa, grupo de pessoas ou entidade não governamental legalmente reconhecida em um ou mais Estados-membros da OEA pode apresentar diretamente à Corte Interamericana petições contra um Estado-parte.;ERRADO
A República Federativa do Brasil rege-se, em suas relações internacionais, pelo princípio do repúdio ao racismo.;CERTO
A Declaração Universal dos Direitos Humanos, embora tenha natureza de resolução, não possui instrumentos ou órgãos próprios destinados a tornar compulsória sua aplicação.;CERTO
Os direitos humanos são indivisíveis, e a Declaração Universal dos Direitos Humanos engloba direitos civis, políticos, econômicos, sociais e culturais.;CERTO
A Corte Internacional de Justiça possui competência para julgar diretamente pessoas físicas e jurídicas, que podem encaminhar suas demandas diretamente ao tribunal.;ERRADO
A Corte Interamericana de Direitos Humanos não possui competência contenciosa, tendo apenas competência consultiva para interpretar a Convenção Americana e outros tratados de direitos humanos.;ERRADO
Qualquer pessoa, grupo de pessoas ou entidade não governamental legalmente reconhecida em um ou mais Estados-membros da OEA pode apresentar à Comissão Interamericana petições contendo denúncias ou queixas de violação da Convenção Americana por um Estado-parte.;CERTO
A Declaração Universal dos Direitos Humanos possui valor meramente declaratório e, por isso, não gera obrigações jurídicas aos Estados.;ERRADO
A Corte Interamericana de Direitos Humanos é composta por nove juízes provenientes dos Estados-membros da OEA, escolhidos entre juristas de alto renome, com garantias de vitaliciedade, inamovibilidade e irredutibilidade dos vencimentos.;ERRADO
Os direitos econômicos, sociais e culturais formam, juntamente com os direitos civis e políticos, um conjunto indivisível de direitos fundamentais, sem relação hierárquica entre eles.;CERTO
A criação de normas internacionais de proteção dos direitos humanos possibilita a responsabilização internacional do Estado quando as normas nacionais forem omissas.;CERTO
São princípios fundamentais proclamados no artigo I da Declaração Universal dos Direitos Humanos a liberdade, a igualdade e a fraternidade.;CERTO
A Declaração Universal dos Direitos Humanos trata dos direitos de liberdade e igualdade.;CERTO
A Declaração Universal dos Direitos Humanos trata dos direitos de liberdade e igualdade.;CERTO
De acordo com a Corte Internacional de Justiça, as disposições da Declaração Universal dos Direitos Humanos que possuem caráter costumeiro estabelecem obrigações erga omnes.;CERTO
No caso Gomes Lund versus Brasil, a Corte Interamericana estabeleceu que o dever de investigar e punir os responsáveis por desaparecimentos forçados possui caráter de jus cogens.;CERTO
Em casos de tortura sistemática, a Convenção Americana sobre Direitos Humanos permite que o indivíduo tenha acesso direto à Corte Interamericana de Direitos Humanos.;ERRADO
;
;
Em 1966, foram produzidos pela Assembleia Geral da ONU o Pacto Internacional sobre Direitos Civis e Políticos e o Pacto Internacional sobre Direitos Econômicos, Sociais e Culturais; juntamente com a DUDH e seus protocolos opcionais, esses instrumentos são conhecidos como International Bill of Rights.";CERTO
A adesão do Brasil à Convenção Americana de Direitos Humanos, o Pacto de São José da Costa Rica, ocorreu durante o governo de Luiz Inácio Lula da Silva.;ERRADO
A possibilidade de os direitos humanos serem exercidos simultaneamente e encontrarem limites em outros direitos igualmente consagrados, exigindo harmonização em caso de conflito, corresponde à característica da relatividade dos direitos humanos.;CERTO
A ideia de que os direitos humanos não devem ser analisados isoladamente, sem prevalência de um conjunto de direitos sobre os demais, corresponde ao princípio da indivisibilidade.;CERTO
John Locke, ao final do século XV, foi quem pela primeira vez cunhou a expressão dignitas humana.;ERRADO
A concepção contemporânea dos direitos humanos considera-os uma unidade indivisível, interdependente e inter-relacionada, conjugando direitos civis e políticos com direitos econômicos, sociais e culturais.;CERTO
A Declaração de Independência dos EUA de 1776 e a Declaração Francesa de 1789 tinham em comum a concepção de que os direitos declarados ainda eram privilégios.;ERRADO
O Pacto de São José da Costa Rica impede que os Estados signatários abolam o habeas corpus de suas legislações, inclusive em situações excepcionais nas quais sua suspensão não seja admitida.;CERTO
Segundo a Convenção contra a Tortura, não se concederá a extradição de pessoa quando houver razões substanciais para crer que ela corre perigo de ser submetida à tortura no Estado de destino.;CERTO
A hermenêutica diatópica constitui proposta de superação do debate entre universalismo e relativismo cultural.;CERTO
A universalidade e a indivisibilidade são características próprias da concepção contemporânea dos direitos humanos.;CERTO
A concepção contemporânea dos direitos humanos surgiu com o término da Primeira Guerra Mundial.;ERRADO
As três gerações de direitos humanos demonstram que diferentes visões de mundo podem refletir-se nas normas jurídicas voltadas à proteção da pessoa.;CERTO
A universalidade dos direitos humanos necessariamente impõe a visão de mundo ocidental plasmada na Declaração Universal dos Direitos Humanos.;ERRADO
No exercício de sua competência consultiva, a Corte Interamericana de Direitos Humanos pode considerar qualquer tratado internacional aplicável aos Estados americanos, ainda que não trate da proteção dos direitos humanos.;ERRADO
A Carta das Nações Unidas não integra o núcleo do direito internacional dos direitos humanos, pois apenas institui uma organização internacional.;ERRADO
A Declaração Universal dos Direitos Humanos assegura o direito de mudar de nacionalidade.;CERTO
Nos termos do Pacto Internacional de Direitos Civis e Políticos, o direito à autodeterminação dos povos esgota-se na possibilidade de estabelecer livremente seu estatuto político.;ERRADO
O Pacto Internacional de Direitos Econômicos, Sociais e Culturais relaciona o direito ao trabalho ao gozo das liberdades políticas fundamentais.;ERRADO
Nos termos da Convenção Internacional sobre a Eliminação de Todas as Formas de Discriminação Racial, a exclusão de direitos baseada unicamente na origem nacional caracteriza necessariamente discriminação racial.;ERRADO
Os direitos de primeira geração resultaram da influência do socialismo e são voltados ao bem-estar social, como direito ao trabalho, à saúde e à educação.;ERRADO
A Convenção sobre a Eliminação de Todas as Formas de Discriminação contra a Mulher possui protocolo facultativo que permite a apresentação de denúncias sobre violações dos direitos nela consagrados.;CERTO
Tanto o Pacto Internacional de Direitos Econômicos, Sociais e Culturais quanto o Pacto Internacional de Direitos Civis e Políticos preveem o envio de relatórios sobre medidas adotadas e progressos alcançados.;CERTO
A Convenção para a Prevenção e Repressão do Crime de Genocídio considera genocídio a transferência forçada de menores de um grupo para outro, quando praticada com a intenção de destruir aquele grupo, no todo ou em parte.;CERTO
Somente os Estados-partes e a Comissão Interamericana de Direitos Humanos têm o direito de submeter um caso à decisão da Corte Interamericana de Direitos Humanos.;CERTO
Qualquer pessoa pode apresentar à Comissão Interamericana de Direitos Humanos petições contendo denúncias ou queixas de violação da Convenção Americana por um Estado-parte.;CERTO
O Brasil reconheceu a jurisdição contenciosa da Corte Interamericana de Direitos Humanos somente na década de 1990.;CERTO
Em 2010, o WikiLeaks publicou mais de cem mil documentos diplomáticos sigilosos dos Estados Unidos, em um dos grandes escândalos de vazamento daquele período.;CERTO
Edward Snowden revelou, em 2013, a existência de programas de espionagem e vigilância eletrônica realizados pelo governo norte-americano, inclusive contra aliados estrangeiros.;CERTO
Edward Snowden e Julian Assange tiveram seus pedidos de asilo político aceitos pelo Brasil e, em julho de 2013, encontravam-se abrigados em representações diplomáticas brasileiras.;ERRADO
A sequência correta dos documentos descritos é: Bill of Rights de 1689; Declaração dos Direitos do Homem e do Cidadão de 1789; e Declaração Universal dos Direitos Humanos de 1948.";CERTO
Entre as razões formalmente invocadas pela ONU para a proclamação da Declaração Universal dos Direitos Humanos estava a natureza transcendental e mística do homem, criado à imagem e semelhança de Deus.;ERRADO
Os direitos humanos fundamentais relacionam-se diretamente com a garantia de não ingerência do Estado na esfera individual; são também designados por expressões como direitos humanos, liberdades públicas e direitos subjetivos públicos; a Segunda Guerra Mundial impulsionou, e não retrocedeu, sua internacionalização.";CERTO
;
;
As previsões constitucionais sobre direitos fundamentais, embora autônomas, possuem diversas intersecções para atingir suas finalidades.;CERTO
A interpretação dos direitos fundamentais deve tomar cada direito isoladamente, sem considerar sua relação com os demais direitos.;ERRADO
A interpretação dos direitos fundamentais deve considerá-los conjuntamente, buscando sua plena realização.;CERTO
Tratados e convenções internacionais de direitos humanos podem ser internalizados com status constitucional quando aprovados pela Câmara dos Deputados e pelo Senado Federal, em dois turnos, por três quintos dos votos dos respectivos membros de cada Casa.;CERTO
Os tratados internacionais de direitos humanos possuem regime especial de incorporação no Brasil, nos termos da EC nº 45/2004.;CERTO
Os tratados internacionais de direitos humanos seguem necessariamente a forma ordinária de incorporação de todos os demais atos internacionais.;ERRADO
Os tratados internacionais de direitos humanos podem ser invocados internamente simplesmente após sua aprovação por decreto legislativo do Senado Federal.;ERRADO
A aplicação interna dos tratados internacionais de direitos humanos começa imediatamente com a assinatura pelo Estado brasileiro.;ERRADO
Cabe ao Congresso Nacional ratificar tratados internacionais de direitos humanos, que se tornam exigíveis automaticamente com a ratificação.;ERRADO
O Pacto Internacional sobre Direitos Econômicos, Sociais e Culturais e o Pacto Internacional sobre Direitos Civis e Políticos são tratados internacionais e foram incorporados pelo Brasil.;CERTO
A Corte Europeia de Direitos Humanos integra a União Europeia e vincula exclusivamente os países-membros da União Europeia.;ERRADO
O Brasil reconheceu a jurisdição da Corte Interamericana de Direitos Humanos desde sua instituição.;ERRADO
A Declaração Universal dos Direitos Humanos possui estatuto jurídico de tratado internacional.;ERRADO
O Tribunal Penal Internacional foi criado na década de 1960.;ERRADO
A Declaração Universal dos Direitos da Criança de 1959 não precisou ser incorporada ao ordenamento jurídico brasileiro por possuir natureza de declaração.;CERTO
A Convenção sobre os Direitos das Pessoas com Deficiência foi introduzida no ordenamento jurídico brasileiro segundo o procedimento inovador previsto pela EC nº 45/2004.;CERTO
A validade da Convenção sobre os Direitos das Pessoas com Deficiência no Brasil independe de qualquer procedimento formal de incorporação.;ERRADO
O fato de a Constituição já prever determinada matéria torna desnecessária a incorporação da Convenção sobre os Direitos das Pessoas com Deficiência.;ERRADO
A Convenção sobre os Direitos das Pessoas com Deficiência é aplicada internamente apenas de modo analógico, pois não foi formalmente incorporada.;ERRADO
O Protocolo Facultativo da Convenção sobre os Direitos das Pessoas com Deficiência trata da submissão dos Estados à jurisdição da Corte Interamericana de Direitos Humanos.;ERRADO
A composição dos órgãos da Organização Internacional do Trabalho adota a regra geral do tripartismo.;CERTO
As convenções da OIT possuem natureza de tratados internacionais e vinculam os Estados que as ratificam.;CERTO
As recomendações da OIT possuem, por si mesmas, natureza jurídica de tratados internacionais vinculantes.;ERRADO
A Declaração Universal dos Direitos Humanos proíbe expressamente a escravidão e a servidão.;CERTO
Existe, no âmbito da OIT, convenção específica destinada à reabilitação profissional de pessoas com deficiência.;CERTO
Segundo a Convenção Internacional sobre os Direitos das Pessoas com Deficiência, considera-se pessoa com deficiência aquela que possui impedimento de longo prazo de natureza sensorial que possa obstruir sua participação plena e efetiva na sociedade.;CERTO
Membro da família de trabalhador migrante não pode ser privado de autorização de residência exclusivamente porque o trabalhador não cumpriu obrigação decorrente de contrato de trabalho, ainda que o cumprimento dessa obrigação seja condição da autorização.;CERTO
Trabalhadores migrantes devem receber tratamento não menos favorável que os nacionais quanto às condições de trabalho relativas a descanso semanal, férias remuneradas, trabalho suplementar e horário de trabalho.;CERTO
Em regra, a Convenção sobre Trabalhadores Migrantes não se aplica aos refugiados, podendo a legislação nacional de um Estado prever sua aplicação.;CERTO
O Direito Humanitário, a OIT e a Liga das Nações são considerados precedentes importantes da internacionalização dos direitos humanos.;CERTO
A Declaração Universal dos Direitos Humanos e o Pacto Internacional dos Direitos Civis e Políticos, sozinhos, formam a Carta Internacional dos Direitos Humanos.;ERRADO
O sistema global de direitos humanos restringe-se à chamada Carta Internacional dos Direitos Humanos.;ERRADO
Os mecanismos convencionais de proteção dos direitos humanos são aqueles criados por convenções específicas e dependem da adesão dos Estados.;CERTO
A Comissão Interamericana de Direitos Humanos pode atribuir responsabilidade internacional por violações de direitos humanos a indivíduos ou pessoas jurídicas privadas.;ERRADO
A Comissão Interamericana de Direitos Humanos pode responsabilizar pessoas naturais e jurídicas, públicas ou privadas, pelas violações, juntamente com o Estado.;ERRADO
A Comissão Interamericana de Direitos Humanos pode responsabilizar pessoas naturais e jurídicas, sendo subsidiária a responsabilidade internacional do Estado.;ERRADO
A Comissão Interamericana de Direitos Humanos não possui competência para atribuir responsabilidades individuais, podendo determinar apenas a responsabilidade internacional de um Estado membro da OEA.;CERTO
O Congresso Nacional não pode rejeitar tratado internacional sobre direitos humanos firmado pelo Presidente da República.;ERRADO
Tratados de direitos humanos incorporados ao direito brasileiro e compatíveis com a Constituição prevalecem sobre leis ordinárias conflitantes.;CERTO
A Corte Interamericana de Direitos Humanos é composta por sete juízes e possui competência contenciosa e consultiva.;CERTO
Sentença da Corte Interamericana que determine ao Brasil o pagamento de indenização deve ser executada de acordo com o procedimento vigente no Brasil.;CERTO
O Pacto Internacional sobre Direitos Civis e Políticos, a Convenção Americana sobre Direitos Humanos e outros atos internacionais compõem o Sistema Regional Interamericano de Proteção dos Direitos Humanos.;ERRADO
A Declaração Universal dos Direitos Humanos é fonte codificada do direito internacional prevista no Estatuto da Corte Internacional de Justiça como ato de organização internacional.;ERRADO
O tripartismo da OIT significa que as delegações dos Estados são compostas por representantes dos três poderes do Estado.;ERRADO
As recomendações da OIT não devem ser encaminhadas ao Congresso Nacional para aprovação legislativa como ocorre com os tratados.;CERTO
Ações de espionagem destinadas a interceptar conversas, acessar correspondência de funcionários públicos ou obter documentos de missões diplomáticas podem violar normas internacionais de proteção da privacidade e das relações diplomáticas.;CERTO
A Convenção Internacional sobre os Direitos das Pessoas com Deficiência e seu Protocolo Facultativo foram os primeiros atos internacionais aprovados pelo Congresso Nacional com equivalência a emenda constitucional.;CERTO
A Conferência de Roma de 1998 aprovou o Estatuto de Roma, que criou o Tribunal Penal Internacional.;CERTO
A defesa da União Europeia por uma governança mais aberta da Internet decorreu principalmente dos interesses da Rússia, integrante da União Europeia.;ERRADO
Segundo as revelações de Edward Snowden, a espionagem eletrônica norte-americana alcançou chefes de Estado de todo o mundo, sem exceção dos países considerados aliados.;ERRADO
É função essencial da OMS orientar diretamente os orçamentos nacionais de saúde dos países em áreas prioritárias.;ERRADO
A Assembleia Mundial da Saúde estabelece as políticas de saúde dos países membros individualmente.;ERRADO
Cobertura universal de saúde significa garantir a toda a população acesso aos serviços de saúde de que necessita sem risco de empobrecimento.;CERTO
O Regulamento Sanitário Internacional é um acordo jurídico vinculante destinado à prevenção e ao combate às ameaças à saúde pública.;CERTO
O Brasil não participou da Conferência de Viena sobre Direitos Humanos de 1993 porque rejeitava a concepção universalista dos direitos humanos.;ERRADO
O Conselho de Direitos Humanos da ONU foi criado em 2006 em substituição à Comissão de Direitos Humanos e permaneceu subordinado ao ECOSOC.;ERRADO
A entrada do Brasil na Comissão de Direitos Humanos da ONU, em 1977, marcou imediatamente o início de uma política externa cooperativa com os mecanismos de fiscalização de violações de direitos humanos.;ERRADO
O Brasil ratificou o Pacto de San José da Costa Rica e os Pactos Internacionais de 1966 durante o governo Ernesto Geisel.;ERRADO
A Comissão de Direitos Humanos da ONU, criada na década de 1940 e subordinada ao ECOSOC, inicialmente exerceu função predominantemente promocional e posteriormente passou a atuar também na fiscalização de violações.;CERTO
A Corte Internacional de Justiça foi instituída pela Carta da ONU e possui como função principal julgar indivíduos responsáveis por violações de direitos humanos.;ERRADO
O Conselho de Segurança da ONU é um tribunal penal permanente destinado a julgar indivíduos agressores.;ERRADO
O Tribunal Penal Internacional, instituído pelo Estatuto de Roma, é um órgão permanente e independente destinado ao julgamento e punição de indivíduos pelos crimes sob sua jurisdição.;CERTO
A Corte Europeia de Direitos Humanos foi criada pelo Estatuto de Roma para julgar indivíduos acusados de crimes contra a humanidade.;ERRADO
Toda pessoa condenada à morte tem direito de solicitar anistia, indulto ou comutação da pena, e enquanto o pedido estiver pendente a pena não pode ser executada.;CERTO
A pena de morte pode ser aplicada a delitos políticos ou a delitos comuns conexos com delitos políticos.;ERRADO
Um Estado que tenha abolido a pena de morte pode restabelecê-la posteriormente para crimes especialmente graves.;ERRADO
Toda pessoa acusada de delito tem direito à presunção de inocência e a não ser obrigada a depor contra si mesma ou a confessar-se culpada.;CERTO
A confissão do acusado somente é válida se realizada sem coação, e o acusado absolvido por sentença transitada em julgado não poderá ser submetido a novo processo pelos mesmos fatos.;CERTO
Processados e menores devem permanecer separados dos condenados e dos adultos, respectivamente, recebendo tratamento adequado à sua condição.;CERTO
O CONARE é órgão de deliberação coletiva, no âmbito do Ministério da Justiça, competente para analisar pedidos e declarar, em primeira instância, o reconhecimento da condição de refugiado.;CERTO
A decisão que reconhece a condição de refugiado é ato constitutivo e deve ser devidamente fundamentada.;ERRADO
O ACNUR é membro convidado das reuniões do CONARE, com direito a voz e sem direito a voto.;CERTO
Em nenhuma hipótese poderá ser deportado o estrangeiro para território onde sua vida ou liberdade esteja ameaçada em razão de raça, religião, nacionalidade, grupo social ou opinião política.;CERTO
O ingresso irregular no território brasileiro impede o estrangeiro de solicitar reconhecimento da condição de refugiado.;ERRADO
;
A Corte Interamericana de Direitos Humanos possui competência para determinar o alcance de sua própria competência, segundo o princípio da compétence de la compétence.;CERTO
As sentenças da Corte Interamericana de Direitos Humanos precisam ser homologadas pelo STJ para serem executadas no Brasil.;ERRADO
Somente os Estados-partes da Convenção Americana sobre Direitos Humanos e a Comissão Interamericana de Direitos Humanos podem submeter casos à Corte Interamericana de Direitos Humanos.;CERTO
A Constituição brasileira veda a jurisdição de instâncias internacionais em matéria de direitos humanos, apesar de o Brasil ser signatário de diversos instrumentos internacionais.;ERRADO
A ratificação dos Pactos Internacionais de Direitos Civis e Políticos e de Direitos Econômicos, Sociais e Culturais, ambos de 1966, juntamente com os protocolos facultativos pertinentes, contribuiu para conferir caráter de hard law à proteção internacional dos direitos humanos.;CERTO
A Segunda Guerra Mundial motivou o questionamento do papel dos Estados na proteção do ser humano e foi determinante para alterações de textos constitucionais no período pós-guerra.;CERTO
O ACNUR tem como função assegurar proteção internacional aos refugiados e auxiliar os governos no repatriamento voluntário ou na integração dos refugiados em novos locais, e o princípio do non-refoulement impede que o refugiado seja forçado a retornar a local onde sua vida ou liberdade estejam ameaçadas.;CERTO
É inadmissível que a ONU ainda não disponha de órgão especializado para tratar das questões relativas aos refugiados.;ERRADO
Se não houver solução amistosa e o Estado não atender às exigências da Comissão Interamericana de Direitos Humanos, a Comissão poderá elaborar um segundo informe ou enviar o caso à Corte Interamericana de Direitos Humanos.;CERTO
A Convenção sobre os Direitos da Criança não foi ratificada pelo Brasil, embora tenha servido de orientação para a elaboração do Estatuto da Criança e do Adolescente.;ERRADO
A definição de refugiado da Convenção de 1951 deixa de ser aplicável quando a pessoa perde sua nacionalidade e a recupera por alteração na ordem jurídica do país que abandonou, ainda que essa recuperação ocorra involuntariamente.;ERRADO
Um dos aspectos dramáticos das migrações contemporâneas é o contrabando de migrantes, que envolve a obtenção de recursos financeiros para o ingresso ilegal de um estrangeiro em determinado país.;CERTO
Segundo a Declaração Universal dos Direitos Humanos, toda pessoa vítima de perseguição tem o direito de procurar e gozar asilo em outros países, de modo que a condição de refugiado está relacionada a graves situações de perseguição e violação de direitos humanos.;CERTO
Com exceção da Alemanha, os demais países da União Europeia foram ágeis na recepção dos imigrantes refugiados e ofereceram abrigo, alimentação e documentação regularizada.;ERRADO
De acordo com a legislação brasileira, não pode ser considerado refugiado o indivíduo que, por fundados temores de perseguição por motivos de opiniões políticas, esteja fora de seu país de nacionalidade e não queira acolher-se à proteção desse país.;ERRADO
Embora assegure diversas garantias de defesa, a Declaração Universal dos Direitos Humanos não garante expressamente a presunção de inocência até que a culpabilidade seja comprovada.;ERRADO
Segundo a jurisprudência do STF, os tratados internacionais de direitos humanos ratificados pelo Brasil antes da EC nº 45/2004 não possuem, em regra, natureza constitucional.;CERTO
A Declaração Universal dos Direitos Humanos deixou de conceituar expressamente o princípio da dignidade humana, permitindo que seu significado tivesse maior amplitude.;CERTO
;
;
. É cada vez mais difícil explicar a definição dos interesses brasileiros referentes à política da Aids no plano internacional apenas pela presença de lideranças carismáticas ou pelo monopólio de uma agência.;CERTO
I. A posição internacional brasileira em relação à política para Aids passou a afetar mais diretamente uma parcela significativa da população, ampliando o interesse dos cidadãos pelas decisões governamentais e a demanda por transparência nos processos decisórios de política externa.;CERTO
II. O maior interesse da população e a demanda por transparência decorrentes do impacto da política para Aids sobre a sociedade justificam a dificuldade de explicar a política externa brasileira apenas pela atuação de lideranças carismáticas ou de uma única agência.;CERTO
. A liberdade de expressão, inclusive nos ambientes virtuais, é responsabilidade exclusiva dos Estados, não havendo qualquer responsabilidade das empresas privadas do setor.;ERRADO
. O PIDCP e o PIDESC recomendam que países de baixo desenvolvimento econômico priorizem direitos sociais e econômicos em detrimento das liberdades individuais.;ERRADO
. A preservação de tradições e práticas culturais de minorias é incompatível com a universalidade dos direitos humanos.;ERRADO
. Indígenas latino-americanos que migrem para o Brasil em razão de graves violações de direitos humanos em seu país de origem não podem ser considerados refugiados pelos tratados internacionais e pela legislação brasileira.;ERRADO
. Ninguém poderá ser objeto de ingerências arbitrárias ou ilegais em sua vida privada, em sua família, em seu domicílio ou em sua correspondência, conforme o PIDCP.;CERTO
. O sistema interamericano possui uma Comissão e uma Corte para tratar do cumprimento dos compromissos assumidos pelos Estados na Convenção Americana, enquanto o sistema europeu possui um Tribunal Europeu dos Direitos do Homem e não possui uma Comissão com as mesmas funções da Comissão Interamericana.;CERTO
. Entre as justificativas apresentadas pelo governo brasileiro para a saída do Pacto Global para Migração estava a ideia de que a imigração deveria ser tratada de acordo com a realidade e a soberania de cada país, e não como uma questão global.;CERTO
. O governo brasileiro justificou a saída do Pacto Global para Migração pela necessidade de alinhar o Brasil às grandes potências econômicas mundiais que também haviam se retirado do Pacto.;ERRADO
. O governo brasileiro justificou a saída do Pacto Global para Migração afirmando que o Brasil não era um país com forte atração de imigrantes.;ERRADO
. As pessoas naturais que violam direitos humanos continuam a gozar da proteção prevista nas normas de direitos humanos.;CERTO
. O Estado somente pode ser responsabilizado por violações de direitos humanos reconhecidos na Convenção Americana quando a violação for praticada diretamente por seus agentes.;ERRADO
. Todos os direitos humanos foram afirmados em um único momento histórico.;ERRADO
. Conforme a forma de internalização, os tratados internacionais de direitos humanos podem receber status constitucional ou legal no ordenamento brasileiro.;ERRADO
. A atribuição de status constitucional aos tratados internacionais de direitos humanos depende de sua aprovação por três quintos dos membros de cada Casa do Congresso Nacional, em dois turnos.;CERTO
. Em situações excepcionais que ameacem a existência da nação e sejam oficialmente proclamadas, os Estados-partes do PIDCP podem suspender determinadas obrigações, na estrita medida exigida pela situação e sem discriminação por raça, cor, sexo, língua, religião ou origem social.;CERTO
. A Declaração Universal dos Direitos Humanos, de 1948, é, do ponto de vista técnico-formal, uma resolução juridicamente não vinculante, com caráter de recomendação.;CERTO
. O relevante número de imigrantes latino-americanos que entram ilegalmente no Brasil relaciona-se à porosidade das fronteiras brasileiras e à proximidade geográfica dos países de origem desses imigrantes.;CERTO
. Os conflitos étnicos e religiosos, decorrentes principalmente do crescimento contemporâneo do fundamentalismo, constituem a principal causa das migrações internacionais de maior volume.;ERRADO
. A política europeia contemporânea de condução das migrações socioeconômicas pelo mar Mediterrâneo ainda reflete concepções originadas no colonialismo e no neocolonialismo europeus.;CERTO
. O Brasil é atualmente o país de maior destaque na rota de imigrantes ilegais do continente americano.;ERRADO
. Os direitos humanos e os direitos fundamentais visam à proteção e à promoção da dignidade da pessoa humana, sendo os direitos humanos consagrados no plano internacional e os direitos fundamentais no plano interno, especialmente na Constituição Federal.;CERTO
. Os direitos humanos são divididos em gerações, sendo a primeira geração afirmada a partir das ideias iluministas e liberais dos séculos XVIII e XIX.;CERTO
. O Pacto de San José da Costa Rica, elaborado após a criação da Organização dos Estados Americanos, constitui instrumento de proteção dos direitos humanos no âmbito interamericano.;CERTO
. Os direitos econômicos, sociais e culturais previstos nas normas internacionais são considerados direitos humanos de terceira geração.;ERRADO
. Todos os tratados internacionais de direitos humanos pactuados pelo Brasil possuem automaticamente status equivalente ao de normas constitucionais.;ERRADO
. No caso Velásquez Rodríguez, a Corte Interamericana afirmou que os Estados-partes devem prevenir, investigar e punir violações dos direitos reconhecidos pela Convenção Americana, bem como procurar restabelecer o direito violado e reparar os danos produzidos.;CERTO
. Segundo a Declaração e Programa de Ação de Viena, os direitos humanos são indivisíveis, interdependentes e inter-relacionados, devendo a comunidade internacional considerá-los em pé de igualdade.;CERTO
. A Declaração Universal dos Direitos Humanos, de 1948, foi o primeiro documento normativo de alcance global sobre direitos humanos.;CERTO
. Ainda antes de Cristo, foram desenvolvidos fundamentos intelectuais da igualdade essencial entre os seres humanos e da existência de direitos universais.;CERTO
. Foi somente no período posterior à Segunda Guerra Mundial que os direitos humanos foram positivados pela primeira vez na história.;ERRADO
. A equiparação dos tratados internacionais de direitos humanos às emendas constitucionais depende de aprovação por maioria simples dos membros de cada Casa do Congresso Nacional, em turno único.;ERRADO
. A Convenção Internacional sobre os Direitos das Pessoas com Deficiência possui status supraconstitucional no ordenamento jurídico brasileiro.;ERRADO
. A Declaração Universal dos Direitos Humanos destacou a dignidade da pessoa humana como ponto de convergência da ética universal e fundamento valorativo do sistema protetivo global dos direitos humanos.;CERTO
. O Brasil tornou-se rota de refúgio por oferecer vagas de emprego e carteira assinada aos refugiados.;ERRADO
I. O Alto Comissariado das Nações Unidas para Refugiados (ACNUR) é um dos órgãos responsáveis por promover ações de recepção e análise dos pedidos de refúgio no mundo.;CERTO
II. O CONARE possui discricionariedade absoluta para indeferir pedidos de refúgio por razões de interesse nacional, mesmo quando o requerente preenche todos os requisitos legais.;ERRADO
. A Comissão Interamericana de Direitos Humanos poderá solicitar ao Estado brasileiro a adoção de medidas cautelares para prevenir danos irreparáveis às pessoas vítimas de violações de direitos humanos.;CERTO
;
;
. Segundo a Declaração Universal dos Direitos Humanos, todo ser humano, vítima de perseguição de qualquer tipo, tem o direito de procurar e de gozar asilo em outros países.;ERRADO
I. Segundo a Declaração Universal dos Direitos Humanos, todo ser humano tem direito a uma nacionalidade, e ninguém será arbitrariamente privado de sua nacionalidade nem do direito de mudar de nacionalidade.;CERTO
II. Segundo a Declaração Universal dos Direitos Humanos, a família é o núcleo natural e fundamental da sociedade e tem direito à proteção da sociedade e do Estado.;CERTO
. A Declaração Universal dos Direitos Humanos estabelece que todo ser humano tem direito ao trabalho, à livre escolha de emprego, a condições justas e favoráveis de trabalho e à proteção contra o desemprego.;CERTO
I. A Declaração Universal dos Direitos Humanos estabelece que todo ser humano, sem qualquer distinção, tem direito a igual remuneração por igual trabalho.;CERTO
II. A Declaração Universal dos Direitos Humanos estabelece que todo ser humano tem direito a repouso e lazer, incluindo limitação das horas de trabalho, férias e descanso semanal remunerado.;CERTO
V. A Declaração Universal dos Direitos Humanos estabelece que todo ser humano que trabalha tem direito a remuneração justa e satisfatória que assegure, a si e à sua família, uma existência compatível com a dignidade humana, acrescida, se necessário, de outros meios de proteção social.;CERTO
. O Tratado de Marraquexe, aprovado em cada Casa do Congresso Nacional em dois turnos, por três quintos dos votos dos respectivos membros, possui status de norma constitucional no ordenamento jurídico brasileiro.;CERTO
. Segundo a Declaração Universal dos Direitos Humanos, todo indivíduo tem direito à liberdade de opinião e de expressão, incluindo o direito de não ser inquietado por suas opiniões e de procurar, receber e difundir informações e ideias sem consideração de fronteiras.;CERTO
. A legalidade do uso da força entre Estados é uma questão de jus ad bellum, mas é irrelevante para a aplicabilidade do Direito Internacional Humanitário às operações, inclusive às operações ilegais realizadas por forças nacionais ou multinacionais.;CERTO
I. O Direito Internacional Humanitário, também denominado jus in bello ou jus contra bellum, regula o uso da força entre Estados, tendo seus princípios básicos definidos na Carta da ONU e no direito consuetudinário correspondente.;ERRADO
II. O jus in bello estabelece padrões mínimos de humanidade aplicáveis a qualquer conflito armado, internacional ou não, enquanto o jus ad bellum regula a legitimidade do uso da força por uma missão confiada a forças nacionais ou multinacionais.;CERTO
. A Convenção Interamericana contra o Racismo, a Discriminação Racial e Formas Correlatas de Intolerância, aprovada conforme o procedimento do art. 5º, § 3º, da Constituição Federal, possui status equivalente ao de emenda constitucional.;CERTO
. No caso Trabalhadores da Fazenda Brasil Verde versus Brasil, a Corte Interamericana de Direitos Humanos estabeleceu um conceito de escravidão baseado no estado ou condição do indivíduo, independentemente da existência de documentação formal que vincule a propriedade de uma pessoa a outra.;CERTO
. Segundo a Convenção Relativa ao Estatuto dos Refugiados, os refugiados têm direito ao mesmo tratamento assegurado aos nacionais no que concerne ao acesso aos tribunais, inclusive à assistência judiciária.;CERTO
. A Carta de Ottawa foi o documento da Organização Mundial da Saúde que definiu o conceito e as principais diretrizes da promoção da saúde.;CERTO
. O controle do comércio ilícito de produtos de tabaco é uma medida de controle da oferta prevista pela Convenção-Quadro para o Controle do Tabaco.;CERTO
. Entre os objetivos da Agenda 2030 estão acabar com a pobreza em todas as suas formas, em todos os lugares, alcançar a igualdade de gênero e empoderar todas as mulheres e meninas.;CERTO
I. A Agenda 2030 possui, entre seus 17 Objetivos de Desenvolvimento Sustentável, o objetivo específico de eliminar todas as formas de discriminação racial.;ERRADO
II. Entre os objetivos da Agenda 2030 estão tornar as cidades e os assentamentos humanos inclusivos, seguros, resilientes e sustentáveis, bem como assegurar uma vida saudável e promover o bem-estar para todos, em todas as idades.;CERTO
. A efetiva internacionalização dos direitos humanos somente ocorreu com a aprovação da Declaração Universal dos Direitos Humanos, em 1948, que constituiu o marco inicial dessa nova fase histórica.;ERRADO
. A historicidade dos direitos humanos significa concebê-los como direitos naturais decorrentes da própria natureza das coisas e emanados de uma autoridade superior em determinado momento histórico.;ERRADO
. Os direitos fundamentais possuem eficácia horizontal nas relações privadas, mas ainda existem dúvidas quanto à sua aplicabilidade por falta de previsão expressa na Constituição Federal de 1988.;ERRADO
. Os direitos humanos não são absolutos e podem sofrer limitações quando entram em conflito com outros direitos, podendo ser relativizados conforme as circunstâncias.;CERTO
. Os direitos humanos são interdependentes, porque um direito complementa e se relaciona com os demais direitos humanos.;CERTO
. A Declaração Universal dos Direitos Humanos apresenta ideais e princípios que orientam instrumentos internacionais posteriores e inspiram Constituições e normas infraconstitucionais de diversos Estados.;CERTO
;
;
;
. A Convenção Internacional sobre os Direitos das Pessoas com Deficiência e seu Protocolo Facultativo foram incorporados ao direito brasileiro com status equivalente ao de emenda constitucional.;CERTO
. Segundo os Princípios de Yogyakarta, nenhuma pessoa deve ser submetida a pressões para esconder, reprimir ou negar sua orientação sexual ou identidade de gênero, salvo quando essas pressões forem realizadas por seus próprios pais.;ERRADO
I. Os Princípios de Yogyakarta estabelecem que os Estados devem revogar leis que criminalizem a atividade sexual consensual entre pessoas do mesmo sexo que tenham atingido a idade do consentimento e, até a revogação, não devem impor pena de morte por esses crimes.;CERTO
II. Os Princípios de Yogyakarta não fazem referência a crianças e adolescentes, pois existe tratado específico destinado às pessoas menores de 18 anos.;ERRADO
. O posicionamento mais recente do STJ é de que a Lei Maria da Penha não se aplica aos casos de violência doméstica e familiar contra mulheres transgêneros.;ERRADO
I. A Corte Interamericana de Direitos Humanos ainda não condenou nenhum Estado especificamente por violência obstétrica, mas a Comissão Interamericana apresentou perante a Corte o caso Luiza Melinho, que envolve, entre outros aspectos, a apuração de violência obstétrica.;CERTO
II. De acordo com a Corte Interamericana de Direitos Humanos, em crimes violentos contra mulheres deve ser considerada, na investigação, a possível influência do machismo estrutural e da vulnerabilidade da mulher.;CERTO
. A Convenção sobre os Direitos das Pessoas com Deficiência reconhece que mulheres e meninas com deficiência estão sujeitas a múltiplas formas de discriminação e determina a adoção de medidas para assegurar o pleno e igual exercício de seus direitos humanos e liberdades fundamentais.;CERTO
I. A Convenção sobre os Direitos das Pessoas com Deficiência determina que crianças com deficiência tenham o direito de expressar livremente sua opinião sobre assuntos que lhes digam respeito, com sua opinião devidamente considerada de acordo com idade e maturidade.;CERTO
II. A Convenção sobre os Direitos das Pessoas com Deficiência determina que toda pessoa com deficiência privada de liberdade receba, a cada seis meses, atendimento médico especializado.;ERRADO
. No Brasil, a Convenção para a Prevenção e a Repressão do Crime de Genocídio foi aprovada por decreto legislativo, mas ainda não foi promulgada.;ERRADO
I. Segundo a Convenção para a Prevenção e a Repressão do Crime de Genocídio, pessoas que cometerem genocídio serão punidas, exceto governantes, que possuem foro especial.;ERRADO
II. O genocídio não será considerado crime político para fins de extradição, devendo as partes contratantes comprometer-se a conceder a extradição de acordo com sua legislação e os tratados vigentes.;CERTO
. Irene Ximenes Lopes Miranda poderia ter apresentado diretamente à Corte Interamericana de Direitos Humanos a petição contra o Brasil, sem passar pela Comissão Interamericana.;ERRADO
I. O caso Ximenes Lopes foi o primeiro caso envolvendo pessoa com deficiência julgado pela Corte Interamericana e demonstrou que o Brasil pode ser responsabilizado internacionalmente por atos de entes federados ou do Poder Judiciário.;CERTO
II. A sentença do caso Ximenes Lopes determinou que o Estado brasileiro elaborasse uma política antimanicomial.;ERRADO
. Ao ratificar um tratado internacional, o Presidente da República não pode formular reservas.;ERRADO
. As desigualdades de gênero constituem uma condição social que impacta a segurança alimentar, sendo a insegurança alimentar mais evidente em domicílios nos quais uma mulher é a pessoa de referência ou responsável pela família.;CERTO
I. O direito a um nível adequado de vida, incluindo alimentação, vestimenta e moradia, está entre os direitos garantidos pelo PIDESC.;CERTO
II. A Declaração Universal dos Direitos Humanos reconhece o direito a um padrão de vida capaz de assegurar saúde e bem-estar, incluindo alimentação, constituindo importante marco para o reconhecimento do direito à alimentação.;CERTO
. Configura crime de genocídio a adoção de medidas destinadas a impedir nascimentos no seio de grupo nacional, étnico, racial ou religioso, com a intenção de destruí-lo, no todo ou em parte.;CERTO
I. O genocídio não será considerado crime político para efeitos de extradição.;CERTO
II. Configura crime de genocídio a submissão culposa de grupo nacional, étnico, racial ou religioso a condições de existência capazes de ocasionar sua destruição física total ou parcial.;ERRADO
. O Art. 3º, comum às quatro Convenções de Genebra de 1949, também se aplica a conflitos armados sem caráter internacional que ocorram no território de um Estado-parte.;CERTO
. O Brasil ratificou o Protocolo Facultativo ao PIDESC, que prevê a possibilidade de apresentação de denúncias individuais ao Comitê de Direitos Econômicos, Sociais e Culturais.;ERRADO
. O direito de participar do progresso científico e de seus benefícios é expressamente consagrado na Declaração Universal dos Direitos Humanos.;CERTO
. Os direitos humanos de primeira geração estão associados a um contexto de maior intervenção do Estado para reduzir desigualdades sociais.;ERRADO
. A primeira fase de internacionalização da proteção dos direitos humanos foi marcada pelo direito humanitário, pela luta contra a escravidão e pela regulamentação internacional dos direitos dos trabalhadores assalariados.;CERTO
. O conjunto de normas que estabelece os direitos e deveres dos beligerantes na condução das operações militares e limita os meios empregados para causar danos ao inimigo corresponde ao Direito de Haia.;CERTO
. Ao longo da história, a humanidade formulou e consolidou princípios e valores relacionados aos direitos humanos, incluindo liberdade, justiça, igualdade e dignidade.;CERTO
. O direito à participação popular é um direito de primeira geração, enquanto o direito à saúde é um direito de segunda geração.;CERTO
;
. A Corte Interamericana de Direitos Humanos tem competência para determinar, quando reconhece uma violação, que seja assegurado ao prejudicado o gozo do direito ou liberdade violados e, quando cabível, que sejam reparadas as consequências da violação e paga indenização justa à parte lesada.;CERTO
. A historicidade dos direitos humanos significa concebê-los como direitos naturais decorrentes da própria natureza das coisas e emanados de autoridade superior em determinado momento histórico.;ERRADO
. Segundo a Declaração Universal dos Direitos Humanos, o objetivo primordial dos direitos e liberdades nela proclamados é proteger a dignidade humana e promover o desenvolvimento da personalidade de cada indivíduo.;CERTO
. Os tratados internacionais sobre direitos humanos não se subordinam à autoridade normativa da Constituição Federal, pois possuem natureza supraconstitucional.;ERRADO
. A imprescritibilidade do dano ambiental está relacionada à importância do meio ambiente como direito humano fundamental de terceira geração.;CERTO
. O direito à participação popular é um direito de primeira geração, enquanto o direito à saúde é um direito de segunda geração.;CERTO
. Ao longo da história, a humanidade formulou e consolidou princípios e valores relacionados aos direitos humanos, incluindo liberdade, justiça, igualdade e dignidade.;CERTO
. O direito de participar do progresso científico e de seus benefícios é expressamente consagrado na Declaração Universal dos Direitos Humanos.;CERTO
. Os direitos humanos de primeira geração estão inseridos em um contexto de maior intervenção do Estado, com o objetivo de atenuar as diferenças sociais.;ERRADO
. A primeira fase de internacionalização da proteção dos direitos humanos foi marcada pelo direito humanitário, pela luta contra a escravidão e pela regulação dos direitos dos trabalhadores assalariados.;CERTO
. De acordo com a legislação brasileira, o cidadão estrangeiro que ingressar irregularmente no Brasil poderá ter sua condição de refugiado reconhecida se demonstrar que foi obrigado a deixar seu país de nacionalidade em razão de grave e generalizada violação de direitos humanos.;CERTO
. O Brasil, como Estado-membro da Organização dos Estados Americanos, tem o dever de respeitar e garantir os direitos dos trabalhadores migrantes indocumentados, independentemente de sua nacionalidade, em observância aos princípios da igualdade e da não discriminação.;CERTO
. Os Estados signatários da Convenção Americana sobre Direitos Humanos têm o dever não apenas de obedecer às disposições da Convenção, mas também de adotar medidas internas, legislativas e de outras espécies, necessárias à sua plena observância.;CERTO
. A proteção aos direitos humanos prevista na Convenção Americana sobre Direitos Humanos possui natureza complementar à proteção oferecida pelas normas internas dos Estados.;CERTO
. O juiz que for nacional de algum dos Estados-partes em uma controvérsia submetida à Corte Interamericana de Direitos Humanos deverá conservar seu direito de conhecer o respectivo processo.;ERRADO
. Em situação de grave crise humanitária, um Estado-parte da Convenção Americana pode interpretar suas normas de modo a suprimir o gozo e o exercício dos direitos e liberdades reconhecidos pelo Pacto de São José da Costa Rica.;ERRADO
. Segundo o Pacto de São José da Costa Rica, não se admite o restabelecimento da pena de morte nos Estados que a tenham abolido anteriormente.;CERTO
. Os Estados-membros da OEA podem consultar a Corte Interamericana de Direitos Humanos sobre a interpretação de outros tratados relativos à proteção dos direitos humanos nos Estados americanos.;CERTO
. Qualquer entidade não governamental pode formalizar diretamente perante a Corte Interamericana denúncia sobre violação da Convenção Americana, desde que seja legalmente reconhecida por todos os Estados-membros da OEA.;ERRADO
. A Declaração Universal dos Direitos Humanos possui natureza de tratado internacional e sua força jurídica obrigatória perante os países integrantes da ONU é incontroversa.;ERRADO
. Os direitos de terceira geração resultam da globalização dos direitos humanos e correspondem aos direitos de participação democrática, pluralismo, bioética e limites à manipulação genética.;ERRADO
. A primeira afirmação histórica dos direitos humanos ocorreu concomitantemente à ascensão das ideias socialistas no século XIX.;ERRADO
. O surgimento do Direito Internacional dos Direitos Humanos está relacionado, entre outros fatores, à reorganização da sociedade internacional no pós-Segunda Guerra Mundial, tendo como marco histórico a criação da Organização das Nações Unidas.;CERTO
. Em qualquer hipótese, a possibilidade de denúncia de um tratado internacional de direitos humanos é limitada pelo princípio da vedação ao retrocesso.;ERRADO
. O Brasil pode aderir a tratados internacionais de direitos humanos já existentes, mesmo que não tenha participado de sua fase de negociação.;CERTO
. As obrigações assumidas pelo Brasil em tratados internacionais sobre direitos humanos aprofundam a interpretação e o alcance dos direitos e garantias fundamentais relacionados à vida e à segurança.;CERTO
. Todos os tratados internacionais sobre direitos humanos assinados pelo Brasil possuem estatura supralegal, estando acima das leis nacionais e abaixo da Constituição Federal.;ERRADO
. O reconhecimento da igualdade essencial de todo ser humano na Declaração Universal dos Direitos Humanos representa uma negação da ideia de superioridade de uma etnia ou raça sobre as demais, como a que fundamentou as atrocidades cometidas na Segunda Guerra Mundial.;CERTO
. A liberdade de expressão é um direito fundamental absoluto, não podendo sofrer qualquer limitação.;ERRADO
. Na classificação tradicional dos direitos fundamentais em gerações ou dimensões, a liberdade de expressão é considerada um direito de primeira geração.;CERTO
. Segundo a Declaração Universal dos Direitos Humanos, a liberdade de expressão não protege o indivíduo contra ser inquietado por suas opiniões e não garante o direito de procurar, receber e difundir informações e ideias sem consideração de fronteiras.;ERRADO
. O Pacto de São José da Costa Rica veda a execução da pena de morte enquanto estiver pendente a decisão da autoridade competente sobre pedido relacionado à condenação.;CERTO
. Segundo a Declaração Universal dos Direitos Humanos, todo ser humano tem direito de procurar e gozar asilo em outros países, independentemente das circunstâncias que motivem a perseguição.;ERRADO
. A Comissão Interamericana de Direitos Humanos possui competência para realizar visitas in loco e pode solicitar opiniões consultivas à Corte Interamericana de Direitos Humanos.;CERTO
. A Declaração Universal dos Direitos Humanos prevê a gratuidade da instrução, pelo menos nos graus elementares e fundamentais.;CERTO
. A denúncia de um tratado internacional de direitos humanos não é admitida pelo ordenamento jurídico brasileiro.;ERRADO
. Para que um tratado internacional de direitos humanos internalizado no Brasil alcance status de norma constitucional, basta submetê-lo ao procedimento de votação no Congresso Nacional semelhante ao exigido para aprovação de leis complementares.;ERRADO
. A primeira afirmação histórica dos direitos humanos coincide com a internacionalização desses direitos, materializada pela Declaração Universal dos Direitos Humanos, também denominada Declaração de Paris, no contexto da criação da ONU.;ERRADO
. O atributo da indivisibilidade dos direitos humanos significa que todos eles gozam exatamente da mesma proteção jurídica.;ERRADO
. A eficácia horizontal dos direitos humanos, sob a perspectiva da função de defesa, refere-se à proteção existente nas relações entre Estados soberanos.;ERRADO
. A terceira geração dos direitos humanos compreende direitos de titularidade coletiva, como a paz e o meio ambiente equilibrado, consagrando o princípio da solidariedade.;CERTO
;
;
O enfrentamento às mudanças climáticas e o reconhecimento da Convenção-Quadro das Nações Unidas sobre Mudança do Clima (UNFCCC) como fórum internacional intergovernamental primário para negociar a resposta global à mudança do clima é um dos ODS da Agenda 2030 da ONU.;ERRADO
O direito ao meio ambiente equilibrado está previsto na ordem internacional desde a Declaração Universal dos Direitos Humanos.;ERRADO
O direito ao meio ambiente é um direito fundamental de terceira geração ou dimensão.;CERTO
O direito à liberdade religiosa é um direito humano, mas ainda não é considerado um direito fundamental.;ERRADO
A DUDH rechaça todas as formas de escravidão, porém é silente quanto ao tráfico de pessoas escravizadas, o que se justifica pelo momento histórico de sua edição.;ERRADO
As chamadas gerações ou dimensões dos direitos fundamentais sucedem-se, ao longo do tempo, de modo substitutivo.;ERRADO
São características dos direitos fundamentais a historicidade, a imprescritibilidade e a relatividade.;CERTO
A DUDH assegura a todo ser humano o direito a uma nacionalidade e veda a sua supressão arbitrária.;CERTO
Os objetivos e metas de desenvolvimento sustentável previstos na Agenda 2030 da ONU são integrados e indivisíveis, de natureza global e levam em consideração as distintas realidades, capacidades e níveis de desenvolvimento nacionais.;CERTO
Entre as características dos direitos fundamentais citam-se o seu caráter absoluto, bem como a expansividade e a universalidade.;ERRADO
A Declaração Universal dos Direitos do Homem e do Cidadão contempla direitos de primeira e de terceira geração, mas não trata de direitos de segunda geração.;ERRADO
As revoluções liberais inglesa, americana e francesa, e suas respectivas declarações de direitos constituem importantes marcos históricos de afirmação dos direitos humanos.;CERTO
Os Estados-partes da Convenção Relativa ao Estatuto dos Refugiados devem conferir aos refugiados que residam regularmente em seu território tratamento tão favorável quanto possível, e não menos favorável do que é dado aos estrangeiros em geral, no que diz respeito ao exercício de profissões liberais por aqueles refugiados que assim o desejarem e que possuam diploma devidamente reconhecido pelo Estado-parte.;CERTO
O STF consolidou o entendimento de que os tratados e as convenções referentes a direitos humanos e subscritos pelo Brasil sem seguir o rito constitucionalmente determinado são considerados normas supralegais, de maneira a assegurar a supremacia da Constituição e, ao mesmo tempo, reconhecer a importância dos direitos humanos no ordenamento jurídico.;CERTO
Os Estados-partes da Convenção sobre a Eliminação de Todas as Formas de Discriminação contra a Mulher comprometem-se a garantir que nem o casamento com um estrangeiro nem a mudança de nacionalidade do marido durante o casamento modifiquem automaticamente a nacionalidade da esposa, convertam-na em apátrida ou a obriguem a adotar a nacionalidade do cônjuge.;CERTO
O duplo grau de jurisdição é um direito reconhecido pela Convenção Americana de Direitos Humanos, a qual foi incorporada ao direito brasileiro.;CERTO
Devido ao princípio da subsidiariedade, para que uma pessoa possa apresentar diretamente à Comissão Interamericana de Direitos Humanos petição com denúncia ou queixa acerca de violação da Convenção Americana de Direitos Humanos por Estado-membro da OEA, é preciso que tenha havido o esgotamento de todos os recursos na jurisdição interna, não bastando a simples mora do Estado-parte no julgamento de tais recursos, ainda que injustificada.;ERRADO
Os Estados-partes da Convenção contra a Tortura devem incluir os atos de tortura como crimes extraditáveis em todos os tratados de extradição que vierem a concluir entre si.;CERTO
A Convenção Relativa ao Estatuto dos Refugiados veda aos Estados contratantes, em qualquer circunstância, a expulsão de refugiados.;ERRADO
Os Estados-partes da Convenção sobre a Eliminação de Todas as Formas de Discriminação contra a Mulher devem conceder às mulheres prioridades no que diz respeito a direitos e responsabilidades referentes a tutela, curatela, guarda e adoção dos filhos, ou institutos análogos.;ERRADO
De acordo com a Convenção Relativa ao Estatuto dos Refugiados, os Estados contratantes não devem impor aos refugiados despesas fiscais, a exemplo de taxas e impostos.;ERRADO
A adesão à Convenção Relativa ao Estatuto dos Refugiados impõe ao Estado contratante a obrigação de conceder aos refugiados o mesmo tratamento concedido aos nacionais no que se refere ao ensino primário.;CERTO
Os Estados-partes da Convenção sobre a Eliminação de Todas as Formas de Discriminação Racial devem assegurar a qualquer pessoa que estiver sob sua jurisdição o direito de pleitear, perante os tribunais nacionais, reparação justa e adequada por qualquer dano de que tenha sido vítima em decorrência de tal discriminação.;CERTO
Os Estados-partes das convenções referentes à tortura e ao desaparecimento forçado são impedidos de promover a expulsão, devolução ou extradição de pessoa a Estado onde haja risco de ela ser vítima de desaparecimento forçado ou submetida a tortura.;CERTO
O genocídio não pode ser considerado crime político para efeitos de extradição.;CERTO
A concessão de asilo político constitui princípio que rege as relações internacionais da República Federativa do Brasil.;CERTO
Como princípio constitucional que rege as relações internacionais brasileiras, não será concedida a extradição de estrangeiros por crime político ou de opinião.;CERTO
Ao interpretar a Convenção Americana sobre Direitos Humanos, a Corte IDH reconhece a possibilidade de serem adotados critérios para distinção de tratamento entre determinados grupos de indivíduos. As distinções constituem diferenças compatíveis com a Convenção Americana por serem razoáveis e objetivas, enquanto as discriminações constituem diferenças arbitrárias que prejudicam os direitos humanos.;CERTO
As Regras de Mandela e as Regras de Bangkok são conjuntos de regras da Organização das Nações Unidas, sem caráter obrigatório, que fornecem padrões e princípios para o tratamento de pessoas privadas de liberdade.;CERTO
Os textos sobre a emigração brasileira para Portugal apontam para a coexistência de múltiplos fatores — políticos, econômicos e subjetivos — na decisão migratória, problematizando tanto os modelos clássicos quanto as visões que romantizam o “estilo de vida”.;CERTO
;
;
Na Conferência de Bandung (Indonésia, 1955), 29 países procuraram materializar o conceito de Terceiro Mundo, pronunciaram-se pelo neutralismo em face do sistema bipolar e comprometeram-se a apoiar a luta pela libertação dos povos ainda colonizados.;ERRADO
A Conferência de Bandung consagrou uma linha política de não alinhamento, ou seja, uma opção diplomática de equidistância em relação ao sistema bipolar que emergiu depois da Segunda Guerra Mundial.;ERRADO
O êxito do espírito de Bandung deveu-se, sobretudo, à capacidade de superação de divergências históricas entre países asiáticos e africanos, de que seria exemplo emblemático a cordial e amistosa convivência entre Índia e Paquistão após a conquista das respectivas independências.;ERRADO
A Conferência de Bandung condenou explicitamente toda e qualquer forma de colonialismo, identificado como um mal que devia ser extinto imediatamente, por ser visceralmente contrário à Carta das Nações Unidas e aos direitos humanos.;CERTO
O Brasil prioriza parcerias que reflitam afinidades e laços históricos e culturais, razão pela qual os países lusófonos apresentam-se como os mais importantes parceiros e interlocutores dos brasileiros no presente.;ERRADO
Por atenderem prioritariamente ao interesse da promoção do desenvolvimento, as iniciativas brasileiras de cooperação privilegiam ações econômicas.;ERRADO
As ações brasileiras tanto se amparam em eixos bilaterais quanto se desenvolvem por meio de coalizões e arranjos de alcance e composição variáveis.;CERTO
As ações de cooperação brasileiras conjugam temas tradicionais — econômicos, técnicos e científicos — com o tratamento de questões como inclusão e equidade social, combate à fome e à pobreza, segurança alimentar, promoção de direitos humanos e igualdade de gênero.;CERTO
O FMI, criado em 1944 na Conferência de Bretton Woods, dispõe de um processo decisório concentrado nos países que detêm maior número de quotas no Fundo, o que acarreta desequilíbrio entre a representação dos interesses desses países e a dos países em desenvolvimento.;CERTO
Entre os principais chefes de Estado que fundaram o Movimento dos Não Alinhados, na Conferência de Bandung, encontravam-se Nehru, Sukarno, Nasser, Tito e Fidel Castro.;ERRADO
O governo brasileiro tem privilegiado o IBAS como foro de consulta e diálogo político sobre questões vinculadas à promoção do desenvolvimento e da cooperação internacional e tem evitado envolver-se em questões controversas da política internacional, assumindo ser esse papel reservado a outras instâncias, como o BRIC.;ERRADO
O interesse do Brasil na consolidação do G20 como principal foro internacional para o diálogo político sobre coordenação econômica, em substituição ao G8, está embasado na maior representatividade e na crescente importância que o G20 vem assumindo em questões relacionadas à cooperação econômico-financeira e à estabilidade econômica global.;CERTO
O IBAS é mecanismo privilegiado para o incremento da cooperação Sul-Sul e para a construção de posições comuns aos três países-membros no que concerne à reforma de organismos internacionais, tais como o FMI e o Conselho de Segurança da ONU.;CERTO
De acordo com avaliação do governo brasileiro, o G20 e o BRIC não estão funcionalmente articulados, pois respondem a objetivos diferenciados, estando o primeiro voltado à governança global econômica e o segundo à abordagem de temas da política e segurança internacional.;ERRADO
O governo brasileiro tem priorizado o engajamento na cooperação triangular, considerando-a recurso indispensável à consolidação da presença internacional do Brasil, à manutenção da condição de país que oferece cooperação no plano global e à vinculação da cooperação Norte-Sul à cooperação Sul-Sul.;CERTO
Em razão de sua presença e importância na cooperação internacional, particularmente no contexto da cooperação Sul-Sul, o Brasil tem envidado esforços para ajustar suas ações e sua avaliação aos princípios da Declaração de Paris e aos parâmetros formulados pelo Comitê de Assistência ao Desenvolvimento da OCDE.;ERRADO
Ao oferecer cooperação aos países em desenvolvimento, o Brasil objetiva conquistar assento permanente no Conselho de Segurança da ONU e expandir sua presença comercial na América Latina e na África.;ERRADO
A partir de 2003, houve incremento da cooperação internacional prestada pelo Brasil e alinhamento mais efetivo dessa cooperação aos objetivos e prioridades da política externa brasileira, destacando-se a promoção da multipolaridade e o adensamento das relações com os países da América do Sul e da África.;CERTO
O BRICS, o BASIC e o IBAS, embora tenham membros em comum e discutam temas transversais recorrentes, como mudança do clima e desenvolvimento sustentável, resultam de iniciativas distintas, com lógicas institucionais diferentes.;CERTO
O interesse do Brasil no BRICS concentra-se nas iniciativas estratégicas relativas à segurança internacional, mediante ação coesa em organismos como o Conselho de Segurança da ONU e a AIEA, comprovada pela votação harmônica dos quatro países.;ERRADO
A iniciativa de aproximação entre Brasil, Índia e África do Sul, por meio da criação do IBAS, atende ao anseio desses países por coordenar ações de líderes emergentes, interferir na fixação de prioridades do G77, controlar a influência do C-34 sobre o ECOSOC e articular posições conjuntas na OMC.;ERRADO
No quadro da cooperação Sul-Sul, é iniciativa emblemática do ativismo brasileiro o programa CBERS, desenvolvido em parceria com a China, voltado à cooperação tecnológica e ao desenvolvimento de satélites de sensoriamento remoto.;CERTO
Na VI Cúpula dos BRICS, acordou-se que o primeiro presidente do Novo Banco de Desenvolvimento seria da Rússia; o primeiro presidente do Conselho de Governadores, da Índia; e o primeiro presidente do Conselho de Administração, do Brasil.";ERRADO
Foi acertado em Fortaleza que o Novo Banco de Desenvolvimento seria sediado em Xangai.;CERTO
Juntamente com o Acordo Constitutivo do Novo Banco de Desenvolvimento, foi assinado em Fortaleza o Tratado para o Estabelecimento do Arranjo Contingente de Reservas dos BRICS, com recursos iniciais da ordem de US$ 100 bilhões.;CERTO
Definiu-se na Cúpula de Fortaleza que o Novo Banco de Desenvolvimento teria capital inicial autorizado de US$ 100 bilhões, com capital inicial subscrito de US$ 50 bilhões, dividido igualmente entre seus membros fundadores.;CERTO
Na Conferência de Bandung, os Estados afro-asiáticos se apresentaram como um bloco organizado perante o resto do mundo, e seus participantes tinham economias essencialmente agrícolas, exceto o Japão.;ERRADO
O Arranjo Contingente de Reservas e o Novo Banco de Desenvolvimento constituem passos importantes na criação de uma arquitetura financeira conjunta do BRICS. O CRA pretende complementar a rede global de proteção financeira, ajudando a prevenir pressões de curto prazo sobre o balanço de pagamentos, e cada país contribuiria inicialmente com um quinto dos US$ 100 bilhões.;CERTO
A criação do NDB e do AIIB insere-se em contexto de retomada do debate sobre bancos de desenvolvimento, considerando sua atuação anticíclica e sua função de canalização de recursos para projetos de longo prazo, em consonância com compromissos do G20 e da Agenda 2030.;CERTO
O BRICS, inicialmente um fórum de diálogo, evoluiu para um mecanismo de cooperação e já criou duas instituições: o Novo Banco de Desenvolvimento, voltado prioritariamente ao financiamento de infraestrutura, e o Arranjo Contingente de Reservas.;CERTO
Da década de 1950 à década de 1990, o Brasil foi receptor de cooperação externa, apesar de que, a partir da redemocratização, tenha começado a se engajar nas próprias parcerias de desenvolvimento por meio da prestação de cooperação à América Latina e aos países africanos lusófonos.;ERRADO
A expansão de recursos e do número de projetos de Cooperação Sul-Sul entre 2005 e 2009 foi acompanhada pelo crescimento da presença no exterior de instituições públicas brasileiras, como a Embrapa e a Fiocruz, envolvidas na provisão de cooperação técnica.;CERTO
Entre 2008 e 2012, a Agência Brasileira de Cooperação priorizou projetos no Sul Global com impactos sociais e econômicos de longo prazo e aprimoramento das capacidades locais, tendo ocorrido reforma institucional para ampliar recursos humanos, financeiros e logísticos da agência.;CERTO
Um dos principais desafios da Cooperação Sul-Sul do Brasil está relacionado à coordenação de mais de 100 órgãos governamentais envolvidos na cooperação internacional, havendo dificuldades na delimitação de prerrogativas e mandatos entre ministérios, agências, MRE e ABC.;CERTO
;
Na Conferência de Bandung (1955), 29 países procuraram materializar o conceito de Terceiro Mundo, pronunciaram-se pelo neutralismo diante do sistema bipolar e comprometeram-se a apoiar a luta pela libertação dos povos ainda colonizados.;CERTO
A Conferência de Bandung consagrou uma linha política de não alinhamento, entendida como opção diplomática de equidistância em relação ao sistema bipolar.;ERRADO
O êxito do espírito de Bandung deveu-se sobretudo à superação das divergências históricas entre os países asiáticos e africanos, exemplificada pela cordial convivência entre Índia e Paquistão após suas independências.;ERRADO
A Conferência de Bandung condenou explicitamente o colonialismo e defendeu sua extinção por ser contrário à Carta da ONU e aos direitos humanos.;CERTO
O Brasil prioriza parcerias baseadas em afinidades históricas e culturais, sendo os países lusófonos seus mais importantes parceiros e interlocutores.;ERRADO
As iniciativas brasileiras de cooperação privilegiam ações econômicas por atenderem prioritariamente à promoção do desenvolvimento.;ERRADO
As ações brasileiras de cooperação desenvolvem-se tanto por meio de relações bilaterais quanto por coalizões e arranjos de alcance e composição variados.;CERTO
A cooperação brasileira combina temas econômicos, técnicos e científicos com inclusão social, combate à fome e à pobreza, segurança alimentar, direitos humanos e igualdade de gênero.;CERTO
O FMI, criado em 1944 em Bretton Woods, possui processo decisório concentrado nos países que detêm maior número de quotas, gerando desequilíbrio na representação dos interesses dos países desenvolvidos e em desenvolvimento.;CERTO
Entre os fundadores do Movimento dos Não Alinhados estavam Nehru, Sukarno, Nasser, Tito e Fidel Castro.;ERRADO
O Brasil privilegiou o IBAS como foro exclusivamente voltado ao desenvolvimento e evitou questões controversas da política internacional, deixando esse papel para o BRIC.;ERRADO
O interesse brasileiro na consolidação do G20 como principal foro de coordenação econômica decorre de sua maior representatividade e importância para a estabilidade econômica global.;CERTO
O IBAS constitui mecanismo privilegiado para a cooperação Sul-Sul e para a construção de posições comuns sobre reformas do FMI e do Conselho de Segurança da ONU.;CERTO
G20 e BRIC não estão funcionalmente articulados, pois o primeiro trata exclusivamente da governança econômica e o segundo exclusivamente de política e segurança internacional.;ERRADO
O governo brasileiro priorizou a cooperação triangular como instrumento indispensável à sua projeção internacional e à articulação entre cooperação Norte-Sul e Sul-Sul.;CERTO
O Brasil ajustou suas ações de cooperação Sul-Sul aos princípios da Declaração de Paris e aos parâmetros do Comitê de Assistência ao Desenvolvimento da OCDE.;ERRADO
Ao oferecer cooperação aos países em desenvolvimento, o Brasil objetiva conquistar assento permanente no Conselho de Segurança e ampliar sua presença comercial na América Latina e na África.;ERRADO
A partir de 2003, houve aumento da cooperação internacional brasileira, alinhada às prioridades da política externa, com destaque para a multipolaridade e o estreitamento das relações com América do Sul e África.;CERTO
BRICS, BASIC e IBAS possuem membros em comum e discutem temas transversais, mas resultam de iniciativas distintas e apresentam lógicas institucionais diferentes.;CERTO
O interesse brasileiro no BRICS concentra-se principalmente na segurança internacional, com atuação coesa dos quatro países no Conselho de Segurança e na AIEA.;ERRADO
O IBAS foi criado para coordenar ações de Brasil, Índia e África do Sul, inclusive em reformas da governança internacional e em posições conjuntas na OMC.;ERRADO
O programa CBERS constitui iniciativa emblemática da cooperação Sul-Sul brasileira, envolvendo cooperação tecnológica entre Brasil e China.;CERTO
Na VI Cúpula dos BRICS, o primeiro presidente do Novo Banco de Desenvolvimento seria da Rússia, o presidente do Conselho de Governadores seria da Índia e o presidente do Conselho de Administração seria do Brasil.;CERTO
O Novo Banco de Desenvolvimento foi definido em Fortaleza como instituição sediada em Xangai.;CERTO
Em Fortaleza, juntamente com o Acordo Constitutivo do NDB, foi assinado o tratado que estabeleceu o Arranjo Contingente de Reservas, com recursos iniciais de US$ 100 bilhões.;CERTO
O NDB teria capital autorizado de US$ 100 bilhões e capital inicialmente subscrito de US$ 50 bilhões, dividido igualmente entre os membros fundadores.;CERTO
Na Conferência de Bandung, os Estados afro-asiáticos apresentaram-se como bloco organizado, e seus participantes tinham economias essencialmente agrícolas, exceto o Japão.;ERRADO
O Arranjo Contingente de Reservas complementa a rede global de proteção financeira e possui recursos de US$ 100 bilhões, com contribuição inicial de um quinto por cada país.;CERTO
A criação do NDB e do AIIB insere-se no contexto de valorização dos bancos de desenvolvimento e converge com compromissos do G20 relacionados à Agenda 2030.;CERTO
O BRICS evoluiu de fórum de diálogo para mecanismo de cooperação e criou o NDB e o Arranjo Contingente de Reservas.;CERTO
Entre as décadas de 1950 e 1990, o Brasil foi receptor de cooperação externa e, com a redemocratização, passou a prestar cooperação principalmente à América Latina e aos países africanos lusófonos.;CERTO
O aumento dos recursos e projetos de Cooperação Sul-Sul entre 2005 e 2009 foi acompanhado pela expansão internacional de instituições brasileiras como Embrapa e Fiocruz.;CERTO
Entre 2008 e 2012, a ABC priorizou projetos com impactos sociais e econômicos de longo prazo e aprimorou seus recursos humanos, financeiros e logísticos.;CERTO
Um dos principais desafios da Cooperação Sul-Sul brasileira é coordenar mais de 100 órgãos governamentais envolvidos na cooperação internacional.;CERTO
A cooperação Sul-Sul também foi denominada cooperação técnica entre países em desenvolvimento, tendo como referência a Primeira Conferência da ONU sobre Cooperação Técnica entre Países em Desenvolvimento.;CERTO
A cooperação Sul-Sul brasileira baseia-se nos princípios da solidariedade e da não ingerência, não devendo ser utilizada para influenciar a política doméstica dos países parceiros.;CERTO
O Brasil segue o modelo de cooperação para o desenvolvimento da OCDE e depende da contratação de consultores para implementar projetos de cooperação Sul-Sul.;ERRADO
A cooperação Sul-Sul brasileira ocorre predominantemente mediante cooperação financeira e construção de obras de infraestrutura.;ERRADO
China e Rússia reconhecem a importância de África do Sul, Brasil e Índia e suas aspirações na ONU, mas não apoiam suas candidaturas a assentos permanentes no Conselho de Segurança.;ERRADO
O Arranjo Contingente de Reservas é um fundo destinado também ao financiamento de projetos de investimento, sendo a China a maior contribuinte e África do Sul a menor.;ERRADO
O Fundo IBAS beneficia países em desenvolvimento e financia projetos em áreas como agricultura, saúde e meio ambiente, sem condicionantes semelhantes aos do Banco Mundial.;CERTO
O NDB mobiliza recursos para infraestrutura e desenvolvimento sustentável em mercados emergentes e países em desenvolvimento e integra a arquitetura de financiamento da Iniciativa do Cinturão e Rota.;CERTO
O BRICS não possui posicionamento oficial sobre a reforma do Conselho de Segurança da ONU, tema defendido pelo IBAS.;ERRADO
Na Cúpula de Joanesburgo de 2023 foi anunciada a segunda expansão do BRICS, enquanto a primeira havia ocorrido em 2011 com a entrada da África do Sul.;CERTO
O NDB, sediado em Xangai, só pode ser integrado por países membros do BRICS.;ERRADO
A Conferência de Bandung foi pioneira ao reunir países do nascente Terceiro Mundo interessados na descolonização e na construção de estratégias de autonomia diante das grandes potências.;CERTO
Estavam sendo estudadas no BRICS medidas como um sistema de pagamentos alternativo ao SWIFT e uma possível moeda comum, capazes de reduzir futuramente a hegemonia do dólar.;CERTO 
Os países do BRICS representam aproximadamente 40% do PIB mundial em paridade de poder de compra, enquanto o G7 representa aproximadamente 30%.;CERTO
O BRICS é um bloco econômico cujos elementos estruturais são o NDB e o Arranjo Contingente de Reservas.;ERRADO
Na Conferência de Bandung, os países não alinhados defenderam a soberania e a integridade territorial das nações, em consonância com proposições da Conferência de Colombo.;CERTO
O modo histórico de surgimento dos Estados pressupõe povo, território, governo e soberania, sem qualquer derivação de outro Estado preexistente.;ERRADO
A descolonização dos anos 1960 e a predominância dos países do Terceiro Mundo na Assembleia Geral da ONU contribuíram para o nascimento do direito do desenvolvimento.;CERTO
O Grupo dos 77 é defensor do bilateralismo.;ERRADO
Os Objetivos de Desenvolvimento do Milênio incluíam redução da pobreza, combate à fome e doenças, promoção da saúde, igualdade de gênero, educação, acesso à água e proteção ambiental.;CERTO
A visão do Grupo dos 77 foi cristalizada na Carta de Argel de 1967, que continua sendo referência para suas posições.;CERTO
O conceito de Terceiro Mundo surgiu na Guerra Fria e abrangia países em desenvolvimento, com exceção dos países asiáticos.;ERRADO
O Diálogo Norte-Sul defendia, entre outras medidas, o aumento da ajuda externa aos países em desenvolvimento para estimular exportações e crescimento econômico.;CERTO
Um aumento dos termos de troca pode elevar o bem-estar de um país ao reduzir o preço relativo de suas importações e ampliar suas possibilidades de consumo.;CERTO
Segundo Prebisch, o desenvolvimento dos países periféricos exigia maior abertura ao comércio internacional como resposta à deterioração dos termos de troca.;ERRADO
A ideia de Terceiro Mundo é um construto a-histórico e universal que representa precisamente a uniformidade dos países do Sul.;ERRADO
Antes da globalização, elites de países recém-descolonizados já buscavam criar uma frente comum entre países em desenvolvimento.;CERTO
O conceito de Terceiro Mundo, embora sujeito a críticas, expressa certa percepção da dependência estrutural dos países periféricos em relação aos centros econômicos e estratégicos.;CERTO
A busca por uma ordem econômica internacional mais favorável aos países do Terceiro Mundo estimulou a formação de grupos e coalizões como o Grupo dos 77 e, em outra escala, o G20.;CERTO
O discurso terceiro-mundista, esboçado em Bandung, consolidou-se no Movimento dos Não Alinhados, denunciando o subdesenvolvimento como resultado da dominação imperialista.;CERTO
Desde a criação da ABC, o Brasil consolidou gradualmente sua posição como ofertante de cooperação e reduziu sua condição de receptor.;CERTO
América do Sul e países africanos lusófonos constituem regiões prioritárias da cooperação brasileira, com atuação em áreas como ensino profissional, agricultura e saúde.;CERTO
O Brasil aproximou sua política de cooperação dos parâmetros e diretrizes de organismos como PNUD e OCDE para melhorar sua relação com os principais países doadores.;ERRADO
Em 2006, o conceito BRIC transformou-se em agrupamento político-diplomático, voltado ao diálogo, identificação de convergências e cooperação em setores específicos.;CERTO
O Banco Mundial pode financiar estados e municípios brasileiros, sendo necessário, nesses casos, o aval da União.;CERTO
A cooperação financeira internacional envolve empréstimos em condições favoráveis, mas não admite doações.;ERRADO
Na cooperação técnica internacional, não há aporte financeiro direto à instituição beneficiária da cooperação.;CERTO
Como país emergente, o Brasil presta cooperação técnica a países em desenvolvimento e deixou de receber cooperação técnica de países desenvolvidos.;ERRADO
Cooperação técnica horizontal é aquela realizada entre o Brasil e outros países em desenvolvimento.;CERTO
O período de maior cooperação técnica recebida pelo Brasil ocorreu entre as décadas de 1950 e 1960.;CERTO
A Declaração de Brasília, de junho de 2003, instituiu formalmente o Fórum de Diálogo Índia, Brasil e África do Sul (IBAS).;CERTO
A criação do NDB e do ACR demonstra a intenção dos BRICS de se afastarem do Banco Mundial e do FMI e reduzir a influência dessas instituições sobre suas economias.;ERRADO
O IBAS mantém instrumentos de cooperação trilateral e com terceiros países que o distinguem do BRICS como mecanismo de ação externa de seus membros.;CERTO
;
. A atual estratégia de inserção internacional do Brasil privilegia a construção de parcerias estratégicas tanto com países desenvolvidos como com aqueles em desenvolvimento, refletindo a amplitude dos interesses e objetivos que sustentam a dimensão universalista de sua política externa.;CERTO
. A ênfase do Brasil em fortalecer a cooperação Sul-Sul a partir de 2003 vinculou-se ao interesse de favorecer a multipolaridade no ambiente internacional, por meio do apoio à promoção do desenvolvimento econômico e social de países e regiões periféricos e da procura por alternativas à cooperação Norte-Sul.;CERTO
. Entre as atribuições da Agência Brasileira de Cooperação (ABC) está supervisionar diretamente projetos de colaboração técnica firmados entre instituições nacionais e internacionais.;ERRADO
. A concepção brasileira de cooperação Sul-Sul estruturante caracteriza-se pela construção de capacidade estratégica, técnica e política para o desenvolvimento.;CERTO
. Entre os objetivos da Declaração de Paris sobre a efetividade da ajuda internacional está a avaliação de performance em populações mais vulneráveis.;ERRADO
. A horizontalidade é princípio da cooperação técnica brasileira e baseia-se na ideia de parceria.;CERTO
. A criação da Agência Brasileira de Cooperação (ABC) estabeleceu um divisor de águas na visão do Governo brasileiro sobre o papel da cooperação internacional para o desenvolvimento.;CERTO
. A cooperação técnica Sul-Sul brasileira, no âmbito do desenvolvimento de capacidades, atua por meio da dimensão social ou contextual voltada ao aperfeiçoamento da estrutura organizacional, dos recursos humanos e técnicos, dos processos produtivos e gerenciais de uma organização.;ERRADO
. Para a política externa brasileira, as coalizões de geometria variável com os grandes países do Sul representam uma opção pela cooperação Sul-Sul e por uma visão global-multilateral, abrindo um leque maior de alternativas nas relações internacionais, que conflitam com a cooperação Norte-Sul.;ERRADO
. A autodeterminação dos povos, no contexto pós-Primeira Guerra Mundial, tornou-se um referencial dos movimentos de libertação nacional e de contestação dos tradicionais impérios europeus na África e na Ásia.;CERTO
. As exportações dos BRICS sofreram rápida queda no ano seguinte ao da crise de 2008, reflexo da vulnerabilidade das potências emergentes aos fatores sistêmicos da economia política internacional.;CERTO
. Diferenciados entre si, programas, projetos, ações preparatórias e ações simplificadas são os mecanismos de implementação técnica mediante os quais a Agência Brasileira de Cooperação (ABC) empreende a cooperação técnica Sul-Sul.;CERTO
. O Brasil prioriza iniciativas de cooperação técnica internacional que ensejem aproximação com outros países em desenvolvimento e que mobilizem atores da esfera pública como agentes fornecedores ou receptores, a fim de propiciar maior alcance social às ações empreendidas.;CERTO
. O debate internacional político e social acerca das relações entre cultura, cooperação cultural e desenvolvimento transcorreu entre a década de 1960 e o início do século XXI, no âmbito de conferências internacionais patrocinadas pela UNESCO, nas quais se afirmaram gradualmente os vínculos da cultura com a melhoria das condições de vida, com o desenvolvimento integral e sustentável e com a paz.;CERTO
. A partir do ano 2000, a reflexão sobre cultura e desenvolvimento se consolidou como vetor central dos esforços das Nações Unidas voltados para a promoção dos Objetivos de Desenvolvimento do Milênio, passando a promoção da cooperação cultural a ser consagrada como um dos Objetivos de Desenvolvimento Sustentável.;ERRADO
;
;
. Os países do BRICS exibem estruturas econômicas muito parecidas, com elevado desenvolvimento industrial.;ERRADO
. A nomenclatura “países em desenvolvimento” surgiu no período pós-guerra para denominar as nações de industrialização clássica, como a maioria dos países da América do Sul e da Europa Oriental, assim como partes dos continentes africano e asiático.;ERRADO
. A prestação de assistência humanitária sem se envolver em hostilidades ou tomar partido em controvérsias de natureza política, religiosa ou ideológica corresponde ao princípio da neutralidade.;CERTO
. Após a 15ª Cúpula dos BRICS, realizada em Joanesburgo em 2023, Argentina, Etiópia e Irã foram alguns dos países convidados a integrar o agrupamento.;CERTO
. Entre os seis países convidados a ingressar no BRICS em 2023, a Argentina desistiu de ingressar no agrupamento por decisão de seu presidente.;CERTO
. O Brasil tem tradicionalmente saldo superavitário com o BRICS, e a China se apresenta como o principal parceiro comercial do país.;CERTO
. Atualmente, o BRICS é formado por onze membros permanentes, com a inclusão recente de Arábia Saudita, Emirados Árabes Unidos, Egito, Etiópia, Indonésia e Irã.;CERTO
. O BRICS representa cerca de 50% da população mundial, um quarto do comércio internacional e possui uma capacidade energética de mais de 70% das reservas de terras raras no mundo.;ERRADO
. O Novo Banco de Desenvolvimento (NDB), criado em 2014, tem por objetivo mobilizar recursos para projetos de infraestrutura e desenvolvimento sustentável alocados nos países do BRICS.;ERRADO
. O protecionismo comercial pouco influencia a cooperação internacional para o desenvolvimento, pois o único objetivo desta é a assistência técnica e financeira.;ERRADO
. A fungibilidade da ajuda advinda das ações de cooperação assegura que os recursos repassados sejam utilizados exclusivamente para os fins previstos, garantindo a eficácia dos projetos de desenvolvimento.;ERRADO
. A cooperação técnica internacional pode ser influenciada por agendas políticas e econômicas, o que pode afetar a neutralidade e a objetividade dos projetos.;CERTO
. Atualmente, a cooperação internacional para o desenvolvimento inclui não apenas assistência financeira, mas também parcerias estratégicas que envolvem transferência de conhecimento e tecnologia.;CERTO
. A Agenda 2030 das Nações Unidas e os Objetivos de Desenvolvimento Sustentável (ODS) servem como frameworks globais de orientação das iniciativas de cooperação internacional para o desenvolvimento.;CERTO
. O desenvolvimento de capacidades na cooperação internacional representa uma evolução em relação à tradicional visão de assistência técnica porque busca fortalecer capacidades individuais ou organizacionais para atingir um objetivo local próprio, em vez de um objetivo externo.;CERTO
. A cooperação transregional ocorre entre países de diferentes regiões do mundo, buscando promover o intercâmbio de experiências e boas práticas em áreas como desenvolvimento sustentável, comércio e segurança.;CERTO
. Os acordos bilaterais e memorandos de entendimento na Cooperação Sul-Sul para o Desenvolvimento atuam como marcos jurídicos gerais que formalizam a cooperação técnica entre o Brasil e outros países e permitem a proposição de ajustes complementares ou programas executivos.;CERTO
. A cooperação internacional se baseia unicamente na transferência de recursos financeiros dos países desenvolvidos para os países em desenvolvimento, visando suprir necessidades básicas e promover o crescimento econômico.;ERRADO
I. A cooperação internacional pode envolver a troca de conhecimentos, experiências e tecnologias entre os países, buscando o fortalecimento das capacidades locais e a promoção do desenvolvimento sustentável.;CERTO
II. A formalização da cooperação se dá a partir de acordos com um ou mais países, ou no marco de um acordo básico com um organismo internacional.;CERTO
;
De que organização internacional o Brasil não era membro pleno em 1997? A) OMC B) OCDE C) OIT D) OEA E) OMS;CERTO
A Crise de 1929 geraria gradual mudança na forma de se conceber o liberalismo desenfreado do período anterior.;CERTO
Em 1944, representantes de 44 países, entre os quais o Brasil, reuniram-se em Bretton Woods com o objetivo de criar mecanismos que livrassem o mundo de crises globais, como a Grande Depressão dos anos 1930.;CERTO
O sistema de Bretton Woods funcionou sem maiores atropelos nos anos 1950, mas, na década de 1960, passou a ser fortemente pressionado, sobretudo pelos déficits externos dos EUA, processo acelerado pelas despesas com a Guerra do Vietnã.;CERTO
Em 1973, os países árabes quintuplicaram o preço do barril de petróleo, em razão dos efeitos da desvalorização do dólar decidida em 1971 e do apoio norte-americano a Israel.;ERRADO
As duas últimas décadas do século XX assistiram à plena abertura dos mercados, o que exigiu o fim de instâncias reguladoras do comércio, como o GATT.;ERRADO
As práticas intervencionistas adotadas durante a Grande Depressão foram implementadas pela maioria dos países, mas os EUA constituíram exceção, pois o New Deal não alterou os princípios liberais da economia norte-americana.;ERRADO
Bretton Woods, Dumbarton Oaks, Ialta, Potsdam e São Francisco foram importantes reuniões da etapa final da Segunda Guerra Mundial, nas quais foram definidos aspectos fundamentais da ordem econômica e política do pós-guerra.;CERTO
Após o fim da Segunda Guerra Mundial, a Conferência de Bretton Woods criou o Banco Internacional de Reconstrução e Desenvolvimento (Banco Mundial) e o Fundo Monetário Internacional (FMI).;CERTO
Os principais objetivos do FMI eram impedir a conversibilidade das moedas e restringir as facilidades de câmbio, instrumentos necessários ao equilíbrio das finanças mundiais.;ERRADO
O fracasso do sistema financeiro criado em Bretton Woods decorreu de seu conservadorismo e pouca criatividade, responsáveis pelo fechamento crescente da economia mundial após 1945.;ERRADO
O Estado de bem-estar social seguiu um modelo universal, sendo a versão alemã a de maior êxito e visibilidade internacional.;ERRADO
Entre os elementos cruciais ao desenvolvimento do Estado de bem-estar estavam a responsabilidade social da produção capitalista, a proteção dos mais fracos e o acesso dos trabalhadores à educação pública, moradia e saúde.;CERTO
O Estado de bem-estar sofreu corrosão do consenso que sustentava sua viabilidade política em países como a Inglaterra após a Segunda Guerra Mundial, em razão das críticas liberais.;CERTO
Na ideia de Estado de bem-estar, a ordem econômica encontra-se subordinada à forma política do Estado, estabelecendo-se hierarquia entre economia e política.;CERTO
A criação do Fórum para Estabilidade Financeira no G7, a Convenção da Basileia II e a criação do Comitê sobre Sistema Financeiro Global no BIS foram iniciativas de fortalecimento do sistema financeiro internacional.;CERTO
O Banco de Compensações Internacionais orientou os bancos centrais a adotarem controles de entrada de capitais para evitar a volatilidade e os impactos negativos dos fluxos de capitais de curto prazo.;ERRADO
O Comitê da Basileia introduziu parâmetros para avaliação e gerenciamento de riscos de mercado e riscos operacionais, buscando fortalecer a estabilidade financeira internacional.;CERTO
Rígidos controles cambiais para conter oscilações do dólar e do euro fazem parte das prescrições do FMI e do Comitê da Basileia para enfrentar crises financeiras.;ERRADO
O FMI possui processo decisório concentrado nos países que detêm maior número de quotas, gerando desequilíbrio entre a representação desses países e a dos países em desenvolvimento.;CERTO
A crise econômica internacional de 2008 foi também considerada uma crise de paradigmas, especialmente da ideia de que os mercados poderiam autorregular-se e recuperar o equilíbrio automaticamente, sem intervenção estatal.;CERTO
As instituições de Bretton Woods não conseguiram propor soluções concretas na Cúpula do G20 realizada em Londres em 2009.;ERRADO
Durante a crise de 2008, o Brasil defendeu créditos para o desenvolvimento, maior regulação financeira, políticas anticíclicas e combate aos paraísos fiscais.;CERTO
Apesar de discordar da resistência dos países ricos em reformar o FMI e o Banco Mundial, o Brasil comprou títulos emitidos pelo FMI em 2009.;CERTO
O Sistema de Bretton Woods, baseado na paridade do dólar com o ouro, perdurou até a Primeira Guerra do Golfo, no início dos anos 1990.;ERRADO
Em resposta ao Plano Marshall, a URSS criou o COMECON em 1949, inicialmente voltado à Europa Oriental e posteriormente estendido a países como Mongólia, Cuba e Vietnã.;CERTO
A doutrina keynesiana, ao defender o papel regulador do Estado, a sustentação da demanda e o aumento da produção, renda e emprego, forneceu sustentação ao Estado de bem-estar social.;CERTO
O Plano Marshall foi bem recebido pela URSS porque se destinava ao conjunto da Europa e não apenas a alguns países.;ERRADO
O FMI e o BIRD emanaram da Carta de Havana, enquanto o GATT foi criado pelo Acordo de Bretton Woods de 1944, tendo o Brasil como um dos 23 signatários originais.;ERRADO
A tese da CEPAL em favor da industrialização da América Latina foi seguida, com maior ou menor êxito, pelos países da região.;CERTO
A Grande Depressão contribuiu para o fracasso da ordem econômica clássica e agravou conflitos entre as nações, enquanto a recuperação econômica de países europeus, como a Alemanha nazista, esteve ligada à corrida armamentista.;CERTO
A Crise de 1929 passou ao largo dos países com pouca ou nenhuma industrialização, como grande parte da Ásia e da América Latina.;ERRADO
Em 1933, Roosevelt e Hitler chegaram ao poder e adotaram respostas contundentes à crise, com o New Deal ampliando a presença do Estado na economia dos EUA, embora preservando a democracia.;CERTO
O New Deal concentrou sua atuação nos setores financeiro e industrial e não envolveu a agricultura nem a organização do trabalho.;ERRADO
Os setores econômicos administrados por grupos familiares conservadores foram preservados dos efeitos da Crise de 1929 porque esses grupos não investiam seu capital no mercado de valores.;ERRADO
Após a Primeira Guerra Mundial, as economias dos principais países europeus tornaram-se dependentes do comportamento do dólar norte-americano, afetando suas balanças de pagamentos e o poder de compra interno.;CERTO
Para combater a Crise de 1929, os Estados optaram, de modo geral, pela intervenção econômica, regulando a produção, criando empregos e fortalecendo a regulamentação do sistema financeiro.;CERTO
O Crash de Wall Street de 1929 envolveu uma queda vertiginosa do valor das ações negociadas na Bolsa de Nova York, medida por índices como o Dow Jones.;CERTO
A liberalização do comércio e dos investimentos internacionais preconizada em Bretton Woods inviabilizou a expansão do setor público, fazendo com que o Estado de bem-estar ficasse restrito aos pequenos países nórdicos.;ERRADO
Traçar planos para o FMI, o Banco Mundial e a ordem financeira e monetária do pós-guerra foi um dos principais objetivos da Conferência de Bretton Woods de 1944.;CERTO
Harry Dexter White e John Maynard Keynes destacaram-se em Bretton Woods na formulação de propostas para as relações monetárias internacionais e os investimentos do pós-Segunda Guerra Mundial.;CERTO
A Europa, devastada pela Segunda Guerra Mundial e com sua posição no comércio global profundamente alterada, não possuía condições de realizar sozinha o dispendioso processo de recuperação e reconstrução.;CERTO
O New Deal reduziu as funções do Estado, diminuindo gastos públicos e impostos para estimular a poupança privada e a recuperação econômica.;ERRADO
O New Deal criou subsídios à indústria com a finalidade principal de reduzir a pressão inflacionária e garantir a continuidade do emprego nas linhas de produção.;ERRADO
O Civilian Conservation Corps foi criado para combater o desemprego, empregando trabalhadores em recuperação de parques e obras de infraestrutura.;CERTO
No início do governo Roosevelt, foram priorizados instrumentos destinados a combater a deflação e aliviar a situação da população, especialmente dos mais pobres.;CERTO
O crawling peg caracterizou a fase das minidesvalorizações cambiais no Brasil, com reajustes sistemáticos da taxa de câmbio em intervalos determinados.;CERTO
No crawling band, estabelece-se uma faixa de flutuação cambial cujos piso e teto não podem ser alterados durante todo o período de vigência do sistema.;ERRADO
Ao adotar uma moeda comum com outros países, um Estado abre mão de sua política cambial própria, passando a administração monetária e cambial a ser exercida conjuntamente, como na União Monetária Europeia.;CERTO
O currency board é um regime cambial rígido, utilizado em planos de estabilização como o argentino, caracterizado por forte vinculação da moeda local a uma moeda de referência e restrições à política monetária.;CERTO
O Clube de Paris é uma instituição subordinada ao FMI e o Brasil dele se desfiliou após quitar sua dívida pública externa.;ERRADO
Em Bretton Woods, Keynes propôs um regime de taxas de câmbio flutuantes como mecanismo fundamental para apoiar o crescimento do comércio internacional no pós-guerra.;ERRADO
Em 2009, o G20 comprometeu-se com reformas na governança do FMI e do Banco Mundial, incluindo aumento da participação dos mercados emergentes e países em desenvolvimento nas quotas e no poder de voto.;CERTO
Nas discussões do G20 sobre a crise financeira de 2008, não houve preocupação com a reforma das agências de classificação de risco.;ERRADO
;
;
O Brasil é membro pleno da Organização para a Cooperação e o Desenvolvimento Econômico (OCDE)?;ERRADO
A Crise de 1929 gerou uma gradual mudança na forma de conceber o liberalismo desenfreado que predominava no período anterior.;CERTO
Em 1944, representantes de 44 países, entre os quais o Brasil, reuniram-se em Bretton Woods com o objetivo de criar mecanismos que evitassem novas crises globais, como a Grande Depressão.;CERTO
O sistema de Bretton Woods funcionou sem maiores problemas nos anos 1950, mas, na década de 1960, passou a ser fortemente pressionado pelo déficit em conta corrente dos EUA, agravado pelas despesas com a Guerra do Vietnã.;CERTO
A Guerra do Yom Kippur, em 1973, contribuiu para o fim da Era de Ouro, e os países árabes quintuplicaram o preço do petróleo em resposta à desvalorização do dólar e ao apoio norte-americano a Israel.;ERRADO
Nas duas últimas décadas do século XX, ocorreu plena abertura dos mercados e o GATT foi extinto porque deixou de ser necessário diante da mundialização da economia.;ERRADO
Os EUA constituíram uma exceção às práticas intervencionistas adotadas durante a Grande Depressão, pois o New Deal não alterou os princípios liberais da economia norte-americana.;ERRADO
Bretton Woods, Dumbarton Oaks, Ialta, Potsdam e São Francisco foram importantes reuniões da etapa final da Segunda Guerra Mundial, relacionadas à organização da ordem econômica e política do pós-guerra.;CERTO
A Conferência de Bretton Woods criou o Banco Internacional de Reconstrução e Desenvolvimento (BIRD) e o Fundo Monetário Internacional (FMI).;CERTO
O principal objetivo do FMI era impedir a conversibilidade das moedas e restringir as facilidades de câmbio para equilibrar as finanças mundiais.;ERRADO
O sistema financeiro criado em Bretton Woods fracassou por seu conservadorismo e pouca criatividade, provocando sucessivos sobressaltos e crescente fechamento da economia mundial após 1945.;ERRADO
O Estado de bem-estar social seguiu um modelo universal, sendo a versão alemã a de maior êxito e visibilidade internacional.;ERRADO
Entre os elementos fundamentais do desenvolvimento do Estado de bem-estar estavam a responsabilidade social da produção capitalista, a proteção dos mais vulneráveis e o acesso dos trabalhadores à educação, moradia e saúde.;CERTO
As críticas liberais ao Estado de bem-estar como produtor de sociedades acomodadas contribuíram para a corrosão do consenso que sustentava esse modelo em países como a Inglaterra.;CERTO
Na concepção de Estado de bem-estar, a ordem econômica passa a estar subordinada à forma política do Estado, em contraste com a concepção clássica de Adam Smith.;CERTO
A criação do Fórum para Estabilidade Financeira no G7, a Convenção da Basileia II e o Comitê sobre Sistema Financeiro Global do BIS foram iniciativas voltadas ao fortalecimento do sistema financeiro internacional.;CERTO
O Banco de Compensações Internacionais orientou os bancos centrais a controlar a entrada de capitais de curto prazo para reduzir a volatilidade financeira.;ERRADO
O Comitê da Basileia introduziu parâmetros para avaliação e gerenciamento dos riscos de mercado e operacionais, visando fortalecer a estabilidade financeira.;CERTO
O FMI e o Comitê da Basileia recomendam rígidos controles cambiais como principal instrumento para conter oscilações do dólar e do euro durante crises financeiras.;ERRADO
O FMI possui processo decisório concentrado nos países com maior número de quotas, o que gera desequilíbrio na representação entre países desenvolvidos e países em desenvolvimento.;CERTO
A crise financeira internacional de 2008 foi também uma crise de paradigmas, pois questionou a ideia de que os mercados poderiam se autorregular sem intervenção estatal.;CERTO
Na Cúpula do G20 de Londres, em 2009, as instituições de Bretton Woods não conseguiram apresentar soluções concretas para a crise econômica internacional.;ERRADO
Durante a crise de 2008, o Brasil defendeu créditos para o desenvolvimento, maior regulação financeira, políticas anticíclicas e combate aos paraísos fiscais.;CERTO
Apesar das críticas às dificuldades de reforma do FMI e do Banco Mundial, o Brasil comprou títulos emitidos pelo FMI em 2009.;CERTO
O Sistema de Bretton Woods, baseado na paridade do dólar com o ouro, permaneceu em vigor até a Primeira Guerra do Golfo, no início dos anos 1990.;ERRADO
Em resposta ao Plano Marshall, a URSS criou o COMECON em 1949, inicialmente voltado à Europa Oriental e posteriormente estendido a países como Mongólia, Cuba e Vietnã.;CERTO
A doutrina keynesiana, ao defender a atuação reguladora do Estado, o estímulo à demanda e o aumento da produção, renda e emprego, forneceu sustentação ao Estado de bem-estar social.;CERTO
A URSS recebeu favoravelmente o Plano Marshall porque ele se destinava ao conjunto da Europa e não apenas a determinados países.;ERRADO
O FMI e o BIRD foram criados pela Carta de Havana, enquanto o GATT foi criado pelo Acordo de Bretton Woods de 1944.;ERRADO
A proposta da CEPAL de industrialização da América Latina foi adotada, com maior ou menor êxito, pelos países da região.;CERTO
A Grande Depressão contribuiu para o acirramento dos conflitos internacionais, e a recuperação econômica de países como a Alemanha nazista esteve ligada, em grande medida, à corrida armamentista.;CERTO
A Crise de 1929 atingiu principalmente os países industrializados e passou ao largo de países pouco industrializados da Ásia e da América Latina.;ERRADO
O New Deal ampliou a presença do Estado na economia norte-americana, preservando a democracia e rompendo com práticas ultraliberais anteriores.;CERTO
O New Deal concentrou-se nos setores financeiro e industrial e não envolveu medidas de recuperação da agricultura ou de organização do trabalho.;ERRADO
Os setores econômicos controlados por grupos familiares conservadores foram preservados dos efeitos da Crise de 1929 porque esses grupos não investiam no mercado de valores.;ERRADO
Após a Primeira Guerra Mundial, as economias europeias tornaram-se dependentes do comportamento do dólar norte-americano, afetando suas balanças de pagamentos, poder de compra e salários.;CERTO
Para enfrentar a Crise de 1929, os Estados ampliaram a intervenção econômica, regulando a produção, criando empregos e promovendo reformas no sistema financeiro.;CERTO
O Crash de Wall Street de 1929 esteve associado à queda vertiginosa do valor das ações negociadas na Bolsa de Nova York, acompanhada pelo índice Dow Jones.;CERTO
A liberalização do comércio e dos investimentos internacionais promovida por Bretton Woods inviabilizou a expansão do setor público e restringiu os sistemas de bem-estar social aos pequenos países nórdicos.;ERRADO
Um dos principais objetivos de Bretton Woods, em 1944, foi estabelecer o FMI, o Banco Mundial e a ordem financeira e monetária do pós-guerra.;CERTO
Harry Dexter White e John Maynard Keynes tiveram papel destacado na formulação das propostas para a organização monetária e financeira internacional do pós-Segunda Guerra Mundial.;CERTO
A devastação econômica e humana da Segunda Guerra Mundial deixou a Europa sem condições de realizar sozinha o esforço necessário para sua recuperação e reconstrução.;CERTO
O New Deal reduziu as funções do Estado, os gastos públicos e os impostos para estimular a poupança privada e recuperar os investimentos.;ERRADO
O New Deal criou subsídios à indústria com o objetivo principal de reduzir a pressão inflacionária e garantir empregos nas linhas de produção.;ERRADO
O Civilian Conservation Corps foi criado para combater o desemprego, empregando trabalhadores em parques, conservação ambiental e obras de infraestrutura.;CERTO
No início do governo Roosevelt, foram priorizadas medidas destinadas a combater a deflação e aliviar a situação econômica da população, especialmente dos mais pobres.;CERTO
O crawling peg caracterizou a política brasileira de minidesvalorizações cambiais, com reajustes sistemáticos da taxa de câmbio.;CERTO
No crawling band, a faixa de flutuação cambial é definida com piso e teto que não podem ser alterados durante toda a vigência do sistema.;ERRADO
Ao adotar uma moeda comum com outros países, um Estado abre mão de sua política cambial própria, passando a administração monetária e cambial a ser exercida conjuntamente.;CERTO
O currency board caracteriza-se por uma forte vinculação da política monetária à disponibilidade de reservas e foi utilizado em planos de estabilização como o argentino.;CERTO
O Clube de Paris é uma instituição subordinada ao FMI responsável pela renegociação de dívidas entre Estados, e o Brasil deixou de ser membro após quitar toda sua dívida externa.;ERRADO
Na Conferência de Bretton Woods, Keynes defendeu um regime de taxas de câmbio flutuantes como elemento central para a recuperação econômica do pós-guerra.;ERRADO
Em 2009, o G20 comprometeu-se com reformas na governança do FMI e do Banco Mundial, incluindo aumento da participação dos mercados emergentes e países em desenvolvimento.;CERTO
Nas discussões do G20 sobre a crise de 2008, não houve preocupação com a reforma das agências de classificação de risco.;ERRADO
Bretton Woods, em 1944, teve como objetivo estabelecer a conversão das moedas europeias para o euro, facilitando o comércio e os investimentos no pós-guerra.;ERRADO
Na América do Sul, a aplicação do Consenso de Washington foi posteriormente seguida por políticas de Argentina e Brasil que modificaram padrões das reformas liberais anteriormente adotadas.;CERTO
O colapso da URSS e da Europa Oriental teve consequências econômicas e políticas mais dramáticas que as da Europa Ocidental, enquanto as economias capitalistas trataram a crise de forma urgente e maciça.;CERTO
O keynesianismo emergiu com a crise liberal após 1929, ganhou força com o New Deal e o welfare state, foi importante na reconstrução europeia pós-1945 e perdeu força diante das proposições de Milton Friedman e do neoliberalismo.;CERTO
O domínio do dólar nos últimos 75 anos pode ser considerado uma anomalia histórica, pois, antes do padrão-ouro, prata, ouro e sistemas bimetálicos coexistiam, enquanto no período entre guerras libra e dólar contribuíam para a liquidez global.;CERTO
A implementação de Basileia III levou o Brasil a reduzir os requerimentos de liquidez e de alavancagem dos grandes bancos para ampliar a oferta de recursos.;ERRADO
A regulação prudencial estabelece requisitos para instituições financeiras, com foco no gerenciamento de riscos e em níveis mínimos de capital para fazer frente aos riscos das atividades financeiras.;CERTO
A adoção de juros negativos sobre reservas bancárias foi utilizada como instrumento de política monetária não convencional durante a crise financeira internacional de 2008.;ERRADO
O Quantitative Easing consiste em operações de mercado aberto destinadas a aumentar as taxas de juros para alinhar expectativas e evitar inflação no longo prazo.;ERRADO
A partir de meados da década de 1970, especialmente após 1973, iniciou-se uma crise econômica mundial de longo prazo, cujo clímax ocorreu no início da década de 1980.;CERTO
O FMI tem como principal atribuição promover diretamente o desenvolvimento econômico de longo prazo dos países em desenvolvimento por meio do setor privado.;ERRADO
O mercado de euromoedas surgiu e se expandiu, entre outros fatores, em razão dos custos de transação relativamente baixos.;CERTO
Os Direitos Especiais de Saque são distribuídos aos países-membros do FMI proporcionalmente às suas respectivas quotas no Fundo.;CERTO
O padrão-ouro apresentava forte viés deflacionário e caracterizava-se pela necessidade de manter a conversibilidade das moedas em ouro.;CERTO
A Corporação Financeira Internacional tem como finalidade estimular o desenvolvimento econômico por meio de ações junto ao setor privado.;CERTO
Os Direitos Especiais de Saque foram criados para suplementar as reservas oficiais dos países-membros e são alocados proporcionalmente às suas quotas no FMI.;CERTO
A proposta inglesa de criação de uma União Internacional de Compensação foi considerada, mas as circunstâncias políticas favoreceram a proposta norte-americana de criação de três organizações internacionais.;CERTO
Entre os fatores que favoreceram a adoção de regimes de câmbio flutuante estiveram o desenvolvimento da engenharia financeira, das tecnologias de informação e a percepção de que a manutenção de câmbios fixos se tornara mais custosa diante da especulação financeira.;CERTO
Os recursos do Banco Interamericano de Desenvolvimento também podem ser utilizados para financiar projetos do setor privado.;CERTO
FMI e Banco Mundial possuem poderes para regular diretamente as contas internas dos Estados que recorrem aos seus recursos.;ERRADO
A livre mobilidade de capitais fazia parte do Sistema de Bretton Woods que prevaleceu no pós-guerra.;ERRADO
Durante a crise asiática de 1998, a Malásia adotou controles de capitais como uma das medidas heterodoxas de enfrentamento da crise.;CERTO
O neoliberalismo defendido por organismos como o FMI incluía privatizações, liberalização comercial, respeito à propriedade intelectual e redução dos déficits públicos, mas não controle de capitais.;CERTO
;
No Consenso de Washington, o aumento do investimento público em infraestrutura e na indústria não se encontrava entre as medidas prescritas.;CERTO
É incorreto afirmar que o Brasil iniciou seu processo de industrialização no final do século XIX como uma das economias retardatárias.;ERRADO
Na crise financeira asiática de 1998, o ataque especulativo iniciou-se contra a moeda tailandesa; a Malásia adotou controle de capitais; a Coreia do Sul recorreu ao FMI; e a China praticamente não sofreu os efeitos da crise.";CERTO
Entre as características do Sistema de Bretton Woods estavam o padrão dólar-ouro e a criação do BIRD e do FMI.;CERTO
Rússia e México eram grandes exportadores de petróleo que não pertenciam à OPEP.;CERTO
A adoção de barreiras ao fluxo de capitais de curto prazo fazia parte da nova visão econômica associada à ascensão do neoliberalismo após a crise de Bretton Woods.;ERRADO
No padrão-ouro, déficits comerciais provocavam redução do estoque de ouro, diminuindo a oferta monetária e os preços e restaurando a competitividade dos produtos domésticos.;CERTO
A volatilidade das taxas de câmbio foi uma das principais características do padrão-ouro e uma das razões de sua obsolescência.;ERRADO
Logo após a Primeira Guerra Mundial, o excesso de ouro em circulação provocou fortes oscilações nas principais moedas e levou os países a abandonar o padrão-ouro.;ERRADO
Entre as duas guerras mundiais, vários países, inclusive a Inglaterra, retornaram ao padrão-ouro, mas dificuldades externas posteriormente os levaram a abandonar esse sistema.;CERTO
A crise agrícola dos anos 1920 reduziu drasticamente os preços agrícolas, mas os produtos dos países em desenvolvimento foram protegidos devido à baixa elasticidade-preço da demanda.;ERRADO
A União Europeia de Pagamentos constituiu um sistema multilateral de pagamentos que permitia conciliar as áreas monetárias dominadas pelo dólar e pela libra esterlina.;CERTO
A resistência dos países industrializados em modificar a paridade de suas moedas reduzia a flexibilidade do sistema de Bretton Woods para lidar com desequilíbrios externos.;CERTO
Em busca de competitividade, empresas tendem a se dirigir para locais que ofereçam mão de obra qualificada e barata e infraestrutura adequada.;CERTO
A globalização econômica caracteriza-se pela integração dos mercados e pela distribuição equitativa da riqueza entre todas as regiões do mundo.;ERRADO
As organizações financeiras internacionais exigiram do Brasil, México e Argentina reformas do Estado destinadas a ampliar a autonomia estatal e centralizar a tomada de decisões.;ERRADO
O padrão-ouro baseava-se na fixação do valor das moedas em relação ao ouro, na livre mobilidade internacional e na conversibilidade das moedas em ouro, tendo como mecanismo teórico o ajuste automático dos balanços de pagamentos.;CERTO
Durante o padrão-ouro, os movimentos internacionais de capital desempenhavam papel fundamental no ajuste dos desequilíbrios dos balanços de pagamentos.;CERTO
Todos os principais países em desenvolvimento seguiram as orientações do Consenso de Washington, realizando amplas reformas econômicas, liberalização comercial e financeira e redução do peso do Estado.;ERRADO
Os países em desenvolvimento que mais cresceram nas últimas décadas integraram-se à economia mundial principalmente por meio da abertura de suas contas de capital e da via financeira.;ERRADO
Rússia e China aderiram ao Consenso de Washington e realizaram amplas reformas liberalizantes nos anos 1990 e nas décadas seguintes.;ERRADO
Diferentemente do padrão-ouro clássico, Bretton Woods representou um compromisso entre o multilateralismo internacional e a possibilidade de intervenção doméstica dos Estados.;CERTO
Uma das principais diferenças entre os planos White e Keynes foi que White defendia a criação de uma moeda supranacional.;ERRADO
A posição do dólar como moeda-chave do sistema de Bretton Woods criava contradições na ordem monetária internacional e gerava privilégios para os Estados Unidos.;CERTO
A cláusula da moeda escassa do FMI, que permitia restrições às importações provenientes de países com grandes superávits, foi invocada inúmeras vezes pelos países-membros.;ERRADO
A política de desvalorização do dólar adotada pelo governo Nixon no início dos anos 1970 ficou conhecida como política de “negligência benigna”.;ERRADO
Desde o fim de Bretton Woods, o sistema monetário internacional passou a ser caracterizado por taxas de câmbio e preços de ativos financeiros que flutuam em mercados cada vez mais integrados.;CERTO
As crises financeiras das décadas de 1980 e 1990 que atingiam simultaneamente segmentos do mercado financeiro e o sistema bancário ficaram conhecidas como crises gêmeas.;CERTO
Durante a crise mexicana de 1994, as taxas reais de juros domésticas superiores às dos EUA provocaram fuga de capitais e desvalorização do peso por serem incompatíveis com a paridade dos juros reais.;ERRADO
O objetivo primordial do Sistema Europeu de Bancos Centrais, segundo o Tratado de Maastricht, é a manutenção da estabilidade de preços na União Europeia.;CERTO
Em 2009, eram objetivos estratégicos da política externa brasileira o ingresso na OCDE e o aprofundamento da participação brasileira no G8.;ERRADO
Após a crise de 2008, o Brasil passou a defender uma nova arquitetura institucional financeira global, privilegiando o G20 por considerá-lo mais representativo da economia mundial e dos países emergentes.;CERTO
As críticas brasileiras ao FMI e ao Banco Mundial contribuíram para a defesa de mecanismos alternativos de governança econômica global, como o BRIC.;CERTO
;
;
A Conferência de Bretton Woods, realizada em 1944, criou o Banco Mundial e o Fundo Monetário Internacional, destinados, respectivamente, ao financiamento de projetos de desenvolvimento e à concessão de empréstimos a países com dificuldades financeiras.;CERTO
No padrão-ouro, a quantidade de ouro disponível em um país constituía a base de sua oferta monetária, com a moeda diretamente vinculada ao ouro e conversível nesse metal.;CERTO
O padrão-ouro restabelecido no período entreguerras diferia significativamente do padrão-ouro clássico devido ao nacionalismo monetário e às dificuldades de coordenação entre Londres e Nova Iorque.;CERTO
O restabelecimento do padrão-ouro no período entreguerras sustentou-se na integração dos mercados internacionais de capitais e contribuiu diretamente para a expansão da oferta monetária e dos investimentos durante todo o período.;ERRADO
Após a Segunda Guerra Mundial, as moedas podiam ter seu valor definido em relação ao ouro ou ao dólar norte-americano, dentro de uma pequena margem de oscilação, contribuindo para a estabilidade cambial e a expansão do comércio até o início dos anos 1970.;CERTO
O Banco Internacional de Compensações (BIS) é um exemplo de instituição de multilateralismo econômico voltada à normatização do comércio internacional.;ERRADO
Segundo John G. Ruggie, o liberalismo inserido do pós-guerra caracteriza-se pela combinação do multilateralismo internacional com o intervencionismo doméstico.;CERTO
O sistema monetário e comercial estabelecido por Bretton Woods apresentava, entre suas características, o Dilema de Triffin.;CERTO
A crise financeira internacional de 2008 teve origem no mercado imobiliário dos EUA, impulsionada pela expansão do crédito e pelo crescimento do segmento subprime, que posteriormente provocou uma crise de liquidez.;CERTO
Entre as regras do Consenso de Washington estavam a eliminação de restrições ao capital externo, a disciplina fiscal e a privatização de empresas estatais.;CERTO
O G20 financeiro foi criado em 1999 em resposta às crises financeiras dos anos 1990 e adquiriu maior importância após a crise de 2008.;CERTO
A principal função do FMI é promover a estabilidade do sistema financeiro internacional, incluindo a estabilidade do sistema monetário e cambial internacional.;CERTO
Desde os anos 2000, o crescimento do PIB dos países em desenvolvimento foi, em geral, superior ao dos países desenvolvidos, aumentando a influência das economias emergentes no cenário internacional.;CERTO
II — A interdependência econômica entre os países diminuiu na década de 2000 devido à maior autonomia do crescimento dos países em desenvolvimento em relação aos países desenvolvidos.;ERRADO
;
;
A Conferência de Bretton Woods, realizada em 1944, resultou na criação do Banco Mundial e do Fundo Monetário Internacional, destinados, respectivamente, ao financiamento de projetos de desenvolvimento e à concessão de empréstimos a países em crises financeiras.;CERTO
Sob o padrão-ouro, a quantidade de ouro de que dispunha um país constituía a base de sua oferta monetária, pois o valor da moeda estava atrelado a determinada quantidade de ouro, favorecendo a conversibilidade e a correção dos desequilíbrios do balanço de pagamentos.;CERTO
O padrão-ouro restabelecido no período entreguerras diferia significativamente do padrão-ouro clássico devido ao nacionalismo monetário e às dificuldades de coordenação entre Londres e Nova Iorque.;CERTO
O restabelecimento do padrão-ouro no período entre guerras sustentou-se na integração dos mercados internacionais de capitais e contribuiu diretamente para a expansão da oferta monetária e dos investimentos durante todo o período.;ERRADO
Após a Segunda Guerra Mundial, as moedas poderiam ter seu valor definido em relação ao ouro ou ao dólar norte-americano, dentro de pequena margem de oscilação, garantindo estabilidade cambial e facilitando a expansão do comércio até o início dos anos 1970.;CERTO
O Banco de Compensações Internacionais (BIS), sediado em Basileia, é um exemplo de instituição de multilateralismo econômico voltada à normatização do comércio internacional.;ERRADO
Segundo John G. Ruggie, o liberalismo inserido do pós-guerra caracterizou-se pela combinação do multilateralismo internacional com o intervencionismo doméstico.;CERTO
O sistema monetário e comercial estabelecido por Bretton Woods apresentava, entre suas características, o Dilema de Triffin.;CERTO
A crise financeira internacional de 2008 teve origem no mercado imobiliário dos Estados Unidos, especialmente na expansão do crédito e no segmento subprime, e posteriormente atingiu outros setores da economia.;CERTO
Entre as regras associadas ao Consenso de Washington estavam a eliminação de restrições ao capital externo, a disciplina fiscal e a privatização de empresas estatais.;CERTO
O G20 financeiro foi criado em 1999 em resposta às sucessivas crises financeiras das economias emergentes durante a década de 1990.;CERTO
A principal função do FMI é promover a estabilidade do sistema financeiro internacional, especialmente do sistema monetário e cambial internacional, condição importante para o crescimento econômico.;CERTO
Desde os anos 2000, as economias em desenvolvimento apresentaram taxas de crescimento superiores às dos países desenvolvidos, aumentando sua influência no cenário internacional.;CERTO
A crise de 1929 ocorreu em contexto de superprodução industrial nos Estados Unidos, enquanto a crise de 2008 esteve associada à especulação financeira e à expansão excessiva do crédito bancário.;CERTO
O Dilema de Triffin corresponde à crise do sistema de Bretton Woods, culminando na suspensão da conversibilidade do dólar em ouro em 1971.;CERTO
O BIS oferece serviços financeiros a bancos centrais, instituições monetárias oficiais e instituições financeiras internacionais, auxiliando na gestão de reservas e ativos financeiros internacionais.;CERTO
Entre os objetivos prioritários do BID estão a redução da pobreza e das desigualdades sociais, o enfrentamento da mudança climática, o desenvolvimento de energias renováveis e a sustentabilidade ambiental.;CERTO
O Clube de Paris é uma entidade informal integrada pelos principais credores oficiais e destinada a encontrar soluções para dificuldades de pagamento dos países devedores.;CERTO
O G20 tornou-se o principal foro de diálogo e coordenação econômica internacional, em razão de sua maior representatividade e da crescente importância das economias emergentes.;CERTO
Após a crise de 2008, o Brasil impulsionou reformas no FMI, defendendo a ampliação das quotas e a redistribuição do poder acionário da instituição.;CERTO
Uma das propostas de Keynes em Bretton Woods envolvia a criação de um fundo ou banco destinado à reconstrução e ao desenvolvimento dos países afetados pela guerra.;CERTO
Entre as novas funções do Estado-nação, especialmente a partir dos anos 1990, esteve o fortalecimento das instituições financeiras nacionais e a manutenção de elevada poupança para reduzir a dependência externa.;CERTO
A agenda do G20, após a crise financeira mundial, passou a priorizar o estímulo ao crescimento econômico e ao emprego e o aumento da resistência da economia global a novos choques.;CERTO
A OCDE coopera com o G20 em ampla agenda de governança econômica, incluindo desenvolvimento, reformas financeiras, comércio, investimentos e questões fiscais.;CERTO
Com a consolidação do G20, o G8 teve sua agenda econômica esvaziada e passou, a partir de 2009, a concentrar-se exclusivamente em questões geopolíticas.;ERRADO
A recuperação das economias dos Estados Unidos e da União Europeia em 2013 criou um contexto desfavorável aos BRICS devido aos desvios de comércio e investimento provocados por essa recuperação.;ERRADO
As decisões monetárias dos Estados Unidos produziram, antes e depois de 2013, efeitos opostos sobre o comportamento cambial das economias emergentes.;CERTO
A redução dos estímulos monetários dos Estados Unidos a partir de maio de 2013 contribuiu para a reversão dos fluxos internacionais de capitais anteriormente direcionados às grandes economias emergentes.;CERTO
As baixas taxas de juros nos Estados Unidos e o fraco desempenho das economias europeias e japonesa contribuíram para aumentar a liquidez disponível nas economias emergentes.;CERTO
A desaceleração da economia chinesa reduz a demanda por commodities e pode provocar queda de seus preços internacionais, afetando especialmente países dependentes das exportações de commodities minerais.;CERTO
A crise da zona do euro resultou exclusivamente do elevado endividamento público de Grécia, Irlanda, Espanha e Portugal, sem relação com problemas do setor privado ou dificuldades de refinanciamento.;ERRADO
A crise financeira internacional de 2008 provocou imediatamente forte recrudescimento do protecionismo tarifário, responsável pela drástica redução do comércio internacional nos anos seguintes.;ERRADO
O sistema de Bretton Woods estabeleceu regras, instituições e procedimentos para regular a economia internacional, incluindo a criação do BIRD e do FMI.;CERTO
;
;
A abordagem cepalino-estruturalista defendia o crescimento “para dentro”, com industrialização e aumento da produtividade, em razão das desvantagens estruturais da periferia primário-exportadora em relação ao centro.;CERTO
As deliberações da OCDE não possuem, em regra, força de lei diretamente vinculante nos Estados-membros.;CERTO
O Acordo de Basileia II introduziu requisitos de capital para cobertura do risco operacional, além dos riscos de crédito e de mercado.;CERTO
Uma das razões para o colapso do sistema de Bretton Woods foi a condução da política monetária norte-americana segundo objetivos domésticos, incompatíveis com a manutenção da conversibilidade do dólar em ouro.;CERTO
No Pilar I de Basileia II, os bancos devem considerar os riscos de crédito, de mercado e operacional para o cálculo do requerimento de capital.;CERTO
No sistema de Bretton Woods, alterações da paridade cambial deveriam ser submetidas ao FMI e estavam relacionadas a desequilíbrios fundamentais do balanço de pagamentos.;CERTO
Segundo as informações apresentadas pela OCDE sobre a pandemia, apenas o item II está correto: em 2021, as principais economias apresentavam perspectivas de recuperação distintas, com Estados Unidos, China e Índia apresentando perspectivas melhores que as de diversos países europeus.;CERTO
O FMI tem entre suas atribuições promover a estabilidade cambial e monetária internacional.;CERTO
As criptomoedas não conseguem, atualmente, exercer plenamente todas as funções tradicionalmente atribuídas à moeda.;CERTO
As instituições que negociam ou custodiam criptomoedas não são, pelo simples fato de atuarem com criptoativos, reguladas ou supervisionadas pelo Banco Central do Brasil como instituições financeiras tradicionais.;CERTO
As criptomoedas não estão sujeitas às mesmas normas e regulamentos aplicáveis às moedas eletrônicas.;CERTO
As criptomoedas exercem plenamente a função de meio de troca.;ERRADO
As criptomoedas exercem plenamente a função de unidade de conta própria das moedas tradicionais.;ERRADO
As criptomoedas são superiores aos ativos tradicionais nas funções de reserva de valor e prêmio de liquidez.;ERRADO
As deliberações da OCDE não possuem força de lei diretamente vinculante nos Estados-membros.;CERTO
O Acordo de Basileia II implementou exigências de capital para que os bancos façam frente ao risco operacional.;CERTO
Ao integrar-se à OCDE, o Brasil estreita relações com países desenvolvidos e busca adequar políticas públicas e instituições nacionais às diretrizes da organização em áreas como investimento, educação e sustentabilidade.;CERTO
Após o colapso de Bretton Woods, a nova ordem econômica internacional foi favorecida pela modernização das comunicações, pelas novas técnicas de gestão financeira, pela expansão dos negócios de bancos americanos e europeus e pelos fluxos financeiros provenientes dos países exportadores de petróleo.;CERTO
Com a implementação do Acordo de Basileia III, os bancos passaram a alocar capital para a cobertura de operações e títulos sujeitos à variação das taxas de juros.;CERTO
A rentabilidade dos depósitos offshore está relacionada, entre outros fatores, às diferenças de regulamentação bancária entre operações domésticas e operações internacionais.;CERTO
Uma desvalorização real do real em relação ao dólar torna relativamente mais baratos os produtos brasileiros exportados para os Estados Unidos.;CERTO
Uma redução pronunciada da taxa de juros dos Estados Unidos em relação à taxa brasileira tende a favorecer a valorização do real diante do dólar, mantidos os demais fatores constantes.;CERTO
As políticas de Quantitative Easing adotadas pelo Federal Reserve e pelo Banco Central Europeu são políticas monetárias não convencionais que, na prática, promovem expansão da oferta monetária, inclusive por meio da expansão primária de moeda.;CERTO
;
;
No regime cambial de “flutuação suja” (dirty floating), a taxa de câmbio é determinada pela interação entre oferta e demanda de moeda estrangeira, com intervenções esporádicas do Banco Central no mercado cambial.;CERTO
A sobrevalorização real prolongada do Real em relação ao dólar exerce efeito negativo sobre as exportações brasileiras, pois torna os produtos nacionais relativamente mais caros no exterior.;CERTO
A tecnologia blockchain é considerada revolucionária por possibilitar o armazenamento e compartilhamento distribuído e criptografado de dados, reduzindo a necessidade de intermediação de terceiros.;CERTO
A crise financeira de 2008 esteve relacionada ao mercado de hipotecas, à expansão do crédito barato, ao segmento subprime, à desregulamentação financeira e à posterior quebra do Lehman Brothers.;CERTO
Na presidência brasileira do G20, o combate às desigualdades, à fome e à pobreza esteve entre as prioridades, a União Africana foi incorporada como membro permanente e o Brasil defendeu o fortalecimento do multilateralismo.;CERTO
O Acordo de Basileia III foi uma resposta à crise financeira global de 2007-2008 e buscou fortalecer a resiliência do sistema bancário e reduzir o risco de novas crises.;CERTO
O FMI fornece assistência financeira e orientação de políticas econômicas a países que enfrentam desequilíbrios financeiros e macroeconômicos.;CERTO
As três atividades centrais do FMI são supervisão econômica, empréstimos e desenvolvimento das capacidades.;CERTO
A Estratégia de Parceria com o País do Banco Mundial para o Brasil, referente aos exercícios de 2018 a 2023, foi estruturada em dois grandes pilares: sustentabilidade fiscal e melhoria na prestação de serviços; e desenvolvimento inclusivo e sustentável.";CERTO
As commodities são vulneráveis à fragmentação dos mercados porque sua produção pode ser concentrada, seu consumo pode ser de difícil substituição e elas possuem papel crítico para determinadas tecnologias.;CERTO
O sistema de Bretton Woods era baseado em câmbio flutuante, e foi em razão desse regime que foram criados o BIRD e o FMI.;ERRADO
De acordo com o Consenso de Washington, restrições governamentais ao investimento direto estrangeiro são consideradas capazes de impulsionar o crescimento econômico e a estabilidade financeira.;ERRADO
A crise de 2008 afetou a economia mundial, mas a expansão do mercado consumidor nos países emergentes contribuiu para manter elevada a demanda por bens agropecuários.;CERTO
;
A assinatura dos acordos da Rodada Uruguai, que permitiu a entrada em funcionamento da OMC em 1º de janeiro de 1995, ocorreu em Marraqueche.;CERTO
Na Conferência Ministerial de Seattle, em 1999, o Brasil defendeu a redução dos subsídios à produção e à exportação agrícola e maior disciplina contra o uso abusivo de instrumentos de defesa comercial, como medidas antidumping.;CERTO
Do ponto de vista dos países em desenvolvimento, uma das principais falhas da Rodada Uruguai foi a insuficiência da liberalização do comércio de produtos agrícolas.;CERTO
A cláusula da nação mais favorecida (NMF) consagra o princípio da igualdade de tratamento entre os Estados no comércio internacional.;CERTO
O Grupo de Cairns foi constituído em 1986 por países competitivos na agricultura, com o objetivo de promover a liberalização do comércio agrícola internacional.;CERTO
A OMC, sucessora do GATT, possui entre suas funções administrar as regras do comércio internacional, favorecer sua observância e administrar o sistema de solução de controvérsias entre seus membros.;CERTO
A Conferência Ministerial de Cancún, em 2003, cumpriu integralmente sua extensa agenda e foi plenamente proveitosa, especialmente por levar às últimas consequências o debate sobre os subsídios agrícolas.;ERRADO
As negociações agrícolas da Rodada Doha enfrentaram dificuldades porque a União Europeia, o Japão e a Coreia, entre outros, mantinham forte proteção agrícola e resistiam às demandas de liberalização de países competitivos, como Brasil, Argentina e Nova Zelândia.;CERTO
A atuação brasileira na OMC caracteriza-se por retraimento no combate às práticas protecionistas dos países e blocos economicamente mais fortes, embora o Brasil se oponha duramente às medidas unilaterais.;ERRADO
A OMC é uma agência vinculada à ONU e, para ingressar na Organização, um Estado deve necessariamente ser membro da ONU e ser aceito por todos os membros da OMC.;ERRADO
Nas negociações de acesso a mercados da Rodada Doha, o Brasil busca eliminar ou reduzir restrições tarifárias e não tarifárias às suas exportações, dando prioridade à redução de fatores que restringem e distorcem o comércio agrícola.;CERTO
Como possui grande participação do setor terciário no PIB, o Brasil busca ampliar suas exportações de serviços e, por isso, defende ampla liberalização dessa modalidade de comércio.;ERRADO
Por possuir um parque industrial amplo e diversificado, o Brasil posiciona-se contrariamente ao aprofundamento de compromissos de redução tarifária para produtos manufaturados.;ERRADO
O Brasil defende maior transparência na aplicação de medidas contra práticas desleais de comércio, especialmente medidas antidumping e antissubsídios que afetam suas exportações.;CERTO
O sistema de solução de controvérsias da OMC corresponde a uma forma arbitral de composição de conflitos e não admite pedido recursal.;ERRADO
As decisões dos relatórios dos panels da OMC somente produzem efeitos mediante manifestação favorável de todos os membros da Organização, em razão da regra geral do consenso.;ERRADO
As conclusões dos relatórios finais dos panels da OMC constituem decisões estritamente jurídicas e independem de qualquer convalidação ou adoção pelo órgão político competente da Organização.;ERRADO
Cuba e República Popular da China, como membros da OMC, submetem-se ao sistema de solução de controvérsias da Organização.;CERTO
Entre os principais desafios para a conclusão da Rodada Doha estão a definição de modalidades de liberalização e redução de subsídios agrícolas e o acordo sobre acesso a mercados para produtos não agrícolas.;CERTO
A crise financeira internacional de 2008 contribuiu para o estancamento do comércio internacional e criou condições para o recrudescimento do protecionismo em escala global.;CERTO
Os acordos da OMC abrangem principalmente o comércio de bens, o comércio de serviços e aspectos dos direitos de propriedade intelectual relacionados ao comércio, sujeitando os membros às obrigações assumidas no sistema multilateral.;CERTO
A diversificação dos agentes, pautas e modalidades de comércio e a complexidade das políticas comerciais justificam a existência de compromissos e disciplinas multilaterais para orientar governos e agentes comerciais.;CERTO
As regras de investigação de dumping e subsídios destinam-se a combater práticas desleais de comércio, enquanto as salvaguardas são medidas temporárias destinadas a proteger a indústria doméstica contra surtos de importações.;CERTO
O Congresso dos Estados Unidos aprovou o estabelecimento da Organização Internacional do Comércio (OIC), que posteriormente evoluiu para a atual OMC.;ERRADO
;
O multilateralismo fracassou no plano econômico devido à não observância de decisões do Órgão de Solução de Controvérsias da OMC, à paralisação da Rodada de Doha e à crise financeira global que se instalou ao final do século XX.;ERRADO
A cláusula da nação mais favorecida, avanço introduzido na transição do GATT para a OMC, constitui um dos princípios diretores do sistema multilateral de comércio.;ERRADO
A salvaguarda, e não uma medida antidumping, é aplicada contra as importações originárias de todos os países envolvidos na transação.;CERTO
Não existem regras multilaterais aplicáveis a investimentos.;ERRADO
Acordos comerciais regionais são incompatíveis com as normas multilaterais, a menos que a liberalização prevista abranja a totalidade do universo tarifário.;ERRADO
O Brasil favorece um multilateralismo econômico baseado na maioria dos votos dos países em desenvolvimento, como teria ocorrido nos contenciosos da gasolina contra a UE e do algodão contra o NAFTA.;ERRADO
A Rodada de Doha foi a primeira rodada de negociações multilaterais da OMC e tem como objetivo assegurar tratamento especial e diferenciado aos BRICS, com destaque latino-americano para serviços e propriedade intelectual.;ERRADO
A UNCTAD, estabelecida em 1964, é órgão das Nações Unidas e atua, entre outras funções, no sentido de disciplinar práticas empresariais consideradas restritivas.;CERTO
O GATT passou a vigorar depois da Segunda Guerra Mundial diante do fracasso da criação da OIC e não se constituiu como organismo formal até a criação da OMC.;CERTO
A Rodada Uruguai produziu o primeiro acordo multilateral sobre produtos agrícolas e, quanto ao acesso aos mercados, as tarifas foram convertidas em cotas.;ERRADO
A Rodada de Desenvolvimento de Doha, lançada em 2001, buscou a liberalização comercial e o crescimento econômico, com especial atenção às necessidades dos países em desenvolvimento.;CERTO
No século XIX, o padrão-ouro internacional manteve as taxas de câmbio em uma faixa determinada pelos custos de transporte, impedindo movimentos persistentes das taxas de câmbio.;CERTO
O Memorando de Entendimento Brasil-EUA sobre o algodão de 2014 limitou a 18 meses o prazo máximo dos empréstimos do GSM-102, estipulou compensação anual de US$ 300 milhões e permitiu recursos ao Instituto Brasileiro do Algodão para projetos de cooperação com a África Subsaariana, Haiti e países do MERCOSUL.;CERTO
A disputa entre Brasil e EUA sobre o algodão na OMC durou dois anos e seis meses, desde o pedido de consultas em setembro de 2002 até a circulação, em março de 2005, do relatório sobre o recurso norte-americano.;ERRADO
O Memorando de Entendimento de 2014 foi o segundo instrumento firmado pelos governos brasileiro e norte-americano sobre o algodão, tendo o primeiro sido firmado em 2010, com previsão de indenização de US$ 147 milhões para fundo posteriormente destinado ao Instituto Brasileiro do Algodão.;CERTO
O Memorando de 2014 foi celebrado alguns meses após nova legislação agrícola norte-americana que deixou de prever subsídios ao setor de algodão.;ERRADO
A cláusula facultativa de jurisdição obrigatória aplica-se somente à jurisdição da Corte Internacional de Justiça, não tendo aplicação no sistema de solução de controvérsias da OMC.;CERTO
O Brasil tem defendido o acesso aos mercados mediante a imposição e majoração de tarifas.;ERRADO
O Brasil e vários países em desenvolvimento deram ênfase às negociações relativas aos produtos agrícolas, dada a concentração desses produtos em suas pautas de exportação.;CERTO
Nas Rodadas do antigo GATT, os avanços foram mais significativos em produtos manufaturados, enquanto a liberalização agrícola apresentou resultados modestos e não eliminou, de modo geral, as barreiras às importações.;CERTO
Entre as principais distorções do comércio agrícola destacam-se os subsídios às importações e o aumento da taxação da produção interna.;ERRADO
Tanto as sessões constitutivas do GATT de 1947 quanto a Conferência de Comércio e Emprego das Nações Unidas de 1947-1948 contaram com a participação de representantes do Brasil.;CERTO
O estancamento da Rodada de Doha fortaleceu negociações bilaterais e regionais, mas o Brasil permaneceu dissociado dessa tendência.;ERRADO
Os membros da OMC podem adotar níveis de proteção de propriedade intelectual superiores aos exigidos pelo TRIPS, desde que essa proteção não contrarie suas disposições.;CERTO
Segundo o Acordo sobre Subsídios e Medidas Compensatórias da OMC, são proibidos os subsídios vinculados ao desempenho exportador e ao uso preferencial de produtos nacionais em detrimento de produtos estrangeiros.;CERTO
No contencioso Brasil-Pneus, o Órgão de Apelação reconheceu a necessidade da proibição brasileira de pneus reformados para proteger a saúde pública e o meio ambiente, mas determinou que o Brasil deveria assegurar a cessação das importações de pneus usados e reformados de todas as origens, inclusive do MERCOSUL.;CERTO
O Entendimento de Solução de Controvérsias determina que a suspensão de concessões ocorra necessariamente no mesmo setor da violação, proibindo a retaliação cruzada.;ERRADO
Os membros da OMC só podem solucionar suas controvérsias comerciais por meio da adjudicação de disputas por painéis e pelo Órgão de Apelação.;ERRADO
O multilateralismo é uma característica do sistema de solução de controvérsias da OMC e está presente, por exemplo, no monitoramento da implementação das decisões do Órgão de Solução de Controvérsias.;CERTO
O sistema de solução de controvérsias da OMC é único e integrado e se aplica aos acordos da organização, embora alguns acordos contenham regras e procedimentos especiais ou adicionais.;CERTO
Atores não governamentais não participam da solução de controvérsias na OMC, pois não podem ser partes nas disputas.;CERTO
O Brasil tem-se mostrado reticente à reforma e à atualização das regras da OMC, opõe-se a iniciativas plurilaterais e defende a retomada integral do mandato negociador da Rodada Doha, com a agricultura no centro das negociações.;ERRADO
O Brasil defendia regras mais rígidas para limitar subsídios agrícolas de apoio interno e a proibição dos subsídios à exportação. A proibição dos subsídios à exportação agrícola foi alcançada na Conferência Ministerial de Nairóbi, em 2015.;CERTO
;
;
. O Brasil, por ter comércio exterior de impacto relativamente pequeno em sua economia, não considera prioritárias as disputas comerciais no Mecanismo de Solução de Controvérsias da OMC, que pouco contribuiu para resolver disputas de grande impacto financeiro para o setor privado brasileiro.;ERRADO
. O Brasil foi um dos principais patrocinadores da Declaração sobre o Acordo TRIPS e a Saúde Pública, adotada em 2001, que estabeleceu maior flexibilidade para que países em desenvolvimento tivessem acesso a medicamentos.;CERTO
. Na Conferência Ministerial de Cingapura de 1996, o Brasil apoiou a proposta canadense de discutir investimentos no âmbito da OMC, tendo sido criado um grupo de trabalho específico sobre o tema.;ERRADO
. Na reunião miniministerial de Genebra de julho de 2008, a coalizão G-20, liderada pelo Brasil, apresentou proposta de acesso a mercados que incluía especificamente a abertura dos mercados da Índia e da China.;ERRADO
. Em 2009, o Brasil defendeu a retomada do Grupo de Trabalho sobre Comércio, Dívida e Finanças (GTCDF), criado em 2001, para discutir a relação entre câmbio e comércio internacional.;CERTO
. Na Conferência Ministerial de Bali, em 2013, o Brasil foi favorável à inclusão da facilitação de comércio no pacote de resultados antecipados da Rodada Doha.;CERTO
. As negociações da Iniciativa da Declaração Conjunta sobre Comércio Eletrônico permitem ao Brasil vincular concessões em comércio eletrônico a compromissos dos EUA e da União Europeia sobre subsídios às exportações agrícolas.;ERRADO
. O Acordo TRIPS impede o licenciamento compulsório de patentes farmacêuticas.;ERRADO
. Tanto o Tribunal Permanente de Revisão do Mercosul quanto o Órgão de Apelação da OMC possuem competência para apreciar opiniões consultivas encaminhadas pelos Estados-membros.;ERRADO
. O Protocolo de Olivos permite que uma decisão de um órgão de solução de controvérsias do Mercosul seja objeto de recurso ao Órgão de Apelação da OMC.;ERRADO
. Segundo a jurisprudência da OMC, a exceção de segurança prevista no art. XXI do GATT não é autodeterminável, de modo que sua invocação não impede os órgãos de solução de controvérsias de verificar se as condições do dispositivo foram atendidas.;CERTO
. As patentes incentivam empresas a investir em pesquisa e desenvolvimento, e o Acordo TRIPS estabelece padrões mínimos para as legislações nacionais de patentes dos membros da OMC.;CERTO
. Desde a pandemia de covid-19, políticas de descarbonização, digitalização e segurança das cadeias produtivas têm intensificado a competição tecnológica por meio de subsídios, barreiras comerciais, incentivos à P&D, compras públicas, créditos fiscais e exigências de conteúdo local.;CERTO
. A Lei de Reciprocidade Econômica autoriza o Brasil a suspender concessões comerciais, de investimentos e obrigações relativas à propriedade intelectual em resposta a ações unilaterais de países ou blocos que prejudiquem a competitividade brasileira.;CERTO
. A OMC é uma organização internacional com personalidade jurídica própria de direito internacional e não é vinculada ao sistema das Nações Unidas; qualquer membro pode retirar-se mediante comunicação ao diretor-geral, produzindo a retirada efeitos após seis meses.";CERTO
. Entre as normas correntes de interpretação do direito internacional público mencionadas no sistema de solução de controvérsias da OMC encontra-se a Convenção de Viena sobre o Direito dos Tratados de 1969.;CERTO
. Salvaguardas são medidas de defesa comercial destinadas a fornecer proteção temporária à indústria doméstica diante de prejuízo grave ou ameaça de prejuízo grave decorrente do aumento das importações.;CERTO
. O Sistema de Solução de Controvérsias da OMC é considerado elemento central para proporcionar segurança e previsibilidade ao sistema multilateral de comércio, contribuindo para assegurar os direitos e obrigações estabelecidos nos acordos da organização.;CERTO
. O Acordo sobre Medidas Sanitárias e Fitossanitárias criou um Comitê de Medidas Sanitárias e Fitossanitárias, que funciona como fórum de debates e desempenha funções necessárias à implementação do acordo.;CERTO
. Entre as exigências relacionadas ao Sistema Geral de Preferências estão a origem do produto no país beneficiário e a apresentação, ao país outorgante, de documentação que comprove sua origem conforme as respectivas regras de origem.;CERTO
. As declarações dos dirigentes do FMI e do Banco Mundial em 2002 recuperavam o discurso econômico predominante nas décadas de 1980 e 1990 e se opunham ao novo viés interpretativo sobre a realidade econômica mundial.;ERRADO
. Ao defender a redução dos subsídios dos países ricos, o diretor-gerente do FMI referia-se, entre outros casos, aos subsídios e medidas de proteção concedidos pelos Estados Unidos e pela União Europeia aos seus setores agrícolas.;CERTO
. Ao relacionar os atentados de 11 de setembro à necessidade de combater a pobreza, o presidente do Banco Mundial considerava que a pobreza pode gerar consequências como desespero, alienação e violência, potencialmente prejudiciais à segurança global.;CERTO
. O Japão distinguia-se dos Estados Unidos e da União Europeia por adotar uma política essencialmente liberal, rejeitando medidas de proteção e quaisquer restrições ao livre comércio.;ERRADO
. Durante o governo Fernando Henrique Cardoso, o Brasil conseguiu fazer prevalecer seus interesses na abertura do mercado norte-americano, especialmente para produtos como suco de laranja, calçados e aço.;ERRADO
;
;
. A OMC caracteriza-se por ser uma instância reguladora do comércio mundial, elaborando normas a serem seguidas pelos países integrantes e julgando litígios entre eles; o Brasil foi protagonista de algumas dessas ações, inclusive em divergências com os EUA.";CERTO
. No fim dos anos 1990, Brasil e Canadá travaram disputa na OMC em torno do mercado aeronáutico, acusando-se mutuamente de conceder subsídios ilegais à EMBRAER e à Bombardier; a decisão da OMC foi integralmente favorável ao Canadá.";ERRADO
. Uma das críticas aos EUA no comércio internacional refere-se à manutenção da legislação antidumping de 1916, que permitia medidas unilaterais contra importações consideradas prejudiciais à indústria norte-americana.;CERTO
. Como represália ao protecionismo norte-americano, Japão e União Europeia solicitaram à OMC autorização para adotar legislação antidumping semelhante à dos EUA.;ERRADO
. Dumping consiste na prática de exportar determinado produto por preço inferior ao praticado no mercado do país exportador, sendo considerado uma prática potencialmente desleal de comércio.;CERTO
. O Sistema Geral de Preferências (SGP) consiste em concessões tarifárias, outorgadas de forma não recíproca, para exportações originárias e procedentes de países em desenvolvimento, segundo condições estabelecidas pelos países outorgantes.;CERTO
. Nas rodadas de negociações multilaterais da OMC, as decisões são tomadas pelo princípio do consenso.;CERTO
. A Rodada Doha, lançada em 2001 e denominada Rodada do Desenvolvimento, buscou promover condições para a participação dos países em desenvolvimento no crescimento do comércio internacional em níveis compatíveis com suas necessidades de desenvolvimento econômico.;CERTO
. Entre as formas contemporâneas de protecionismo destacam-se o uso abusivo de medidas antidumping e a concessão de subsídios à produção e à exportação.;CERTO
. A UNCTAD atua na identificação de instrumentos de política comercial em apoio ao desenvolvimento, presta assistência técnica para a participação dos países em negociações comerciais e auxilia na superação de obstáculos à inserção no comércio internacional.;CERTO
. O sistema multilateral de comércio contemporâneo é conformado pela OMC, tendo como um de seus pilares o GATT de 1994.;CERTO
. A regulamentação internacional do comércio implica a perda da soberania dos Estados em suas relações externas.;ERRADO
. Segundo o Acordo sobre Subsídios e Medidas Compensatórias da OMC, é permitido o subsídio destinado a determinada região dentro do Estado com o objetivo de eliminar ou reduzir desigualdades regionais, desde que atendidas as condições previstas nas regras da OMC.;CERTO
. Entre as novas matérias incorporadas ao sistema multilateral de comércio com a criação da OMC estão o comércio de serviços e a propriedade intelectual.;CERTO
. Entre as inovações do mecanismo de solução de controvérsias da OMC em relação ao GATT estão a regra do consenso negativo em várias etapas do procedimento e a possibilidade de apelação.;CERTO
. Apesar de não ter obtido qualquer vitória em suas demandas perante a OMC, a diplomacia brasileira continua reiterando sua confiança nesse organismo multilateral.;ERRADO
. Como a OMC regula as trocas comerciais internacionais, nenhum país-membro pode desrespeitar as regras fixadas pela organização.;CERTO
. O G20 da OMC surgiu em processo liderado pelo Brasil e pela Índia, em razão do impasse nas negociações comerciais e da reação dos países em desenvolvimento aos subsídios agrícolas concedidos pelos países desenvolvidos.;CERTO
. O Acordo TRIPS, estabelecido no âmbito da OMC, resultou da necessidade de incorporar regras internacionais de proteção da propriedade intelectual relacionada ao comércio.;CERTO
. O tema da educação foi discutido no âmbito da OMC, especialmente porque a prestação de determinados serviços educacionais pode estar abrangida pelas regras do comércio de serviços.;CERTO
. A expansão do mercado mundial e a intensificação do comércio internacional reduziram a importância das patentes como tema de disputas entre países, transformando-as principalmente em objeto de debates acadêmicos.;ERRADO
. Pelas normas da OMC, as patentes e as leis de propriedade intelectual afetam máquinas e equipamentos, mas não são consideradas nas áreas de softwares e medicamentos.;ERRADO
. Na nova ordem econômica internacional, é correto afirmar que as potências econômicas e comerciais são responsáveis pela correção da maior parte das distorções existentes no sistema multilateral de comércio.;ERRADO
. O TRIPS é o Acordo sobre os Aspectos dos Direitos de Propriedade Intelectual Relacionados com o Comércio, incluído no Anexo 1C do Acordo Constitutivo da OMC.;CERTO
. Medidas antidumping podem ser aplicadas quando um produto é exportado por preço inferior ao seu valor normal; salvaguardas podem ser aplicadas diante de aumento das importações que cause ou ameace causar prejuízo grave; e medidas compensatórias podem ser aplicadas em razão dos efeitos de importações subsidiadas sobre a indústria doméstica.";CERTO
. O Órgão de Apelação da OMC é um órgão permanente composto por nove juízes, que atuam de forma autônoma e independente em relação aos Estados-membros.;ERRADO
. O TRIPS é um acordo internacional, integrante do sistema da OMC, que trata dos direitos de propriedade intelectual relacionados ao comércio.;CERTO
;
O comércio internacional refere-se exclusivamente à operacionalização de negócios mercantis entre o Brasil e o resto do mundo, enquanto as relações internacionais cuidam dos diferentes aspectos que envolvem agentes internacionais, excluindo-se empresas transnacionais e organizações não governamentais.;ERRADO
O GATT atuou no sistema de Bretton Woods unicamente como marco regulatório para questões de comércio externo, sem interferir nas negociações comerciais entre os países-membros.;ERRADO
Os novos temas relacionados às negociações multilaterais surgidos no processo da Rodada Uruguai incluíram a facilitação do comércio e a transparência nas compras governamentais, mas não abrangeram a regulação da concorrência nem os direitos de propriedade intelectual.;ERRADO
Em presença de restrições de divisas, a vinculação da permissão de importar ao desempenho exportador das empresas não interfere nas normas da OMC relativas aos impactos do comércio externo sobre os investimentos.;ERRADO
O Acordo sobre Barreiras Técnicas ao Comércio (TBT) prevê tratamento diferenciado aos países em desenvolvimento, levando em conta suas necessidades de desenvolvimento, financeiras e comerciais.;CERTO
A Primeira Guerra Mundial provocou remanejamentos nas posições de certas nações como potências econômicas e comerciais.;CERTO
Nas primeiras décadas do século XX, houve não só domínio crescente, mas também presença universal de companhias europeias no comércio internacional.;ERRADO
Os EUA, já grande potência industrial em 1914, tornaram-se, ao final da Primeira Guerra Mundial, potência comercial e financeira, dispondo de grandes estoques de ouro.;CERTO
A Grã-Bretanha, beneficiada pela Primeira Guerra Mundial, manteve seu mercado de capitais fechado e evitou estratégia comercial que alterasse seus robustos saldos comerciais.;ERRADO
Apesar do colapso econômico e dos problemas comerciais e financeiros, a Europa continuou, no imediato pós-guerra, como centro de poder político.;CERTO
As razões pelas quais não se criou uma organização internacional de comércio no pós-Segunda Guerra Mundial são relevantes para compreender as relações comerciais das décadas seguintes.;CERTO
Os acordos de Bretton Woods, firmados posteriormente ao GATT, prejudicaram o financiamento e a previsibilidade dos instrumentos de cooperação financeira necessários à expansão do comércio internacional.;ERRADO
As alianças políticas desenvolvidas durante a Segunda Guerra Mundial garantiram a uniformização dos interesses nas discussões sobre a constituição de um regime comercial para o mundo do pós-guerra.;ERRADO
Apesar de suas deficiências e resistências políticas, a Carta da Organização Internacional do Comércio (OIC), ou Carta de Havana, foi um documento de política comercial inédito.;CERTO
A falta de consenso sobre matérias como a abrangência do poder da nova organização contribuiu decisivamente para o fracasso da OIC.;CERTO
O GATT, criado em 1947, foi uma forma contratual possível diante do ambiente de sua criação e, ao mesmo tempo, um arranjo temporário que serviria de parâmetro para as décadas seguintes.;CERTO
Ao ser lançada em 1986, a Rodada Uruguai tinha entre seus objetivos encerrar o ciclo histórico do GATT e criar a OMC.;CERTO
Realizada em ambiente político distinto do domínio ideológico da Guerra Fria, a Rodada Uruguai ultrapassou as questões tradicionais do GATT e avançou para discussões sobre políticas governamentais em sentido mais amplo.;CERTO
Constavam da agenda da Rodada Uruguai questões como acesso a mercados, política industrial e fiscal, proteção de patentes, meio ambiente e equalização das condições sociais.;ERRADO
A passagem do GATT para a OMC, em 1995, representou uma modificação institucional com baixa relação com as grandes transformações ocorridas na ordem internacional.;ERRADO
As transformações nos regimes econômicos internacionais, tanto comerciais quanto monetários e financeiros, vêm aumentando e acarretando inovações nas negociações, como as iniciadas a partir da Conferência de Cancun de 2003.;CERTO
Nas relações comerciais atuais, globalização e integração regional são contraditórias entre si, pois os mercados se abrem no primeiro processo e se fecham no segundo.;ERRADO
A noção de assimetria política entre os Estados nacionais é compatível com a globalização, uma vez que a distribuição da riqueza global não é uniforme.;CERTO
A internacionalização de companhias públicas e privadas de países emergentes, como o Brasil, pode contribuir para a redução das vulnerabilidades históricas dessas economias.;CERTO
A OMC é uma inovação sem precedentes na história das organizações econômicas internacionais, pois nunca houve tentativas anteriores de esforços semelhantes.;ERRADO
A atuação do FMI e da OMC eliminou as concentrações e os desequilíbrios das atividades econômicas provocados pelo avanço da globalização.;ERRADO
As uniões econômicas regionais necessariamente impedem o comércio com outros blocos e países, concentrando o aumento da riqueza exclusivamente nos países pertencentes ao próprio bloco.;ERRADO
O fracasso da Rodada Doha e o fim da OMC marcaram o início de uma nova fase de construção de fóruns multilaterais de negociação comercial, tendo os BRICs como membros centrais.;ERRADO
O Acordo sobre Barreiras Técnicas ao Comércio obriga as partes a observar, também em relação aos regulamentos técnicos, os princípios da nação mais favorecida e do tratamento nacional aplicáveis ao comércio de bens.;CERTO
O Acordo sobre Barreiras Técnicas ao Comércio procura evitar que regulamentos e normas técnicas internos constituam restrições desnecessárias ao comércio internacional.;CERTO
O padrão-ouro, baseado no lastro das moedas em metais preciosos e em câmbio fixo, proporcionou estabilidade monetária e cambial e facilitou pagamentos e movimentos internacionais de capital, contribuindo decisivamente para a expansão do comércio entre a segunda metade do século XIX e a Primeira Guerra Mundial.;CERTO
No período do entreguerras, houve retomada do crescimento do comércio internacional em razão da reintrodução do padrão-ouro, da recuperação econômica europeia e do êxito no combate ao protecionismo tarifário.;ERRADO
O bilateralismo afirmou-se, nos anos 1930, como principal vetor do comércio internacional, utilizando tarifas, restrições quantitativas, comércio de Estado, controle e desvalorização cambial e acordos de clearing.;CERTO
Após a Segunda Guerra Mundial, até 1971, houve reintrodução do padrão-ouro em forma modificada: apenas o dólar mantinha conversibilidade em ouro, enquanto as demais moedas eram cotadas em relação ao dólar.;CERTO
A Conferência de Bretton Woods definiu os pilares institucionais da ordem monetária e financeira internacional do pós-Segunda Guerra Mundial: o FMI e o Banco Internacional de Reconstrução e Desenvolvimento.;CERTO
A partir de 1947, o comércio internacional passou a ser orientado pelos princípios do GATT, cujo objetivo era instaurar um amplo regime de comércio administrado, permitindo a expansão sustentada do comércio e a redução gradual dos desequilíbrios comerciais por meio de negociações multilaterais.;CERTO
A crise econômica dos anos 1970, inicialmente marcada pelo abandono do padrão ouro-dólar pelos EUA e pela crise do petróleo, reforçou a demanda dos países em desenvolvimento pelo revigoramento do diálogo Norte-Sul.;CERTO
O conceito de Terceiro Mundo surgiu no contexto da Guerra Fria, inicialmente com conotação política, associando-se à descolonização e ao não alinhamento, e posteriormente adquiriu conotação predominantemente econômica relacionada ao subdesenvolvimento.;CERTO
A visão estruturalista, fortalecida a partir dos anos 1950, sustentava a tendência de deterioração dos termos de troca dos países periféricos, prognóstico que foi confirmado pelas décadas seguintes pela persistência da pequena participação desses países nas exportações mundiais de manufaturas.;ERRADO
O FMI foi criado para assegurar estabilidade cambial e auxiliar os países-membros na correção de desequilíbrios de pagamentos e na progressiva liberalização dos fluxos internacionais de investimento.;ERRADO
O surgimento do GATT e a não ratificação, pelos EUA, da Carta de Havana foram determinantes para o fracasso dos esforços de criação da Organização Internacional do Comércio.;CERTO
A criação da OMC, ao final da Rodada Uruguai, respondeu à necessidade de conferir maior institucionalidade ao sistema multilateral de comércio para administrar o complexo conjunto de acordos resultantes da rodada.;CERTO
A globalização econômica associa-se à internacionalização da produção e à formação de cadeias produtivas globais, mas também comporta forças de fragmentação, como a proliferação de acordos comerciais bilaterais e de iniciativas de integração regional.;CERTO
A formação de blocos regionais como NAFTA, União Europeia e MERCOSUL foi fenômeno típico do final dos anos 1980 e início dos anos 1990, refletindo mudanças na produção, nos investimentos e no comércio mundial, além da preocupação com eventual fragmentação do sistema multilateral.;CERTO
A agenda das negociações comerciais contemporâneas inclui acesso a mercados, agricultura, barreiras não tarifárias, normas sanitárias e fitossanitárias, subsídios, medidas compensatórias, salvaguardas, antidumping, medidas relacionadas a investimentos e solução de controvérsias.;CERTO
Na década de 1990, o Brasil priorizou a dimensão política das cúpulas hemisféricas e manteve-se à margem das negociações comerciais realizadas no sistema interamericano.;ERRADO
Nas negociações da OMC, o Brasil atua como demandante em relação ao acesso a mercados para produtos agrícolas e não agrícolas e adota posições mais defensivas em relação a novos temas como serviços, investimentos e propriedade intelectual.;CERTO
O principal impasse na Rodada Doha e nas negociações MERCOSUL–União Europeia envolve a demanda dos países em desenvolvimento pela redução dos subsídios agrícolas dos países desenvolvidos e as pressões destes pela abertura de mercados não agrícolas e de serviços e por concessões em investimentos.;CERTO
Com o esgotamento do ciclo liberal da década anterior, as políticas comerciais passaram a fortalecer os mercados nacionais, resultando em recrudescimento do protecionismo tarifário e não tarifário, particularmente nas economias em desenvolvimento.;ERRADO
O avanço da globalização foi acompanhado por impulso liberalizante nas políticas comerciais de países desenvolvidos e em desenvolvimento, contribuindo para maior abertura comercial no plano multilateral e nos blocos regionais.;CERTO
;
;
O comércio internacional refere-se exclusivamente à operacionalização de negócios mercantis entre o Brasil e o resto do mundo, enquanto as relações internacionais abrangem diferentes aspectos envolvendo agentes internacionais, excluindo empresas transnacionais e organizações não governamentais.;ERRADO
A impossibilidade de criação de uma Organização Internacional do Comércio de caráter universal abriu espaço para o GATT, que atuou no sistema de Bretton Woods apenas como marco regulatório, sem interferir nas negociações comerciais entre os países-membros.;ERRADO
Os novos temas das negociações multilaterais surgidos na Rodada Uruguai incluem facilitação do comércio e transparência nas compras governamentais, mas não abrangem regulação da concorrência nem direitos de propriedade intelectual.;ERRADO
A vinculação da permissão de importar ao desempenho exportador das empresas, adotada por países em desenvolvimento em situação de restrição de divisas, não interfere nas normas da OMC relativas aos impactos do comércio externo sobre os investimentos.;ERRADO
O Acordo sobre Barreiras Técnicas ao Comércio prevê tratamento diferenciado para países em desenvolvimento, considerando suas necessidades de desenvolvimento, financeiras e comerciais.;CERTO
A Primeira Guerra Mundial provocou remanejamentos nas posições de certas nações como potências econômicas e comerciais.;CERTO
Nas primeiras décadas do século XX, houve domínio crescente e presença universal de companhias europeias no comércio internacional.;ERRADO
Os EUA, já grande potência industrial em 1914, tornaram-se, ao final da Primeira Guerra Mundial, potência comercial e financeira, dispondo de grandes estoques de ouro.;CERTO
A Grã-Bretanha, beneficiada pela Primeira Guerra Mundial, manteve seu mercado de capitais fechado e evitou estratégias comerciais que alterassem seus robustos saldos comerciais.;ERRADO
Apesar do colapso econômico e dos problemas comerciais e financeiros, a Europa continuou, durante o imediato pós-guerra, como centro do poder político.;CERTO
As razões pelas quais não se criou uma Organização Internacional do Comércio no pós-Segunda Guerra Mundial são relevantes para compreender as relações comerciais das décadas seguintes.;CERTO
Os acordos de Bretton Woods, firmados posteriormente ao GATT, prejudicaram o financiamento e a previsibilidade dos instrumentos de cooperação financeira necessários à expansão do comércio internacional.;ERRADO
As alianças políticas desenvolvidas durante a Segunda Guerra Mundial garantiram a uniformização dos interesses nas discussões sobre a constituição de um regime comercial para o pós-guerra.;ERRADO
Apesar de suas deficiências e resistências políticas, a Carta da Organização Internacional do Comércio, ou Carta de Havana, foi um documento de política comercial inédito.;CERTO
Além da crítica às posições norte-americanas, a falta de consenso sobre questões como a abrangência dos poderes da nova organização contribuiu decisivamente para o fracasso da OIC.;CERTO
O GATT, criado em 1947, foi uma solução contratual possível diante do ambiente de sua criação e um arranjo temporário que serviria de referência para as décadas seguintes.;CERTO
Ao ser lançada em 1986, a Rodada Uruguai teve como objetivos principais encerrar o ciclo histórico do GATT e criar a OMC.;CERTO
A Rodada Uruguai, realizada fora do contexto ideológico da Guerra Fria, ultrapassou as questões tradicionais do GATT e passou a discutir políticas governamentais de maneira mais ampla.;CERTO
A agenda da Rodada Uruguai incluiu acesso a mercados, política industrial e fiscal, proteção de patentes e discussões sobre meio ambiente e condições sociais.;CERTO
A passagem do GATT para a OMC, em 1995, teve pouca relação com as grandes transformações verificadas na ordem internacional.;ERRADO
As transformações nos regimes econômicos internacionais, no comércio e na ordem monetária e financeira, vêm produzindo mudanças nas negociações, como as desenvolvidas após a Conferência de Cancun de 2003.;CERTO
A globalização e a integração regional são contraditórias, pois os mercados se abrem na globalização e se fecham nos processos de integração regional.;ERRADO
A noção de assimetria política entre os Estados é compatível com a globalização, pois a distribuição da riqueza global não é uniforme.;CERTO
A internacionalização de companhias públicas e privadas de países emergentes, como o Brasil, pode contribuir para a redução das vulnerabilidades históricas dessas economias.;CERTO
A OMC é uma inovação sem precedentes na história das organizações econômicas internacionais, pois não houve tentativas institucionais semelhantes anteriormente.;ERRADO
A atuação do FMI e da OMC eliminou as concentrações e os desequilíbrios das atividades econômicas provocados pelo avanço da globalização.;ERRADO
As uniões econômicas regionais reúnem países próximos ou não e mantêm políticas de resistência à globalização, impedindo o comércio com outros blocos e países para concentrar a riqueza dentro do próprio bloco.;ERRADO
O fracasso da Rodada de Doha e o fim da OMC marcaram o início de uma nova fase de fóruns multilaterais comerciais, com participação central dos BRICs.;ERRADO
O Acordo sobre Barreiras Técnicas ao Comércio determina que seus membros observem, também para regulamentos técnicos, os princípios da nação mais favorecida e do tratamento nacional.;CERTO
O Acordo sobre Barreiras Técnicas ao Comércio busca evitar que regulamentos e normas técnicas nacionais constituam restrições desnecessárias ao comércio internacional.;CERTO
O padrão-ouro, baseado no lastro em metais preciosos e em câmbios fixos, proporcionou estabilidade monetária e cambial e facilitou pagamentos e movimentos internacionais de capital, contribuindo para a expansão comercial do século XIX até a Primeira Guerra Mundial.;CERTO
No período entreguerras, houve retomada do crescimento do comércio internacional graças à reintrodução do padrão-ouro, ao crescimento econômico europeu e ao êxito no combate ao protecionismo tarifário.;ERRADO
O bilateralismo afirmou-se nos anos 1930 como importante vetor do comércio internacional, utilizando tarifas, restrições quantitativas, comércio de Estado, controles cambiais, desvalorizações e acordos de clearing.;CERTO
Após a Segunda Guerra Mundial, até 1971, houve reintrodução do padrão-ouro modificado, no qual apenas o dólar era conversível em ouro e as demais moedas tinham paridade em relação a ele.;CERTO
A Conferência de Bretton Woods estabeleceu os pilares institucionais da ordem monetária e financeira do pós-guerra: o FMI e o Banco Internacional de Reconstrução e Desenvolvimento.;CERTO
A partir de 1947, o comércio internacional passou a ser orientado pelos princípios do GATT, cujo objetivo era estabelecer um regime administrado de comércio, expandir as trocas e reduzir gradualmente desequilíbrios mediante negociações multilaterais.;CERTO
A crise dos anos 1970, marcada pelo abandono da conversibilidade do dólar em ouro pelos EUA e pela crise do petróleo, reforçou a demanda dos países em desenvolvimento por mudanças no diálogo Norte-Sul e no sistema comercial e monetário internacional.;CERTO
O conceito de Terceiro Mundo surgiu no contexto da Guerra Fria, inicialmente com conotação política, associando-se à descolonização e ao não alinhamento, e posteriormente adquiriu forte dimensão econômica ligada ao subdesenvolvimento.;CERTO
A visão estruturalista defendia a tendência de deterioração dos termos de troca dos países periféricos, em razão da tendência de queda dos preços dos produtos primários diante dos manufaturados, e esse prognóstico foi integralmente confirmado pelas décadas seguintes.;ERRADO
O FMI foi criado para assegurar estabilidade cambial, auxiliar na correção de desequilíbrios do balanço de pagamentos e favorecer a expansão sustentada do comércio internacional.;CERTO
O surgimento do GATT e a não ratificação da Carta de Havana pelos EUA foram determinantes para o fracasso da criação da OIC.;CERTO
A criação da OMC, ao final da Rodada Uruguai, buscou conferir maior institucionalidade ao sistema multilateral de comércio e administrar o complexo conjunto de acordos resultantes da rodada.;CERTO
A globalização econômica associa-se à internacionalização da produção e às cadeias produtivas globais, mas também apresenta forças de fragmentação, como a proliferação de acordos bilaterais e de integração regional.;CERTO
A formação de blocos regionais como NAFTA, União Europeia e MERCOSUL, no final dos anos 1980 e início dos 1990, refletiu mudanças na produção, investimentos e comércio mundial, além da preocupação com eventual fragmentação do sistema multilateral.;CERTO
A agenda comercial contemporânea inclui acesso a mercados, agricultura, barreiras não tarifárias, normas sanitárias e fitossanitárias, subsídios, medidas compensatórias, salvaguardas, antidumping, TRIMS e solução de controvérsias.;CERTO
Na década de 1990, o Brasil priorizou a dimensão política das cúpulas hemisféricas e manteve-se à margem das negociações comerciais realizadas no âmbito interamericano.;ERRADO
Nas negociações da OMC, o Brasil atua como demandante em acesso a mercados agrícolas e não agrícolas e mantém posições mais defensivas em relação a serviços, investimentos e propriedade intelectual.;CERTO
O principal impasse da Rodada de Doha e das negociações MERCOSUL–UE envolve a redução dos subsídios agrícolas dos países desenvolvidos e, em contrapartida, a pressão destes por maior abertura em produtos não agrícolas, serviços e investimentos.;CERTO
Com o esgotamento do ciclo liberal dos anos 1990, as políticas comerciais passaram a fortalecer os mercados nacionais, com recrudescimento do protecionismo tarifário e não tarifário, especialmente nos países em desenvolvimento.;ERRADO
O avanço da globalização produziu impulso liberalizante nas políticas comerciais de países desenvolvidos e em desenvolvimento, favorecendo maior abertura comercial no plano multilateral e nos blocos regionais.;CERTO
Assim como as sentenças de tribunais internacionais, as decisões do Órgão de Apelação da OMC são obrigatórias independentemente de sua adoção por outros órgãos da OMC.;ERRADO
É vedado às empresas, grandes ou pequenas, fazer parte como membros da OMC.;CERTO
O Órgão de Apelação é composto por sete pessoas que não devem possuir vínculo com nenhum governo.;CERTO
O Órgão de Apelação proibiu a presença de amicus curiae nos casos submetidos à sua apreciação.;ERRADO
A acessão ao Acordo Constitutivo da OMC depende da aceitação por, no mínimo, três quintos de seus membros.;ERRADO
Os governos concedem incentivos fiscais e financeiros à produção e à comercialização de bens destinados à exportação, visando aumentar sua competitividade internacional.;CERTO
Embora o GATT proíba, como regra geral, restrições quantitativas, cotas de importação podem ser utilizadas legitimamente em determinadas situações excepcionais e temporárias previstas nas regras do sistema.;CERTO
Desde o início dos anos 1990, houve proliferação de acordos preferenciais regionais, permitindo aos países condições diferenciadas de acesso a mercados em relação aos compromissos multilaterais.;CERTO
A OMC permite ações retaliatórias dos membros em resposta a barreiras comerciais consideradas injustas, desde que previamente autorizadas pela própria organização.;CERTO
Os acordos do GATT aplicam-se ao comércio de mercadorias, serviços e direitos de propriedade intelectual e são subscritos por todos os países.;ERRADO
O Órgão de Solução de Controvérsias da OMC pode estabelecer painéis, adotar relatórios, acompanhar sua implementação e autorizar retaliações quando necessário.;CERTO
Incentivos fiscais condicionados ao uso de um percentual mínimo de componentes domésticos constituem exemplo de medida abrangida pelo Acordo TRIMS.;CERTO
O Acordo sobre Medidas Sanitárias e Fitossanitárias contempla medidas destinadas a proteger a vida e a saúde humana, animal e vegetal contra determinados riscos.;CERTO
Regras de origem podem funcionar como instrumento implícito de proteção, afetando as condições de utilização de insumos importados e o funcionamento de áreas de livre comércio.;CERTO
Muitos países em desenvolvimento não utilizam plenamente o potencial do SGP devido à complexidade e às frequentes alterações de suas regras, especialmente as regras de origem.;CERTO
A atuação brasileira na Rodada de Doha pautou-se fundamentalmente pela conciliação entre interesses de países emergentes e desenvolvidos, com o objetivo de concluir exitosamente as negociações.;ERRADO
O Brasil recorre crescentemente a acordos regionais e arranjos preferenciais para se proteger de eventual desmoronamento do sistema multilateral decorrente do fracasso da Rodada de Doha.;ERRADO
O Brasil valoriza as instâncias da OMC, especialmente o sistema de solução de controvérsias, como instrumento para defender a normativa multilateral diante de práticas comerciais consideradas desleais.;CERTO
O Brasil reconhece o impasse das negociações e utiliza pragmaticamente os mecanismos disponíveis para reagir às práticas comerciais de outros países.;CERTO
A Rodada Uruguai foi mais ambiciosa que as anteriores porque ampliou a agenda de negociações para temas como agricultura, propriedade intelectual e serviços.;CERTO
As primeiras negociações multilaterais sobre regulamentos e normas técnicas que resultaram no Acordo sobre Barreiras Técnicas ao Comércio ocorreram durante a Rodada Uruguai.;ERRADO
O Acordo sobre Barreiras Técnicas ao Comércio estabelece padrões uniformes internacionais obrigatórios de qualidade e segurança para facilitar a circulação de bens.;ERRADO
As partes do Acordo sobre Barreiras Técnicas ao Comércio devem assegurar que regulamentos e normas técnicas não discriminem produtos nacionais em relação a produtos importados similares.;CERTO
O acompanhamento da implementação do Acordo sobre Barreiras Técnicas ao Comércio compete à Organização Internacional de Padronização.;ERRADO
Atualmente, os movimentos internacionais de recursos financeiros decorrem predominantemente das trocas comerciais entre países.;ERRADO
A evolução do comércio internacional após a Segunda Guerra Mundial esteve associada à expansão dos investimentos estrangeiros diretos, à recuperação das economias europeias e japonesa e ao processo de descolonização.;CERTO
As divisões políticas e econômicas da Guerra Fria não impediram a expansão e diversificação das trocas internacionais, embora tenham condicionado sua distribuição.;CERTO
Considerações comerciais estiveram historicamente presentes na origem de conflitos internacionais, inclusive na primeira metade do século XX, quando inexistiam mecanismos multilaterais eficazes para solucionar tais controvérsias.;CERTO
O aumento do protecionismo não tarifário a partir dos anos 1970 foi, em parte, uma resposta à redução progressiva das tarifas de importação promovida no âmbito do GATT.;CERTO
Entre as principais formas de protecionismo não tarifário estão subsídios, medidas antidumping, salvaguardas, normas técnicas e medidas sanitárias e fitossanitárias.;CERTO
A preocupação em impedir que normas técnicas nacionais criassem obstáculos desnecessários ao comércio esteve na origem do Acordo sobre Barreiras Técnicas ao Comércio.;CERTO
Por estar vinculada à produção e possuir marcos institucionais próprios, a normalização técnica não é objeto de consideração nos acordos comerciais.;ERRADO
A Organização Internacional do Comércio foi concebida no contexto de Bretton Woods, mas sua Carta não foi ratificada pelos EUA; a OIC não foi criada e o GATT assumiu provisoriamente parte de suas funções, sem constituir uma organização internacional.";CERTO
Embora não fosse uma organização internacional formal, o GATT estabeleceu regras fundamentais para o comércio e promoveu sua liberalização mediante sucessivas rodadas multilaterais.;CERTO
A criação da OMC ocorreu em razão da obsolescência das normas e instrumentos do GATT diante da nova realidade do comércio internacional.;CERTO
A OMC foi criada para administrar os acordos da Rodada Uruguai, servir de foro para negociações e solução de controvérsias e acompanhar as políticas comerciais dos membros.;CERTO
Entre os anos 1950 e o final dos anos 1970, houve significativa redução das barreiras tarifárias e forte crescimento dos fluxos comerciais até a crise do petróleo.;CERTO
As dificuldades econômicas decorrentes da instabilidade cambial e do aumento dos preços do petróleo provocaram desaceleração do comércio internacional e recrudescimento do protecionismo.;CERTO
Os países em desenvolvimento buscavam diversificar suas exportações, obter maior acesso aos mercados desenvolvidos e assegurar tratamento diferenciado na aplicação das regras do GATT.;CERTO
A UNCTAD tornou-se instrumento privilegiado do diálogo Norte-Sul por ser o único fórum em que países em desenvolvimento negociavam com países desenvolvidos temas comerciais que não faziam parte da agenda e das disciplinas do GATT.;CERTO
O choque do petróleo provocou aumento dos preços das commodities exportadas pelos países em desenvolvimento, melhorando seus termos de intercâmbio e equilibrando suas relações comerciais com os países desenvolvidos.;ERRADO
Os acordos da Rodada Uruguai passaram a ser revisados após a criação da OMC para ajustá-los aos objetivos da organização, o que justificou o lançamento da Rodada de Doha.;ERRADO
Os acordos da Rodada Uruguai foram integralmente incorporados à OMC nos termos em que foram concluídos.;CERTO
Somente os acordos plurilaterais ainda seriam incorporados às normas da OMC, pois permaneciam em negociação na Rodada de Doha.;ERRADO
No âmbito da OMC, o Brasil atua para conter reduções tarifárias ao mesmo tempo em que apoia disciplinas em novos temas comerciais, buscando evitar formas protecionistas.;ERRADO
A presença brasileira nos órgãos multilaterais econômicos caracteriza-se pelo esforço de afirmar interesses nacionais sem preocupação com a construção de regras mais abrangentes para o sistema internacional.;ERRADO
Na Rodada Uruguai foram firmados, entre outros, o Acordo sobre Medidas Sanitárias e Fitossanitárias, o Acordo sobre Barreiras Técnicas ao Comércio e o Acordo sobre Medidas de Investimento Relacionadas ao Comércio (TRIMS).;CERTO
Nas negociações da Rodada de Doha, iniciadas em 2001, o tema mais importante e controverso foi o dos subsídios agrícolas.;CERTO
;
. As medidas cobertas pelo Acordo sobre Barreiras Técnicas ao Comércio (TBT) referem-se à regulamentação técnica, à normalização e à avaliação da conformidade.;CERTO
. O Comitê sobre Barreiras Técnicas ao Comércio (CBT) foi instituído pelo Acordo sobre Barreiras Técnicas ao Comércio como órgão supervisor e de consulta acerca do funcionamento e da aplicação desse acordo.;CERTO
. Segundo o princípio da não discriminação do Acordo sobre Barreiras Técnicas ao Comércio, os produtos importados do território de qualquer membro não devem receber tratamento menos favorável que aquele concedido aos produtos similares de origem nacional e aos produtos similares originários de qualquer outro país.;CERTO
. O exame do funcionamento do Acordo sobre Barreiras Técnicas ao Comércio, para eventual ajuste visando preservar o equilíbrio entre direitos e obrigações, é realizado por meio de revisões trienais a cargo do Comitê sobre Barreiras Técnicas ao Comércio.;CERTO
. Em 2011, o Órgão de Solução de Controvérsias da OMC estabeleceu uma ação de reenvio prejudicial para que a Corte Internacional de Justiça decidisse sobre a competência do órgão para julgar questões de direitos humanos relacionadas ao comércio internacional.;ERRADO
. Caso um conflito internacional tenha sido submetido a outro foro internacional para julgamento, cabe ao Órgão de Solução de Controvérsias da OMC excluir sua competência, quando necessário.;ERRADO
. Embora somente os membros da OMC tenham capacidade postulatória perante o Órgão de Solução de Controvérsias, qualquer ator privado pode participar do contencioso como amicus curiae.;ERRADO
. O G20, grupo informal de países em desenvolvimento formado durante a preparação para a Conferência de Cancun, representa parcela substancial do comércio agrícola mundial.;CERTO
. Cabe ao Ministério das Relações Exteriores estabelecer normas e regulamentos para a proteção do mercado consumidor brasileiro, especialmente no controle e vigilância da importação de produtos farmacêuticos ou agropecuários.;ERRADO
. A diplomacia brasileira promove negociações bilaterais e multilaterais para ampliar o acesso a conhecimentos e novas tecnologias e incorporar inovações à economia e aos setores industrial e de serviços brasileiros.;CERTO
. A participação do Brasil em foros como a UNCTAD e o apoio ao Sistema Geral de Preferências constituem iniciativas voltadas à promoção de maior equidade no desenvolvimento global.;CERTO
. A participação brasileira na Rodada Doha da OMC busca promover e ampliar o acesso de bens e serviços brasileiros ao mercado mundial.;CERTO
. As organizações internacionais originam-se da vontade dos Estados que as constituem, os quais estabelecem seus mandatos e limites nas cartas constitutivas, visando disciplinar aspectos da vida internacional que exigem ações concertadas.;CERTO
. O propósito fundamental da OMC é contribuir para que as correntes de comércio circulem com fluidez, liberdade, equidade e previsibilidade, administrando acordos comerciais, promovendo negociações, resolvendo diferenças comerciais e examinando as políticas comerciais dos Estados-membros.;CERTO
. A OMC possui capacidade regulatória para constranger os Estados e demais atores internacionais a seguirem determinados padrões comportamentais, enquanto o PNUMA não possui a mesma capacidade regulatória, dificultando a construção de um regime ambiental internacional.;CERTO
. No processo decisório da OMC, o consenso constitui a regra básica, e, quando não alcançado, podem ser aplicadas as regras de votação previstas nos acordos, incluindo maioria de três quartos ou de dois terços em situações específicas.;CERTO
. Apesar da ampliação do conjunto de regras resultante da Rodada Uruguai, o sistema multilateral de comércio sob a OMC continua regido basicamente pelos mesmos princípios fundamentais enunciados no GATT de 1947.;CERTO
;
;
. A medida de defesa comercial que não representa reação a práticas desleais de comércio corresponde às salvaguardas comerciais.;CERTO
. O Sistema Geral de Preferências (SGP) é unilateral e não recíproco, de caráter temporário, cabendo ao país outorgante definir os produtos elegíveis, as margens de preferência e as regras aplicáveis à concessão.;CERTO
. O Brasil considera que a Rodada Doha deve incluir a correção das distorções do comércio agrícola por meio da eliminação de subsídios a importações, da ampliação do apoio interno à produção e da manutenção do atual nível de acesso a mercados.;ERRADO
. O Brasil defende, nos fóruns internacionais, um modelo econômico baseado na produção agrícola em grandes volumes e em mecanismos de mercado que permitam aos indivíduos sair da pobreza sem apoio governamental.;ERRADO
. O Acordo de Bali da OMC gera um resultado paradoxal: ao mesmo tempo em que estimula iniciativas regionais, prenuncia a falência de blocos econômicos como MERCOSUL, NAFTA e União Europeia.;ERRADO
. O comércio internacional é peça-chave da economia globalizada, de modo que obstáculos à sua plena realização geralmente produzem efeitos negativos, especialmente nos aspectos econômicos e sociais.;CERTO
. A inexistência de um órgão multilateral responsável por estabelecer e executar normas consensualmente aceitas para regular o comércio global é a principal causa das desavenças que impedem o pleno desenvolvimento dos mercados mundiais.;ERRADO
. O Acordo de Bali de 2013 conferiu credibilidade à OMC e foi amplamente entendido como uma expressiva vitória do então diretor-geral da organização, o brasileiro Roberto Azevêdo.;CERTO
. Um dos aspectos da globalização recente é o aumento do investimento estrangeiro de portfólio, que corresponde a fluxos financeiros como investimentos em títulos e ações.;CERTO
. O processo decisório preferencial no âmbito da Organização Mundial do Comércio ocorre por consenso.;CERTO
. O acordo comercial plurilateral originalmente abrangido pelo entendimento sobre solução de controvérsias da OMC é o Acordo Internacional sobre Licitações Internacionais.;CERTO
. A adoção da regra do consenso invertido no Sistema de Solução de Controvérsias da OMC baseia-se na necessidade de que os Estados-membros aprovem as decisões por unanimidade.;ERRADO
. A Organização Mundial do Comércio surgiu após a queda do Muro de Berlim.;CERTO
. O Sistema de Solução de Controvérsias da OMC admite a participação de blocos econômicos, como a União Europeia, e permite que organizações não governamentais se manifestem acerca de suas áreas de atuação.;ERRADO
. A China participa da OMC com status de membro observador, estando impedida de atuar como autora ou ré no Sistema de Solução de Controvérsias.;ERRADO
. Apesar das dificuldades enfrentadas nas negociações multilaterais, a OMC contribuiu efetivamente para inibir impulsos protecionistas no período imediatamente posterior à crise econômica de 2008.;CERTO
. O estancamento da Rodada Doha teve como consequência direta a perda de relevância do Órgão de Solução de Controvérsias da OMC.;ERRADO
. A nomeação de um brasileiro para a direção-geral da OMC decorreu da crescente influência dos países em desenvolvimento e expressou mudança na correlação de forças dentro da organização.;CERTO
. O PROEX possui as modalidades financiamento e equalização, e sua utilização pela EMBRAER na modalidade equalização motivou contencioso na OMC entre Brasil e Canadá envolvendo subsídios incompatíveis com o Acordo sobre Subsídios e Medidas Compensatórias.;CERTO
. Considera-se dumping a introdução de produto no mercado doméstico brasileiro a preço de exportação superior ao seu valor normal.;ERRADO
. Embora a OMC tenha sido criada apenas ao final da Rodada Uruguai, a regulação comercial internacional já era exercida pelas normas do GATT desde 1947, e o Brasil foi membro originário desse acordo.;CERTO
. Subsídios à exportação são diretamente relacionados ao desempenho exportador e podem assumir formas como isenção de impostos e créditos à exportação em condições mais vantajosas que as de mercado.;CERTO
. A OMC permite os subsídios às exportações porque eles são mais vantajosos que a utilização de cotas ou tarifas.;ERRADO
. Os subsídios às exportações distorcem os preços internacionais ao aumentar a oferta dos produtos subsidiados no mercado internacional.;CERTO
. Diferentemente do GATT de 1947, a OMC possui personalidade jurídica e pode celebrar acordos internacionais.;CERTO
. A inexistência de um Órgão de Apelação no mecanismo de solução de controvérsias da OMC assegura maior celeridade ao procedimento.;ERRADO
. Todas as decisões da OMC são sempre tomadas por unanimidade.;ERRADO
. A cláusula da nação mais favorecida foi abolida com a criação da OMC.;ERRADO
. O sistema de solução de controvérsias da OMC é mais diplomático do que jurisdicional, enfatizando negociação, mediação e conciliação.;ERRADO
. A reunião ministerial de Bali conseguiu alcançar um Acordo de Facilitação de Comércio.;CERTO
. Brasil e Índia assumiram papel central nas negociações da OMC a partir de 2003, com a formação do G20 agrícola e participação ativa no Órgão de Solução de Controvérsias.;CERTO
. A China, a Índia e o Brasil passaram a exercer reconhecida capacidade de influenciar os rumos do processo decisório da Rodada Doha.;CERTO
. Houve ajustes no processo de eleição do Diretor-Geral da OMC, do Diretor-Gerente do FMI e do Presidente do Banco Mundial em razão da nova distribuição do equilíbrio de poder internacional.;ERRADO
. Diante das dificuldades na Rodada Doha, os EUA buscaram acordos paralelos às negociações da OMC, como a Parceria Transpacífica e o Acordo de Parceria Transatlântica de Comércio e Investimento.;CERTO
. A principal razão para o Brasil manter sua estratégia de priorizar as negociações multilaterais na OMC é o forte interesse comercial brasileiro no setor agroalimentar, tornando a negociação multilateral particularmente adequada para enfrentar os obstáculos impostos pelos EUA e pela União Europeia.;CERTO
. A organização que sucedeu o GATT e regula as transações mercantis em escala global, além de funcionar como mecanismo de solução de controvérsias entre seus membros, é a OMC.;CERTO
. O programa Inovar-Auto, ao elevar a alíquota do IPI sobre veículos importados, não está sujeito às limitações do GATT porque a tributação interna não constitui barreira tarifária.;ERRADO
. A OMC, criada como resultado da Rodada Uruguai, possui entre suas funções o acompanhamento das políticas comerciais de seus membros, utilizando mecanismos previstos no sistema multilateral de comércio.;CERTO
. Segundo o GATT, não há amparo para práticas protecionistas inseridas em políticas de substituição de importações, baseadas na industrialização e na tese da deterioração dos termos de troca dos produtos primários.;CERTO
. É função da OMC administrar e aplicar os acordos comerciais multilaterais.;CERTO
;
;
Acerca do processo de tomada de decisão na OMC, o consenso é a regra básica e, quando não alcançado, os procedimentos requerem maioria de dois terços ou de três quartos?;CERTO
Uma das ferramentas que permite às nações desenvolvidas a redução de tarifas aduaneiras aos produtos oriundos de países em desenvolvimento é o Sistema Geral de Preferências (SGP)?;CERTO
Na análise de dumping, considera-se a diferença entre o preço do bem praticado na exportação e o praticado no mercado doméstico?;CERTO
Segundo o GATT, considera-se dumping a oferta de um produto no comércio exterior em valor inferior ao preço normal praticado na origem?;CERTO
A Rodada do Uruguai teve papel fundamental na constituição da Organização Mundial do Comércio (OMC)?;CERTO
Medidas antidumping somente podem ser adotadas se a autoridade governamental competente demonstrar nexo causal?;CERTO
O princípio do poluidor-pagador, contido na Agenda 21, determinou a responsabilidade pelos danos ambientais e estabeleceu formas gerais de cálculo dos custos ambientais?;ERRADO
As negociações multilaterais sobre comércio e meio ambiente frequentemente revelam um padrão Norte-Sul, havendo risco de normas ambientais estritas se transformarem em barreiras não tarifárias ou proteção disfarçada ao comércio?;CERTO
As regras da OMC permitem normas domésticas de proteção ambiental, e o OSC e o CTE atuam como tribunal internacional para estabelecer jurisprudência sobre a compatibilização entre proteção ambiental e comércio?;ERRADO
Os conceitos de “responsabilidades comuns, mas diferenciadas” e de “dumping ambiental” foram consagrados nos documentos da ONU em torno da Agenda 21?;ERRADO
A principal modalidade de negociação para inclusão de temas ambientais na agenda comercial tem sido por meio de acordos preferenciais bilaterais e regionais, com EUA e União Europeia como principais promotores?;CERTO
Segundo o GATT, considera-se dumping a oferta de um produto no comércio exterior em valor inferior ao preço normal praticado na origem?;CERTO
A constituição da OMC foi uma decorrência da Rodada Uruguai de Negociações Multilaterais do GATT, tendo seu ato de constituição sido internalizado pelo governo brasileiro?;CERTO
A lex mercatoria consiste em normas internacionais criadas por práticas e costumes, desvinculadas do direito dos Estados, mas reconhecidas pelos atores do comércio internacional?;CERTO
Entre as funções da OMC destacam-se a promoção da estabilidade cambial e o auxílio ao estabelecimento de um sistema multilateral de pagamentos?;ERRADO
Pelo princípio da nação mais favorecida, qualquer vantagem, favor, imunidade ou privilégio concedido a um país deve ser imediata e incondicionalmente estendido aos produtos similares dos demais membros?;CERTO
Os empréstimos do braço financeiro do Banco Mundial destinam-se a qualquer país-membro, independentemente de seu estágio de desenvolvimento?;ERRADO
O Sistema Geral de Preferências permite que países desenvolvidos concedam tratamento tarifário preferencial a produtos oriundos de países em desenvolvimento e de países de menor desenvolvimento relativo?;CERTO
É permitida a adoção de medidas de salvaguarda para proteger a indústria nacional?;CERTO
A prática de dumping ocorre quando um produto é introduzido no mercado de outro país a preço inferior ao seu valor normal?;CERTO
A prática de dumping ocorre quando a exportação de um produto ocorre a preço inferior ao praticado no seu mercado doméstico?;CERTO
Mesmo havendo identificação de subsídio e de prática anticoncorrencial, não há obrigatoriedade de sua eliminação?;CERTO
Sempre que constatado o dumping, a indústria nacional possui direito de compensação a ser exercido no exercício fiscal da constatação?;ERRADO
O marxismo se desenvolveu em reação ao liberalismo econômico, pois os conflitos políticos nascem da luta entre classes sociais em relação à distribuição da riqueza?;CERTO
No nacionalismo econômico, privilegia-se o Estado, e o mercado deve estar sujeito aos interesses estatais, inclusive por meio de medidas de proteção da produção interna?;CERTO
No liberalismo, o mercado deve funcionar livre de interferência política, embora a ordem internacional liberal preconize regras no comércio internacional?;CERTO
As trocas internacionais resultam das assimetrias entre países em matéria de preços relativos, os quais refletem os custos relativos de produção. Esse princípio corresponde às vantagens comparativas?;CERTO
As deliberações dos grupos especiais são confidenciais e as opiniões individuais de seus integrantes consignadas no relatório são anônimas?;CERTO
O Sistema de Solução de Controvérsias pode aumentar ou diminuir os direitos e obrigações definidos nos acordos da OMC para promover o reequilíbrio entre os membros?;ERRADO
As solicitações de conciliação e a utilização dos procedimentos de solução de controvérsias são consideradas ações contenciosas, devendo todos os membros participar do processo de boa-fé?;ERRADO
A solução de controvérsias inicia-se por consultas, que são públicas e não prejudicam os direitos de qualquer membro em procedimentos posteriores?;ERRADO
Bons ofícios, conciliação e mediação são procedimentos obrigatórios aos membros submetidos ao Sistema de Solução de Controvérsias da OMC?;ERRADO
No sistema de solução de controvérsias da OMC, vigora a regra do consenso negativo, segundo a qual decisões dos painéis e do Órgão de Apelação serão vinculantes salvo se todos os membros forem contrários?;CERTO
;
O Direito Econômico Internacional é regido, entre outras características, pela interdependência entre seus atores?;CERTO
O bloqueio dos Estados Unidos ao Órgão de Apelação da OMC revelou a fragilidade do sistema de resolução de controvérsias da organização?;CERTO
O bloqueio do Órgão de Apelação pelos Estados Unidos teve como objetivo pressionar pela adoção de critérios políticos e consensuais de indicação de seus membros, em substituição a sorteios aleatórios?;ERRADO
O elevado número de disputas que alcançavam a fase de apelação era incompatível com a concepção original do sistema, que privilegiava soluções mutuamente acordadas entre as partes?;CERTO
Nos últimos trinta anos, a globalização foi impulsionada por avanços tecnológicos, como novas modalidades de transmissão de dados e maior capacidade de processamento, que aceleraram os fluxos comerciais e facilitaram a movimentação internacional de capitais?;CERTO
Os contenciosos da OMC desenvolvem-se em três fases principais: consultas, painel e apelação?;CERTO
O caráter predatório do dumping caracteriza-se, basicamente, pela eliminação da concorrência no país importador, seguida do domínio do mercado e posterior elevação dos preços dos produtos?;CERTO
Cotas de importação, câmbios diferenciados por operação, tarifas protecionistas, tratamentos preferenciais discriminatórios e tributação mais onerosa dos produtos importados são barreiras ao comércio internacional vedadas pelo GATT, por afrontarem seu objetivo de liberalização das trocas?;CERTO
A redução de procedimentos pouco eficientes no comércio exterior, a coordenação entre órgãos governamentais, o gerenciamento de riscos e o uso de tecnologias e padrões internacionais são objetivos do Acordo sobre Facilitação do Comércio?;CERTO
As barreiras técnicas ao comércio compreendem regulamentos técnicos, normas e procedimentos de avaliação da conformidade que, quando variam entre países, podem elevar os custos do comércio e reduzir os ganhos potenciais das transações entre importadores e exportadores?;CERTO
A prática de venda de produtos no comércio exterior a preço inferior ao praticado no mercado interno é denominada dumping?;CERTO
O GATT foi criado dentro da OMC logo após o fim da Segunda Guerra Mundial?;ERRADO
O Brasil, embora convidado a integrar o GATT desde sua fundação, relutou em aderir ao acordo por adotar, à época, uma política protecionista?;ERRADO
A cláusula da nação mais favorecida aplica-se ao Acordo TRIPS no âmbito da OMC?;CERTO
A fraca recuperação do comércio mundial nos últimos anos decorre, entre outros fatores, da incerteza sobre o crescimento econômico mundial, do crescente protecionismo, das tensões geopolíticas e de distúrbios no transporte marítimo?;CERTO
A decisão unilateral dos países de elevar tarifas sobre importações para proteger seus mercados pode desencadear uma guerra comercial?;CERTO
A imposição de tarifas recíprocas tende a reduzir o comércio entre os países envolvidos, prejudicando consumidores e produtores?;CERTO
;
;
O MERCOSUL foi criado pelo Tratado de Assunção, de 1991.;CERTO
Os Grupos de Contadora e de Apoio foram originalmente criados com o objetivo de contribuir para a solução dos conflitos na América Central.;CERTO
Raúl Prebisch foi o grande formulador da visão da CEPAL sobre as questões do desenvolvimento latino-americano nos anos 1950 e 1960.;CERTO
MERCOSUL, União Europeia e NAFTA são agrupamentos econômicos regionais que implementaram ou objetivaram a liberalização dos fluxos de comércio intrazona.;CERTO
Segundo os teóricos da corrente liberal, ao transacionarem bens e serviços no mercado internacional, as nações tendem a produzir mais eficientemente, podendo obter ganhos mútuos.;CERTO
UNCTAD, OMC, APEC, CARICOM e GATT são instituições ou agrupamentos dedicados precipuamente a temas econômico-comerciais.;CERTO
A ALADI pode ser considerada um amplo e bem-sucedido exemplo de mercado comum implantado no hemisfério ocidental.;ERRADO
A Comunidade Andina é uma união de países andinos que visa ao estabelecimento de políticas comuns de comércio entre seus integrantes.;CERTO
O processo de integração que levou à criação do MERCOSUL teve origem na aproximação entre Argentina e Brasil em meados da década de 1980, conduzida pelos presidentes Raúl Alfonsín e José Sarney.;CERTO
A ampliação das trocas entre Brasil e Argentina hipertrofiou o comércio brasileiro com Paraguai e Uruguai e reduziu o poder de barganha dos membros do MERCOSUL no mercado mundial.;ERRADO
Diversamente da OMC, o MERCOSUL não possui personalidade jurídica de direito internacional nem competência para celebrar tratados internacionais.;ERRADO
A IIRSA foi um projeto aprovado na Primeira Reunião de Presidentes da América do Sul, em 2000, destinado a dotar a América do Sul de infraestrutura eficiente e moderna, com base em eixos de integração e desenvolvimento e na sinergia entre transportes, energia e comunicações.;CERTO
O MERCOSUL é uma união aduaneira à qual ainda faltam alguns instrumentos comuns de política comercial e que realiza conjuntamente negociações comerciais com terceiros países.;CERTO
As negociações da ALCA envolveram acesso a mercados para bens e serviços e disciplinas relativas a propriedade intelectual e investimentos.;CERTO
Um dos princípios consolidados para a negociação da ALCA foi o princípio do single undertaking.;CERTO
O nascimento do MERCOSUL deve ser visto como um desdobramento natural da evolução da ALADI.;CERTO
Ao se afastar, em 2003, das tratativas para implantação da ALCA, o Brasil sinalizou oposição às práticas norte-americanas de subsídios, especialmente na agricultura.;CERTO
O MERCOSUL, orientado pela lógica da globalização, segue o modelo da União Europeia, que prioriza exclusivamente o intercâmbio comercial.;ERRADO
O núcleo geoeconômico do MERCOSUL compreende concentrações industriais, áreas agrícolas modernas, portos e terminais de corredores de comércio exterior do Centro-Sul brasileiro, favorecendo a integração de cadeias produtivas dos países-membros.;CERTO
Um dos objetivos do Tratado de Cooperação Amazônica, assinado em 1978, é promover um modelo de desenvolvimento da região que atualmente pode ser denominado sustentável.;CERTO
O crescimento do intercâmbio comercial entre os Estados-membros do MERCOSUL está direcionado principalmente para a região Sul do Brasil, em razão da extensão territorial brasileira e dos custos de transporte.;ERRADO
O MERCOSUL nasceu da aproximação política entre os governos de Montevidéu e Assunção em meados dos anos 1980, aos quais posteriormente aderiram Brasil e Argentina.;ERRADO
O MERCOSUL constitui uma barreira aos investimentos de empresas transnacionais na indústria e nos serviços, favorecendo o fortalecimento das economias do bloco.;ERRADO
O MERCOSUL surgiu, entre outros objetivos, para oferecer aos seus membros condições mais favoráveis de inserção na economia mundial globalizada e competitiva.;CERTO
O regime militar brasileiro iniciou entendimentos com o governo argentino para evitar uma possível corrida nuclear.;CERTO
Em 1986, os presidentes José Sarney e Raúl Alfonsín foram os signatários do Tratado de Assunção, que criou o MERCOSUL.;ERRADO
A globalização da década de 1990 acentuou assimetrias entre os sistemas produtivos do Brasil e da Argentina.;CERTO
O acordo destinado à criação da zona de livre comércio entre MERCOSUL e União Europeia foi concluído durante o segundo mandato de Fernando Henrique Cardoso.;ERRADO
Na década de 1990, o processo de integração regional que originou o MERCOSUL começou por iniciativa do Uruguai e do Paraguai, aos quais se juntaram Brasil e Argentina.;ERRADO
O MERCOSUL é classificado como união aduaneira imperfeita porque há um regime de exceções tributárias decorrente das assimetrias internas que impede a aplicação de uma tarifa externa comum absolutamente uniforme entre os países-membros.;CERTO
O Brasil, em conjunto com a Argentina, criou e implantou mecanismo de pagamento em moeda local para agilizar e desburocratizar o intercâmbio comercial no MERCOSUL, mecanismo que poderia ser ampliado aos demais países do bloco.;CERTO
A prioridade brasileira à consolidação e expansão do MERCOSUL expressou-se no apoio a iniciativas de aprimoramento institucional, como a criação do FOCEM e do Parlamento do MERCOSUL.;CERTO
As dificuldades políticas e institucionais do MERCOSUL e o recrudescimento do protecionismo levaram à continuada retração da corrente de comércio do Brasil com o bloco nos cinco anos anteriores a 2009.;ERRADO
Com a criação da UNASUL, os instrumentos e as disciplinas comerciais do MERCOSUL deveriam ser gradativamente transferidos para esse organismo.;ERRADO
A primeira Cúpula da América Latina e do Caribe sobre Integração e Desenvolvimento (CALC), realizada em 2008, decidiu estabelecer formalmente uma Organização dos Estados da América Latina e do Caribe denominada OEALC.;ERRADO
Na CALC de 2008 houve amplo apoio à reinserção de Cuba no sistema interamericano e manifestações de condenação ao embargo comercial dos Estados Unidos contra Cuba.;CERTO
Os chefes de Estado e de Governo da CALC decidiram intensificar o diálogo, a interação e a sinergia entre os mecanismos regionais e sub-regionais de integração da América Latina e do Caribe.;CERTO
Durante a CALC, os líderes ressaltaram a urgência de uma conclusão exitosa da Rodada Doha da OMC, mediante um acordo equilibrado e equitativo de acesso a mercados para agricultura e produtos industriais.;CERTO
;
;
;
;
;
O MERCOSUL é uma organização dotada de personalidade jurídica de direito internacional.;CERTO
A UNASUL constitui um bloco regional financeiro-comercial voltado à proteção dos mercados sul-americanos diante da concorrência de bens e serviços procedentes de economias industrializadas, principalmente EUA, Europa e Japão.;ERRADO
Um dos objetivos da UNASUL é apoiar a implantação de infraestrutura física regional que permita a intensificação dos fluxos de comércio, o aprimoramento da prestação de serviços e a redução dos tempos e custos do trânsito de bens, pessoas e serviços entre os países-membros.;CERTO
A UNASUL tem como prioridade eliminar as assimetrias existentes na região, contribuindo, inclusive, para que os países-membros passem a estabelecer com o Brasil um comércio superavitário.;ERRADO
Constitui meta da UNASUL gerar condições políticas propícias para que os países sul-americanos atuem de forma uníssona em foros multilaterais, tais como a Assembleia-Geral, o Conselho de Segurança da ONU e a OMC.;CERTO
A UNASUL é um organismo político internacional formado pela junção das estruturas do MERCOSUL e da Comunidade Andina, que deverão desconstituir-se para consolidar a nova entidade regional.;ERRADO
A CALC, ocorrida em Salvador em dezembro de 2008, foi a primeira reunião de mandatários de toda a América Latina e Caribe sem o envolvimento de atores extrarregionais.;CERTO
O Acordo 4+1, ou Acordo do Jardim de Rosas, firmado no início da década de 1990, representou o primeiro compromisso entre os EUA e os países do MERCOSUL, que participaram das negociações individualmente, e não como bloco.;CERTO
Após a aprovação pelo Senado brasileiro, em dezembro de 2009, do protocolo de adesão da Venezuela ao MERCOSUL, restava apenas a ratificação do Paraguai, facilitada pelo fato de este país integrar a Aliança Bolivariana e pelo perfil político de esquerda de Fernando Lugo.;ERRADO
O MERCOSUL, criado pelo Tratado de Montevidéu, em 1991, inscreve-se na tradição da ALALC, que deu origem à ALADI, em 1980, formando um quadro normativo dirigido à construção de uniões aduaneiras.;ERRADO
O Acordo Multilateral de Seguridade Social do MERCOSUL, a Declaração Sociolaboral e o Protocolo de Integração Cultural são exemplos de instrumentos referentes à integração em matérias não econômicas, alcançados durante a primeira década do MERCOSUL.;CERTO
Sob a forma de reuniões especializadas, as primeiras iniciativas de integração nos campos da educação, justiça, ciência e tecnologia e meio ambiente ocorreram no período de transição de 1991 a 1994.;CERTO
Os temas não econômicos sempre estiveram articulados funcionalmente à agenda da integração comercial, sendo tratados em subgrupos de trabalho específicos e vinculados ao Grupo Mercado Comum.;ERRADO
No MERCOSUL, houve uniformização dos currículos e da duração das etapas da educação básica e reconhecimento automático de certificados e diplomas de educação profissional e superior, com direito automático ao exercício profissional nos países do bloco.;ERRADO
O Parlamento do MERCOSUL permite a formação de grupos políticos integrados por pelo menos 10% dos parlamentares se todos forem de um mesmo Estado-membro, ou por pelo menos cinco parlamentares caso sejam oriundos de mais de um Estado-membro.;ERRADO
A Ata de Buenos Aires, assinada por Argentina, Brasil, Paraguai e Uruguai em 1990, fixou para 1994 a formação de um mercado comum entre os quatro países.;ERRADO
São de responsabilidade do Grupo Mercado Comum, órgão superior do MERCOSUL, a direção do processo de integração dos Estados-membros e a tomada de decisões políticas.;ERRADO
O Programa MERCOSUL Social e Participativo, instituído em 2008, assegura a livre circulação de trabalhadores e o exercício de suas atividades laborais nos Estados-membros sem necessidade de vistos de trabalho.;ERRADO
Conforme o Protocolo Adicional sobre Compromisso com a Democracia, a UNASUL poderá, em caso de ruptura da ordem democrática de um Estado-membro, estabelecer o fechamento parcial ou total de suas fronteiras terrestres e a suspensão do fornecimento de energia a esse Estado.;CERTO
Os objetivos do Conselho de Defesa da América do Sul incluem a consolidação da América do Sul como zona de paz, a construção de identidade sul-americana em matéria de defesa e a geração de consensos para fortalecer a cooperação regional em defesa.;CERTO
A IIRSA é um programa formado pelos doze países da América do Sul e tem como objetivo buscar condições para o incremento da integração física da região.;CERTO
Do ponto de vista político, a Cláusula Democrática é a que mais se destaca no Protocolo de Ouro Preto.;ERRADO
Estabelecida em 2000, a IIRSA foi posteriormente incorporada ao Conselho Sul-Americano de Infraestrutura e Planejamento da UNASUL.;CERTO
A CASA tornou-se UNASUL em 2007 e, em 2008, foi criado o Conselho de Defesa Sul-Americano, cujo objetivo é contribuir para a unidade sul-americana na área de segurança.;CERTO
No MERCOSUL predomina a dimensão intergovernamental sobre a supranacional. O Protocolo de Ouro Preto, de 1994, atribuiu ao MERCOSUL personalidade jurídica como ator internacional.;CERTO
Sob influência da CEPAL, Guatemala, Honduras, Nicarágua e El Salvador assinaram, em 1960, o Tratado Geral de Integração Econômica Centro-Americano, com o intuito de criar uma união aduaneira, incorporando posteriormente a Costa Rica.;CERTO
No fim dos anos 1960, países latino-americanos, por meio do Acordo de Cartagena, conhecido como Pacto Andino, estabeleceram uma integração regional entre suas economias, incorporando posteriormente a Venezuela.;CERTO
A CARICOM foi criada nos anos 1960 por um tratado que só entraria efetivamente em atividade nos anos 1980.;ERRADO
George Bush e Carlos Salinas estabeleceram, no fim dos anos 1980, um acordo comercial entre EUA e México que criou uma união aduaneira, dando origem ao NAFTA.;ERRADO
A integração econômica da América do Sul envolve a UNASUL e o MERCOSUL, mas não considera a CELAC nem a CALC.;ERRADO
A UNASUL visa aprofundar a cooperação regional, evitando objetivos de integração regional para não criar resistências políticas.;ERRADO
O Conselho de Defesa da UNASUL rege-se pelos princípios estabelecidos nas Cartas da ONU e da OEA e respeita, entre outros princípios, a soberania e a integridade dos Estados.;CERTO
Entre os objetivos da UNASUL está a promoção da democracia, inclusive pela mediação de crises internas dos países-membros, como nos casos da tentativa separatista do Pando, da sublevação da Polícia Nacional do Equador e da crise entre Colômbia e Venezuela.;CERTO
A IIRSA é o principal foro de condução da integração da infraestrutura física sul-americana, enquanto cabe ao COSIPLAN levantar os recursos para realizar os investimentos.;ERRADO
O Tratado do Rio da Prata, assinado em 1979 por Brasil, Argentina, Paraguai e Uruguai, disciplinou o uso dos rios internacionais da região para produção de energia elétrica e irrigação agrícola.;ERRADO
Com a Ata das Cataratas, de 1966, o Brasil comprometeu-se a comprar o excedente de energia paraguaia gerado pela represa de Yacyretá pelo prazo de dez anos.;ERRADO
Em 1973, Brasil e Paraguai assinaram tratado para o aproveitamento hidrelétrico do rio Paraná, criando a empresa binacional Itaipu e estabelecendo participação igual dos dois países na construção, operação e divisão da energia gerada.;CERTO
O governo argentino defendeu que, antes da construção de represas na bacia do Paraná, deveria haver consulta prévia obrigatória aos países ribeirinhos do curso inferior dos rios internacionais de curso sucessivo.;CERTO
Diferentes economias têm investido em fórmulas regionais de integração produtiva, como na Ásia-Pacífico e na América do Sul, nas quais economias menores exportam bens de produção para economias maiores, que exportam bens finais para as menores.;CERTO
A globalização cristalizou definitivamente a divisão internacional do trabalho, tornando-se obstáculo absoluto para que países de renda média e de menor desenvolvimento relativo se reposicionem competitivamente.;ERRADO
A globalização enseja a livre expansão da mobilidade internacional de fatores de produção, capital financeiro, investimentos produtivos, conhecimento e mão de obra qualificada e informal.;CERTO
O reforço do multilateralismo, os custos do isolamento, os padrões ambientais, sociais e de segurança, as exigências de competitividade e a busca por qualificação profissional limitam estratégias nacionais de desenvolvimento baseadas em modelos autárquicos ou protecionistas.;CERTO
;
;
;
A Venezuela foi suspensa do MERCOSUL em dezembro de 2016 em razão da aplicação da cláusula democrática do Protocolo de Ushuaia.;ERRADO
Um dos aspectos pendentes da agenda comercial do MERCOSUL é a exclusão dos setores automotivo e açucareiro do regime de livre comércio.;CERTO
Espera-se que todos os Estados-partes do MERCOSUL regulamentem a eleição de seus representantes no Parlamento do bloco, criado em 2006 e reunido regularmente em Montevidéu, pelo voto direto, conforme determina seu Protocolo Constitutivo.;CERTO
O MERCOSUL tem buscado ampliar o número de acordos com outros países e blocos, como demonstra a retomada das negociações para um acordo com a União Europeia e a busca de maior cooperação com a Aliança do Pacífico.;CERTO
No Protocolo de Olivos para a Solução de Controvérsias no MERCOSUL, não há previsão de adoção de medidas provisórias por tribunal ad hoc constituído no âmbito do tratado.;ERRADO
A integração sul-americana despontou na agenda da política externa brasileira mediante iniciativas como a proposta de integração comercial formulada na primeira metade dos anos 90 e na década seguinte, a organização da Primeira Reunião de Presidentes de Países da América do Sul, a criação da CASA e a criação da UNASUL.;CERTO
A IIRSA, criada por iniciativa brasileira em 2000, segue como principal mecanismo para o tratamento de questões de infraestrutura regional no COSIPLAN da UNASUL.;CERTO
Concebido originalmente para o estabelecimento de um mercado comum, o MERCOSUL incorporou à sua agenda e estrutura organizacional, ainda no período de transição, amplo conjunto de temas não econômicos, o que dificultou sua consolidação como união aduaneira.;ERRADO
Embora o Conselho de Defesa Sul-Americano tenha sido concebido para consolidar a América do Sul como zona de paz, temas como narcotráfico e delinquência associada a ilícitos transnacionais não se afirmaram em sua agenda, sendo tratados em conselhos específicos da UNASUL.;CERTO
O Acordo de Associação entre MERCOSUL e União Europeia inclui três pilares: diálogo político, cooperação e livre comércio. O acordo comercial abrange temas como facilitação de comércio, cooperação aduaneira, integração regional, subsídios e pequenas e médias empresas.;CERTO
Antes da primeira reunião de presidentes da América do Sul, as iniciativas diplomáticas brasileiras voltadas para a região eram limitadas em alcance geográfico ou em suas agendas, não expressando abordagem genuinamente regional e abrangente da dimensão sul-americana da política externa brasileira.;CERTO
O MERCOSUL é tributário dos esforços de integração protagonizados por Brasil e Argentina a partir de 1985, mas também representou resposta às tendências liberalizantes que se conformavam nos diferentes espaços regionais e no sistema multilateral de comércio.;CERTO
Tendo alcançado o estágio de união aduaneira ao final de 1994, a agenda do MERCOSUL voltou-se prioritariamente para o estabelecimento de um mercado comum, centrando-se em temas como convergência macroeconômica, integração produtiva e liberalização dos fluxos de capital e mão de obra.;CERTO
A UNASUL, criada em dezembro de 2008, sucedeu a CASA e ampliou o escopo da integração sul-americana ao incorporar à própria agenda e arcabouço institucional iniciativas anteriores de alcance regional nos campos da integração da infraestrutura e da liberalização comercial.;ERRADO
Em resposta aos protestos ocorridos no Equador em outubro de 2019, os países do MERCOSUL emitiram nota conjunta para repudiar a violência e propor, provisoriamente, a suspensão do Equador como membro associado do bloco.;ERRADO
Em 2019, o MERCOSUL e a EFTA firmaram um acordo de livre comércio pelo qual a EFTA se comprometeu a eliminar todas as tarifas de importação dos setores industrial e pesqueiro.;ERRADO
Mais de um quinto das exportações brasileiras foi destinado ao MERCOSUL e à União Europeia em 2019. Somados, os dois blocos representaram o segundo maior destino das exportações brasileiras, atrás somente da China.;CERTO
Os países do MERCOSUL e da Aliança do Pacífico assinaram o Acordo-Quadro sobre Facilitação do Comércio no lançamento do Plano de Ação de Puerto Vallarta, em 2018, comprometendo-se a reduzir em 15% as tarifas agrícolas em cinco anos.;ERRADO
A incorporação do Paraguai e do Uruguai ao MERCOSUL levou à reformulação do objetivo originalmente pactuado entre Brasil e Argentina de estabelecer um mercado comum, em favor de uma área de livre comércio sob uma união aduaneira.;ERRADO
Acompanhando a agenda econômica e comercial do MERCOSUL, houve avanços na agenda não econômica, entre outros, nos campos educacional, da seguridade social e da livre circulação de pessoas no interior do bloco.;CERTO
As negociações do Acordo de Associação MERCOSUL–União Europeia, apesar de seu escopo comercial, foram marcadas por dificuldades políticas decorrentes de diferentes abordagens e impasses acerca de questões extrapauta como defesa, cibersegurança, combate ao terrorismo, direitos humanos e desenvolvimento sustentável.;ERRADO
O exercício da Presidência pro tempore do MERCOSUL, alternadamente pelos países-membros durante seis meses, permite aproximar suas agendas e prioridades domésticas da agenda do bloco. Em 2023, o Brasil priorizou, entre outros temas, o financiamento da infraestrutura física e digital e o fortalecimento das instituições do bloco.;CERTO
Nas décadas de 1940 e 1950, o debate econômico mundial concentrava-se na atuação do Estado e no incentivo ao uso da poupança ociosa, enquanto, na América Latina, o foco era mais voltado para o protecionismo.;ERRADO
O pensamento cepalino não apresenta semelhanças com o pensamento keynesiano surgido na década de 1930, pois a condição de subdesenvolvimento latino-americana exigia uma refutação completa da teoria econômica dos países desenvolvidos.;ERRADO
O desequilíbrio estrutural do balanço de pagamentos é apontado pela CEPAL como uma das consequências do livre comércio e pode justificar medidas cambiais menos ortodoxas utilizadas no Brasil nas décadas de 1940 e 1950.;CERTO
A noção de centro-periferia relaciona-se, no plano interno, à existência de um setor exportador de alta produtividade e de setores de baixa produtividade no restante das economias latino-americanas.;CERTO
A Rota da Ilha das Guianas inclui Guiana, Guiana Francesa, Suriname e Venezuela, além de Amapá, Amazonas, Pará e Roraima, tendo como principal via de interconexão a estrada Transguianense, que liga Caiena a Paramaribo e Georgetown.;ERRADO
A integração econômica, política, social e cultural dos povos da América Latina é expressamente prevista na Constituição Federal de 1988.;CERTO
As jazidas de fertilizantes potássicos recém-descobertas em Itacoatiara e Itapiranga, no Amazonas, representam vantagens energéticas e logísticas para o Brasil e outros países amazônicos, por estarem próximas às linhas de transmissão de Tucuruí e às margens do rio Amazonas, na convergência de três rotas de integração e desenvolvimento.;ERRADO
Além de recursos orçamentários, as obras de integração previstas no projeto Rotas de Integração e Desenvolvimento Sul-Americano devem contar com financiamento do BNDES, BID, CAF, FONPLATA e FMI.;ERRADO
As dificuldades de integração energética no Cone Sul estão relacionadas à ausência histórica de intercâmbios de energia e de infraestrutura de interconexão das redes de eletricidade e gás natural entre os países da região.;ERRADO
É competência do Parlamento do MERCOSUL, conforme seu Protocolo Constitutivo de dezembro de 2005, velar pela preservação dos regimes democráticos nos Estados-partes.;CERTO
Entre as iniciativas que contribuíram para a construção de um espaço de integração sul-americano após a redemocratização brasileira incluem-se a realização da I Reunião dos Chefes de Estado e de Governo da América do Sul e a criação da UNASUL.;CERTO
Do ano anterior à criação do MERCOSUL até a virada do último milênio, aproximadamente nos dez primeiros anos de existência do bloco, o comércio intrazonal mais que quadruplicou.;CERTO
Nos últimos vinte anos, o Brasil experimentou maior diversidade nos fluxos migratórios recebidos, destacando-se o aumento das migrações provenientes de países vizinhos, especialmente após a implementação do Acordo sobre Residência para Nacionais dos Estados-partes do MERCOSUL e países associados.;CERTO
Segundo a teoria da mundialização, defendida a partir dos anos 1990, a queda das fronteiras e barreiras internacionais contribui para a ampliação do mercado globalizado de produtos e para a reorganização das cadeias produtivas em escala mundial.;CERTO
A política de abertura de fronteiras tem garantido a livre circulação de mercadorias e pessoas, favorecendo o crescimento econômico, a reposição de mão de obra e a competitividade territorial nos países-membros de blocos como NAFTA, MERCOSUL e UE.;ERRADO
O bloco geoeconômico da UE é defensor da abertura das fronteiras nacionais, dado o menor custo político e econômico dessa estratégia em comparação com o fechamento das fronteiras externas do bloco.;CERTO
A baixa complementaridade econômica, as assimetrias políticas e sociais e as limitações das estruturas estatais e burocráticas dos países-membros do MERCOSUL constituem obstáculos à efetivação de acordos de integração no bloco.;CERTO
A participação brasileira na UNASUL foi reativada a partir de 2023, ano em que foi editado decreto que promulgou o tratado constitutivo dessa união, criada em 2008.;CERTO
Na perspectiva do estruturalismo da CEPAL, a dualidade entre centro desenvolvido e periferia subdesenvolvida decorre, entre outros fatores, das diferenças tecnológicas entre atividades primárias e industriais; essa perspectiva pode ser redimensionada pela análise de sistemas-mundos, que incorpora o conceito de semiperiferia.";CERTO
Atualmente são membros plenos do MERCOSUL os países fundadores — Argentina, Brasil, Paraguai e Uruguai — e a Venezuela, estando a Bolívia em processo de adesão.;ERRADO
Em pronunciamento recente, o presidente de um dos países integrantes do MERCOSUL expressou desejo de negociar acordo comercial independente com os EUA, mesmo que, para isso, seu país tivesse de se retirar do bloco.;CERTO
Entre os membros da União Europeia, somente França e Itália são contrárias ao Tratado de Livre Comércio com o MERCOSUL, enquanto a Holanda apenas manifestou reservas ao acordo.;ERRADO
Apesar de possuir um Acordo-Quadro sobre Meio Ambiente desde 2001, o MERCOSUL não possui legislação ou políticas comuns que promovam efetivamente o desenvolvimento sustentável.;ERRADO
;
;
A teoria da deterioração dos termos de troca tem como um de seus pressupostos o fato de países dependentes ou periféricos serem pequenos no contexto do comércio internacional, ou seja, serem tomadores de preços.;CERTO
Conforme os tratados constitutivos do MERCOSUL, as normas do bloco, de qualquer natureza, possuem vigência e aplicação imediata nos ordenamentos jurídicos dos Estados-partes.;ERRADO
O Tratado de Assunção, celebrado em 1991, concedeu personalidade jurídica de direito internacional ao MERCOSUL.;ERRADO
As normas emanadas dos órgãos do MERCOSUL terão caráter obrigatório e deverão, quando necessário, ser incorporadas aos ordenamentos jurídicos nacionais mediante os procedimentos previstos pelo Conselho do Mercado Comum.;CERTO
O MERCOSUL está vinculado à ALADI, na forma de acordo de complementação econômica entre Argentina, Brasil, Paraguai e Uruguai, e obedece aos princípios e normas daquela associação.;CERTO
A livre circulação de mão de obra não é uma das metas a serem alcançadas pelo processo de integração do MERCOSUL.;ERRADO
A jurisdição de tribunal arbitral constituído para solução de determinada controvérsia, de acordo com o Protocolo de Brasília, não é obrigatória, pois depende de acordo especial entre as partes envolvidas.;ERRADO
Acordos Comerciais Preferenciais são acordos em que os Estados-partes concedem-se mutuamente descontos nas tarifas de importação e outras facilidades de acesso a mercados.;CERTO
O NAFTA prevê a expansão da integração econômica no continente, que teria início com a proposta do presidente George Bush para criação da ALCA.;ERRADO
O NAFTA prevê o aprofundamento da integração econômica entre os Estados-partes, evoluindo para uma união aduaneira e para a coordenação de políticas macroeconômicas.;ERRADO
O NAFTA prevê que os Estados-partes devem submeter aos demais signatários propostas de outros acordos de complementação econômica que pretendam integrar.;ERRADO
Por ser compatível com o Artigo XXIV do GATT, o NAFTA prevê a liberalização comercial, ainda que gradual, em todos os setores das economias envolvidas e a comunicação formal aos demais integrantes do GATT da intenção de constituir um processo de integração regional.;CERTO
O Secretariado do NAFTA é responsável pela administração das disposições do acordo referentes à solução de controvérsias.;CERTO
O Protocolo de Ouro Preto deu origem ao Conselho do Mercado Comum e ao Grupo Mercado Comum, principais instâncias institucionais do MERCOSUL.;ERRADO
O Protocolo de Ouro Preto, ao levar adiante a decisão de constituir uma união aduaneira, obrigou os governos dos Estados-partes a coordenar suas políticas macroeconômicas relativas ao déficit fiscal e à estabilidade de preços.;ERRADO
O Protocolo de Ouro Preto instituiu a Comissão de Comércio do MERCOSUL e a Secretaria Administrativa do MERCOSUL, além de conferir ao Conselho do Mercado Comum faculdade para criar órgãos auxiliares.;CERTO
O Protocolo de Ouro Preto instituiu representação proporcional ao número de habitantes na Comissão Parlamentar Conjunta.;ERRADO
O Protocolo de Ouro Preto reduziu a dimensão intergovernamental do MERCOSUL e criou um eficaz mecanismo de solução de controvérsias comerciais.;ERRADO
O regime de livre comércio do MERCOSUL, implantado a partir de 1.º de janeiro de 1995, manteve como exceção o comércio de automóveis e açúcar.;CERTO
O Tratado de Assunção enuncia como principal objetivo o estabelecimento de um mercado comum entre Argentina, Brasil, Paraguai e Uruguai até dezembro de 1994.;CERTO
Uma união aduaneira pressupõe a livre movimentação de bens, capital e mão de obra e a adoção de uma tarifa externa comum.;ERRADO
Uma união aduaneira pressupõe a liberalização do comércio entre os países que a integram e a adoção de uma tarifa comum para importações provenientes de terceiros países.;CERTO
O NAFTA prevê a criação de um mercado comum entre seus membros para fazer frente ao projeto de integração da Comunidade Econômica Europeia.;ERRADO
O NAFTA foi precedido por acordo bilateral de livre comércio entre Estados Unidos e Canadá.;CERTO
O NAFTA compreende a totalidade dos bens e serviços comercializados pelos três países, além de disciplinas complementares relacionadas ao meio ambiente e aos direitos trabalhistas.;CERTO
O NAFTA prevê prazo de doze anos para a total liberalização do comércio de bens entre Estados Unidos e Canadá e de quinze anos para a abertura total do mercado mexicano.;ERRADO
O NAFTA representa um acordo totalmente conforme à normativa da Organização Mundial do Comércio.;ERRADO
A Comunidade Andina foi criada no âmbito da ALALC e atualmente é integrada por Bolívia, Chile, Equador, Peru, Colômbia e Venezuela.;ERRADO
A Comunidade Andina conforma uma união aduaneira, pois sua tarifa externa comum foi implementada em todos os países-membros a partir de 1995.;ERRADO
A Comunidade Andina contempla o livre comércio de bens e serviços entre todos os países-membros, estando a Colômbia temporariamente suspensa em razão de conflito interno.;ERRADO
A Comunidade Andina instaurou, desde 1993, uma área de livre comércio para bens da qual participam todos os países-membros, exceto o Peru, que se incorporou gradualmente.;CERTO
A Comunidade Andina conforma um mercado comum, pois foram abolidas as restrições ao comércio de bens e serviços e à movimentação dos fatores de produção.;ERRADO
Constituem exceção ao livre comércio no MERCOSUL os produtos agrícolas.;ERRADO
Constituem exceção ao livre comércio no MERCOSUL os produtos que estejam causando prejuízo à indústria doméstica de um Estado-parte.;ERRADO
Constituem exceção ao livre comércio no MERCOSUL os produtos fabricados com peças e insumos estrangeiros correspondentes a 20% do valor final do produto.;ERRADO
Constituem exceção ao livre comércio no MERCOSUL os produtos têxteis e de vestuário.;ERRADO
Constituem exceção ao livre comércio no MERCOSUL os produtos procedentes de zonas francas ou áreas afins.;CERTO
NÃO constitui objetivo previsto no Tratado de Assunção a livre circulação de trabalhadores.;CERTO
NÃO constitui objetivo previsto no Tratado de Assunção a livre circulação de mercadorias.;ERRADO
NÃO constitui objetivo previsto no Tratado de Assunção a adoção de uma moeda única.;CERTO
NÃO constitui objetivo previsto no Tratado de Assunção a adoção de uma tarifa externa comum.;ERRADO
NÃO constitui objetivo previsto no Tratado de Assunção a coordenação de políticas macroeconômicas.;ERRADO
A existência do MERCOSUL insere-se no quadro da economia contemporânea globalizada e competitiva, que estimula a formação de blocos econômicos como forma de melhorar a inserção dos participantes no mercado mundial.;CERTO
O ponto de partida para a constituição do MERCOSUL foi a aproximação entre Brasil e Argentina nos anos 1980, seguida pela incorporação do Paraguai e do Uruguai.;CERTO
Um dos pontos frágeis do funcionamento do MERCOSUL está em seu mecanismo de solução de controvérsias entre os países integrantes.;CERTO
As “últimas divergências entre Brasil e Argentina” mencionadas no texto referiam-se à decisão argentina de impor obstáculos à importação de eletrodomésticos brasileiros, como geladeiras.;CERTO
A escolha de Assunção como sede do Tribunal Permanente de Revisão provavelmente decorreu do grande potencial paraguaio na produção de manufaturados e de sua reconhecida vocação para a formação de juristas.;ERRADO
Com a criação do Tribunal Permanente de Revisão, o MERCOSUL iguala-se à União Europeia quanto ao número, à diversidade e à abrangência das instituições de apoio ao processo de integração.;ERRADO
Desde o governo Itamar Franco, passando pelo governo Fernando Henrique Cardoso, o Brasil manifestou oposição visceral à ALCA por considerá-la instrumento da ação imperialista dos EUA no continente.;ERRADO
O MERCOSUL, criado em 1994, favoreceu as trocas comerciais entre seus membros e consolidou-se como primeiro passo para a mundialização da atuação de empresas nacionais desses países.;ERRADO
A criação do MERCOSUL está relacionada à redemocratização política do Brasil e da Argentina em meados da década de 1980.;CERTO
O MERCOSUL foi concebido a partir do PICE, baseado na integração gradual e flexível por meio de acordos específicos em setores industriais, visando aumentar a competitividade internacional das duas economias.;CERTO
Assim como a União Europeia, o MERCOSUL desenvolve-se por mecanismos de delegação de soberania, pelos quais os Estados transferem parte de suas atribuições a organismos internacionais.;ERRADO
O MERCOSUL caracteriza-se pelo intenso intercâmbio intrarregional, especialmente em razão das complementaridades econômicas entre os países signatários, sobretudo Brasil e Argentina.;CERTO
A crise cambial brasileira de 1999 e as crises financeira e cambial argentinas de 2001 provocaram a mais grave crise do MERCOSUL.;CERTO
;
Fazem parte do aparato teórico e das propostas de política econômica da CEPAL: teoria da deterioração dos termos de intercâmbio, sistema centro-periferia, teoria estruturalista da inflação e defesa do Estado desenvolvimentista, bem como a defesa da livre mobilidade dos capitais.;ERRADO
A definição da Tarifa Externa Comum (TEC) no MERCOSUL requereu a discussão de normas de origem, regulamento de salvaguardas, regimes de defesa contra práticas desleais de comércio e tratamento de zonas francas e zonas de processamento para exportações.;CERTO
O tratado que estabeleceu a personalidade jurídica internacional do MERCOSUL foi o Tratado de Assunção.;ERRADO
A Presidência do Conselho do Mercado Comum será exercida por rotação dos Estados-Partes, em ordem alfabética, pelo período de um ano.;ERRADO
Zonas de livre comércio resultam da eliminação das tarifas internas e do estabelecimento de tarifas comuns em relação a países não membros.;ERRADO
Uma união aduaneira admite a livre circulação de capital e trabalho entre os membros, além de uma política comercial comum.;ERRADO
Uma união aduaneira pressupõe a existência de uma tarifa comum em relação a países não membros.;CERTO
A crise cambial brasileira de 1999 e os colapsos financeiro e cambial argentinos de 2001 provocaram a mais séria crise do MERCOSUL, pois Brasil e Argentina são os grandes responsáveis pelo delineamento político, jurídico e institucional do bloco.;CERTO
A liberdade de exercício do sufrágio em qualquer Estado-membro constitui uma das quatro liberdades específicas de um mercado comum.;ERRADO
Uniões monetárias e mercados comuns, assim como acordos preferenciais e áreas de livre comércio, dispensam a vizinhança geográfica entre os países para serem bem-sucedidos.;CERTO
A possibilidade de acordos de integração regional melhorarem os termos de troca dos membros às expensas dos não membros, incentivando a manutenção de barreiras externas, constitui um dos custos desses acordos.;CERTO
O NAFTA é exemplo clássico de união aduaneira, pois seus membros adotam tarifa externa comum e coordenam políticas fiscais e monetárias.;ERRADO
Se subestimado, o capital de interação societária e intelectual pode levar ao equívoco de que o MERCOSUL não teria penetrado nos tecidos sociais da região.;CERTO
A involução do comércio intra-MERCOSUL foi capturada pelas estatísticas relativas ao comércio exterior dos países da sub-região.;CERTO
A cooperação nuclear entre Argentina e Brasil, ao final das ditaduras militares, constituiu capítulo importante para a formação do ambiente de cooperação que contribuiu para o nascimento do MERCOSUL.;CERTO
O Tratado de Assunção e o Protocolo de Ouro Preto, embora não tenham sido cumpridos em todos os aspectos, proporcionaram previsibilidade e confiança aos negociadores e operadores da integração sub-regional.;CERTO
A cláusula democrática do MERCOSUL jamais foi invocada na prática.;ERRADO
Embora política exterior e política de comércio exterior não sejam necessariamente iguais, uma não subsiste sem a outra na globalização contemporânea.;ERRADO
A Conferência da OMC realizada em Cancún, em 2003, evidenciou forte mobilização diplomática para a constituição de estruturas negociais duradouras que contenham liberalização comercial de mão única.;ERRADO
As assimetrias do comércio internacional são naturalmente corrigidas pela força da mão invisível e pela movimentação natural dos fatores econômicos.;ERRADO
A internacionalização das economias emergentes, como China e Índia, vem modificando fluxos tradicionais de comércio e criando novas áreas de movimentação entre economias centrais e grandes economias do Hemisfério Sul.;CERTO
Novas potências econômicas e comerciais tendem a reivindicar, ao longo da história das relações internacionais, maior presença nos espaços estratégicos de poder global.;CERTO
Os processos de integração econômica e formação de blocos nasceram, cresceram e se desenvolveram apenas pela vontade de atores econômicos.;ERRADO
A ampliação do comércio intrarregional na América do Sul decorreu exclusivamente da atuação dirigida por agentes político-diplomáticos.;ERRADO
A adesão ao MERCOSUL implica tarifa externa comum, respeitada a lista de exceções.;CERTO
União Europeia e MERCOSUL distinguem-se do NAFTA por estarem ancorados em instituições econômicas internacionais que lhes conferem maior legitimidade.;ERRADO
O MERCOSUL, embora tenha alcançado ganhos relativos substantivos, ainda apresenta problemas estruturais ligados especialmente à assimetria econômica entre os sócios.;CERTO
A balança de poder contemporânea, pouco favorável à integração econômica, privilegia temas relacionados a regimes internacionais que enquadram a dimensão social das relações internacionais.;ERRADO
A globalização é um fenômeno puramente econômico-financeiro fundamentado no alcance mundial do mercado.;ERRADO
O desenvolvimento tecnológico impulsiona o fluxo de capitais e também promove o crescimento da produção industrial.;CERTO
A globalização econômica produziu segmentação do espaço econômico mundial, expressa na formação de blocos econômicos regionais como o MERCOSUL.;CERTO
A globalização produziu aumento jamais visto da demanda por mão de obra e, portanto, pleno emprego nos países ricos.;ERRADO
Barreiras não tarifárias podem envolver questões ambientais, sanitárias e sociais, assumindo importância estratégica no comércio internacional.;CERTO
O desenvolvimento da tecnologia da informação, vetor da globalização, também amplia as possibilidades de expansão do crime organizado, terrorismo, máfias e tráfico de drogas.;CERTO
A globalização diminuiu a concorrência entre produtos agrícolas no mercado internacional, impulsionando a modernização da agricultura brasileira.;ERRADO
A América do Sul apresenta valor estratégico positivo para a política externa brasileira e para a visão do Brasil acerca de seu papel no mundo.;CERTO
A integração da América do Sul objetiva apenas promover fluxos comerciais e atrair investimentos.;ERRADO
Disputas políticas são naturais em processos de cooperação e integração, mas devem ser administradas para não comprometer o projeto integracionista.;CERTO
O Brasil tem interesse na integração sul-americana tanto pelos benefícios da cooperação quanto pelas oportunidades de criação de uma região economicamente desenvolvida e socialmente justa.;CERTO
Energia, infraestrutura e logística sul-americanas são temas fundamentais dos programas de integração regional.;CERTO
Os conflitos comerciais com Argentina e divergências com Paraguai e Uruguai fizeram o Brasil deixar de privilegiar o MERCOSUL como núcleo da integração regional, substituindo-o pela IIRSA, CASA e UNASUL.;ERRADO
O MERCOSUL ficou relegado a posição secundária na política regional brasileira, preservando importância apenas comercial, enquanto questões políticas e de segurança passaram à UNASUL.;ERRADO
O MERCOSUL diferencia-se da UNASUL por ter como objetivo último a constituição de um mercado comum e possuir agenda comercial e não econômica, incluindo educação, cultura, justiça, meio ambiente e previdência social.;CERTO
O FOCEM e o Parlamento do MERCOSUL demonstram disposição brasileira de aprofundar a integração sub-regional simultaneamente à construção de uma estrutura institucional sul-americana representada pela UNASUL.;CERTO
Desde a primeira tentativa de integração regional das Américas, no final do século XIX, as disparidades e desigualdades entre as nações do continente se acentuaram significativamente.;ERRADO
O Tratado de Assunção, de março de 1991, estabeleceu como objetivo a formação de um mercado comum entre Argentina, Brasil, Paraguai e Uruguai, embora tenha regulamentado inicialmente um mecanismo de liberalização comercial.;CERTO
O Protocolo de Ouro Preto, de 1994, conferiu ao MERCOSUL personalidade jurídica de direito internacional, habilitando-o a negociar acordos e praticar atos necessários à realização de seus objetivos.;CERTO
O Grupo Mercado Comum é responsável por acompanhar e revisar matérias relativas às políticas comerciais comuns, especialmente a TEC e o comércio intra-MERCOSUL e com terceiros.;ERRADO
O MERCOSUL conforma uma união aduaneira, que pressupõe formalmente um regime de livre comércio interno e uma tarifa externa comum.;CERTO
O MERCOSUL é um arranjo intergovernamental, com o Conselho do Mercado Comum como principal instância de decisão política e o consenso como critério decisório.;CERTO
O Brasil utilizou o MERCOSUL para adaptar-se às circunstâncias econômicas do início dos anos 1990, quando a formação de blocos econômicos despontava como característica da economia mundial.;CERTO
A suspensão das negociações da ALCA não interrompeu as relações econômicas Brasil-EUA, tendo o comércio bilateral aumentado significativamente desde então.;CERTO
O Pacto ABC, a ALALC e o SELA constituíram esforços de integração comercial multilateral na América Latina que antecederam e influenciaram diretamente o MERCOSUL.;ERRADO
A Operação Pan-Americana, de Juscelino Kubitschek, representou marco nas relações continentais ao defender o revigoramento do pan-americanismo e maior compromisso dos EUA com o desenvolvimento latino-americano.;CERTO
Nas décadas de 1970 e 1980, as políticas comerciais dos países desenvolvidos assumiram caráter predominantemente liberalizante, em resposta ao protecionismo dos países em desenvolvimento.;ERRADO
Acordos de integração regional podem proporcionar economias de escala e ganhos de eficiência decorrentes do aumento da competição entre empresas dos países-membros.;CERTO
A União Europeia constitui uma união aduaneira porque, além de eliminar restrições comerciais internas, possui moeda comum e políticas fiscais e monetárias unificadas.;ERRADO
As regras tarifárias do NAFTA para produtos agrícolas aplicam-se igualmente aos três países signatários.;ERRADO
No âmbito da ALADI, podem ser consideradas originárias mercadorias fabricadas nos territórios participantes, inclusive mediante montagem com materiais originários dos países participantes e de terceiros, conforme as regras aplicáveis.;CERTO
O MERCOSUL possui estrutura intergovernamental, com negociações entre governos, decisões consensuais e ausência de votações como mecanismo ordinário de decisão.;CERTO
O MERCOSUL possui personalidade jurídica de direito internacional.;CERTO
;
;
O MERCOSUL garante, de forma semelhante à União Europeia, uma união econômica, monetária e política entre países.;ERRADO
A adoção de uma política comercial comum em relação a terceiros Estados é um dos objetivos da criação do MERCOSUL.;CERTO
No Protocolo Constitutivo do Parlamento do MERCOSUL, está expressamente estabelecido o princípio da promoção do acesso a medicamentos.;ERRADO
Existe uma tradição teórica latino-americana de pensar a integração da região como algo necessário para maior autonomia política e desenvolvimento econômico, que remonta à época das independências e encontra expressão moderna no estruturalismo da CEPAL.;CERTO
O MERCOSUL foi criado pelo Tratado de Integração, Cooperação e Desenvolvimento firmado originalmente por Brasil e Argentina em 1988 e expandido, com a incorporação do Uruguai e do Paraguai, mediante o Tratado de Assunção de março de 1991.;ERRADO
O MERCOSUL objetiva, formalmente, a constituição da união econômica implicando a livre circulação de bens, serviços, capitais e mão de obra, a adoção de uma moeda comum e a criação de instituições supranacionais.;ERRADO
O processo de integração econômica sob a égide do MERCOSUL remonta à superação do contencioso Itaipu-Corpus entre Brasil e Argentina e aos instrumentos firmados por ambos os países.;CERTO
O Conselho do Mercado Comum, o Grupo Mercado Comum e a Comissão de Comércio do MERCOSUL são instâncias intergovernamentais que adotam o consenso como critério decisório.;CERTO
O Protocolo de Ouro Preto estabeleceu os critérios e procedimentos para a resolução de controvérsias comerciais entre os Estados-partes, a estrutura institucional definitiva do bloco e os requisitos para a adesão de novos membros.;ERRADO
O MERCOSUL conforma uma união aduaneira, envolvendo um regime de livre comércio que alcança parcela substancial do comércio entre os Estados-partes e a aplicação da Tarifa Externa Comum (TEC).;CERTO
O Tratado de Assunção dispôs os objetivos formais do MERCOSUL, sua estrutura institucional provisória e o mecanismo para a instauração, em quatro anos, de uma área de livre comércio entre os Estados-partes.;ERRADO
O Brasil associou-se à tendência de formação de blocos econômicos com o propósito de explorar condições privilegiadas de acesso aos mercados integrados e dinamizar o mercado nacional mediante ampla abertura às importações provenientes dos países desenvolvidos.;ERRADO
A possibilidade de desvio de comércio que afetasse as exportações brasileiras nos mercados regionais levou o Brasil a assumir posição cautelosa frente às propostas norte-americanas de criação de uma área de livre comércio de alcance continental.;CERTO
A articulação de um projeto de integração econômica sub-regional, que permitisse ao país negociar em termos mais equilibrados com seus principais parceiros do mundo desenvolvido, foi elemento central da estratégia brasileira de inserção internacional nos anos 1990.;CERTO
O Brasil manteve forte interesse nas negociações comerciais entre o MERCOSUL e a União Europeia em razão da liberalização do comércio agrícola e de motivações políticas associadas ao fortalecimento do multilateralismo e da multipolaridade.;CERTO
Por representarem iniciativas de liberalização comercial, os blocos comerciais regionais não colocam em risco a consecução dos objetivos principais do sistema multilateral de comércio.;ERRADO
O regionalismo aberto é expressão propositiva da possibilidade de harmonizar o tratamento preferencial próprio dos blocos comerciais com o impulso liberalizante da globalização econômica.;CERTO
A proliferação de acordos regionais expressa a preocupação dos governos em exercer maior controle sobre os fluxos de comércio e investimento que impulsionam a globalização econômica.;CERTO
A sequência correta dos órgãos do MERCOSUL, conforme as descrições apresentadas, é II, IV, VI, I, III, V.;CERTO
A TEC do MERCOSUL é adotada pelo Brasil, Argentina, Paraguai, Uruguai, Chile e Venezuela.;ERRADO
O tratado assinado em 1991 para a constituição de um mercado comum entre Argentina, Brasil, Paraguai e Uruguai foi o Tratado de Assunção.;CERTO
Entre as medidas compreendidas pelo acordo do MERCOSUL inclui-se a adoção de uma moeda comum pelos países membros.;ERRADO
Entre os produtos que integram a lista de exceções à TEC do Brasil estão bens de capital, bens de informática e de telecomunicações e cereais, como trigo e cevada.;CERTO
Dentre os países associados ao MERCOSUL, o Chile é o país que mais frequentemente tem buscado acordos comerciais fora da América do Sul.;CERTO
O Tratado de Assunção criou o Conselho do Mercado Comum, órgão superior do MERCOSUL responsável pela condução política do processo de integração.;ERRADO
A emissão do certificado de origem pode ser requerida para comprovar a procedência do bem e dar direito ao tratamento preferencial tarifário no país importador.;CERTO
As partes litigantes podem submeter a controvérsia comercial à apreciação do Grupo Mercado Comum, que atua como órgão conciliador, propondo recomendações para a solução da disputa.;CERTO
A integração política e econômica da América do Sul consiste em prioridade da política externa brasileira, evidenciada pela convergência política, técnica e macroeconômica entre MERCOSUL, ALBA e CAN.;ERRADO
A convocação, em agosto e setembro de 2000, da primeira reunião de presidentes da América do Sul, em Brasília, evidenciou a prioridade brasileira atribuída à integração sul-americana.;CERTO
O artigo 4º, parágrafo único, da Constituição Federal determina que o Brasil buscará a integração econômica, política, social e cultural dos povos da América Latina.;CERTO
O Programa de Substituição Competitiva de Exportações buscou impulsionar o comércio entre o Brasil e os países sul-americanos, substituindo, quando possível e de forma competitiva, importações brasileiras de terceiros mercados por importações provenientes da América do Sul.;CERTO
A IIRSA foi instituída durante a reunião de presidentes sul-americanos com o objetivo de conectar projetos de transporte, energia e comunicações entre os doze países sul-americanos.;CERTO
Entre as características da política externa brasileira contemporânea inclui-se a maior integração sul-americana, com a extensão do FOCEM para os demais países sul-americanos.;ERRADO
A globalização é caracterizada pela supremacia econômica, cultural, política e militar dos EUA, exercida de maneira isolacionista e unilateral.;ERRADO
É característica do MERCOSUL a existência de uma Tarifa Externa Comum.;CERTO
;
;
O Tribunal Permanente de Revisão do MERCOSUL está subordinado ao Órgão de Apelação da OMC, como demonstrado na disputa “Argentina – Medidas antidumping às importações de frangos do Brasil”.;ERRADO
Indivíduos e empresas podem acionar diretamente os tribunais arbitrais ad hoc do MERCOSUL, mas não o Tribunal Permanente de Revisão.;ERRADO
O MERCOSUL não assume caráter de união aduaneira porque sua finalidade é constituir um mercado comum.;ERRADO
Um dos objetivos do MERCOSUL é a livre circulação de bens, serviços e fatores produtivos mediante a eliminação dos direitos alfandegários e das restrições não tarifárias à circulação de mercadorias.;CERTO
A partir da segunda metade da década de 1980, houve revalorização do regionalismo pelos governos dos países centrais, inclusive pelos EUA, que passaram a promover acordos regionais como o acordo de livre comércio com Israel, o acordo com o Canadá, o NAFTA e a proposta da ALCA.;CERTO
Uma das prioridades da UNASUL é apoiar o desenvolvimento da infraestrutura física sul-americana e, consequentemente, facilitar o incremento do comércio entre os países-membros.;CERTO
O objetivo primordial do Tratado de Assunção consiste na integração dos Estados-membros por meio da livre circulação de bens, serviços e fatores produtivos, da TEC, da política comercial comum, da coordenação de políticas macroeconômicas e setoriais e da harmonização das legislações pertinentes.;CERTO
Entre os financiadores da IIRSA incluem-se o BNDES, o BID e a CAF.;CERTO
Entre as competências do Parlamento do MERCOSUL inclui-se aprovar o orçamento e a prestação de contas anual apresentada por sua Secretaria Administrativa.;CERTO
Em uma gradação das formas de integração econômica, o MERCOSUL localiza-se acima de uma zona de livre comércio e abaixo de uma união econômica e monetária.;CERTO
O MERCOSUL, além de ser um projeto de natureza econômica, é uma parceria estratégica reconhecida como tal pelo governo brasileiro.;CERTO
Na formulação da política de comércio exterior, o governo brasileiro deve observar os compromissos assumidos na OMC, no MERCOSUL e na ALADI.;CERTO
A ALADI é um organismo intergovernamental, com sede em Montevidéu, cujo objetivo é contribuir para a integração da América Latina mediante a eliminação gradativa dos obstáculos ao comércio entre seus membros.;CERTO
A Nomenclatura Comum do Mercosul (NCM) é utilizada para a identificação e classificação das mercadorias comercializadas entre os países do bloco e nas relações comerciais destes com outros mercados.;CERTO
O governo de Luiz Inácio Lula da Silva promoveu, pela primeira vez na história, reuniões entre presidentes sul-americanos, que culminaram na criação da UNASUL.;ERRADO
O art. 4º, parágrafo único, da Constituição Federal estabelece que o Brasil buscará a integração econômica, política, social e cultural dos povos da América Latina, visando à formação de uma comunidade latino-americana de nações.;CERTO
O art. 4º da Constituição Federal estabelece como princípio das relações internacionais do Brasil a concessão de asilo político.;CERTO
A Nomenclatura da Associação Latino-Americana de Integração (NALADI) foi criada na década de 1980 com o objetivo de facilitar o comércio regional e a aplicação das preferências tarifárias negociadas no âmbito da ALADI.;CERTO
Por ser uma iniciativa de integração negociada no âmbito da ALADI, o MERCOSUL emprega o sistema de classificação de mercadorias da ALADI.;ERRADO
O fortalecimento do regionalismo nos anos 1990 representou resposta aos desafios da globalização e contrapôs-se à tendência de fortalecimento dos organismos multilaterais globais observada durante a Guerra Fria.;ERRADO
A construção de mecanismos de governança que congregam indivíduos e instituições públicas e privadas em diferentes níveis tem adquirido crescente relevância para o tratamento de questões políticas e econômicas da agenda global contemporânea.;CERTO
Os Estados nacionais, em geral, têm transferido competências para organismos internacionais, reforçando tendências de relativização das soberanias e de valorização de arranjos supranacionais.;ERRADO
A emergência de temas econômicos nos anos 1990 reforçou a importância e as atribuições originais das instituições de Bretton Woods, incluindo o GATT.;ERRADO
A ALCA tinha como objetivo criar uma área de livre comércio nas Américas, e os Estados Unidos defendiam, entre outros interesses, forte proteção às patentes, especialmente nos setores farmacêutico e de alta tecnologia.;CERTO
Um dos propósitos do MERCOSUL é a livre circulação de bens, serviços e fatores produtivos entre os países, mediante a eliminação de direitos alfandegários e restrições não tarifárias à circulação de mercadorias.;CERTO
A existência de uma tarifa externa comum implementada pelos países-membros do MERCOSUL caracteriza, por si só, o bloco como um mercado comum.;ERRADO
Nos termos do Protocolo de Ouro Preto, o MERCOSUL é uma organização internacional dotada de personalidade jurídica própria e adota o consenso dos Estados-partes como sistema deliberativo.;CERTO
De acordo com o Protocolo de Olivos, os Estados-partes podem, de comum acordo, submeter diretamente uma controvérsia ao Tribunal Permanente de Revisão, sem necessidade de recurso prévio a tribunal arbitral ad hoc.;CERTO
O MERCOSUL não é uma organização supranacional; suas normas não possuem aplicação direta automática e dependem, conforme o caso, dos procedimentos de incorporação previstos nos ordenamentos dos Estados-partes.";CERTO
Particulares podem peticionar diretamente ao Tribunal Arbitral Ad Hoc e ao Tribunal Permanente de Revisão do MERCOSUL.;ERRADO
Cabe ao Conselho do Mercado Comum, órgão superior composto pelos ministros das Relações Exteriores e da Economia dos Estados-partes, conduzir politicamente o processo de integração e tomar decisões para assegurar o cumprimento dos objetivos e prazos estabelecidos para a constituição do MERCOSUL.;CERTO
O MERCOSUL é considerado uma união aduaneira imperfeita.;CERTO
;
A CEPAL exerceu influência sobre a política econômica brasileira, especialmente por meio de sua tese acerca da deterioração dos termos de troca.;CERTO
Uma das críticas ao argumento da teoria dos choques adversos, defendida pela CEPAL, é o efeito negativo dos programas de valorização do café sobre o crescimento industrial.;CERTO
O Tratado de Assunção conferiu personalidade jurídica internacional ao MERCOSUL.;ERRADO
O Brasil apoiou a decisão do MERCOSUL e da UNASUL de expulsar o Paraguai de ambos os blocos em razão das violações da ordem democrática e do afastamento de Fernando Lugo.;ERRADO
O Tratado Constitutivo da UNASUL previu inicialmente como órgãos o Conselho de Chefas e Chefes de Estado e de Governo, o Conselho de Ministras e Ministros das Relações Exteriores, o Conselho de Delegadas e Delegados e a Secretaria-Geral.;CERTO
Na formulação da política externa brasileira, considera-se insulado o processo decisório quando a participação de atores da sociedade civil é baixa ou inexistente.;CERTO
O FOCEM permite financiar gastos de funcionamento do próprio Fundo, projetos aprovados e a reposição da reserva de contingência prevista em seu regulamento.;CERTO
A IIRSA tornou evidente a posição central da Amazônia nas estratégias de integração internacional do Brasil, e essa importância relaciona-se também à conexão geográfica da região com vários países sul-americanos e ao seu potencial econômico.;CERTO
A APEC objetiva estimular a liberalização do comércio e dos investimentos por meio da cooperação econômica e técnica e da facilitação do comércio, e não pela expansão de acordos preferenciais ou compromissos mandatórios entre seus membros.;CERTO
A ALADI estabelece uma área de preferências econômicas, incluindo uma preferência tarifária regional.;CERTO
O Sistema de Pagamentos em Moeda Local do MERCOSUL viabiliza operações de comércio exterior nas moedas locais dos Estados Partes e foi implementado voluntariamente inicialmente por Brasil e Argentina.;CERTO
A criação do MERCOSUL dinamizou as relações comerciais entre Brasil e Argentina.;CERTO
A ALADI possui capacidade para conservar fundos em quaisquer moedas.;CERTO
Por ocasião da assinatura do Protocolo de Ouro Preto, os países do MERCOSUL criaram o FOCEM para financiar políticas de assistência social nas regiões mais pobres do bloco.;ERRADO
O Protocolo Adicional ao Tratado Constitutivo da UNASUL sobre Compromisso com a Democracia permite que, na falta do Conselho de Chefes de Estado e de Governo, o Conselho de Ministros das Relações Exteriores defina consensualmente medidas para restabelecer a ordem democrática.;CERTO
No âmbito do Conselho de Defesa Sul-Americano, foram adotadas medidas de intercâmbio de informações e transparência sobre sistemas de defesa nacional e respectivos gastos.;CERTO
O Tratado de Assunção criou, em 1991, uma área de livre comércio entre Argentina, Brasil, Paraguai e Uruguai, tendo como principal objetivo a liberalização comercial entre esses Estados.;ERRADO
A UNASUL, constituída pelos doze países da América do Sul, visa manter um espaço de diálogo e cooperação sobre aspectos culturais, sociais, econômicos e políticos dos povos da região.;CERTO
A suspensão de direitos e obrigações de um Estado-membro do MERCOSUL em razão de violações graves e sistemáticas de direitos humanos depende de consenso entre os Estados do bloco, sem participação do Estado afetado no processo decisório.;CERTO
O FOCEM financia programas destinados à convergência estrutural, à coesão social, ao desenvolvimento da competitividade, ao funcionamento da estrutura institucional e ao fortalecimento do processo de integração do MERCOSUL.;CERTO
A suspensão do Paraguai do MERCOSUL, em 2012, fundamentou-se no Protocolo de Olivos, que trata do compromisso democrático do bloco.;ERRADO
Em 2012, a Bolívia assinou o Protocolo de Adesão ao MERCOSUL, pelo qual aderiu ao Tratado de Assunção e aos demais instrumentos jurídicos do bloco, estando o documento sujeito à ratificação pelos Estados-partes.;CERTO
A Venezuela, por meio de seu protocolo de adesão ao MERCOSUL, comprometeu-se a adotar a Nomenclatura Comum do MERCOSUL, cuja implementação deveria ser concluída em 2013.;CERTO
Cabe ao Grupo Mercado Comum, principal órgão da estrutura institucional do MERCOSUL, conduzir a política do processo de integração e tomar decisões destinadas a assegurar o cumprimento dos objetivos do Tratado de Assunção.;ERRADO
O Conselho Sul-Americano de Economia e Finanças é uma instância de diálogo, reflexão, consulta e cooperação da UNASUL, relacionada também ao desenvolvimento social e humano, à erradicação da pobreza e à superação das desigualdades.;CERTO
O desenvolvimento de mecanismos para a superação das assimetrias entre os Estados-membros constitui um dos objetivos da UNASUL.;CERTO
A UNASUL prevê a formação de um Parlamento Sul-Americano, cuja sede seria localizada em Cochabamba, na Bolívia.;CERTO
O NAFTA trouxe efeitos adversos para as economias nacionais, incluindo perda de mercados de exportação de manufaturas e empregos industriais no México, intenso fluxo de migração ilegal e grandes déficits comerciais dos EUA com seus dois parceiros, além de estancamento das exportações canadenses para os EUA.;ERRADO
A perspectiva de acordos como a Parceria Trans-Pacífico e a Área de Livre Comércio Transatlântica demonstra tendência favorável ao surgimento de arranjos econômicos de alcance inter-regional.;CERTO
MERCOSUL e Comunidade Andina, após terem alcançado estágios profundos de integração econômica nos anos 1990, retrocederam à condição de zonas preferenciais de comércio em razão da retração do comércio regional e dos desequilíbrios macroeconômicos.;ERRADO
Área de Livre Comércio caracteriza-se pela eliminação de tarifas, quotas e preferências comerciais entre os membros; União Aduaneira acrescenta uma tarifa externa comum; Mercado Comum acrescenta a livre circulação dos fatores de produção.";CERTO
;
;
A ALADI corresponde ao maior grupo latino-americano de integração, enquanto o NAFTA foi iniciado entre norte-americanos e canadenses em 1988 e posteriormente recebeu o México, e a CAN reúne Bolívia, Colômbia, Equador e Peru.;CERTO
O FOCEM tem por objetivo corrigir as assimetrias econômicas entre os países-membros do MERCOSUL.;CERTO
Compete ao Tribunal Permanente de Revisão do MERCOSUL, instituído pelo Protocolo de Olivos, julgar, em última instância, recursos contra decisões de tribunais ad hoc relativas à interpretação, aplicação ou não cumprimento das normas do bloco.;CERTO
O MERCOSUL registra avanços em temas não econômicos, incluindo integração educacional, harmonização de legislações e direitos trabalhistas e previdenciários, além da promoção da livre circulação de pessoas.;CERTO
A política brasileira para a América do Sul está estruturada em dois vetores complementares: diálogo político e cooperação setorial, privilegiando a UNASUL; e relacionamento econômico-comercial, instrumentalizado pelo MERCOSUL.";CERTO
O MERCOSUL vem perdendo gradualmente importância comercial para o Brasil, tendo sido suplantado, desde 2012, pelo conjunto dos demais países latino-americanos como destino das exportações brasileiras.;ERRADO
Nas negociações comerciais internacionais do MERCOSUL, estão corretas as afirmações I e II, enquanto a III está incorreta, pois os países do bloco não mantêm necessariamente atuação conjunta nas relações comerciais com a China.;CERTO
Estão corretas apenas as afirmações II e IV sobre a UNASUL, seus Conselhos Setoriais, seus objetivos de desenvolvimento e sua articulação entre autonomia nacional e regional.;CERTO
Entre os objetivos do MERCOSUL está a eliminação dos direitos aduaneiros e das restrições não tarifárias à circulação de mercadorias entre os países membros.;CERTO
As fases de integração econômica incluem a zona de livre comércio e a união econômica, sendo esta última caracterizada pela adoção de políticas monetária e fiscal comuns.;CERTO
O sistema de solução de controvérsias do MERCOSUL, atualmente disciplinado pelo Protocolo de Olivos, estabeleceu o Tribunal Permanente de Revisão como instância final judicante.;CERTO
A TPP insere-se no contexto de uma economia mundial crescentemente globalizada, marcada pela expansão do comércio, inovação tecnológica e elevado grau de competitividade.;CERTO
A TPP deu continuidade aos passos estratégicos dos EUA representados pela criação do NAFTA e da ALCA, sendo ambos considerados de inegável êxito político e econômico.;ERRADO
A criação da TPP obedeceu exclusivamente a uma lógica mercantil, afastando qualquer pretensão de hegemonia política ou estratégica dos EUA.;ERRADO
O Brasil era simpatizante da ALCA e tinha como objetivo aderir à TPP, o que provocou desentendimentos com seus parceiros do MERCOSUL, especialmente a Argentina.;ERRADO
Uma característica definidora da globalização é a crescente interdependência entre atores e agentes econômicos globais.;CERTO
As fases de integração econômica incluem a zona de livre comércio e a união econômica, sendo esta última representada pela adoção de políticas monetária e fiscal comuns aos Estados-membros.;CERTO
O comércio internacional e o comércio interno apresentam diferenças relacionadas, entre outros fatores, ao grau de mobilidade dos fatores de produção e à existência de barreiras aduaneiras.;CERTO
A TPP insere-se no contexto de uma economia mundial crescentemente globalizada, marcada pela expansão do comércio, inovação tecnológica e elevada competitividade.;CERTO
A TPP garantiu continuidade aos passos estratégicos dos EUA com o NAFTA e a ALCA, ambos de inegável êxito político e econômico.;ERRADO
A crescente importância econômica de China e Índia, somada ao protagonismo do Japão, contribui para a perspectiva de maior influência asiática no cenário econômico global.;CERTO
A criação da TPP obedeceu essencialmente a uma lógica mercantil, afastando qualquer pretensão de hegemonia política ou estratégica dos EUA.;ERRADO
O Brasil era simpatizante da ALCA e pretendia aderir à TPP, tendo provocado desentendimentos com seus parceiros do MERCOSUL ao unir-se ao Chile e ao Peru.;ERRADO
A nova ordem mundial surgida entre o final dos anos 1980 e início dos anos 1990 foi marcada pela crescente inter-relação dos mercados globais e pela mudança na percepção do papel das fronteiras políticas.;CERTO
De acordo com o Protocolo de Ouro Preto, a estrutura do MERCOSUL compreende o Conselho do Mercado Comum, o Grupo Mercado Comum, a Comissão de Comércio do MERCOSUL, a Comissão Parlamentar Conjunta, o Foro Consultivo Econômico-Social e a Secretaria Administrativa do MERCOSUL.;CERTO
O Paraguai vem atraindo indústrias brasileiras por meio da Lei de Maquilas, em processo comparável, em certos aspectos, ao ocorrido no México após a formação do NAFTA.;CERTO
O Parlamento do MERCOSUL (PARLASUL), criado em 2005, possui sede rotativa, assim como a presidência do bloco.;ERRADO
O Brasil é o maior contribuinte do FOCEM, que entrou em operação em janeiro de 2007 para financiar projetos destinados à consolidação do processo de integração.;CERTO
O MERCOSUL encontra-se no estágio de união aduaneira, pois ainda não alcançou as condições necessárias para ser considerado um mercado comum.;CERTO
A Associação Sul-Asiática para a Cooperação Regional (SAARC) tem como objetivos melhorar a qualidade de vida dos povos do Sul da Ásia, promover o progresso social e acelerar o crescimento econômico.;CERTO
Uma união aduaneira caracteriza-se pela eliminação de barreiras ao comércio entre os membros e pela adoção de uma tarifa externa comum para terceiros países.;CERTO
Além do MERCOSUL, o Brasil participa da Associação Latino-Americana de Integração (ALADI).;CERTO
;
;
Na abordagem cepalino-estruturalista, o modelo de crescimento para dentro, baseado no impulso à indústria local e no aumento da produtividade, é considerado a alternativa de desenvolvimento sustentado para a América Latina; as diferenças estruturais entre centro e periferia geram desvantagens comerciais para a periferia primário-exportadora, justificando essa estratégia.";CERTO
Na questão sobre globalização e distribuição de renda, apenas a afirmação III — segundo a qual os países mais beneficiados pela globalização e pelo livre-comércio utilizaram políticas estatais específicas e graduais — está correta.;CERTO
A atuação brasileira contribuiu para a criação do Conselho de Defesa Sul-Americano da UNASUL, com a finalidade de fortalecer a identidade regional, a cooperação internacional e a construção de uma zona de paz.;CERTO
A globalização é apresentada no texto como um processo fundamentalmente econômico, no qual a política e as questões sociais praticamente desapareceram.;ERRADO
O avanço da globalização promoveu o completo esvaziamento da cultura do poder estatal.;ERRADO
O aprofundamento da globalização põe fim ao nacionalismo, torna irreversível o desaparecimento das culturas locais diante de uma cultura transnacional hegemônica e torna obsoleto o direito internacional público.;ERRADO
A interação entre agentes públicos e atores sociais no cenário globalizado pode favorecer instâncias mediadoras de divergências e a diversidade cultural, reforçando o papel de instituições multilaterais como a ONU e a OMC.;CERTO
A ampliação do espaço público e a revolução tecnológica têm impedido o acesso de novos atores, representantes de diferentes culturas e reivindicações, ao espaço público e subvertido a noção clássica dos sujeitos do direito internacional público.;ERRADO
Pelo Tratado de Assunção, os Estados Partes comprometeram-se a eliminar gravames e demais restrições ao comércio recíproco mediante o procedimento previsto no Programa de Liberação Comercial.;CERTO
A política de cooperação internacional do MERCOSUL considera a cooperação uma ferramenta transversal destinada, entre outros objetivos, a fortalecer as capacidades dos países do bloco e reduzir suas assimetrias.;CERTO
O Protocolo de Ouro Preto instituiu como órgãos do MERCOSUL o Conselho do Mercado Comum, o Grupo Mercado Comum, a Comissão de Comércio do MERCOSUL, a Comissão Parlamentar Conjunta, o Foro Consultivo Econômico-Social e a Secretaria Administrativa do MERCOSUL.;CERTO
Entre os objetivos específicos da UNASUL estão a erradicação do analfabetismo, o acesso universal à educação de qualidade, o reconhecimento regional de estudos e títulos e a promoção da diversidade cultural e dos conhecimentos dos povos da região.;CERTO
A estrutura institucional da UNASUL apresenta apenas quatro conselhos políticos e doze conselhos setoriais subordinados, sendo o Conselho de Chefas e Chefes de Estado e de Governo o órgão máximo, seguido pelos Conselhos de Relações Exteriores e de Defesa e pela Secretaria-Geral.;ERRADO
Segundo o Tratado de Assunção, após negociações diretas sem solução, a controvérsia entre Estados Partes deve ser submetida à consideração do Grupo Mercado Comum.;CERTO
O Protocolo de Olivos, de 2002, substituiu o Protocolo de Brasília e estabeleceu mecanismos para solução de controvérsias entre os Estados Partes, sendo possível utilizar procedimento arbitral ad hoc quando o conflito não for solucionado por negociação direta nem pela intervenção do Grupo Mercado Comum.;CERTO
O Conselho de Segurança faz parte da estrutura institucional do MERCOSUL, juntamente com o CMC, GMC, Comissão de Comércio, Comissão Parlamentar Conjunta, Foro Consultivo Econômico-Social e Secretaria Administrativa.;ERRADO
São fontes jurídicas do MERCOSUL o Tratado de Assunção, seus protocolos e instrumentos adicionais ou complementares; os acordos celebrados no âmbito do Tratado de Assunção e seus protocolos; e as decisões do CMC, resoluções do GMC e diretrizes da Comissão de Comércio do MERCOSUL.";CERTO
As normas produzidas pelo Conselho do Mercado Comum, pelo Grupo Mercado Comum e pela Comissão de Comércio do MERCOSUL são obrigatórias e, quando necessário, devem ser incorporadas aos ordenamentos jurídicos nacionais segundo os procedimentos previstos pela legislação de cada país.;CERTO
O Conselho do Mercado Comum é o órgão de administração e execução do Tratado do MERCOSUL e é integrado pelos Ministros das Relações Exteriores e pelos Ministros da Defesa dos Estados Partes.;ERRADO
A Presidência Pro Tempore do MERCOSUL é exercida sucessivamente pelos Estados Partes, em ordem alfabética, pelo período de seis meses.;CERTO
As decisões dos órgãos do MERCOSUL são tomadas por consenso e com a presença de todos os Estados Partes.;CERTO
Segundo o Protocolo de Ouro Preto, são fontes jurídicas do MERCOSUL o Tratado de Assunção, seus protocolos e instrumentos adicionais ou complementares; os acordos celebrados no âmbito do Tratado e seus protocolos; e as Decisões do CMC, Resoluções do GMC e Diretrizes da Comissão de Comércio do MERCOSUL.";CERTO
O acordo MERCOSUL–União Europeia concluído em 2019 abrange temas tarifários e regulatórios, como serviços, compras governamentais e facilitação de comércio, prevendo a eliminação de tarifas para produtos agrícolas de interesse brasileiro e ampliação do acesso ao mercado europeu por meio de quotas.;CERTO 
O Brasil adota alíquotas distintas da TEC para brinquedos, em razão de autorização específica do MERCOSUL para a posição NCM 9503.;CERTO 
O Protocolo de Comércio Eletrônico do MERCOSUL amplia compromissos existentes, considera negociações com a União Europeia e contempla disciplinas regulatórias alinhadas a práticas internacionais e recomendações de organismos como G20 e OCDE.;CERTO
A mundialização do capital no contexto da globalização amenizou problemas dos países em desenvolvimento, como o mercado de trabalho, que foi assimilado pela imigração para os países desenvolvidos.;ERRADO
Embora o cenário geopolítico atual apresente menos conflitos bélicos que o século passado, intensificaram-se estratégias de guerra comercial e de informação, incluindo ataques virtuais contra dados de empresas e governos.;CERTO
A China ultrapassou os Estados Unidos nas exportações mundiais principalmente devido à diversificação das fontes de energia limpa utilizadas em sua produção.;ERRADO
Um bloco que possui eliminação de barreiras comerciais, livre circulação de capital e mão de obra e tarifa externa comum encontra-se no estágio de mercado comum.;CERTO
;
;
. O MERCOSUL pode ser considerado um mercado comum, pois as barreiras ao comércio internacional são eliminadas entre seus países-membros, com algumas exceções, e há livre circulação de fatores de produção entre eles.;ERRADO
I. O Brasil obtém vantagem ao exportar produtos industrializados para o MERCOSUL, pois esses produtos acionam uma cadeia produtiva mais extensa e complexa, gerando mais empregos e renda e contribuindo para o desenvolvimento do país.;CERTO
II. A liberalização completa no âmbito do MERCOSUL poderia beneficiar o Brasil no curto prazo, mas, no longo prazo, desemprego, falências e crises nos países do bloco poderiam reduzir a corrente comercial brasileira com o MERCOSUL.;CERTO
. Na união aduaneira, há redução ou retirada das tarifas entre os integrantes e adoção de uma tarifa externa comum para produtos provenientes de terceiros países ou blocos.;CERTO
I. O objetivo específico da união aduaneira é garantir a livre circulação de mercadorias e pessoas entre os países integrantes do bloco.;ERRADO
. Os tratados de comércio são internalizados no ordenamento jurídico brasileiro por meio de despachos do Ministério das Relações Exteriores.;ERRADO
. A ALALC estabelecia que todos os países da América Latina participariam do projeto, com exceção dos países da América Central.;ERRADO
. O Tratado de Assunção prevê o livre trânsito de bens, serviços e fatores de produção entre os Estados Partes.;CERTO
I. O Tratado de Assunção prevê a adoção de uma política comercial comum nas relações com países de fora da região.;CERTO
II. O Tratado de Assunção determinou a coordenação das políticas fiscais, monetárias e de comércio exterior, mas deixou os Estados livres para determinar sua política cambial.;ERRADO
. As eleições dos parlamentares do PARLASUL devem basear-se nas legislações nacionais e procurar assegurar representação por gênero, etnia e região.;CERTO
. As discórdias sobre a crise na Venezuela, a polarização e a ideologização do regionalismo latino-americano, agravadas pela queda de relevância comercial do MERCOSUL, dificultaram a conclusão do Acordo MERCOSUL-UE.;CERTO
. Divergências sobre compras governamentais, propriedade intelectual, setor agrícola e políticas ambientais impactaram a conclusão das negociações do Acordo MERCOSUL-UE.;CERTO
. O desenvolvimento sustentável e as questões ambientais foram objeto de controvérsia nas negociações do Acordo MERCOSUL-UE.;CERTO
. As críticas ao sistema de resolução de controvérsias e a percepção de que regras ambientais poderiam ser utilizadas como formas disfarçadas de protecionismo contribuíram para dificultar a conclusão do Acordo MERCOSUL-UE.;CERTO
. A possibilidade de o acordo aumentar a especialização das economias latino-americanas gerou um debate entre os defensores da expansão das exportações de commodities e aqueles que temiam o aprofundamento da desindustrialização.;CERTO
. O Tratado de Assunção prevê o compromisso de adaptar as legislações nacionais em favor do processo de integração econômica.;CERTO
I. O Tratado de Assunção prevê a manutenção dos direitos alfandegários sobre serviços e a suspensão daqueles incidentes sobre a livre circulação de bens.;ERRADO
II. O Tratado de Assunção prevê a organização de políticas macroeconômicas que assegurem condições adequadas para a concorrência comercial entre os países associados.;CERTO
. As controvérsias entre particulares no MERCOSUL são resolvidas por um Tribunal Arbitral ad hoc criado especificamente para cada controvérsia.;ERRADO
. Particulares podem submeter diretamente suas reclamações ao Tribunal Permanente de Revisão do MERCOSUL.;ERRADO
. O sistema do MERCOSUL não prevê qualquer mecanismo relacionado a reclamações de particulares.;ERRADO
. As controvérsias entre Estados-Membros sobre a interpretação ou aplicação do Tratado de Assunção e do Protocolo de Ouro Preto são sempre decididas por unanimidade dos membros dos tribunais.;ERRADO
. As reclamações de particulares são analisadas pela Seção Nacional do Grupo Mercado Comum e, se consideradas procedentes, podem ser encaminhadas ao Grupo de Especialistas designado pelo GMC.;CERTO
. A área em que é excluída a imposição de medidas que constituam obstáculos ou restrições à liberdade de circulação interna de bens entre os países corresponde a uma área de livre comércio.;CERTO
. Com a extinção do Protocolo de Brasília, o MERCOSUL rejeitou um mecanismo próprio de solução de controvérsias e passou a utilizar o sistema da OMC.;ERRADO
I. O MERCOSUL possui Acordos de Complementação Econômica com outros países, que podem estabelecer reduções recíprocas nas alíquotas do imposto de importação, como no acordo automotivo com o México (ACE-55).;CERTO
II. A Nomenclatura Comum do MERCOSUL é idêntica ao padrão internacional estabelecido pelo Sistema Harmonizado.;ERRADO
. Na união econômica, há harmonização das políticas econômicas entre os países-membros, além da eliminação das restrições ao fluxo de mercadorias e fatores de produção.;CERTO
I. Na zona de livre comércio, as restrições tarifárias e não tarifárias são abolidas entre os membros, mas cada país mantém sua própria política comercial em relação aos países não membros.;CERTO
II. No mercado comum, há livre mobilidade de capital e trabalhadores, além da eliminação das restrições ao fluxo de mercadorias.;CERTO
V. Na união aduaneira, eliminam-se as restrições ao livre fluxo de mercadorias e adota-se uma política comercial comum com países não membros, mas permanecem barreiras à circulação de pessoas.;CERTO
. A Comissão de Comércio do MERCOSUL manifesta-se por meio de diretrizes ou propostas, sendo ambos os instrumentos obrigatórios aos Estados Partes.;ERRADO
. As decisões do Conselho do Mercado Comum e as resoluções do Grupo Mercado Comum, como atos de direito internacional, devem necessariamente ser incorporadas pelos Estados Partes mediante seus mecanismos constitucionais próprios.;ERRADO
. O Conselho do Mercado Comum é o órgão superior do bloco e se manifesta por decisões que, por serem fontes originárias de direito do MERCOSUL, devem obrigatoriamente ser incorporadas pelos mecanismos constitucionais de cada Estado-membro.;ERRADO
. A personalidade jurídica internacional do MERCOSUL confere ao bloco capacidade para celebrar tratados apenas com outros blocos econômicos regionais.;ERRADO
. O caráter intergovernamental do MERCOSUL manifesta-se no processo decisório pela exigência de consenso e da presença de todos os Estados Partes.;CERTO
. O Grupo Mercado Comum é o órgão superior do MERCOSUL, responsável pela condução política e pela tomada de decisões para assegurar o cumprimento dos objetivos do bloco.;ERRADO
. O Protocolo de Olivos permite recurso de revisão contra laudo arbitral emitido por Tribunal Arbitral Ad Hoc perante o Tribunal Permanente de Revisão.;CERTO
. O Protocolo de Olivos prevê mecanismos de solução de controvérsias apenas entre Estados-Membros, sem qualquer mecanismo de reclamação de particulares.;ERRADO
. O Protocolo de Olivos permite que particulares, pessoas físicas ou jurídicas, acionem diretamente o Tribunal Permanente de Revisão.;ERRADO
. Em dezembro de 2024, após mais de duas décadas de negociações, os Estados Partes do MERCOSUL e a Comissão Europeia assinaram o Acordo de Parceria entre as duas regiões.;ERRADO
. O Acordo de Parceria MERCOSUL-UE dispõe sobre desenvolvimento sustentável e cadeias produtivas sustentáveis e contém compromissos destinados a evitar que argumentos ambientais sejam utilizados para justificar barreiras desnecessárias ao comércio.;CERTO
. O Protocolo de Ouro Preto, de 1994, atribuiu personalidade jurídica internacional ao MERCOSUL, permitindo-lhe negociar e assinar acordos com terceiros países, blocos econômicos e organizações internacionais.;CERTO
. O Protocolo de Assistência Jurídica Mútua em Assuntos Penais, conhecido como Protocolo de São Luís, destina-se aos países do MERCOSUL.;CERTO
. Segundo a tese estruturalista de Raúl Prebisch, a deterioração dos termos de troca estava relacionada à posição periférica das economias exportadoras de produtos primários.;CERTO
. A tese estruturalista de Prebisch criou um objeto de análise simplesmente importado do debate existente nos grandes centros de desenvolvimento industrial.;ERRADO
. Segundo Prebisch, as economias centrais transferiam renda para os países em desenvolvimento ao importar matérias-primas e exportar bens industriais.;ERRADO
. Durante o governo Juscelino Kubitschek, a transformação da indústria automobilística colocou o Brasil na condição de país central em comparação com os demais países latino-americanos.;ERRADO
. A tese estruturalista buscava compreender a dinâmica do desenvolvimento em economias de industrialização tardia, analisando relações de dependência entre países periféricos e países centrais.;CERTO
;
;
. Segundo a teoria cepalina, a principal causa do subdesenvolvimento latino-americano era o baixo nível de poupança interna, exigindo a atração de capital estrangeiro para iniciar a industrialização.;ERRADO
. Segundo a teoria cepalina, os termos de troca da periferia eram naturalmente favoráveis, pois os produtos primários se valorizavam mais rapidamente que os manufaturados.;ERRADO
. Segundo a teoria cepalina, o subdesenvolvimento latino-americano era apenas uma etapa transitória do desenvolvimento, causada por deficiências institucionais internas e superável pela liberalização comercial.;ERRADO
. Segundo a teoria cepalina, a especialização em produtos primários permitiu à América Latina acompanhar o progresso técnico dos países industrializados e elevar continuamente a produtividade do trabalho.;ERRADO
. Segundo a teoria cepalina, a inserção primário-exportadora da América Latina gerou estruturas econômicas pouco integradas, nas quais o setor exportador não difundiu suficientemente o progresso técnico para o restante da economia, limitando salários reais e absorção de mão de obra.;CERTO
. No crescimento liderado pelas exportações, existe uma relação direta entre o desempenho do setor exportador e o desenvolvimento industrial mais abrangente.;CERTO
. A industrialização por substituição de importações permite aos países aproveitar suas vantagens comparativas, expor suas indústrias à competição internacional e promover inovação e eficiência por meio da abertura comercial.;ERRADO
. No pós-guerra, os países em desenvolvimento do Leste Asiático adotaram a industrialização por substituição de importações, priorizando setores de alta tecnologia e abrindo suas economias à concorrência estrangeira desde o início.;ERRADO
. O crescimento liderado pelas exportações, adotado pelos países latino-americanos no pós-guerra, baseava-se na necessidade de intervenção estatal para superar os efeitos negativos do livre-comércio e da deterioração dos termos de troca.;ERRADO
. O crescimento liderado pelas exportações na América Latina baseou-se na ideia cepalina de que a industrialização interna deveria preceder qualquer inserção competitiva no comércio internacional, começando por bens de consumo não duráveis.;ERRADO
;
;
O Tratado de Maastricht teve por objetivo fortalecer a construção da União Europeia.;CERTO
O esquema que congrega os países que adotaram a moeda única europeia é denominado União Econômica e Monetária.;CERTO
O projeto da União Europeia volta-se para a criação de um superestado europeu, capaz de concorrer pelo poder e pela riqueza mundiais.;ERRADO
A União Europeia, criada já como mercado comum pelo Tratado de Roma de 1957, constitui exemplo de integração rápida, abrangente e completa.;ERRADO
O direito comunitário da UE integra o direito interno dos Estados-membros, não podendo estes invocar sua legislação nacional para impedir a aplicação do direito comunitário.;CERTO
Há consenso entre os especialistas de que as dificuldades da UE decorreram de seu foco exclusivo nas questões econômicas, deixando de lado aspectos políticos, sociais e culturais.;ERRADO
No processo de constituição da UE, as questões militares foram suprimidas em razão da prioridade dada à unificação econômica e aos seus desdobramentos políticos, sociais e culturais.;ERRADO
A União Europeia foi criada pelo Tratado de Roma de 2009.;ERRADO
A assinatura dos Tratados de Roma e de Maastricht resultou de um longo processo de integração iniciado no pós-Segunda Guerra, e o fim da Guerra Fria favoreceu um novo ciclo de ampliação da UE.;CERTO
O Tribunal de Justiça da União Europeia detém o monopólio de aplicação do direito da UE, com jurisdição de efeito direto e aplicação imediata em todos os Estados comunitários.;ERRADO
As negociações do Brexit foram formalmente iniciadas por Theresa May em março de 2017 mediante o acionamento do artigo 50, após autorização do Parlamento britânico, e deveriam ser concluídas em dois anos, prorrogáveis por consenso.;CERTO
Escócia e Irlanda do Norte votaram majoritariamente pela permanência do Reino Unido na UE no referendo do Brexit.;CERTO
O Brexit aplica-se apenas à imigração, à participação na elaboração das normas comunitárias e à aplicação das decisões das cortes europeias, mantendo necessariamente o livre comércio.;ERRADO
A derrota de David Cameron levou à formação de um governo de oposição liderado pela conservadora Theresa May, uma das principais defensoras do Brexit.;ERRADO
A aproximação entre MERCOSUL e UE remonta ao Acordo-Quadro de Cooperação Inter-regional de 1995, mas as negociações de livre comércio não avançaram desde então.;ERRADO
São países candidatos à adesão à UE: Albânia, Macedônia do Norte, Montenegro, Sérvia e Turquia.;CERTO
A Comissão Europeia é composta por um representante de cada Estado-membro, exerce função executiva e defende os interesses gerais da UE.;CERTO
O Conselho da Europa e a Corte Europeia de Direitos Humanos não são instituições da União Europeia.;CERTO
O Conselho da União Europeia é composto pelos chefes de Estado e de governo de todos os países do bloco e é responsável pela celebração de acordos da UE com terceiros.;ERRADO
O artigo 50 do Tratado de Lisboa estabelece prazo de dois anos para a retirada de um Estado da UE após a notificação, prorrogável por acordo entre os envolvidos.;CERTO
Ursula von der Leyen tornou-se, em 2019, a primeira mulher presidente da Comissão Europeia e apresentou seis grandes ambições para seu mandato.;CERTO
Romênia e Bulgária foram aceitas como membros da UE em abril de 2005, e sua adesão ao Espaço Schengen foi posteriormente protelada.;ERRADO
A Declaração da Identidade Europeia de 1973 estabeleceu elementos de identidade comum, mas não impunha padrões às futuras expansões, o que somente ocorreu com os critérios de Copenhague de 1993.;ERRADO
O Direito Comunitário Europeu não se aplica a terceiros e, portanto, não pode produzir efeitos extraterritoriais.;ERRADO
Os Estados-membros da UE têm resistido a ceder sua competência nacional sobre imigração e controle de fronteiras em favor de uma abordagem comum europeia.;CERTO
A Lei Antidesmatamento da UE, adotada em 2023, foi considerada positiva pelos países exportadores de produtos primários, como o Brasil, por valorizar sua legislação ambiental e impulsionar o comércio sustentável.;ERRADO
No Acordo de Parceria MERCOSUL-UE, a abertura comercial da UE será maior porque a UE aplica tarifa média superior à tarifa média do MERCOSUL.;ERRADO
Em 2024, MERCOSUL e UE anunciaram a conclusão das negociações do Acordo de Parceria, e o texto pode ser desmembrado, do lado europeu, em um acordo misto e um acordo provisório abrangendo matérias de competência exclusiva da UE.;CERTO
O CBAM da UE busca combater a fuga de carbono por meio de um mecanismo de ajuste de carbono na fronteira e está plenamente alinhado às regras multilaterais existentes e ao posicionamento brasileiro.;ERRADO
As salvaguardas da UE para produtos agropecuários e agroindustriais vinculados ao Acordo Provisório MERCOSUL-UE estabelecem mecanismos específicos, com gatilhos próprios, monitoramento e procedimentos especiais, independentemente dos mecanismos previstos no acordo.;CERTO
O desmembramento do acordo MERCOSUL-UE permitiu a tramitação do Acordo Provisório de Comércio, que enfrenta oposição parlamentar em países de ambos os blocos.;CERTO
O Acordo Provisório de Comércio MERCOSUL-UE prevê livre comércio em bens industriais e agrícolas e permitirá ao bloco sul-americano diversificar sua pauta exportadora em direção a produtos de maior valor agregado e tecnologia.;ERRADO
;
;
O Tratado de Maastricht estabeleceu critérios de convergência macroeconômica, incluindo metas relativas à inflação, ao déficit público e à dívida pública, para a participação na União Econômica e Monetária.;CERTO
Entre os critérios de convergência de Maastricht estavam inflação, taxas de câmbio, taxas de juros de longo prazo e déficits fiscais, considerados em relação aos melhores resultados alcançados pelos países envolvidos no processo de unificação monetária.;CERTO
Entre os objetivos da Política Agrícola Comum da União Europeia estão o aumento da produtividade agrícola, a estabilização dos mercados e a garantia da segurança do abastecimento.;CERTO
Não constitui competência do Tribunal de Justiça das Comunidades Europeias julgar diretamente contenciosos entre cidadãos europeus em razão de suposta violação do direito comunitário.;CERTO
Na data de lançamento do euro, em 1º de janeiro de 1999, Dinamarca, Grécia, Reino Unido e Suécia não haviam aderido à moeda comum.;CERTO
Entre as dificuldades relacionadas à adesão da Turquia à União Europeia estavam os elevados custos de integração, a necessidade de alterações na Política Agrícola Comum e o impacto demográfico da entrada de um país muito populoso.;CERTO
Constitui atribuição da Comissão Europeia concentrar o poder político da União Europeia.;ERRADO
O aumento gradativo das taxas de juros de longo prazo constituiu um dos critérios de convergência para a adoção da moeda comum europeia.;ERRADO
Entre os países que passaram a integrar a Comunidade Europeia/União Europeia após o fim do bloco soviético encontram-se Polônia, República Tcheca e Hungria.;CERTO
A Associação Europeia de Livre Comércio (EFTA), criada em 1960, contou entre seus membros fundadores com Reino Unido, Áustria e Islândia.;CERTO
A União Europeia é considerada uma das experiências mais avançadas de integração econômica do mundo contemporâneo, resultado de um longo e complexo processo histórico.;CERTO
O êxito da União Europeia decorre exclusivamente de seu caráter econômico, sem pretensões de integração política e cultural.;ERRADO
O aumento da demanda chinesa por produtos lácteos europeus exemplifica a interdependência dos mercados na economia global contemporânea.;CERTO
A produção reduzida e o consumo elevado são apontados pelo texto como fatores responsáveis pela alta dos preços do leite e de seus derivados na União Europeia.;ERRADO
A União Europeia é considerada uma das experiências mais avançadas de integração econômica da atualidade, resultante de um processo iniciado nas décadas posteriores à Segunda Guerra Mundial.;CERTO
O êxito da União Europeia decorre de um consenso entre seus membros para agir de maneira uniforme e unânime em áreas como política externa, imigração e tributação.;ERRADO
A União Europeia exige dos Estados-membros a adoção de um conjunto de regras e princípios comuns em diversas áreas estratégicas de intervenção.;CERTO
A participação na zona do euro limita as iniciativas políticas unilaterais dos países que adotam a moeda comum, especialmente no campo da política monetária.;CERTO
O Tratado de Lisboa incorporou formalmente a cláusula de solidariedade ao ordenamento da União Europeia.;CERTO
A introdução das Outright Monetary Transactions pelo Banco Central Europeu, o estabelecimento do Mecanismo Europeu de Estabilidade e o encaminhamento de uma união bancária contribuíram para reduzir o risco de contágio na zona do euro.;CERTO
Entre os argumentos dos partidários do Brexit estava a percepção de que a imigração aumentava a concorrência em um mercado de trabalho considerado saturado.;CERTO
O voto favorável ao Brexit foi majoritário nas grandes cidades e nas regiões mais ricas do Reino Unido.;ERRADO
As medidas protecionistas dos países da União Europeia foram o principal motivo que levou o governo conservador britânico a propor o Brexit.;ERRADO
O Brexit decorreu da aplicação do artigo 50 do Tratado de Lisboa, que estabelece o procedimento para a retirada voluntária de um Estado-membro da União Europeia.;CERTO
O resultado do referendo sobre o Brexit expressou de forma uniforme a vontade de todas as nações integrantes do Reino Unido.;ERRADO
A União Europeia foi criada com o objetivo de estruturar uma Europa pacífica, unida e próspera.;CERTO
O Brexit pode afetar empresários brasileiros que utilizavam o Reino Unido como porta de entrada para negócios no mercado europeu.;CERTO
A retirada unilateral de um Estado da União Europeia não estava prevista originalmente nos tratados, sendo necessária uma alteração posterior para inserir um artigo específico sobre a retirada.;ERRADO
O Brexit pode impactar acordos firmados pelo Reino Unido com terceiros Estados e sua participação em organizações internacionais, considerando as competências externas exercidas pela União Europeia.;CERTO
Após a saída da União Europeia, o Reino Unido passou a poder desenvolver suas relações comerciais de forma independente, inclusive definindo sua própria política tarifária.;CERTO
;
;
Um dos pontos mais delicados do acordo para viabilizar o Brexit envolvia a questão da fronteira entre a Irlanda do Norte e a Irlanda, devido ao risco de retomada de tensões históricas. Certo ou Errado?;CERTO
A integração econômica europeia iniciada durante a Guerra Fria passou por distintas fases, começando pela cooperação em carvão e aço e avançando por diferentes tratados até culminar na criação da União Europeia. Certo ou Errado?;CERTO
A entrada de Portugal e Espanha na Comunidade Europeia, em 1986, antecedeu Schengen e o euro e teve como objetivo fundamental enfraquecer a União Soviética. Certo ou Errado?;ERRADO
O Tratado de Roma de 1957 estabeleceu a Comunidade Europeia do Carvão e do Aço (CECA), que posteriormente originou a União Europeia. Certo ou Errado?;ERRADO
Entre os fatores que contribuíram para a vitória do Brexit esteve o descontentamento com as políticas migratórias da União Europeia no contexto da crise dos refugiados. Certo ou Errado?;CERTO
O Brexit resultou da insatisfação britânica com as consequências econômicas da adoção do euro como moeda corrente no Reino Unido. Certo ou Errado?;ERRADO
O Brexit foi motivado pela preocupação britânica com o controle das fronteiras após a assinatura do Acordo de Schengen pelo Reino Unido. Certo ou Errado?;ERRADO
Os membros fundadores da Comunidade Econômica Europeia, criada em 1957, foram Alemanha, Bélgica, Espanha, França, Itália, Luxemburgo e Países Baixos. Certo ou Errado?;ERRADO
Os seis membros fundadores da Comunidade Econômica Europeia foram Alemanha, Bélgica, França, Itália, Luxemburgo e Países Baixos. Certo ou Errado?;CERTO
A criação da Política Agrícola Comum foi facilitada pelo fato de o setor agrário não possuir grande importância estratégica em comparação com a produção de armamentos. Certo ou Errado?;ERRADO
A multifuncionalidade foi desenvolvida, entre outros motivos, como forma de justificar aspectos da política agrícola europeia diante das críticas internacionais aos subsídios agrícolas. Certo ou Errado?;CERTO
O Tratado de Nice, assinado em 2001, tratou de questões como a dimensão e composição da Comissão Europeia, a composição do Parlamento Europeu, a ponderação dos votos no Conselho e as cooperações reforçadas. Certo ou Errado?;CERTO
A restrição das votações por maioria qualificada constituiu um dos principais objetivos do Tratado de Nice. Certo ou Errado?;ERRADO
A União Europeia não dispõe de uma Política Agrícola Comum, de modo que as políticas agrícolas são definidas exclusivamente pelos Estados-membros. Certo ou Errado?;ERRADO
O Espaço Schengen foi criado por acordo assinado em 1985 e prevê a eliminação dos controles nas fronteiras internas entre os países participantes. Certo ou Errado?;CERTO
Todos os países da União Europeia fazem parte do Espaço Schengen. Certo ou Errado?;ERRADO
A livre circulação de pessoas dentro da União Europeia tem gerado controvérsias, inclusive porque quem ingressa regularmente em um país do espaço de livre circulação pode deslocar-se entre os demais países participantes. Certo ou Errado?;CERTO
A imigração magrebina contribuiu para a formação de uma importante comunidade muçulmana na França e sua presença foi utilizada como elemento de campanhas políticas de caráter xenofóbico. Certo ou Errado?;CERTO
Do ponto de vista econômico e demográfico, a imigração pode contribuir para amenizar o envelhecimento populacional e fornecer mão de obra, inclusive em ocupações menos procuradas pelos trabalhadores locais. Certo ou Errado?;CERTO
A maior parte do crescimento populacional da União Europeia decorre do crescimento vegetativo, e não dos saldos migratórios. Certo ou Errado?;ERRADO
;
;
;
A diplomacia do “pingue-pongue”, que marcou a aproximação entre os Estados Unidos e a China durante a détente, foi conduzida no governo de Richard Nixon. Certo ou Errado?;CERTO
George Kennan defendeu a política de contenção do expansionismo soviético. Certo ou Errado?;CERTO
A construção do Muro de Berlim foi um marco do período de 1945 a 1950 que antecedeu a Guerra Fria. Certo ou Errado?;ERRADO
No sistema eleitoral norte-americano, um candidato pode ser eleito presidente mesmo tendo recebido menos votos populares que seu adversário. Certo ou Errado?;CERTO
As conferências de Teerã, Yalta e Potsdam contribuíram para delinear a ordem internacional do pós-Segunda Guerra Mundial. Certo ou Errado?;CERTO
A Conferência de São Francisco, de 1945, deu origem à Organização das Nações Unidas, em continuidade ao ideal de cooperação internacional presente nos projetos da Liga das Nações. Certo ou Errado?;CERTO
A Guerra Fria caracterizou-se pela bipolaridade entre EUA e URSS e também pelo confronto ideológico entre capitalismo e socialismo. Certo ou Errado?;CERTO
Durante a crise dos mísseis de Cuba, Kennedy recuou diante da firme decisão de Khrushchev de não retirar os mísseis soviéticos da ilha. Certo ou Errado?;ERRADO
A expressão “assenhoraram-se dos espaços” também pode ser relacionada à corrida espacial entre EUA e URSS. Certo ou Errado?;CERTO
Rio Branco teve papel central na resolução de questões fronteiriças e percebeu a crescente importância dos Estados Unidos no cenário internacional. Certo ou Errado?;CERTO
A Política Externa Independente, implementada no início da década de 1960, representou um afastamento do alinhamento automático aos EUA e valorizou o universalismo e os interesses nacionais. Certo ou Errado?;CERTO
Durante o governo Geisel, o Brasil adotou o Pragmatismo Responsável, diversificando suas relações externas, aproximando-se de novos centros de poder e aprofundando relações com a África. Certo ou Errado?;CERTO
A reação brasileira aos ataques de 11 de setembro de 2001, marcada por cautela diante da resposta norte-americana, não impediu a existência de divergências entre Brasil e EUA durante o governo George W. Bush. Certo ou Errado?;CERTO
A Guerra Fria foi marcada por uma gradual divisão do mundo entre Estados alinhados aos EUA e Estados sob influência da União Soviética. Certo ou Errado?;CERTO
A predominância comercial, financeira e industrial dos EUA sobre a economia brasileira intensificou-se após a Segunda Guerra Mundial, especialmente a partir da década de 1950. Certo ou Errado?;CERTO
O afastamento brasileiro das negociações da ALCA esteve relacionado, entre outros fatores, às críticas às práticas protecionistas e aos subsídios agrícolas norte-americanos. Certo ou Errado?;CERTO
A Doutrina Truman, anunciada em 1947, expressou a disposição dos EUA de apoiar países que resistissem ao comunismo. Certo ou Errado?;CERTO
Durante o governo Dutra, o Brasil manteve uma postura de equidistância entre EUA e URSS, evitando comprometer-se politicamente com qualquer das superpotências. Certo ou Errado?;ERRADO
A Era Reagan-Thatcher foi marcada por políticas econômicas de fortalecimento e expansão do Estado de Bem-Estar Social e por uma política externa moderada e tolerante. Certo ou Errado?;ERRADO
Durante a República Liberal, a Comissão Mista Brasil-EUA foi a principal responsável pela construção da Usina Siderúrgica de Volta Redonda. Certo ou Errado?;ERRADO
Desde meados da década de 1990, Brasil e EUA têm buscado desenvolver uma agenda bilateral positiva, apesar da existência de questões ainda pendentes. Certo ou Errado?;CERTO
A Doutrina Truman demonstrava que os EUA pretendiam restringir seu envolvimento nos problemas europeus apenas à assistência material e financeira. Certo ou Errado?;ERRADO
A Doutrina Truman teve como preocupação imediata a situação da Grécia e da Turquia, consideradas estrategicamente importantes para os EUA. Certo ou Errado?;CERTO
A Doutrina Truman recomendou diretamente a criação da Organização Europeia de Cooperação Econômica, estabelecida em 1948. Certo ou Errado?;ERRADO
A Doutrina Truman, por seu caráter conciliatório, indicava que os EUA não consideravam a expansão comunista uma ameaça. Certo ou Errado?;ERRADO
Brasil e EUA assinaram, em 2007, acordo para incentivar biocombustíveis, mas persistiram dificuldades de acesso do etanol brasileiro ao mercado norte-americano devido a barreiras tarifárias. Certo ou Errado?;CERTO
As divergências entre Brasil e EUA durante o período militar, as negociações da ALCA e o governo Lula contribuíram para momentos de tensão nas relações bilaterais. Certo ou Errado?;CERTO
Durante o governo George W. Bush, o Brasil apoiou os EUA na Guerra contra o Terror e na intervenção militar no Iraque em 2003. Certo ou Errado?;ERRADO
Medidas antidumping, quotas, tarifas e barreiras técnicas norte-americanas afetaram exportações brasileiras, enquanto o Brasil também enfrentou restrições para importar determinadas tecnologias dos EUA. Certo ou Errado?;CERTO
Durante o governo Barack Obama, os EUA mostraram disposição para flexibilizar determinadas políticas migratórias, incluindo medidas relacionadas à regularização de imigrantes sem documentos. Certo ou Errado?;CERTO
Os EUA condenaram as ações russas na Crimeia em 2014 e ameaçaram utilizar armas convencionais nas Nações Unidas para defender a autonomia ucraniana. Certo ou Errado?;ERRADO
O discurso de Barack Obama no Cairo, em 2009, buscou estabelecer um “novo começo” nas relações entre os EUA e o mundo islâmico. Certo ou Errado?;CERTO
Obama conseguiu concluir com a Rússia o Novo Tratado de Redução de Armas Estratégicas (New START), embora as negociações tenham inicialmente enfrentado dificuldades. Certo ou Errado?;CERTO
Os EUA e a Índia firmaram acordo de cooperação nuclear que reconheceu a Índia como Estado oficialmente detentor de armas nucleares nos termos do TNP. Certo ou Errado?;ERRADO
Em 2015, a China havia ultrapassado os EUA como principal parceiro comercial do Brasil, enquanto os EUA mantinham padrão de importação concentrado em matérias-primas e exportação de produtos industrializados e serviços. Certo ou Errado?;CERTO
A cooperação educacional Brasil-EUA evitou a participação do setor privado no programa Ciência sem Fronteiras porque a pesquisa de ponta norte-americana se concentrava exclusivamente em universidades públicas. Certo ou Errado?;ERRADO
Os EUA apoiaram explicitamente a candidatura brasileira a um assento permanente no Conselho de Segurança da ONU. Certo ou Errado?;ERRADO
A cooperação entre Brasil e EUA inclui temas relacionados à igualdade de gênero, combate à violência contra a mulher e enfrentamento do tráfico de mulheres. Certo ou Errado?;CERTO
Durante o governo Obama, os EUA entraram em conflito com o secretário-geral da OEA por sua recusa em convocar sessão do Conselho Permanente para tratar da situação constitucional da Venezuela. Certo ou Errado?;ERRADO
Em 2014, Obama implantou medidas migratórias que regularizaram o status de milhões de imigrantes sem documentos, concedendo-lhes direitos equivalentes aos de cidadãos norte-americanos. Certo ou Errado?;ERRADO
A normalização das relações EUA-Cuba iniciada em 2014 trouxe medidas como flexibilização das viagens, aumento de limites para remessas e relaxamento de algumas restrições comerciais. Certo ou Errado?;CERTO
Durante o governo Obama, as relações Brasil-EUA tiveram como pontos de atrito a posição brasileira sobre sanções ao Irã e as revelações de espionagem da NSA contra autoridades brasileiras. Certo ou Errado?;CERTO
;
;
;
A diplomacia do “pingue-pongue”, que marcou a aproximação entre os Estados Unidos e a China durante a détente, foi conduzida durante o governo de Richard Nixon.;CERTO
George Kennan defendeu as teses da contenção como estratégia dos Estados Unidos diante da União Soviética.;CERTO
A construção do Muro de Berlim, em 1961, não constitui um marco do período de 1945 a 1950 da Guerra Fria.;CERTO
Já ocorreu, na história dos Estados Unidos, de um candidato à Presidência ser eleito mesmo tendo recebido menos votos populares que seu oponente.;CERTO
As conferências de Teerã (1943), Yalta (1945) e Potsdam (1945) contribuíram para delinear os contornos do novo sistema de poder mundial que surgiria após a Segunda Guerra Mundial.;CERTO
A Conferência de São Francisco, de 1945, que criou a ONU, reproduziu uma estrutura de poder plenamente simétrica no Conselho de Segurança, no qual todos os Estados possuem os mesmos poderes decisórios.;ERRADO
A bipolaridade do pós-Segunda Guerra Mundial caracterizou-se pelo confronto entre duas superpotências situadas fora do tradicional eixo europeu de poder, os EUA e a URSS, além da oposição entre os sistemas capitalista e socialista.;CERTO
Durante a Crise dos Mísseis de Cuba, Kennedy recuou diante da firme decisão de Khruschov de não retirar os mísseis soviéticos de Cuba.;ERRADO
A expressão “assenhoraram-se dos espaços” também pode ser relacionada à corrida espacial entre EUA e URSS, que refletia avanços tecnológicos e interesses estratégicos de projeção global.;CERTO
O Barão do Rio Branco teve papel preponderante na resolução de questões de fronteira e percebeu a crescente importância dos Estados Unidos no cenário mundial.;CERTO
A Política Externa Independente, implementada no início da década de 1960, representou um momento de afastamento do tradicional alinhamento automático brasileiro aos Estados Unidos.;CERTO
Durante o governo Geisel, a política externa brasileira adotou o Pragmatismo Responsável e Ecumênico, aproximando-se de diferentes centros de poder e reconhecendo rapidamente a independência de Angola.;CERTO
A política externa brasileira sob Fernando Henrique Cardoso foi marcada por apoio irrestrito às posições dos Estados Unidos após os atentados de 11 de setembro de 2001, sem divergências quanto à resposta norte-americana.;ERRADO
A ordem internacional da Guerra Fria foi marcada pela gradual divisão do mundo entre Estados alinhados ao bloco capitalista, sob liderança dos EUA, e Estados sob influência da União Soviética.;CERTO
A predominância comercial, financeira e industrial dos Estados Unidos na economia brasileira aumentou significativamente após a Segunda Guerra Mundial, especialmente a partir da década de 1950.;CERTO
Em 2003, o Brasil afastou-se das negociações da ALCA e abriu mão de copresidir a comissão negociadora do projeto, manifestando oposição, entre outros pontos, aos subsídios agrícolas norte-americanos.;ERRADO
A Guerra Fria foi marcada pelo confronto entre as duas superpotências emergentes da Segunda Guerra Mundial, tendo a Doutrina Truman defendido o apoio dos EUA aos países que resistissem ao comunismo.;CERTO
Durante o governo Dutra, o Brasil procurou manter-se equidistante das superpotências e evitou atitudes que representassem comprometimento com um dos lados da Guerra Fria.;ERRADO
A Era Reagan-Thatcher caracterizou-se por uma política externa moderada e tolerante e pela defesa do fortalecimento do Estado de Bem-Estar Social.;ERRADO
A Comissão Mista Brasil-Estados Unidos foi a principal responsável pela construção da Usina Siderúrgica de Volta Redonda.;ERRADO
Desde meados da década de 1990, Brasil e Estados Unidos têm procurado desenvolver uma agenda bilateral positiva, apesar da existência de aspectos a serem aperfeiçoados.;CERTO
A Doutrina Truman demonstrava que os Estados Unidos pretendiam restringir seu envolvimento com os problemas europeus apenas à assistência material e financeira.;ERRADO
A Doutrina Truman manifestava preocupação imediata com a situação da Grécia e da Turquia, consideradas estrategicamente importantes para os Estados Unidos.;CERTO
A Doutrina Truman recomendou a criação da Organização Europeia de Cooperação Econômica, efetivamente criada em 1948 para administrar a cooperação relacionada ao Plano Marshall.;ERRADO
A Doutrina Truman, por seu caráter conciliatório, indicava que os Estados Unidos não consideravam a expansão comunista uma ameaça.;ERRADO
O acesso do etanol brasileiro ao mercado norte-americano enfrentou dificuldades decorrentes de tarifas e taxas de importação aplicadas ao produto brasileiro.;CERTO
As divergências entre Brasil e Estados Unidos intensificaram-se, entre outros momentos, durante o período militar, nas negociações da ALCA e durante o governo Lula.;ERRADO
Durante o governo George W. Bush, o Brasil apoiou os Estados Unidos na guerra contra o terror e na intervenção militar no Iraque em 2003.;ERRADO
Medidas antidumping, quotas, tarifas elevadas e barreiras técnicas impostas pelos Estados Unidos afetaram as exportações brasileiras, enquanto o Brasil também enfrentou restrições à importação de determinadas tecnologias norte-americanas.;CERTO
Durante o governo Barack Obama, os Estados Unidos mostraram-se dispostos a adotar medidas mais flexíveis em relação à imigração, incluindo propostas de regularização de imigrantes sem documentos.;CERTO
Os Estados Unidos condenaram as ações russas na Crimeia em 2014, mas ameaçaram utilizar armas convencionais para defender militarmente a autonomia ucraniana.;ERRADO
O discurso de Barack Obama no Cairo, em 2009, foi interpretado como uma tentativa de estabelecer um novo começo nas relações entre os Estados Unidos e o mundo islâmico.;CERTO
Barack Obama concluiu com a Rússia o Novo Tratado de Redução de Armas Estratégicas, o Novo START, em seu primeiro mandato presidencial.;CERTO
A Índia, embora não seja signatária do TNP, celebrou acordo de cooperação nuclear com os Estados Unidos, que reconheceu de fato seu status especial no regime nuclear internacional.;CERTO
A China ultrapassou os Estados Unidos como principal parceiro comercial do Brasil, embora os EUA continuassem entre os principais parceiros comerciais brasileiros.;CERTO
A cooperação educacional entre Brasil e Estados Unidos, inclusive no âmbito do Ciência sem Fronteiras, excluiu deliberadamente o setor privado norte-americano.;ERRADO
Os Estados Unidos apoiaram explicitamente a candidatura brasileira a um assento permanente no Conselho de Segurança da ONU.;ERRADO
A redução das desigualdades de gênero e o combate à violência contra a mulher e ao tráfico de mulheres integram temas de cooperação entre Brasil e Estados Unidos.;CERTO
Os Estados Unidos entraram em conflito com o secretário-geral da OEA por este ter recusado convocar sessão do Conselho Permanente para tratar da situação constitucional e do referendo revogatório na Venezuela.;ERRADO
Em 2014, Obama implantou medidas migratórias que regularizaram definitivamente o status migratório de milhões de imigrantes sem documentos, concedendo-lhes direitos equivalentes aos dos cidadãos norte-americanos.;ERRADO
A normalização das relações entre EUA e Cuba, anunciada em 2014, incluiu o relaxamento de restrições a viagens, remessas e determinadas exportações e abriu espaço para investimentos norte-americanos.;CERTO
Durante o governo Obama, entre os principais pontos de atrito com o Brasil estiveram a posição brasileira sobre sanções ao Irã e as revelações de espionagem da NSA contra autoridades brasileiras.;CERTO
Na política externa norte-americana contemporânea, as relações com o Brasil estão assentadas exclusivamente em interesses econômico-comerciais, sem relevância de interesses políticos e de segurança.;ERRADO
Donald Trump pressionou reiteradamente os aliados europeus da OTAN para que aumentassem seus gastos com defesa.;CERTO
Na cúpula de Singapura de 2018, Donald Trump e Kim Jong-un assinaram declaração conjunta, na qual a Coreia do Norte se comprometeu explicitamente a aderir ao Tratado de Não Proliferação Nuclear.;ERRADO
A coalizão liderada pela Arábia Saudita no Iêmen recebeu ampla ajuda militar dos EUA durante o governo Trump, incluindo o envio de centenas de soldados e aviões equipados com ogivas nucleares.;ERRADO
França, Alemanha e Reino Unido não conseguiram impedir a retirada dos Estados Unidos do acordo nuclear com o Irã em 2018, e a reação imediata do Irã foi proibir a exportação de petróleo e gás iranianos aos EUA.;ERRADO
A Guerra Fria apresentou relativa estabilidade e padrões previsíveis de confronto; EUA e URSS frequentemente se enfrentaram de maneira indireta, procurando evitar que conflitos locais evoluíssem para uma guerra mundial.";CERTO
No pós-Guerra Fria, a organização mundial do poder passou a ser representada exclusivamente pela separação entre blocos econômicos como NAFTA, Tigres Asiáticos, UE, CEI e MERCOSUL.;ERRADO
A condição de aliado prioritário extra-OTAN atribuída ao Brasil não o submete ao artigo 5º do Tratado do Atlântico Norte nem o obriga a participar da defesa coletiva da Aliança.;CERTO
A cooperação para conservação da biodiversidade e capacitação técnica e profissional de jovens empreendedores constitui o eixo exclusivo da cooperação para o desenvolvimento prestada atualmente pelos EUA ao Brasil.;ERRADO
O Acordo de Cooperação em Defesa entre Brasil e Estados Unidos, retomado em 2015, abriu caminho para a intensificação da cooperação militar em áreas como pesquisa, desenvolvimento, logística, segurança tecnológica, operações de paz e produtos de defesa.;CERTO
Os contenciosos comerciais entre Brasil e Estados Unidos são tradicionalmente resolvidos em uma instância bilateral específica criada exclusivamente para solucionar disputas comerciais entre os dois países.;ERRADO
A prioridade atribuída pelos Estados Unidos às relações com os países do continente americano mantém padrão constante e regular por existir consenso bipartidário sobre democracia, direitos humanos, livre comércio e investimentos.;ERRADO
As incursões territoriais dos Estados Unidos durante o século XIX lançaram as bases da Doutrina Monroe, formulada apenas no início do século XX para orientar as relações com a América Latina.;ERRADO
Os conflitos entre colonizadores e populações indígenas durante a expansão para o Oeste resultaram em diversos massacres, e a criação de reservas indígenas não pacificou definitivamente essas relações.;CERTO
A expansão territorial dos Estados Unidos para o Oeste foi favorecida pela construção de ferrovias, que facilitaram a circulação de pessoas e mercadorias entre os centros urbanos.;CERTO
A expansão para o Oeste terminou por volta de 1890, quando os últimos pioneiros construíram cidades para fugir da pobreza urbana existente em seus territórios de origem.;ERRADO
A Conferência de Potsdam, última conferência entre os três grandes líderes aliados, tratou do futuro da Alemanha derrotada, incluindo desnazificação e julgamento de criminosos de guerra.;CERTO
O pós-Segunda Guerra Mundial foi marcado pela bipolaridade, com Washington e Moscou como centros do poder mundial e representantes de sistemas capitalista e socialista considerados antagônicos.;CERTO
A Guerra da Coreia consolidou a divisão da península em dois Estados, enquanto a Guerra do Vietnã terminou com a reunificação do país sob liderança comunista do Norte.;CERTO
O “Longo Telegrama” de George Kennan, enviado de Moscou em 1946, contribuiu para fundamentar a estratégia norte-americana de contenção da União Soviética.;CERTO
O Plano Marshall consistiu exclusivamente em doações a fundo perdido e foi administrado pela OCDE, organização da qual ficaram excluídos os países europeus que haviam permanecido neutros durante a Segunda Guerra Mundial.;ERRADO
O antagonismo entre EUA e URSS durante a Guerra Fria produziu graves divergências no Conselho de Segurança da ONU, inclusive em relação à criação de Israel e à crise do Canal de Suez.;ERRADO
As negociações que levaram ao TNP ganharam impulso após a Crise dos Mísseis de Cuba, e o tratado foi concluído em 1968; Índia e Israel estão entre os países que não são signatários.";CERTO
A doutrina do Destino Manifesto constituiu uma ideologia nacional utilizada para justificar a expansão territorial dos Estados Unidos.;CERTO
O Homestead Act de 1862 autorizou a distribuição de terras públicas, inclusive a imigrantes que cumprissem determinadas condições, contribuindo para a atração de imigrantes europeus e a ocupação do Oeste.;CERTO
Após a Guerra de Secessão, os Estados Unidos superaram definitivamente seus antagonismos sociais e raciais, consolidando plenamente o trabalho livre e a democracia liberal.;ERRADO
Após a Guerra de Secessão, a economia dos EUA apoiou-se na exploração de recursos naturais, na construção de infraestrutura moderna, na expansão agrícola e em uma política comercial protecionista.;CERTO
Durante a chancelaria do Barão do Rio Branco, a política externa brasileira buscou estabilidade no Prata e aproximação com os EUA, em contexto no qual as principais ameaças externas à Amazônia provinham de franceses e ingleses.;ERRADO
As boas relações entre Brasil e Estados Unidos durante a Primeira República resultaram no apoio de Washington à candidatura brasileira a um assento permanente na Corte Internacional de Justiça, concretizado na II Conferência de Paz de Haia, em 1907.;ERRADO
;
;
A correspondência entre Roosevelt e Vargas informa uma mútua preocupação com a costa litorânea brasileira, tema central nos planos de defesa norte-americanos.;CERTO
Pouco mais de uma semana após a Conferência de Lima, Roosevelt convidou Osvaldo Aranha para uma conferência nos EUA, revelando a importância dada ao Brasil pela política externa norte-americana e por suas estratégias ofensivas, pretendendo a intervenção nos assuntos europeus.;ERRADO
O relatório de Osvaldo Aranha a Vargas descreveu o desacordo do governo norte-americano com o governo argentino, agravado após a Conferência de Lima.;CERTO
Segundo Osvaldo Aranha, Roosevelt apresentou o cenário dos alinhamentos das principais nações europeias diante do expansionismo alemão e do perigo de agentes nazistas na América do Sul, além da discordância argentina em relação ao alinhamento aos EUA.;CERTO
As relações Brasil-EUA são tradicionalmente pautadas por fortes convergências quanto à governança democrática; por conflitos, notadamente comerciais; e por diferentes abordagens em temas globais, como mudança climática, terrorismo e, mais recentemente, a guerra na Ucrânia.";CERTO
Um dos resultados do acordo de Helsinque, de 1975, foi o reconhecimento do controle soviético na Europa Oriental. Apesar de abordar direitos humanos, o acordo foi muito criticado nos EUA.;CERTO
O SALT II foi assinado em 1979 e ratificado pelo Senado americano em janeiro de 1980.;ERRADO
Ronald Reagan, eleito em 1980, declarou intenções de acelerar a contenção do comunismo mundial, como exemplificado pelo discurso de 1983 em que chamou a URSS de “Império do Mal”.;CERTO
O programa Star Wars, do governo Reagan, buscava proteger os EUA contra mísseis soviéticos mediante lasers e satélites, tendo também o propósito de intimidar a URSS pela demonstração de força militar.;CERTO
A proximidade política entre Brasil e EUA evidencia-se no apoio estadunidense ao projeto de resolução S/2023/773, apresentado pelo Brasil ao CSNU em outubro de 2023, sobre a crise israelo-palestina.;ERRADO
Em 2023, os EUA foram o segundo maior parceiro comercial do Brasil e o segundo maior destino das exportações brasileiras, com destaque para a indústria de transformação.;CERTO
Em 2023, Brasil e EUA lançaram uma parceria trabalhista destinada à modernização das relações trabalhistas por meio da flexibilização da legislação, com acordos individuais e coletivos podendo se sobrepor à lei.;ERRADO
Em 2023, Brasil e EUA realizaram a primeira reunião desde 2013 do Plano de Ação Conjunta para Eliminar a Discriminação Racial e Étnica e Promover a Igualdade, voltado também a afrodescendentes e indígenas.;CERTO
O crescimento dos fluxos migratórios do Sul para o Norte global tem provocado políticas restritivas à livre circulação e medidas de controle fronteiriço, inclusive nos EUA.;CERTO
O Acordo entre Brasil e EUA sobre Salvaguardas Tecnológicas relativas ao Centro Espacial de Alcântara obriga ambos os países a autorizar licenças de exportação e importação necessárias às atividades de lançamento.;CERTO
O Acordo de Salvaguardas Tecnológicas de Alcântara permite ao Brasil utilizar recursos financeiros das atividades de lançamento no desenvolvimento do Programa Espacial Brasileiro, mas impede sua utilização para sistemas da Categoria I do MTCR.;CERTO
As tarifas recíprocas anunciadas pelos EUA em abril de 2025 foram calculadas para eliminar o déficit comercial americano com cada território e incluíam tarifa mínima de 10%, inclusive no caso do Brasil, que possui déficit comercial com os EUA há mais de uma década.;ERRADO
O Departamento de Estado norte-americano anunciou sanções contra quatro juízes do Tribunal Penal Internacional, acusando-os de ameaçarem a soberania e a segurança nacional dos EUA e de Israel.;CERTO
A Doutrina Truman constituiu as bases institucionais do império norte-americano — Departamento de Defesa, Estado-Maior Unificado, Conselho de Segurança Nacional e CIA —, instituições parcialmente dissolvidas durante a segunda Guerra Fria, no governo Reagan.;ERRADO
A proposição dos Catorze Pontos representou decisão monocrática de Woodrow Wilson, sem apoio parlamentar, em contexto de forte isolacionismo nos EUA.;ERRADO
O New Deal foi elaborado por Franklin D. Roosevelt em resposta à crise de 1929 e revogou medidas de abertura econômica, como o Smoot-Hawley, além de nomear Cordell Hull, opositor ao livre mercado, como secretário de Estado.;ERRADO
Nicolas Spykman foi o principal ideólogo da política externa americana após a Segunda Guerra Mundial e defendia a democracia como “fetiche”, além do apoio a governos autoritários aliados.;ERRADO
A entrada dos EUA na Segunda Guerra Mundial representou um consenso do establishment da Costa Leste, que fundiu o nacionalismo isolacionista ao intervencionista e criou condições para o imperialismo norte-americano.;ERRADO
Durante a Guerra Fria, a fé no sobrenatural funcionou como componente-chave da ideologia norte-americana e como lastro para a política externa do país.;CERTO
Durante a Segunda Guerra Mundial, o Office of the Coordinator of Inter-American Affairs liderou uma política de consolidação do poder dos EUA no Brasil por meio da difusão cultural, inclusive levando artistas brasileiros para eventos nos EUA.;CERTO
O denominado corolário Trump à Doutrina Monroe flexibiliza a influência dos EUA sobre seu entorno estratégico no hemisfério e prioriza parcerias com economias de diferentes regiões do mundo.;ERRADO
A investigação dos EUA contra o Brasil com base na Seção 232 da Lei de Expansão do Comércio de 1962 pode atingir especificamente etanol, propriedade intelectual e meios de pagamento, inclusive em razão do PIX.;ERRADO
A recente decisão da Suprema Corte dos EUA sobre as tarifas impostas desde 2025 com base no IEEPA foi seguida por Ordem Executiva que substituiu as tarifas anteriores por tarifas globais de 10%.;CERTO 
Os acordos realizados pelos EUA após a imposição das tarifas recíprocas de 2025 foram avaliados como formas de reforçar o princípio da nação mais favorecida, defendido historicamente pelo Brasil.;ERRADO
O Conselho da Paz proposto pelos EUA e estabelecido em 2026 é apoiado pelos membros permanentes do CSNU e complementa os mecanismos existentes, fortalecendo o multilateralismo e o direito internacional.;ERRADO
Em janeiro de 2026, à margem do Fórum Econômico Mundial de Davos, foi assinada a Carta de criação do Conselho da Paz, nova organização internacional proposta pelos EUA para reunir G7, BRICS e G20.;ERRADO
O fim da URSS explicitou o enorme poderio norte-americano e explica a facilidade com que os EUA obtêm aval da ONU para suas incursões bélicas e dominam países considerados inimigos.;ERRADO
Em 2004, relatório da CIA confirmou que Saddam Hussein mantinha secretamente um grande arsenal de armas de destruição em massa no Iraque.;ERRADO
A Doutrina Bush, associada à guerra preventiva, justificou a invasão do Afeganistão e do Iraque.;CERTO
A expansão americana dos anos 1960 esteve associada ao déficit público provocado especialmente pela Guerra do Vietnã e pelos programas sociais de combate à pobreza.;CERTO
Durante a Guerra Fria, os EUA separaram os objetivos internos e de reconstrução da Europa dos objetivos de formulação de doutrinas políticas voltadas à contenção soviética global.;ERRADO
A ampliação dos espaços de potência soviética na Europa Oriental foi uma estratégia desenvolvida pelos soviéticos para afirmar o equilíbrio de poder mundial com os EUA.;CERTO
A flexibilização da ordem bipolar e certa coabitação entre as superpotências foram características marcantes entre a segunda metade dos anos 1950 e grande parte dos anos 1960.;CERTO
A Europa, protegida econômica e militarmente pelos EUA, reanimou-se nos anos 1950 para diminuir o monolitismo ocidental e ferir a bipolaridade da Guerra Fria.;CERTO
;
;
A essência da Doutrina Monroe, “América para os americanos”, definia o continente como zona de influência dos EUA.;CERTO
Com a proposta de criação da ALCA, os EUA pretendiam criar um bloco regional integrado, tendo o dólar como moeda comum e mecanismos de transferência financeira aos países mais pobres.;ERRADO
Para o Brasil, medidas não tarifárias adotadas pelos EUA, especialmente medidas compensatórias, antidumping e subsídios ao setor agrícola, representam importantes restrições às exportações brasileiras para aquele mercado.;CERTO
O Brasil resistiu à inclusão de serviços, propriedade intelectual e investimentos na Rodada Uruguai do GATT, divergindo dos EUA, mas ao final assinou os acordos relativos a esses temas.;CERTO
Apesar da diversificação das parcerias comerciais brasileiras, os EUA permanecem entre os três principais parceiros comerciais do Brasil, considerando-se países individualmente.;CERTO
A Europa foi historicamente, para a política externa brasileira, a região para a qual migraram iniciativas políticas e econômicas como única opção à hegemonia norte-americana.;ERRADO
O Brasil, por ter lutado ao lado dos norte-americanos nas duas guerras mundiais, garantiu lugar como representante natural dos EUA na América do Sul.;ERRADO
A inserção do Brasil no Atlântico Norte e no sistema da OTAN afastou o país, desde a década de 1970, das relações com os países africanos do Atlântico Sul.;ERRADO
As relações entre Brasil e EUA durante o governo Lula caracterizaram-se por tensão crescente, resultado do caráter mais reivindicatório da política externa brasileira.;ERRADO
A cooperação bilateral em biocombustíveis foi um ponto dinâmico das relações Brasil-EUA, tendo sido firmado, durante a visita de George W. Bush a São Paulo em março de 2007, o Memorando de Entendimento sobre Biocombustíveis.;CERTO
Na análise da política dos EUA em relação a Cuba, é correto afirmar que apenas a afirmação I está correta: o Estado não deve ser tratado como bloco monolítico, sendo necessário analisar o processo decisório e os diferentes atores envolvidos.;CERTO
Sobre os efeitos dos ataques de 11 de setembro de 2001, são corretas apenas as afirmações I e II: a guerra ao terror envolveu medidas contra lavagem de dinheiro, e a securitização do terrorismo pode legitimar intervenções em Estados soberanos.;CERTO
Nas questões relativas ao Oriente Médio e ao norte da África, o Brasil assumiu posições divergentes das dos EUA em temas como as crises na Líbia e na Síria, o programa nuclear iraniano e a criação de um Estado palestino independente.;CERTO
Sobre a Doutrina do Destino Manifesto, são corretas as afirmações I, II e IV: ela expressava a ideia de superioridade norte-americana; justificava ações imperialistas; e os sentimentos de autoconfiança contrastavam com o colonialismo europeu em refluxo.";CERTO
A Emenda Platt, de 1901, estabeleceu o direito de intervenção dos EUA em Cuba quando os interesses norte-americanos fossem ameaçados.;CERTO
Durante a Guerra Fria, são corretas as afirmações II e III: a Cortina de Ferro caracterizou a divisão da Europa e os regimes socialistas do Leste; e movimentos políticos latino-americanos sofreram influência da política anticomunista dos EUA.";CERTO
As asserções I e II são verdadeiras, mas a II não constitui justificativa correta da I: a política intervencionista norte-americana contribuiu para a animosidade de grupos fundamentalistas islâmicos, enquanto o unilateralismo expôs fragilidades do sistema de segurança coletiva da ONU.;CERTO
Após anos de impasses diplomáticos, os EUA retiraram Cuba da lista de Estados que financiam o terrorismo, permitindo a retomada das relações diplomáticas entre os dois países.;CERTO
A eleição de Donald Trump em 2016 teve como elementos centrais de sua retórica o protecionismo, a oposição à globalização e a crítica aos acordos de livre comércio.;CERTO
A Guerra Fria iniciou-se na década de 1950 a partir do antagonismo entre EUA e URSS quanto à reunificação das duas Coreias.;ERRADO
A Doutrina Truman foi uma formulação política de caráter regional criada e adotada pelos EUA durante a Guerra Fria.;ERRADO
O monolitismo ideológico dos primeiros anos da Guerra Fria desgastou-se ao longo do tempo, provocando dissidências dentro dos dois blocos.;CERTO
Durante a Guerra Fria, todos os Estados foram obrigados a se alinhar a um dos dois blocos político-econômicos existentes.;ERRADO
;
Sobre a política externa de Donald Trump em relação ao multilateralismo, estão corretas apenas as afirmações I, II e III: “America First” não significa necessariamente isolamento; a retirada do Acordo de Paris refletiu o unilateralismo; e a desconstrução da ordem liberal afetou a legitimidade dos EUA como garantidores dessa ordem.";CERTO
Sobre a política comercial dos EUA, estão corretas apenas as afirmações I, II e IV: nos anos 1950 os EUA adotaram postura internacionalista; nos anos 1970 aumentaram as pressões protecionistas; e nos anos 1990 houve preocupação com soberania e autonomia frente aos organismos internacionais.";CERTO
O shutdown de 2018-2019 ocorreu devido ao impasse entre os democratas e o presidente Donald Trump, que exigia recursos para a construção de um muro na fronteira entre EUA e México.;CERTO
A caravana de migrantes que chegou à fronteira dos EUA em 2018 era composta majoritariamente por imigrantes de Honduras, que fugiam da pobreza e da violência.;CERTO
Entre os principais itens da pauta de importação de bens dos EUA figuram automóveis, petróleo cru, computadores e máquinas pesadas.;CERTO
Ataques cibernéticos a sistemas norte-americanos atribuídos a hackers russos e a prisão de Alexei Navalny contribuíram para a instabilidade nas relações entre EUA e Rússia durante o governo Biden.;CERTO
O G20 tem como objetivo basilar reunir regularmente as principais economias industrializadas e emergentes para discutir questões fundamentais da economia global.;CERTO
As medidas anti-imigração e de protecionismo comercial adotadas por Donald Trump, visando consolidar o apoio de seu eleitorado, impactaram algumas das relações diplomáticas dos Estados Unidos.;CERTO
Os danos causados à Europa durante a Segunda Guerra Mundial foram devastadores, levando os EUA a propor o Plano Marshall, com bilhões de dólares destinados à reconstrução de diversos países europeus.;CERTO
A economia do pós-guerra foi marcada pela criação soviética do COMECON, organização econômica destinada a prestar assistência aos países do bloco socialista.;CERTO
O ciclo da economia mundial nas décadas posteriores à Segunda Guerra Mundial caracterizou-se por uma crise marcada pelo crescimento das desigualdades, hiperinflação, pobreza e aumento das dívidas externas de todos os países do mundo.;ERRADO
Sobre as guerras híbridas de quarta geração, estão corretas apenas as afirmações II e III: o lawfare é uma das vertentes associadas à guerra híbrida, e os estudos contemporâneos apontam o emprego crescente dessa vertente por atores não estatais e autocracias.;CERTO
A Doutrina Bush, formulada após os atentados de 11 de setembro, estabeleceu o uso de força militar preventiva contra o terrorismo global.;CERTO
Sobre Guantánamo e a Guerra ao Terror, estão corretas apenas as afirmações I e II: o campo foi utilizado para deter pessoas classificadas como “combatentes inimigos”, e a Doutrina Bush incorporou a ideia de guerra preventiva/preemptiva.;CERTO
;
;
. A guerra submarina coordenada pela Alemanha, com o objetivo de bloquear maritimamente a Grã-Bretanha, incluindo o afundamento de embarcações mercantes e de passageiros de países neutros, contribuiu para a entrada dos Estados Unidos na Primeira Guerra Mundial.;CERTO
. A predileção estadunidense pelo apoio à Tríplice Entente, em um contexto de desgaste militar e desordem interna da Rússia Imperial, contribuiu para a decisão dos EUA de entrar na Primeira Guerra Mundial.;CERTO
. A postura de Woodrow Wilson foi essencialmente belicista e buscava demonstrar a preponderância econômica e militar alcançada pelos Estados Unidos, constituindo um fator para a entrada do país na Primeira Guerra Mundial.;ERRADO
. O fracasso dos esforços estadunidenses de mediação para alcançar a paz entre as partes envolvidas na Primeira Guerra Mundial contribuiu para a entrada dos EUA no conflito, diante das exigências alemãs consideradas exorbitantes para o fim da guerra.;CERTO
. O conhecimento do Telegrama Zimmermann contribuiu para a entrada dos Estados Unidos na Primeira Guerra Mundial, pois a Alemanha propunha uma aliança com o México para a retomada de territórios como Texas, Novo México e Arizona.;CERTO
. A Doutrina Monroe antevia o impedimento da invasão dos países americanos por potências europeias.;CERTO
. A Política do Big Stick tinha como característica evitar conflitos e, simultaneamente, demonstrar o poderio militar dos Estados Unidos.;CERTO
. A Diplomacia do Dólar carregava o pressuposto ideológico do Destino Manifesto dos Estados Unidos.;ERRADO
. A Diplomacia do Dólar promovia a atuação dos Estados Unidos no exterior por meio do incentivo ao investimento.;CERTO
. Em face do conflito envolvendo países do Oriente Médio, a Câmara dos Representantes dos Estados Unidos aprovou um pacote de ajuda econômico-militar de bilhões de dólares para Israel, proposto por membros do Partido Republicano.;CERTO
. Em países europeus membros da OTAN, como Alemanha, Reino Unido e Itália, situam-se grandes bases do Exército, da Marinha e da Força Aérea dos Estados Unidos.;CERTO
I. Na Europa e na Ásia-Pacífico, como reflexo da Guerra Fria, encontram-se as duas principais concentrações de forças dos Estados Unidos no exterior.;CERTO
II. Japão e Vietnã destacam-se como os principais aliados dos Estados Unidos na orla oriental asiática, onde estão localizadas grandes bases do Exército, da Marinha, da Força Aérea e dos fuzileiros navais norte-americanos.;ERRADO
V. A Guerra ao Terror, proposta no governo George W. Bush, traduziu-se, no Oriente Médio, no envolvimento dos Estados Unidos em dois grandes conflitos regionais: um no Iraque e outro na Síria.;ERRADO
. O Havaí, estado norte-americano de além-mar, e a ilha de Diego Garcia funcionam como importantes centros de operações dos Estados Unidos, respectivamente, nos oceanos Pacífico e Índico.;CERTO
. Com o objetivo de conter a expansão comercial da China a partir da Rota da Seda, a estratégia de Barack Obama priorizou a aliança atlântica em detrimento dos aliados da região da Ásia e do Pacífico.;ERRADO
. Com o objetivo de responder aos ataques de 11 de setembro, a estratégia de George W. Bush estabeleceu a Guerra ao Terror, fortalecendo a própria ordem jurídica internacional e seus organismos multilaterais.;ERRADO
. Com o objetivo de resgatar a liderança do sistema de governança global liberal, a estratégia de Barack Obama reeditou e fortaleceu a ALCA, o Mercado Transatlântico e a APEC.;ERRADO
. Com o objetivo de consolidar sua hegemonia mundial no pós-Guerra Fria, a estratégia de engajamento e expansão de Bill Clinton constituiu um arquétipo estratégico que promoveu a globalização econômica, a expansão democrática e o controle ocidental das cadeias globais.;CERTO
. Com o objetivo de consolidar a hegemonia americana no pós-Guerra Fria, a estratégia de Clinton fortaleceu ainda mais o projeto Guerra nas Estrelas (Strategic Defense Initiative), priorizando a dissuasão nuclear clássica em detrimento da segurança multidimensional.;ERRADO
;
. A Declaração do Iguaçu representou um fator de aproximação entre Brasil e Argentina nos anos 1980.;CERTO
. Os processos nacionais de redemocratização contribuíram para a aproximação entre Brasil e Argentina nos anos 1980.;CERTO
. O Tratado de Integração, Cooperação e Desenvolvimento representou um fator de aproximação entre Brasil e Argentina nos anos 1980.;CERTO
. O Pacto ABC representou um fator de aproximação entre Brasil e Argentina nos anos 1980.;ERRADO
. A reafirmação do reconhecimento brasileiro dos direitos argentinos sobre as Malvinas representou um fator de aproximação entre Brasil e Argentina nos anos 1980.;CERTO
. A aproximação com os Estados Unidos marcou a política externa argentina durante a presidência de Carlos Menem.;CERTO
. A retirada da Argentina do Movimento dos Países Não Alinhados marcou a política externa argentina durante a presidência de Carlos Menem.;CERTO
. A apresentação da proposta de criação, no âmbito da ONU, dos “capacetes brancos”, força destinada a atuar em casos de crise humanitária, marcou a política externa argentina durante a presidência de Carlos Menem.;CERTO
. A solução de importantes disputas territoriais com o Chile marcou a política externa argentina durante a presidência de Carlos Menem.;CERTO
. O lançamento do processo de integração bilateral com o Brasil, que posteriormente levaria à constituição do Mercosul, não marcou a política externa argentina durante a presidência de Carlos Menem.;ERRADO
. O abandono da paridade entre o peso argentino e o dólar foi uma decisão tomada entre o final de 2000 e o início de 2001 que melhorou as expectativas econômicas na Argentina.;ERRADO
. A negociação de um pacote de auxílio financeiro com o FMI foi uma decisão tomada entre o final de 2000 e o início de 2001 que melhorou as expectativas econômicas na Argentina.;CERTO
. A publicação do orçamento de 2001 foi uma decisão tomada entre o final de 2000 e o início de 2001 que melhorou as expectativas econômicas na Argentina.;CERTO
. O envio ao Congresso de um projeto de reforma da previdência foi uma decisão tomada entre o final de 2000 e o início de 2001 que melhorou as expectativas econômicas na Argentina.;CERTO
. O avanço na desregulamentação dos planos de saúde foi uma decisão tomada entre o final de 2000 e o início de 2001 que melhorou as expectativas econômicas na Argentina.;CERTO
. O justicialismo peronista e o trabalhismo getulista, apesar das similitudes e de terem coexistido no mesmo contexto histórico, não conseguiram se aproximar em termos de propostas de ação ou de atuação conjunta, provavelmente em razão do histórico contencioso entre Brasil e Argentina e das disputas pela hegemonia na região platina no século XIX.;ERRADO
. Os acordos de Uruguaiana foram negociados pelos presidentes Getúlio Vargas e Juan Domingo Perón.;ERRADO
. Os acordos de Uruguaiana foram negociados pelos presidentes Campos Sales e Julio Argentino Roca.;ERRADO
. Os acordos de Uruguaiana foram negociados pelos presidentes Jânio Quadros e Arturo Frondizi.;CERTO
. Os acordos de Uruguaiana foram negociados pelos presidentes José Sarney e Raúl Alfonsín.;ERRADO
. Os acordos de Uruguaiana foram negociados pelos presidentes Eurico Gaspar Dutra e Juan Domingo Perón.;ERRADO
. A aproximação entre a Argentina de Alfonsín e o Brasil de Sarney, em meados dos anos 1980, foi o passo inicial para a constituição do futuro Mercosul e ocorreu em um contexto de crise econômica nos dois países, recém-saídos de ditaduras militares.;CERTO
. Brasil e Argentina, governados respectivamente por José Sarney e Raúl Alfonsín, iniciaram um processo de aproximação cujo desdobramento foi a constituição do Mercosul, que incorporou Paraguai e Uruguai.;CERTO
. Na Argentina, sucessivos golpes militares interromperam a experiência reformista em curso desde o final dos anos 1950 e conseguiram minar, possivelmente em definitivo, a força política historicamente possuída pelo peronismo.;ERRADO
. O estreitamento das relações entre a Argentina de Alfonsín e o Brasil de Sarney, embora não tenha resultado em aproximação objetiva nem em acordos econômicos, teve o mérito de superar históricas rivalidades, apenas circunstancialmente atenuadas pelos regimes militares.;ERRADO
. Mesmo com o esgotamento do realismo periférico que orientou a política externa argentina durante o governo Menem, permaneceu inalterado o objetivo primordial de manter um relacionamento privilegiado com os Estados Unidos.;ERRADO
. No governo de Néstor Kirchner, a política externa argentina esteve subordinada à necessidade de restabelecer condições para a retomada do equilíbrio econômico, o que explica a prioridade conferida às relações com os países da OCDE e o alinhamento com as políticas preconizadas pelos organismos econômicos multilaterais.;ERRADO
. No plano regional, a consolidação do Mercosul constituiu prioridade para a Argentina, manifestada pelo decidido apoio argentino às iniciativas destinadas a solucionar os litígios mantidos com os demais membros do bloco.;CERTO
. Alinhados ideologicamente, Brasil e Argentina tratam de forma convergente de temas globais, como o enfrentamento do terrorismo internacional e a reforma do Conselho de Segurança da ONU.;ERRADO
. Na III Conferência de Chanceleres Americanos, realizada no Rio de Janeiro em 1942, Roosevelt aceitou com relativo conformismo o predomínio das posições de neutralidade dos países latino-americanos diante do conflito europeu.;ERRADO
. A transferência gradual do eixo de poder mundial da Europa para os EUA, bem como as oportunidades de investimento em projetos de industrialização e desenvolvimento, estimularam países como o Brasil a buscar barganhas e negociar brechas na ordem internacional durante a Segunda Guerra Mundial.;CERTO
. A Argentina, apesar da relevância econômica de suas exportações de couros, cereais e carnes para países beligerantes, estava inclinada a alinhar-se aos EUA e aos seus aliados na Conferência do Rio de Janeiro de 1942.;ERRADO
. A visão de harmonia pan-americana teve presença discreta nos debates da III Conferência de Chanceleres Americanos.;ERRADO
. A agenda da integração latino-americana criada no contexto da Conferência do Rio de Janeiro decorreu da percepção de que essa era a única saída política diante da hegemonia hemisférica norte-americana.;ERRADO
. O Caso do Canal de Beagle foi objeto de arbitragem pela Corte Internacional de Justiça e tornou-se referência sobre os limites do instituto arbitral diante de Estados refratários ao cumprimento de laudos arbitrais.;ERRADO
. O Caso do Canal de Beagle foi solucionado pela intervenção do Estado da Cidade do Vaticano, mediante arbitragem pontifícia conduzida pelo Papa Paulo VI.;ERRADO
. O Caso do Canal de Beagle foi levado à Corte Internacional de Justiça, que se absteve de julgá-lo diante da revelia das partes.;ERRADO
. O Caso do Canal de Beagle foi solucionado pelos bons ofícios do Papa Paulo VI, que atuou como amicus curiae junto ao Tribunal Canônico do Vaticano.;ERRADO
. Com o propósito de agilizar e desburocratizar o intercâmbio comercial no Mercosul, Brasil e Argentina conceberam e implantaram mecanismo de pagamento em moeda local, passível de ampliação para os demais países do bloco.;CERTO
. Tradicionalmente, os peronistas são favoráveis à integração da Argentina com o Brasil, tema que constitui uma das prioridades de Estado na Argentina, mantendo continuidade apesar das diferenças de ênfase e estilo dos governos Menem, Duhalde, Néstor Kirchner e Cristina Kirchner.;CERTO
. A aproximação Brasil-Argentina iniciada em 1985-1986 teve como motivação o interesse puramente econômico, sobretudo a liberalização comercial.;ERRADO
. A aproximação Brasil-Argentina iniciada em 1985-1986 teve como motivação o compromisso de criar o Mercosul, estabelecendo-se desde logo uma tarifa externa comum.;ERRADO
. A disposição para cooperar mutuamente na área de energia nuclear foi uma das motivações da aproximação Brasil-Argentina iniciada em 1985-1986.;CERTO
. A aproximação Brasil-Argentina iniciada em 1985-1986 baseou-se em acordo prévio para incorporar Uruguai e Paraguai ao processo e excluir o Chile.;ERRADO
. O Brasil é tradicionalmente favorável à reivindicação argentina de soberania sobre as Ilhas Malvinas no contencioso entre Argentina e Reino Unido.;CERTO
. A Argentina concentra suas exportações ao Brasil, seu principal parceiro comercial, em produtos básicos e suas importações em serviços e produtos químicos.;ERRADO
. Brasil e Argentina compartilham, na condução de suas políticas externas, princípios como a promoção da independência nacional e da integração regional latino-americana, o respeito aos direitos humanos e o fortalecimento do multilateralismo e do direito internacional.;CERTO
. Em sua busca por crescente autonomia, o Brasil privilegiou a articulação multilateral com países desenvolvidos e construiu relações bilaterais estratégicas, como a relação com a Argentina, país com o qual assinou o Tratado de Itaipu nos anos 1970.;ERRADO
. A construção gradual de uma parceria estratégica entre Brasil e Argentina transformou a percepção mútua de adversários em sócios na promoção de um espaço regional de paz e cooperação, incluindo a cooperação em setores-chave como o nuclear.;CERTO
. O realismo periférico postula uma política externa correspondente ao conceito de Estado comerciante de Richard Rosecrance, em contraposição à premissa realista clássica de que os Estados devem pautar sua política externa por considerações político-militares.;CERTO
. O realismo periférico pode ser classificado como uma teoria desconstrutivista, pois se insurge contra postulados considerados deletérios, contraproducentes ou ideológicos, como patriotismo, interesse nacional, segurança e sobrevivência nacional.;ERRADO
. A política externa argentina dos anos 1990, em consonância com os princípios do realismo periférico, adotou uma “agenda positiva”, expressa, por exemplo, na participação em missões de paz da ONU, no apoio aos EUA na Guerra do Golfo e na assinatura de acordos bilaterais de garantias de investimentos.;CERTO
. Após a invasão norte-americana do Panamá, em 1989, a Argentina foi o único país do continente americano a apoiar os EUA na sessão da OEA de 22 de dezembro de 1989, em consonância com os postulados do realismo periférico.;ERRADO
. A Argentina manteve-se neutra durante quase toda a Segunda Guerra Mundial e declarou guerra à Alemanha em 1945, em parte para reunir condições de participar da Conferência de São Francisco.;CERTO
. Os movimentos de guerrilha urbana mais atuantes contra a ditadura militar instalada na Argentina em 1966 eram o Exército Revolucionário do Povo, de ideologia trotskista, e os Montoneros, adeptos do peronismo.;ERRADO
. Em 1955, Juan Domingo Perón foi deposto por um golpe militar por ser acusado de simpatizante do comunismo, após legalizar o Partido Comunista e estabelecer relações diplomáticas com a União Soviética.;ERRADO
;
;
;
Durante o período de Carlos Menem na presidência argentina (1989-1999), sua política externa alinhou-se com as posições dos EUA no contexto internacional, enquanto surgiram críticas sobre uma “Brasil dependência” por parte da Argentina.;CERTO
Durante o primeiro período de Juan Domingo Perón (1946-1955), a diplomacia argentina resolveu o problema da demarcação dos limites nos Andes Patagônicos, aceitou a reivindicação uruguaia sobre o limite no estuário do Rio da Prata e propôs coordenação política entre Argentina, Brasil e Chile.;ERRADO
As relações entre Brasil e Argentina, entre 1955 e 1964, caracterizaram-se pela crescente cordialidade, como demonstram o apoio de Frondizi à Operação Pan-Americana e o acordo de cooperação militar entre Frondizi e Jânio Quadros em Uruguaiana.;ERRADO
Em 1990, os governos brasileiro e argentino criaram o Grupo Mercado Comum para elaborar medidas destinadas à criação do mercado comum Brasil-Argentina até 1994.;ERRADO
Na Conferência do Rio de Janeiro, em 1942, a proposta norte-americana de rompimento das relações dos países americanos com as potências do Eixo foi combatida por Argentina, Paraguai e Uruguai.;CERTO
Na presidência de Alfonsín, o Tratado de Integração, Cooperação e Desenvolvimento de 1988 estabeleceu a formação de um mercado comum em até dez anos. Posteriormente, a Ata de Buenos Aires, de 1990, estabeleceu uma área de livre comércio em quatro anos, dando origem ao MERCOSUL.;ERRADO
Sob Carlos Menem, a Argentina privilegiou as relações com os EUA, sem que isso impedisse o aprofundamento das relações com o Brasil.;CERTO
As relações Brasil-Argentina durante Néstor Kirchner foram marcadas pela convergência em torno do fortalecimento do MERCOSUL, pelo apoio argentino à Comunidade Sul-Americana de Nações e pela atuação conjunta com outros países emergentes.;CERTO
A aproximação com os países da Aliança do Pacífico, a ênfase no liberalismo comercial e o interesse em concluir as negociações MERCOSUL-UE foram temas marcantes da política externa argentina sob Mauricio Macri.;CERTO
Rio Branco retomou a política de contenção da Argentina do Império, buscando recuperar a hegemonia brasileira no Cone Sul e abandonando a “paciência estratégica” em relação ao vizinho.;ERRADO
A construção de gasoduto a partir de Vaca Muerta representa oportunidade para o Brasil, tanto pela exportação de insumos brasileiros quanto pelo fortalecimento da segurança energética nacional e regional.;CERTO
A Argentina possui importantes depósitos de hidrocarbonetos não convencionais em Neuquén, especialmente em Vaca Muerta, e a importação de gás argentino pode contribuir para enfrentar desafios energéticos brasileiros.;CERTO
Em 2023, a Argentina foi o terceiro principal destino das exportações brasileiras e, exceto em 2023, mais de 90% do valor exportado pelo Brasil para a Argentina nos dez anos anteriores foi composto por produtos da indústria de transformação.;ERRADO
A soja é o principal produto agrícola exportado pela Argentina e, entre 2022 e 2023, condições climáticas favoráveis fizeram a safra argentina mais que dobrar, aumentando em 32% as exportações agropecuárias para o Brasil.;ERRADO
A Argentina declinou do convite para se tornar membro efetivo do BRICS.;CERTO
Desde a aproximação Alfonsín-Sarney, a participação do MERCOSUL no total das exportações brasileiras é crescente, havendo convergência entre Brasil e Argentina quanto ao aprofundamento da integração sul-americana nos últimos dez anos.;ERRADO
A Declaração do Iguaçu, de 1985, deu forma jurídica à reaproximação Brasil-Argentina, conduzindo à criação do MERCOSUL.;ERRADO
Para o autor, os elementos explicativos da crise argentina não estão apenas na conjuntura atual, mas são históricos e não se restringem a aspectos econômicos.;CERTO
Segundo o autor, a sociedade argentina, politizada e culta, somente foi vencida por atos de força, como os golpes que levaram Perón e posteriormente os militares ao poder.;ERRADO
Embora reconheça fatores externos como componentes da crise, o autor também atribui à sociedade argentina parte da responsabilidade pela insolvência e pela conturbação social.;CERTO
Ao mencionar o apoio popular aos militares na guerra, o autor refere-se à decisão de Galtieri de declarar guerra à Inglaterra, invadindo o Canal de Beagle.;ERRADO
Ao criticar o populismo justicialista, o autor provavelmente se referia aos governos de Alfonsín e Fernando de la Rúa, ambos fiéis ao legado de Perón.;ERRADO
A crise argentina do início dos anos 2000 foi marcada por mudança do regime cambial, tendo o país abandonado um sistema de currency board baseado na paridade do peso com o dólar.;CERTO
Entre as características da política econômica liberalizante argentina dos anos 1990 não se encontrava o controle de capitais.;CERTO
O governo Carlos Menem teve como eixo a reforma do Estado, incluindo privatizações, reforma administrativa, transformação da seguridade social, desregulamentação, abertura externa e liberalização econômica.;CERTO
Em razão dos acordos do MERCOSUL, todas as mercadorias exportadas pela Argentina para o Brasil gozam de alíquota zero de imposto de importação.;ERRADO
As restrições às importações adotadas pela Argentina nos anos anteriores afetaram negativamente os superávits brasileiros, reduzindo as exportações brasileiras, especialmente as de bens de capital.;CERTO
;
;
Itaipu é um empreendimento binacional entre Brasil e Paraguai. Segundo o Tratado de Itaipu, 50% da energia produzida são de propriedade brasileira e 50%, paraguaia, e os dois países têm direito de compra sobre o excedente não utilizado pela outra parte.;CERTO
Em 1898, ao final da Guerra Hispano-Americana, a Espanha perdeu Cuba, Filipinas e Porto Rico.;CERTO
Entre os principais resultados da Guerra do Pacífico (1879-1883) esteve a mediterraneidade da Bolívia.;CERTO
O processo de paz entre Equador e Peru, concluído em Brasília em 1998, contou com Argentina, Brasil, Chile e Estados Unidos como países garantes do Protocolo do Rio de Janeiro de 1942.;CERTO
A análise de José Luís Fiori permite concluir que o modelo de inserção internacional adotado por vários países latino-americanos nas últimas décadas do século XX aumentou sua vulnerabilidade externa, em razão da desregulamentação econômica e da abertura das fronteiras sem mecanismos adequados de proteção.;CERTO
A globalização econômica contemporânea tende, em geral, a aumentar as exportações latino-americanas de produtos primários e de baixo conteúdo tecnológico.;CERTO
A economia latino-americana baseada na exportação de produtos primários protegeu a região das recessões mundiais e da volatilidade dos preços durante o século XX, pois esses produtos possuíam mercados assegurados.;ERRADO
O Brasil pode ser excluído do grupo de países considerados periferia global de recursos, pois sua pauta de exportações o caracteriza como país industrializado.;ERRADO
A modernização do setor primário brasileiro, realizada intensamente em todo o território, tem contribuído para reduzir as desigualdades geográficas e eliminar os enclaves regionais.;ERRADO
A exploração intensiva dos recursos naturais pode comprometer a sustentabilidade ecológica e econômica, tendo o desflorestamento no Brasil como um dos exemplos.;CERTO
O Grupo de Amigos para a Venezuela, criado no início dos anos 2000 por iniciativa brasileira, tinha como objetivo auxiliar o secretário-geral da OEA na mediação entre governo e oposição venezuelanos para buscar uma solução para a crise política.;CERTO
Entre as décadas de 1960 e 1980, o Uruguai permaneceu como exceção democrática no Cone Sul, mantendo sua condição de “Suíça da América Latina”.;ERRADO
Salvador Allende foi líder de um movimento armado semelhante ao dos guerrilheiros da Sierra Maestra e, posteriormente, tornou-se o primeiro presidente socialista da América do Sul.;ERRADO
Os sucessivos golpes militares na Argentina, a partir do final dos anos 1950, conseguiram minar definitivamente a força política historicamente exercida pelo peronismo no país.;ERRADO
O fim do ciclo autoritário na América Latina coincidiu com novo surto de prosperidade econômica e redução direta dos níveis de desigualdade social na região.;ERRADO
A onda de regimes nacionalistas e reformistas latino-americanos, iniciada com a Revolução Mexicana e retomada por Cárdenas, ressurgiu na década de 1950, especialmente na Guatemala e na Bolívia.;CERTO
A Revolução Cubana, vitoriosa em 1959 e comandada por Fidel Castro, assumiu caráter socialista de inspiração marxista em 1961 e aprofundou a coletivização das terras, a nacionalização de empresas e a concentração do poder político.;CERTO
O Chile protagonizou a experiência inédita na América Latina de adoção do socialismo pela via eleitoral, com a vitória de Salvador Allende; em 1973, um golpe de Estado pôs fim ao seu governo e instaurou a ditadura de Augusto Pinochet.";CERTO
Os sandinistas chegaram ao poder na Nicarágua por meio de eleições em 1979 e com apoio ostensivo de Washington, encerrando a ditadura de Somoza.;ERRADO
As perspectivas para o incremento das relações do Brasil com os países centro-americanos apoiam-se no aumento do comércio, nos investimentos brasileiros, na cooperação técnica, científica e educacional e na cooperação para a estruturação de mercados de biocombustíveis.;CERTO
A denominação Estado Plurinacional da Bolívia reconhece o pluralismo étnico do país e sua valorização por meio de políticas públicas, como educação e saúde, constituindo uma prioridade do governo de Evo Morales.;CERTO
O MERCOSUL é uma instância regional de escopo estratégico-militar, responsável por discutir questões como a instalação de bases norte-americanas na Colômbia.;ERRADO
A eleição de Sebastián Piñera, em 2010, provocou o rompimento das relações diplomáticas entre Chile e Venezuela.;ERRADO
Não houve consenso sul-americano quanto à adoção de uma norma comum para televisão digital: Argentina e Uruguai adotaram a norma europeia, enquanto Brasil e Paraguai adotaram o modelo nipo-brasileiro.;CERTO
Chile e Peru divergiram quanto à delimitação de seus limites marítimos no Pacífico, tendo o Peru reivindicado uma área oceânica que não era reconhecida pelo Chile.;CERTO
As negociações de acordos de livre-comércio com os EUA por Chile, Colômbia, Peru e Uruguai constituíram obstáculo à integração sul-americana, e as negociações uruguaias foram interrompidas após o Brasil se comprometer a ampliar programas no MERCOSUL em benefício dos sócios menores.;ERRADO
O Brasil é tradicionalmente favorável à reivindicação argentina de soberania sobre as Ilhas Malvinas no contencioso entre Argentina e Reino Unido.;CERTO
;
Nos últimos anos, a Colômbia passou a priorizar a América do Sul em sua política externa, aumentando a relevância das relações regionais por meio da adesão à UNASUL e de acordos de complementação econômica que, no caso do Brasil, praticamente zerariam as tarifas de importação de produtos brasileiros até 2018.;ERRADO
Durante a década de 1990, a Argentina reforçou sua relação preferencial com os EUA e aprofundou a integração econômica com o Brasil no MERCOSUL, conseguindo enfrentar as turbulências do final da década e iniciar o século XXI com estabilidade política interna e integração regional.;ERRADO
Durante o período Chávez, a política externa venezuelana sofreu mudanças profundas, destacando-se a afirmação da identidade sul-americana e a adoção de valores terceiro-mundistas.;CERTO
A percepção argentina do Brasil como rival foi gradualmente substituída pela ideia de país amigo, no qual as elites argentinas poderiam confiar em momentos críticos, como a Guerra das Malvinas e o processo de redemocratização, favorecendo a cooperação bilateral em segurança e defesa.;ERRADO
A Revolução Cubana, iniciada em 1956 sob a liderança de Fidel Castro, tinha caráter comunista desde o início e contou com o apoio logístico e político do Partido Socialista Popular para consolidar-se na Sierra Maestra.;ERRADO
Durante o governo Obama, os EUA se indispuseram com o secretário-geral da OEA porque ele se recusou a convocar sessão do Conselho Permanente para tratar da alteração da ordem constitucional na Venezuela e do referendo revogatório defendido pela oposição venezuelana.;CERTO
Em 1968, militares reformistas chegaram ao poder por golpes de Estado no Peru e no Panamá e, em 1969, o militarismo reformista também chegou ao poder na Bolívia.;CERTO
Salvador Allende chegou ao poder no Chile em 1970 por eleições democráticas, representando a Unidade Popular, coalizão que reunia socialistas, comunistas, social-democratas e dissidentes democrata-cristãos.;CERTO
A aproximação brasileira com os países da América Central teve como bases iniciais projetos de cooperação técnica, iniciativas de expansão comercial e promoção de investimentos.;CERTO
O esforço diplomático brasileiro iniciado em 2009 para impulsionar as relações com o Caribe não produziu resultados comerciais expressivos, tendo as exportações e importações brasileiras sofrido forte declínio nos cinco anos seguintes.;ERRADO
A atuação brasileira no sistema interamericano após a Guerra Fria foi heterogênea, incluindo apoio ao fortalecimento da democracia, reticência diante da agenda de segurança hemisférica e críticas ao Sistema Interamericano de Direitos Humanos.;CERTO
O Brasil desenvolve atividades regulares nos quatro pilares da OEA: democracia, direitos humanos, segurança e desenvolvimento integral.;CERTO
Após a Guerra Fria, a ONU promoveu conferências sobre temas globais como meio ambiente, gênero e direitos humanos, buscando contribuir para uma governança global baseada em instituições e normas capazes de reduzir conflitos.;CERTO
Cooperação triangular é uma modalidade de cooperação técnica entre países em desenvolvimento que necessariamente envolve um governo coordenador, uma organização internacional responsável pela assistência técnica e um agente privado ou do terceiro setor responsável pelo financiamento ou execução.;ERRADO
O Comitê Interamericano contra o Terrorismo integra a estrutura da OEA e atua, entre outras áreas, no fortalecimento da capacidade dos países para combater terrorismo, ameaças cibernéticas, ameaças marítimas e proliferação de armas de destruição em massa.;CERTO
Em 1991, os Estados-membros da OEA aprovaram unanimemente o Compromisso de Santiago com a Democracia e a Renovação do Sistema Interamericano, estabelecendo a cláusula democrática, posteriormente reforçada pela Carta Democrática Interamericana de 2001.;CERTO
O Brasil ratificou a Convenção Interamericana contra a Corrupção em 2002, e a convenção abrange atos de corrupção envolvendo direta ou indiretamente funcionários públicos ou pessoas que exerçam funções públicas.;CERTO
Após os atentados de 11 de setembro de 2001, o Brasil invocou o TIAR e propôs a resolução “Ameaça Terrorista nas Américas”, considerando os ataques aos EUA como um ataque contra os países americanos.;CERTO
Na III Conferência Ministerial Hemisférica de Luta contra o Terrorismo, realizada na Colômbia em 2020, os participantes afirmaram que o Hezbollah e suas organizações afiliadas constituíam ameaça à segurança coletiva nas Américas.;CERTO
A suspensão da Venezuela do MERCOSUL, em 2017, baseou-se no Protocolo de Ushuaia, que estabelece a plena vigência das instituições democráticas como condição essencial para o processo de integração.;CERTO
Desde 2018, o Conselho de Direitos Humanos da ONU discute a situação venezuelana, mas o Brasil não liderou negociações de resoluções sobre o tema porque defende, por princípio, que o órgão não trate de situações de direitos humanos em países específicos.;ERRADO
O Grupo de Lima, criado em 2017, constitui importante iniciativa regional de concertação diplomática sobre a Venezuela e apoia a restauração da democracia por meio de processo político pacífico e inclusivo.;CERTO
A tentativa de acionamento do TIAR para tratar da situação venezuelana foi infrutífera, pois a reunião do Órgão de Consulta realizada em Nova York em 2019 não conseguiu obter a maioria necessária para aprovar ações concretas.;ERRADO
A OEA constitui a espinha dorsal do Sistema Interamericano e atua em temas como direitos humanos, democracia, combate à corrupção e segurança, sendo um fórum relevante para o Brasil, inclusive por envolver temas que geram divergências com os EUA.;CERTO
As relações Brasil-México são historicamente condicionadas por diferentes prioridades de política externa e inserção internacional e regional, além de dificuldades de complementaridade econômica e comercial.;CERTO
As relações do Brasil com os países do istmo centro-americano foram historicamente pouco densas, e ganharam impulso recentemente com a criação da CELAC.;ERRADO
A diplomacia brasileira historicamente defende a ZOPACAS, criada em 1986, e a proclamação da América Latina e do Caribe como Zona de Paz, feita pela CELAC em 2014, com base em princípios como cooperação, solução pacífica de controvérsias e não intervenção.;CERTO
As ações militares executadas no território da Venezuela em janeiro de 2026 contrariam princípios do direito internacional, incluindo a proibição do uso e da ameaça do uso da força, o respeito à soberania e a integridade territorial dos Estados.;CERTO
O Brasil se opõe ao embargo contra Cuba, à aplicação extraterritorial de leis nacionais discriminatórias e a sanções coercitivas unilaterais, considerando injusta a manutenção do bloqueio contra o país.;CERTO
Diante dos acontecimentos recentes na Venezuela, o Brasil recordou a proclamação da América Latina e do Caribe como Zona de Paz, baseada na não intervenção e na solução pacífica de controvérsias, e apelou à unidade regional diante de ações que ameacem a estabilidade regional.;CERTO
O princípio da solução pacífica dos conflitos é compatível com a ratificação, pelo Brasil, do Tratado Americano de Soluções Pacíficas, pelo qual o país reconheceu a jurisdição compulsória da Corte Internacional de Justiça.;ERRADO
A industrialização de alguns países latino-americanos após a Segunda Guerra Mundial baseou-se predominantemente no modelo de substituição de importações.;CERTO
;
;
Entre as semelhanças entre os processos de desenvolvimento dos NICS asiáticos e latino-americanos está a industrialização voltada para a substituição de importações.;CERTO
O texto sobre Orlando Letelier e os opositores políticos assassinados na América do Sul faz referência à Operação Condor, que eliminou dezenas de opositores das ditaduras militares sul-americanas.;CERTO
O entorno sul-americano vem crescendo como área de prioridade da presença diplomática do Brasil.;CERTO
O adensamento das relações econômicas do Brasil com a América Latina também é fator de geração de fricções e diferenças pontuais em áreas como energia e tarifas de comércio.;CERTO
No sistema interamericano, o Brasil atuou, nas últimas décadas, quase sempre em favor da busca de certa capacidade decisória própria do Brasil e de seu entorno sul e latino-americano em relação aos desígnios de Washington.;CERTO
As relações do Brasil com seus vizinhos sul-americanos, mesmo difíceis e marcadas por fricções, constituem desafio importante diante das questões de segurança, estabilização regional e promoção comercial, embora não haja um foro único para a discussão de todas essas questões.;CERTO
A Bolívia, apesar de isolada no contexto sul-americano, vem buscando desenvolver um sistema de alianças extracontinentais seguras com parceiros internacionais confiáveis e apreciados por todas as lideranças políticas da UNASUL.;ERRADO
A ausência de uma saída para o mar, elites esgarçadas e uma economia em franca retração são fatores que justificam o conjunto de dificuldades enfrentadas pela Bolívia desde 2003.;CERTO
A doutrina da não intervenção, na crise boliviana, traduziu-se no alheamento dos Estados sul-americanos diante das proposições voltadas ao diálogo e ao esforço de estabilidade do país.;ERRADO
A dicotomia entre as elites economicamente poderosas do oriente boliviano e o governo central andino pauperizado não reflete plenamente a realidade boliviana, marcada por baixos níveis de cidadania, migrações internas, baixa escolaridade e elevada pobreza em diferentes regiões.;CERTO
A crescente importância do Brasil e da Venezuela no cenário sul-americano, inclusive na mediação de crises regionais, decorre da modernização econômica, da tranquilidade política e da projeção internacional de que gozam os dois países, em igual proporção e com igual legitimidade internacional.;ERRADO
As relações comerciais do Brasil com os países vizinhos desenvolvem-se preponderantemente com base em acordos preferenciais bilaterais celebrados no âmbito da ALADI, permitindo ao Brasil maior liberdade de ação do que teria em acordos regionais.;ERRADO
A ênfase dada pelo Brasil às relações com os países da América do Sul decorre do interesse norte-americano em promover a ALCA, possuindo, portanto, conotação defensiva e anti-hegemônica.;ERRADO
O delineamento de uma política brasileira para a América do Sul ocorreu apenas a partir de 2003, com o governo Lula, período em que foram criadas as primeiras instituições genuinamente sul-americanas de integração.;ERRADO
A aproximação entre Brasil e Argentina que resultou na criação do MERCOSUL somente foi possível após a restauração da democracia nos dois países, pois durante os regimes militares prevaleceram a rivalidade e a disputa hegemônica.;ERRADO
A América do Sul representa um espaço privilegiado de oportunidades para a internacionalização de empresas brasileiras, corroborando a prioridade atribuída à região pela política externa brasileira.;CERTO
O mercado sul-americano foi historicamente muito importante para o Brasil, razão pela qual o país sempre manteve preocupação em garantir condições de acesso preferencial aos mercados de seus vizinhos, como demonstrariam o Pacto ABC, o Pacto Amazônico e a UNASUL.;ERRADO
Apesar de ser eminentemente político, a OEA ofereceu o marco institucional para as negociações comerciais destinadas à criação da ALCA.;ERRADO
O sistema interamericano modificou as restrições a Cuba na OEA, contando com forte apoio brasileiro.;CERTO
Criada em 1948, a OEA é o organismo político multilateral mais antigo em atividade no continente americano.;CERTO
As relações do Brasil com seus vizinhos são pautadas, desde os tempos do Visconde do Rio Branco, pela percepção da cordialidade oficial e pela busca da cooperação para projetos de desenvolvimento.;ERRADO
Uma das inserções multilaterais do Brasil é sua participação no Sistema Econômico Latino-Americano.;CERTO
O governo paraguaio deseja comprar cada vez mais energia de Itaipu, mas o Brasil tem recusado essa demanda por considerar que ela aumentaria os custos da indústria paulista.;ERRADO
Hugo Chávez foi eleito em 1998 em um contexto de desmoralização dos partidos políticos tradicionais e foi beneficiado pela elevação dos preços internacionais do petróleo, principal produto de exportação venezuelano. Seu governo implementou reformas econômicas, políticas e sociais contestadas por setores empresariais e políticos.;CERTO
Pela primeira vez na história da Bolívia, um indivíduo de origem indígena tornou-se presidente da República em 2006: Evo Morales, líder dos plantadores de coca, oriundo de uma das áreas mais pobres do país, que adotou política nacionalista e ampliou o controle estatal sobre as principais fontes de riqueza.;CERTO
No Chile, o processo de redemocratização levou, em 1989, à eleição de Patricio Aylwin, que assumiu o poder no lugar de Augusto Pinochet e propôs reformas democratizantes e o restabelecimento das liberdades civis.;CERTO
;
;
De acordo com o tratado de Itaipu, Brasil e Paraguai seriam sócios igualitários e contribuiriam igualmente para a construção da usina. Como o Paraguai não possuía recursos financeiros suficientes, o Brasil assumiu os custos da construção, mediante compromisso de amortização da dívida paraguaia em parcelas anuais até 2013.;ERRADO
O governo brasileiro mantém posição de neutralidade na disputa sobre os limites marítimos entre Peru e Chile, fundamentado nos princípios da não intervenção e da solução de litígios conforme o direito internacional.;CERTO
Na crise política peruana de 2000, decorrente da terceira reeleição de Alberto Fujimori, o Brasil decidiu não reconhecer o resultado eleitoral e defendeu, na OEA, a destituição do presidente peruano.;ERRADO
Na América Latina, grupos guerrilheiros e paramilitares representam desafios à soberania estatal, ao Estado de direito e ao controle territorial.;CERTO
O tráfico de drogas é uma ameaça praticamente a todos os países latino-americanos, e a América do Sul consome a maior parte da cocaína produzida mundialmente e produz a maior parte da maconha e do ópio destinados aos EUA.;ERRADO
O terrorismo é a principal preocupação dos países latino-americanos desde os anos 2000, e a Convenção Interamericana contra o Terrorismo definiu claramente o conceito de terrorismo.;ERRADO
No reinício das hostilidades entre Equador e Peru pela disputa do vale do Cenepa, o Brasil coordenou intervenção conjunta com Argentina, Chile e EUA, países garantes do Protocolo de 1942, contribuindo para a solução definitiva do conflito nos Acordos de Paz de Brasília.;CERTO
Durante sua visita à Bolívia, o Papa Francisco defendeu o papel desempenhado pela Igreja Católica em relação aos indígenas durante a Conquista da América.;ERRADO
Durante a visita de Dilma Rousseff a Washington, Barack Obama declarou que, para seu governo, o Brasil era uma potência global, e não apenas regional.;CERTO
O país que participou da Cúpula das Américas de 2015, após décadas afastado do sistema interamericano desde 1962, foi Cuba.;CERTO
As FARC foram originalmente um exército revolucionário comprometido com a implantação do socialismo na Colômbia e, posteriormente, envolveram-se crescentemente com o narcotráfico.;CERTO
Por maioria absoluta de votos, a população colombiana aprovou o acordo de paz entre o governo e as FARC no referendo de 2016.;ERRADO
O conflito armado entre as FARC e o governo colombiano prolongou-se por cerca de cinco décadas.;CERTO
A derrota do acordo de paz no referendo de 2016 indicava uma dificuldade intransponível para a celebração de um novo acordo entre o governo colombiano e as FARC.;ERRADO
O governo colombiano e as lideranças das FARC iniciaram negociações para um acordo de paz destinado a pôr fim ao conflito armado que durava décadas e havia produzido centenas de milhares de vítimas, milhões de deslocados internos e milhares de desaparecidos.;CERTO
A intensificação das migrações da Venezuela para o Brasil possui estreita relação com a crise econômica venezuelana, em um país que detém uma das maiores reservas de petróleo do mundo.;CERTO
A primeira medida de implementação do novo acordo de paz entre o governo colombiano e as FARC foi a transformação imediata das FARC em um partido político sustentado pelo governo e apto a disputar a eleição presidencial seguinte.;ERRADO
A perda da maioria no Legislativo pelas forças chavistas nas eleições de dezembro de 2015 aprofundou o impasse entre a oposição e o governo de Nicolás Maduro.;CERTO
Em resposta à Revolução Cubana e à Crise dos Mísseis, os EUA adotaram uma política de combate ao comunismo, apoiando grupos latino-americanos interessados em conter o avanço do socialismo na América.;CERTO
Os principais pilares de atuação da OEA são democracia, direitos humanos, segurança e desenvolvimento.;CERTO
A Convenção de Genebra de 1951 assegura proteção a pessoas perseguidas ou sob risco de perseguição por motivos de raça, religião, nacionalidade, pertencimento a determinado grupo social ou opinião política.;CERTO
;
;
De acordo com o tratado pertinente, a usina hidrelétrica de Itaipu seria compartilhada entre Brasil e Paraguai como sócios igualitários, e o Brasil assumiu todos os custos da construção, comprometendo-se o Paraguai a amortizar a dívida em parcelas anuais até 2013.;ERRADO
O governo brasileiro mantém posição de neutralidade na disputa sobre os limites marítimos entre Peru e Chile, fundamentado nos princípios da não intervenção e da solução de litígios conforme o direito internacional.;CERTO
Na crise política peruana de 2000, decorrente da terceira reeleição de Alberto Fujimori, o governo brasileiro decidiu não reconhecer o resultado do pleito e sustentou, na OEA, a destituição do presidente peruano.;ERRADO
Na América Latina, grupos guerrilheiros e paramilitares representam desafios à soberania estatal, enquanto o terrorismo constituiu a principal preocupação regional após o 11 de Setembro, tendo a CICTE definido claramente o conceito de terrorismo.;ERRADO
No reinício das hostilidades entre Equador e Peru pela disputa do vale do Cenepa, o Brasil coordenou intervenção conjunta com Argentina, Chile e EUA, países garantes do Protocolo de 1942, contribuindo para os Acordos de Paz de Brasília.;CERTO
Em visita à Bolívia, o Papa Francisco defendeu o papel desempenhado pela Igreja Católica em relação aos indígenas durante a chamada Conquista da América.;ERRADO
Na visita de Dilma Rousseff a Washington, Barack Obama declarou que, para seu governo, o Brasil era uma potência global, e não apenas regional.;CERTO
Em 2015, Cuba participou da VII Cúpula das Américas, realizada no Panamá, marcando sua presença após décadas afastada do sistema interamericano.;CERTO
Originalmente, as FARC eram um exército revolucionário comprometido com a implantação do socialismo na Colômbia e, posteriormente, envolveram-se crescentemente com o narcotráfico.;CERTO
Por maioria absoluta de votos, a população colombiana rejeitou o acordo de paz entre o governo e as FARC no referendo de 2016.;ERRADO
O conflito armado entre as FARC e o governo colombiano, em país que possui fronteira com o Brasil, prolongou-se por cerca de cinco décadas.;CERTO
A derrota do acordo de paz no referendo colombiano de 2016 indicava uma dificuldade intransponível para a celebração de novo acordo entre o governo e as FARC.;ERRADO
Em 2016, o governo colombiano e as FARC negociavam um acordo de paz para pôr fim a um conflito armado que já durava décadas.;CERTO
A intensificação das migrações da Venezuela para o território brasileiro tem estreita relação com a crise econômica daquele país, que possui uma das maiores reservas de petróleo do mundo.;CERTO
A primeira medida de implementação do novo acordo de paz colombiano de 2016 foi a concessão de anistia a guerrilheiros e militares que não haviam cometido crimes hediondos ou contra a humanidade.;CERTO
A perda da maioria chavista no Legislativo venezuelano nas eleições de dezembro de 2015 aprofundou o impasse entre a oposição e o governo de Nicolás Maduro.;CERTO
Em resposta à Revolução Cubana e à Guerra Fria, os Estados Unidos adotaram uma política de combate ao comunismo e apoiaram grupos latino-americanos interessados em conter o avanço do socialismo.;CERTO
A Organização dos Estados Americanos tem como principais pilares a democracia, os direitos humanos, a segurança e o desenvolvimento integral.;CERTO
A Convenção de Genebra de 1951 assegura proteção a pessoas perseguidas ou sob risco de perseguição por motivos de raça/etnia, religião, nacionalidade, pertencimento a grupo social ou opinião política.;CERTO
As Zonas de Paz na América do Sul demonstram a relevância das instituições, das normas e da interdependência na definição do quadro regional de segurança; instabilidade política, tráfico e contrabando desafiam essa zona; sua compreensão exige instrumentos adaptados às características próprias da região.";CERTO
A baixa aderência dos sistemas políticos latino-americanos aos objetivos de grupos minoritários fez com que não fossem observados avanços importantes na articulação de movimentos indigenistas, especialmente nos países andinos.;ERRADO
Nas duas últimas décadas, a América Latina viveu processo de afirmação de identidades culturais, mobilizando forças políticas e organizações da sociedade civil em favor de maior influência da cultura nas agendas políticas e na integração regional.;CERTO
No MERCOSUL, na CAN e na UNASUL, a integração cultural responde prioritariamente ao objetivo de criar condições favoráveis ao aumento dos fluxos de comércio e investimentos.;ERRADO
Na América Latina e no Caribe, emprego formal e renda sofreram forte contração em 2020; vacinação, retomada dos investimentos e preços de commodities poderiam favorecer a recuperação; Brasil e Argentina enfrentavam dificuldades domésticas, enquanto a recuperação mexicana dependia fortemente dos EUA.";CERTO
Os desafios de segurança na Amazônia estão associados às atividades ilícitas nas fronteiras Peru-Brasil e Colômbia-Brasil, e o fortalecimento dos crimes transnacionais e da mobilidade humana transfronteiriça contribui para problemas de soberania na região.;CERTO
Durante o século XIX, houve nos EUA movimentos favoráveis à anexação de Cuba, enquanto interesses norte-americanos na Nicarágua também estiveram relacionados à possibilidade de construção de um canal interoceânico.;CERTO
O governo brasileiro de Emílio Médici, orientado por uma ideologia anticomunista, apoiou com equipamentos bélicos o golpe de Estado na Bolívia que derrubou Juan José Torres González.;CERTO
A OEA foi criada depois da ONU como uma reação americana destinada a garantir a paz e a segurança no continente, promover a democracia representativa, solucionar problemas políticos e estimular o desenvolvimento econômico e regional.;CERTO
;
A Conferência de Berlim (1884-1885) levou ao controle, por parte dos Estados europeus, do maior número possível de territórios no continente africano.;CERTO
A criação da CPLP ocorreu em contexto histórico amplamente favorável, pois foi na década de 1990 que a política brasileira para a África mais se fortaleceu, com sensível incremento das relações comerciais, diplomáticas e estratégicas.;ERRADO
Após nove anos de guerra, a Argélia conquistou a independência da França em 1962, em meio ao processo de descolonização africana.;CERTO
O império colonial português na África foi um dos primeiros a se desintegrar, por ter sido historicamente pouco integrado às condições do capitalismo moderno e globalizado.;ERRADO
A independência das colônias portuguesas na África, ocorrida no contexto da Revolução dos Cravos, coincidiu no Brasil com uma política externa mais aberta, que ampliou as relações políticas e econômicas com a África.;CERTO
Durante a década de 1970, o Brasil formulou uma política externa direcionada para a África e, depois da URSS, foi o primeiro país a reconhecer a independência de Angola.;CERTO
Ao oferecer cooperação aos países em desenvolvimento, o Brasil objetiva conquistar assento permanente no Conselho de Segurança da ONU e expandir sua presença comercial na América Latina e na África.;CERTO
A partir de 2003, houve incremento da cooperação internacional prestada pelo Brasil e maior alinhamento dessa cooperação aos objetivos da política externa, destacando-se a promoção da multipolaridade e o adensamento das relações com a América do Sul e a África.;CERTO
As independências de Angola, Moçambique, Cabo Verde, Guiné-Bissau e São Tomé e Príncipe decorreram de lutas nacionalistas, da degradação da administração portuguesa na África e da crise do regime político português.;CERTO
Um dos primeiros passos para a formação da CPLP foi a criação do Instituto Internacional da Língua Portuguesa.;CERTO
É permitido a país cujo idioma oficial não seja o português participar da CPLP na condição de observador associado.;CERTO
Nas reuniões que antecederam a formação da CPLP, diferentes governos brasileiros marcaram posição contrária à criação da comunidade.;ERRADO
A cooperação entre os Estados-membros da CPLP não se restringe à política, abrangendo áreas como saúde, ciência e tecnologia, cultura e desporto.;CERTO
Durante o governo Lula, embora o comércio Brasil-África tenha aumentado exponencialmente, o Brasil registrou déficit comercial devido à política de substituição competitiva de importações.;ERRADO
Durante o governo Lula, o Brasil investiu recursos da Agência Brasileira de Cooperação na África e perdoou dívidas de diversos países africanos.;CERTO
Na Segunda Cúpula América do Sul-África, realizada em 2009 na Venezuela, os líderes apoiaram a reforma e ampliação do Conselho de Segurança da ONU e as candidaturas do Brasil e da Nigéria.;CERTO
A política de distribuição de imagens do Satélite Sino-Brasileiro de Recursos Terrestres foi ampliada nos países africanos, onde também foram construídas estações receptoras.;CERTO
O Ato de Criação da CPLP, de 1996, estabeleceu como órgãos originários, entre outros, a Conferência de Chefes de Estado e de Governo, o Conselho de Ministros e o Secretariado Executivo.;CERTO
A Cúpula América do Sul-África foi criada em 1990 por iniciativa dos países do MERCOSUL, da Comunidade de Desenvolvimento do Sul da África e da ALADI, e seus projetos não tratam de segurança, administração pública e economia.;ERRADO
Nos últimos anos, o comércio Brasil-África cresceu exponencialmente, tornando a África um dos principais parceiros comerciais brasileiros e gerando superávit para o Brasil, que exporta sobretudo produtos de alto valor agregado.;ERRADO
Brasil e África do Sul sugeriram, em 2003, a criação da Cúpula América do Sul-África, cujos chefes de Estado se reúnem anualmente para tratar, entre outros temas, de migração, pirataria e governança internacional.;ERRADO
Entre as iniciativas que ampliaram a importância da África para o Brasil está a criação da CPLP, durante o governo Fernando Henrique Cardoso.;CERTO
Desde 2005, Brasil e União Africana mantêm diálogo institucional, privilegiando política social, cooperação Sul-Sul, desenvolvimento agrícola e segurança alimentar.;CERTO
A EMBRAPA tem sido tradicionalmente o principal agente brasileiro de cooperação em segurança alimentar e nutricional no âmbito da CPLP.;CERTO
A criação do Instituto Internacional de Língua Portuguesa, em 1989, precedeu a constituição da CPLP.;CERTO
Os Estados-membros da CPLP são Angola, Brasil, Cabo Verde, Guiné-Bissau, Moçambique, Portugal, São Tomé e Príncipe e Timor-Leste.;CERTO
A CPLP tem apoiado o processo de reconciliação nacional na Guiné-Bissau em coordenação com o secretário-geral da ONU, que possui representante especial para o país.;CERTO
A Conferência de Bandung reuniu países da Ásia e da África e pronunciou-se a favor de um capitalismo de “face humana”, condenando o Ocidente e defendendo aproximação política com a URSS.;ERRADO
O processo de independência das colônias africanas e asiáticas resultou de múltiplos fatores, incluindo a ação das metrópoles, as condições internas das colônias e uma conjuntura internacional favorável à descolonização após a Segunda Guerra Mundial.;CERTO
EUA e URSS optaram por permanecer à margem do processo de descolonização, salvo poucas situações, para não prejudicar seus projetos de hegemonia mundial.;ERRADO
Na Conferência de Berlim (1884-1885), Portugal foi obrigado a abrir mão de suas principais possessões africanas, correspondentes aproximadamente a Angola e Moçambique.;ERRADO
Ao final do século XIX, quase todo o território africano estava sob controle de potências europeias como Grã-Bretanha, França, Alemanha e Portugal.;CERTO
Uma especificidade da colonização do Congo pela Bélgica foi o fato de o território ter sido considerado propriedade pessoal do rei Leopoldo II, e não inicialmente do Estado belga.;CERTO
O imperialismo estabeleceu novo paradigma de exploração colonial na África, baseado na noção de ocupação efetiva e formalizado pela Conferência de Berlim.;CERTO
Bandung e Belgrado foram marcos do movimento dos não alinhados e da formulação do conceito de Terceiro Mundo; posteriormente, a participação de Cuba levou o movimento a aproximar-se do campo socialista já na Conferência de Belgrado.";ERRADO
;
;
O longo processo de descolonização da África e da Ásia foi fortemente influenciado pelo princípio de autodeterminação dos povos, contido na Carta da ONU. Em observância à determinação da ONU, seus países-membros efetivaram planos de desenvolvimento de autonomia de suas colônias, fazendo da guerra uma exceção na conquista da independência pelos povos colonizados.;ERRADO
Entre os países da África, a República Democrática do Congo foi o país que gerou o maior fluxo de refugiados para o Brasil na década de 2010.;ERRADO
O Brasil detém representação diplomática em quase todos os países africanos da CPLP, com exceção de São Tomé e Príncipe.;ERRADO
Após o encerramento da MINUSTAH, o maior contingente de tropas brasileiras empregado em missões de paz está na África, particularmente na República Centro-Africana, República Democrática do Congo e Sudão.;ERRADO
Entre 2009 e 2018, a balança comercial do Brasil com a África foi deficitária em seis anos e superavitária em quatro anos; as exportações brasileiras foram majoritariamente de semimanufaturados e manufaturados, enquanto as importações foram majoritariamente de produtos básicos, sobretudo petróleo bruto.";CERTO
Antes da independência da maioria dos países africanos, Kwame Nkrumah já defendia a busca de soluções africanas para o continente, sustentando que esse objetivo somente seria alcançado por meio da união dos países africanos.;CERTO
Apesar da importante produção intelectual que antecedeu os movimentos de independência africana, os principais pensadores políticos do continente foram alijados dos movimentos anticoloniais e não puderam participar dos primeiros governos constituídos nos próprios países.;ERRADO
Para Agostinho Neto, Portugal era apenas o elo mais fraco de uma cadeia mais ampla de dominação dos povos, fundamentada nas estruturas de poder dos principais centros capitalistas europeus.;CERTO
Apesar de não ser africano, Frantz Fanon exerceu grande influência sobre os pensadores do continente, sobretudo na análise das consequências psicológicas da colonização.;CERTO
Em 2019, o principal destino das exportações brasileiras na África foi o Egito, enquanto a Argélia foi o principal país de origem das importações brasileiras do continente.;CERTO
Nos anos 1970, Guiné-Bissau foi a primeira ex-colônia lusitana cuja independência foi reconhecida pelo Brasil, inclusive antes de Portugal.;ERRADO
O Brasil propôs a criação da ZOPACAS em contraposição à proposta da OTAS, com o propósito de promover cooperação, paz e segurança entre países sul-americanos e africanos do Atlântico Sul. A proposta da OTAS contou com o apoio de países que posteriormente integraram a ZOPACAS.;CERTO
Em 2013, Brasil e Nigéria estabeleceram o Mecanismo de Diálogo Estratégico, tornando a Nigéria o único país da África Ocidental a possuir mecanismo dessa natureza com o Brasil.;ERRADO
O pan-africanismo originou-se em ambiente anglófono, tendo entre seus líderes W. E. B. Du Bois e Marcus Garvey. A Negritude, de ambiente francófono, teve entre seus expoentes Aimé Césaire e Léopold Sédar Senghor. Ambos influenciaram a descolonização africana.;CERTO
A Conferência de Bandung, de 1955, fundou oficialmente o Movimento dos Países Não Alinhados e teve pouca importância para a luta anticolonial africana, pois seu objetivo era essencialmente a descolonização asiática.;ERRADO
A CPLP, criada em 1996, é integrada por nove Estados-membros: Brasil, Angola, Cabo Verde, Guiné-Bissau, Guiné Equatorial, Moçambique, Portugal, São Tomé e Príncipe e Timor-Leste. Sua estrutura inclui Presidência pro tempore, Secretariado Executivo, Conferência de Chefes de Estado e de Governo, Conselho de Ministros e Comitê de Concertação Permanente.;CERTO
A fundação da CPLP materializou um antigo projeto de constituição de uma entidade supranacional luso-brasileira, cabendo a Brasília e Lisboa, por delegação dos demais membros, conduzir o processo decisório da organização.;ERRADO
A CPLP é uma organização de segurança coletiva e seu Conselho de Ministros pode autorizar intervenção militar e operações de manutenção da paz em nome da organização.;ERRADO
O português não é idioma oficial da ONU e, por isso, os representantes dos países da CPLP não utilizam a língua portuguesa em pronunciamentos oficiais da ONU, exceto no Debate-Geral da Assembleia-Geral.;ERRADO
O comércio entre Brasil e África cresceu mais de quatro vezes entre 2000 e 2013. Entre os principais produtos brasileiros exportados estão açúcar, melaço, soja, milho, carne de aves e máquinas agrícolas; no fluxo inverso, destacam-se fertilizantes e petróleo.";CERTO
As relações diplomáticas do Brasil com Angola e Moçambique sofreram ressentimentos devido ao reconhecimento tardio das independências, explicado por pressões norte-americanas durante a Guerra Fria, pois os processos foram liderados por governos socialistas.;ERRADO
O corredor logístico de Nacala, em Moçambique, contou com participação majoritária de empresas públicas brasileiras e constitui exemplo de cooperação triangular entre Brasil, Moçambique e União Africana.;ERRADO
A cooperação Brasil-África ultrapassa o comércio e inclui acordos de cooperação educacional, científica, tecnológica, universitária e de capacitação profissional, especialmente com países lusófonos e no âmbito da CPLP.;CERTO
A República Árabe Saaraui Democrática (RASD), que disputa com Marrocos a soberania sobre o Saara Ocidental, não é reconhecida pela ONU nem por qualquer outra organização internacional.;ERRADO
Em 1975, um plebiscito concluiu que a maioria da população saaraui apoiava a incorporação do território ao Marrocos, após o qual centenas de milhares de marroquinos realizaram espontaneamente a Marcha Verde.;ERRADO
Em opinião consultiva de 1975, a Corte Internacional de Justiça concluiu que existiam laços jurídicos, mas não relações de soberania, entre a população saaraui e Marrocos e a entidade mauritana.;CERTO
Logo após tornar-se membro da ONU, a Espanha transformou todas as suas colônias, incluindo o Saara Ocidental e Ifni, em províncias, buscando conter as pressões anticoloniais.;CERTO
O colonialismo, sendo secundário em relação ao liberalismo, não teve impacto imediato na política e na economia do século XIX.;ERRADO
A forma como o Saara Ocidental foi deixado pelo governo espanhol estava de acordo com a Carta da ONU, pois os povos daquele território tinham plena capacidade de se governarem.;ERRADO
Assim como a Holanda após a independência da Indonésia, as demais potências coloniais da Europa Ocidental abandonaram, após a Segunda Guerra Mundial, suas prioridades de manutenção do domínio e controle de suas colônias, dedicando-se exclusivamente às questões europeias.;ERRADO
Na Conferência de Berlim (1884-1885), as potências europeias buscaram criar instrumento legal que garantisse a exploração europeia da África e respeitasse a diversidade cultural, linguística, religiosa, étnica e política dos povos africanos.;ERRADO
Devido à atuação de Bismarck, o Império Alemão manteve-se afastado de todas as disputas imperialistas até o início das Guerras Balcânicas, em 1912.;ERRADO
O imperialismo europeu ocorreu em meio à Segunda Revolução Industrial, à formação de novos Estados nacionais e à consolidação do capitalismo industrial e financeiro.;CERTO
A corrida por colônias na África e na Ásia provocou conflitos e tensões diplomáticas entre as potências europeias.;CERTO
A guerra civil em curso no Sudão é responsável por uma das maiores crises de deslocamentos populacionais do mundo.;CERTO
O continente africano concentra a maior quantidade de pessoas empregadas em sistemas agroalimentares no mundo.;CERTO
;
;
. A descolonização da África e da Ásia ocorreu em razão da debilidade dos nacionalismos afro-asiáticos, combinada com o afastamento dos Estados Unidos e da União Soviética dessas regiões, pois ambas as potências estavam concentradas no incremento da Guerra Fria.;ERRADO
. A Conferência de Bandung reafirmou a existência de dois grupos de Estados nas relações internacionais, classificando os países africanos e asiáticos conforme sua inserção no liberalismo capitalista ocidental ou na economia socialista planificada.;ERRADO
. A maioria dos países africanos e asiáticos alcançou a independência política por meio da luta armada.;ERRADO
. A crise de Suez forçou a permanência da Grã-Bretanha no Canal, fortalecendo a política colonial britânica e provocando diversos confrontos armados em diferentes partes da África.;ERRADO
. Após as independências, a inserção internacional dos países afro-asiáticos tornou-se complexa, em parte porque os processos de transição da situação colonial para a independência foram diversos e vários países passaram a perseguir objetivos externos próprios, muitas vezes conflitantes com os de seus vizinhos.;CERTO
. A independência da Libéria em relação aos Estados Unidos foi um processo de descolonização africana ocorrido de forma pacífica no pós-guerra.;ERRADO
. A independência da Zâmbia foi decretada unilateralmente por sua minoria branca na década de 1960.;ERRADO
. O colapso do império colonial português ocorreu na década de 1970 e coincidiu com a Revolução dos Cravos em Portugal.;CERTO
. A independência de Gana foi resultado da Revolta dos Mau-Mau.;ERRADO
. Tanganica e Zanzibar eram colônias alemãs que se tornaram independentes após a derrota nazista e posteriormente se unificaram sob o nome de Tanzânia.;ERRADO
. A prioridade conferida à CPLP constitui uma diretriz da política brasileira, envolvendo dimensões culturais, econômicas e políticas marcadas por afinidades significativas.;CERTO
. A cooperação com a CPLP pode consolidar e reforçar os laços entre o Brasil e os países com os quais possui história e tradição comuns.;CERTO
. A aproximação com a CPLP é apresentada como parte de um processo de redescoberta da África e de reencontro do Brasil com suas raízes.;CERTO
. A cooperação com a CPLP é oficialmente concebida como estratégia de fortalecimento de relações diplomáticas cujo objetivo principal é a celebração de acordos de livre comércio com países lusófonos.;ERRADO
. Portugal foi o primeiro país europeu a conceder independência às suas ex-colônias africanas ainda na década de 1950.;ERRADO
. A independência da Rodésia, declarada unilateralmente pela minoria branca na década de 1960, não foi reconhecida pela comunidade internacional até que o país abandonasse o regime de segregação racial.;ERRADO
. A independência da Etiópia foi seguida por uma guerra civil entre cristãos coptas e muçulmanos.;ERRADO
. A independência do Senegal foi resultado da Revolta dos Mau-Mau.;ERRADO
. Serra Leoa, ao se tornar independente, sofreu uma guerra civil que resultou no surgimento dos Estados de Biafra e Libéria.;ERRADO
. A África sempre teve, mesmo antes do governo Lula, elevada presença na política exterior brasileira e participação percentual elevada nas trocas comerciais do Brasil.;ERRADO
. As dimensões políticas, estratégicas e econômicas dos países africanos vêm sendo exploradas pelo Brasil, atualmente, com o mesmo vigor dos avanços chineses no continente.;ERRADO
. África e América do Sul constituem entornos estratégicos do Brasil e são objetos de preocupação também no âmbito da política de defesa nacional.;CERTO
. A retomada da dimensão sul-atlântica da política exterior brasileira levou o Brasil a substituir o papel das antigas metrópoles europeias e da China no continente africano.;ERRADO
. A criação da ZOPACAS, em 1986, aproximou o Brasil do regime de apartheid da África do Sul.;ERRADO
. A criação da ZOPACAS constituiu um obstáculo ao pleito argentino de exercer soberania sobre as Ilhas Malvinas.;ERRADO
. A criação da ZOPACAS impediu a nuclearização do Atlântico Sul por potências extrarregionais.;CERTO
. A criação da ZOPACAS possibilitou o controle definitivo do Brasil sobre as 200 milhas marítimas.;ERRADO
. A criação da ZOPACAS protegeu os interesses dos Estados Unidos na região.;ERRADO
. A Somália, considerada um Estado falido desde os anos 1980, tornou-se posteriormente um modelo de crescimento econômico com distribuição de renda, após a ONU estabelecer a paz no país.;ERRADO
. O genocídio de Ruanda, em 1994, foi promovido por extremistas hutus contra a população tutsi; o colonialismo europeu contribuiu historicamente para a cristalização das divisões entre esses grupos.";CERTO
. A Nigéria é um exemplo de democracia consolidada na África, com os melhores indicadores sociais do continente e Lagos como referência mundial em infraestrutura urbana.;ERRADO
. O Sudão foi palco de uma prolongada guerra civil entre o governo central e o movimento rebelde do sul, em um contexto marcado também por diferenças religiosas, étnicas e regionais; a região de Darfur passou por grave conflito a partir de 2003.";CERTO
. A África do Sul foi marcada, ao longo do século XX, por uma guerra civil entre hutus e tutsis e, apesar disso, tornou-se o país mais industrializado do continente.;ERRADO
. A CPLP foi estabelecida em julho de 1996, em Lisboa, inicialmente com sete Estados-membros; Timor-Leste tornou-se o oitavo membro após sua independência, em 2002.";CERTO
. A proposta de criação da CPLP remonta ao primeiro encontro entre monarcas de língua portuguesa durante o Império brasileiro, realizado em Paris entre Pedro II e Luís I.;ERRADO
. O Instituto Internacional da Língua Portuguesa substituiria a CPLP a partir de 2012.;ERRADO
. A CPLP criou uma área de livre comércio envolvendo seus Estados-membros, com entrada em vigor prevista para 2012.;ERRADO
. A CPLP congrega uma assembleia parlamentar que se tornaria, a partir de 2012, o parlamento dos países de língua portuguesa.;ERRADO
. O Brasil defende o direito dos Estados partes do Tratado de Não Proliferação Nuclear de desenvolver tecnologias para fins pacíficos, incluindo aplicações medicinais e agrícolas.;CERTO
. A prioridade brasileira conferida à Argentina vem provocando progressivo desgaste das relações com o Reino Unido, inclusive com redução dos fluxos comerciais em razão da disputa pelas Ilhas Malvinas/Falklands.;ERRADO
. A ampliação da presença brasileira na África, incluindo a abertura de mais de trinta embaixadas e consulados, não produziu aumento significativo das relações econômicas ou políticas entre Brasil e países africanos.;ERRADO
. A Política Externa Brasileira busca contribuir para a redução da pobreza por meio de iniciativas voltadas à educação, à pesquisa científica e tecnológica e à inovação.;CERTO
. Nos últimos anos, a atuação brasileira nas Américas concentrou-se na promoção do livre comércio, em articulação com o objetivo de estabilização do Haiti no âmbito da missão da ONU.;ERRADO
. A política de não intervenção associada à nova ordem mundial dos anos 1990 desestimulava a ingerência em assuntos internos de países cujos presidentes haviam sido democraticamente eleitos.;ERRADO
I. O relato de um membro hutu sobre o genocídio de Ruanda contém uma distorção ao afirmar a responsabilidade de religiosos, pois os religiosos não estimularam o conflito.;ERRADO
II. O descaso de importantes atores internacionais com o genocídio de Ruanda teve entre suas causas o reduzido interesse geopolítico e econômico da região naquele momento.;CERTO
V. Os armamentos utilizados no conflito de Ruanda foram desviados do Leste Europeu por traficantes de armas, e sua aquisição foi financiada pela extração de diamantes.;ERRADO
. As tropas da ONU, os chamados “boinas-azuis”, não conseguiram evitar o genocídio de Ruanda, evidenciando dificuldades das Nações Unidas em responder adequadamente às novas demandas de segurança.;CERTO
;
;
. A ONU mudou sua estratégia de atuação na República Democrática do Congo e empregou uma brigada de intervenção com mandato para usar a força contra grupos rebeldes, como o M-23, redefinindo o perfil da missão de paz no país.;CERTO
. O Boko Haram repudia a educação ocidental e aquilo que considera contrário à sua interpretação fundamentalista do Islã, inserindo-se em uma corrente de extremismo religioso e intolerância.;CERTO
I. Cabe às organizações internacionais a responsabilidade primária de proteger os direitos humanos, enquanto aos Estados cabe responsabilidade subsidiária.;ERRADO
II. O Sistema Africano de Proteção dos Direitos Humanos constitui importante instrumento de tutela dos direitos fundamentais e procura conciliar a universalidade dos direitos humanos com aspectos da diversidade cultural africana.;CERTO
. O movimento pan-africanista caracterizou-se por consenso quanto à descolonização e defendeu a recomposição geopolítica da África mediante a fundação dos Estados Unidos da África.;ERRADO
. O regime colonial salazarista utilizou o lusotropicalismo, de Gilberto Freyre, para justificar a descolonização das possessões portuguesas na África.;ERRADO
. A independência da Rodésia do Sul, atual Zimbábue, foi liderada pela antiga elite branca colonial, mantendo a exclusão da população negra até que esta assumisse o controle político do país quase duas décadas depois.;CERTO
. O processo de independência da Nigéria, de Gana e de Serra Leoa caracterizou-se por intensas guerras de libertação, pois a Inglaterra recusava-se a negociar diplomaticamente.;ERRADO
. A independência da Argélia foi alcançada por meio de acordo internacional, tendo Frantz Fanon como um dos principais mediadores.;ERRADO
. Como resultado do expansionismo europeu do final do século XIX, Portugal colonizou apenas o litoral de Angola e Moçambique, sem conseguir avançar para o interior desses territórios.;ERRADO
. Na República Centro-Africana, embora o conflito envolva milícias cristãs Anti-Balaka e a coalizão rebelde muçulmana Seleka, as divergências religiosas constituem causas secundárias do conflito.;CERTO
. Na década de 1950, o Brasil manifestou apoio aos movimentos favoráveis à descolonização do continente africano.;ERRADO
. Após a Segunda Guerra Mundial, as antigas potências coloniais reconheceram a nova realidade internacional e concederam, de forma negociada e sob os auspícios da ONU, a independência às suas antigas colônias.;ERRADO
. A Conferência de Bandung foi decisiva para a conclusão do processo de descolonização da África e da Ásia.;ERRADO
. São tribunais internacionais a Corte Europeia de Direitos Humanos, a Corte Internacional de Justiça e a Organização das Nações Unidas.;ERRADO
. O Tribunal Penal Internacional é responsável exclusivamente por conflitos relacionados aos direitos humanos e julga somente conflitos entre Estados.;ERRADO
. A Comissão Africana dos Direitos Humanos e dos Povos possui autonomia para criar mecanismos especiais destinados a facilitar a proteção dos direitos humanos e dos povos.;CERTO
. O Brasil não faz parte do Tribunal Penal Internacional.;ERRADO
. O Tribunal de Justiça da União Europeia tem como objetivo garantir o respeito ao direito na interpretação e aplicação dos tratados.;CERTO
. Apesar da independência política de diversos Estados africanos, persistem relações de dependência em razão de estruturas político-econômicas assimétricas no sistema internacional.;CERTO
I. A Conferência de Bandung, de 1955, criou um espaço de articulação político-econômica entre Estados africanos e asiáticos e contribuiu para discussões posteriores sobre desenvolvimento nas agências da ONU, como a UNCTAD.;CERTO
II. No pós-Guerra Fria, China, Índia e Brasil aprofundaram suas relações com a África, promovendo um modelo de desenvolvimento baseado na industrialização que incrementou as economias africanas.;ERRADO
. Os objetivos da CPLP restringem-se à concertação político-diplomática em defesa e relações internacionais, à cooperação em áreas específicas e à produção conjunta de cultura em língua portuguesa.;ERRADO
. São órgãos executivos e de direção da CPLP a Conferência de Chefes de Estado e de Governo, o Conselho de Ministros, o Comitê de Concertação Permanente, o Secretariado Executivo, a Assembleia Parlamentar e o Instituto da Língua Portuguesa.;ERRADO
. O darwinismo social e o evolucionismo social foram utilizados ideologicamente para comprovar cientificamente a inferioridade dos povos europeus.;ERRADO
. O darwinismo social e outras teorias raciais europeias foram utilizados ideologicamente para justificar o domínio das nações imperialistas sobre outros povos.;CERTO
. O darwinismo social foi utilizado para promover a valorização da cultura e dos conhecimentos de matriz africana.;ERRADO
. O darwinismo social defendia a igualdade entre os povos africanos, americanos e europeus.;ERRADO
. O darwinismo social tinha como objetivo introduzir na Europa os costumes e hábitos dos povos nativos da América.;ERRADO
. O movimento de descolonização afro-asiático durante a Guerra Fria aproximou os países recém-independentes, que buscavam sobretudo desenvolvimento socioeconômico e maior igualdade no tratamento internacional.;CERTO
I. A diminuição do poder norte-americano e de outras potências ocidentais durante a Guerra Fria possibilitou a ascensão dos países do Terceiro Mundo e a fragmentação do poder por meio da criação de novas instituições internacionais e regionais.;ERRADO
II. A consolidação do princípio da autodeterminação dos povos na Carta das Nações Unidas foi elemento importante para o reconhecimento internacional da independência dos novos Estados africanos e asiáticos.;CERTO
. O imperialismo, também denominado neocolonialismo, ocorreu principalmente no século XIX, foi conduzido sobretudo por países europeus e esteve relacionado às transformações da Segunda Revolução Industrial.;CERTO
I. O imperialismo foi simplesmente um desdobramento da lógica econômica do sistema escravista e reproduziu em toda a África o mesmo modelo de dominação utilizado nas Américas.;ERRADO
II. O poema “O Fardo do Homem Branco”, de Rudyard Kipling, sintetiza a ideia de “missão civilizatória” utilizada como justificativa para a expansão imperialista europeia na África.;CERTO
. A Conferência de Berlim legalizou a soberania belga sobre a navegabilidade da bacia do Níger.;ERRADO
. A Conferência de Berlim estabeleceu o direito histórico de ocupação, provocando a perda das principais possessões portuguesas na costa africana.;ERRADO
. A Conferência de Berlim determinou o respeito à liberdade religiosa nos territórios africanos ocupados pelas potências signatárias.;CERTO
. A Conferência de Berlim liberalizou o comércio de escravos na bacia do Congo entre os países signatários.;ERRADO
. A Conferência de Berlim determinou a manutenção das colônias alemãs conquistadas durante a Guerra Franco-Prussiana.;ERRADO
. Nas áreas de dominação imperialista, a busca do lucro era uma meta exclusiva das empresas privadas, sem envolvimento dos Estados europeus nas políticas financeiras ou administrativas.;ERRADO
. Na América Latina, a dominação imperialista não era geralmente direta, mas ocorria por meio da exploração econômica e da influência sobre decisões favoráveis às potências imperialistas.;CERTO
. Nas áreas de protetorado, como a Índia, os quadros dirigentes locais eram mantidos, mas subordinados à autoridade europeia.;CERTO
. Muitas regiões africanas sofreram colonização direta, caracterizada por dominação militar, política e econômica e pela presença de dirigentes europeus.;CERTO
. Nas áreas de influência, os dirigentes locais eram mantidos, mas obrigados a assinar tratados que garantiam vantagens econômicas e jurídicas à potência estrangeira.;CERTO
. O Pan-Africanismo defendia a organização de federações regionais de Estados africanos independentes, visando futuramente à constituição dos Estados Unidos da África.;CERTO
I. Os primeiros congressos pan-africanos, entre 1919 e 1945, defendiam o combate ao analfabetismo e à subnutrição, além de denunciarem a ocupação europeia de terras africanas agricultáveis e as divisões territoriais impostas pelas potências coloniais.;ERRADO
II. O Pan-Africanismo conduziu a tentativas de reagrupamento político entre novos Estados africanos, incluindo uma suposta Federação da África Central formada por Zâmbia e Maláui em 1959.;ERRADO
V. A Negritude valorizava os valores culturais, sociais, econômicos e políticos dos povos negros e defendia que a independência política também deveria envolver a valorização das culturas africanas.;CERTO
. O imperialismo do século XIX e o imperialismo do período pós-1945 diferem apenas pelo período histórico, mantendo as mesmas características e os mesmos atores sociais.;ERRADO
. O imperialismo apresenta forte dimensão econômica, mas também possui importantes conexões com os setores político e social.;CERTO
. O imperialismo foi o instrumento responsável por garantir, de maneira inédita, a disseminação e a homogeneização cultural em escala mundial.;ERRADO
. O imperialismo foi o principal responsável pela introdução e consolidação do capitalismo como modo de produção predominante no mundo globalizado.;ERRADO
;
;
A partir de 1978, o principal líder associado ao período de reformas econômicas e abertura ao exterior da República Popular da China foi Deng Xiaoping.;CERTO
A atual experiência chinesa de abertura teve início na década de 1980 e foi baseada essencialmente nas reformas da URSS de Gorbachev, com flexibilização política semelhante.;ERRADO
A entrada da China na OMC ocorreu mediante tratamento preferencial que permitiu ao país manter praticamente fechadas suas fronteiras aos produtos estrangeiros, tendo como objetivo principal escoar sua produção excedente.;ERRADO
A estratégia chinesa de inserção no mercado global pode ser comparada à experiência japonesa da Era Meiji, marcada pela modernização como instrumento de desenvolvimento e de não subalternidade diante do Ocidente.;CERTO
Após a vitória de Mao Zedong em 1949, os Estados Unidos reconheceram imediatamente a República Popular da China, que passou a ocupar o assento da China no Conselho de Segurança da ONU.;ERRADO
A Conferência de Bandung, realizada em 1955, catalisou as aspirações de jovens nações africanas e asiáticas em busca de maior autonomia em relação às duas superpotências.;CERTO
No pós-Segunda Guerra Mundial, Índia e China seguiram trajetórias distintas: a Índia adotou uma via reformista e democrática, enquanto a China seguiu uma via revolucionária de esquerda, culminando na República Popular em 1949.;CERTO
Mahatma Gandhi destacou-se no processo de independência da Índia por defender a não violência e a resistência pacífica, mas nunca exerceu o cargo de primeiro-ministro da Índia.;CERTO
O processo de independência da Indochina foi praticamente pacífico e culminou na independência do Vietnã, Laos e Camboja por ação do Conselho de Segurança da ONU.;ERRADO
A experiência chinesa de Deng Xiaoping foi estruturalmente semelhante à perestroika de Gorbachev, pois ambas combinaram abertura econômica com ampla liberalização política.;ERRADO
A política externa chinesa concentra-se na conquista de mercados externos porque seu mercado interno é reduzido, apoiando-se principalmente no incentivo às importações e na elevação dos salários.;ERRADO
Em 2004, a presença de mais de 400 empresários na comitiva presidencial brasileira à China demonstrou o interesse em estreitar os vínculos comerciais, sendo a China a maior importadora mundial de soja.;CERTO
As relações entre China e Taiwan tornaram-se muito menos tensas na atualidade, sobretudo em razão do pragmatismo econômico adotado por ambos os governos.;ERRADO
A partir da década de 1990, o Brasil intensificou suas relações econômicas com a Ásia, mas ainda não existia foro birregional específico entre América Latina e Ásia semelhante ao existente entre América do Sul e países árabes.;ERRADO
Brasil e Índia mantêm diálogo político e coordenação em foros multilaterais, atuam conjuntamente no G20 da OMC e integram o G-4, que defende a reforma do Conselho de Segurança da ONU.;CERTO
A cooperação entre Brasil e Índia em defesa e tecnologias nuclear e aeroespacial é impossibilitada pelo fato de a Índia não ser signatária do TNP e não ter aderido ao RCTM.;ERRADO
Brasil e Índia desenvolveram cooperação energética, incluindo o Programa de Trabalho sobre Biocombustíveis e acordos envolvendo empresas dos dois países nos setores de petróleo, gás e derivados.;CERTO
O crescimento do comércio Brasil–Índia estimulou a expansão do acordo comercial MERCOSUL–Índia.;CERTO
Brasil e China apresentam interesses convergentes em diversos temas da agenda global, o que favorece a coordenação de posições nos principais fóruns multilaterais, apesar das diferenças de dimensão entre os dois países.;CERTO
No início do século XX, a China foi dividida em protetorados sob domínio das potências ocidentais, ficando o imperador com autoridade apenas sobre Pequim e seus arredores.;ERRADO
A Reforma dos Cem Dias foi promovida pela imperatriz Cixi e sua deposição provocou a Revolução de 1911, que encerrou a dinastia Manchu.;ERRADO
O Japão preservou sua independência ao realizar uma ampla modernização durante a Era Meiji, incorporando métodos e elementos ocidentais.;CERTO
A vitória japonesa na Guerra Russo-Japonesa de 1904–1905 demonstrou o novo poderio militar do Japão.;CERTO
As guerras sino-indiana de 1962 e indo-paquistanesas de 1965 e 1971 evidenciaram principalmente a intensidade da Guerra Fria no subcontinente indiano, e não disputas territoriais.;ERRADO
Durante a Guerra Fria, as diferenças entre Brasil e Índia dificultaram a articulação política dos dois países em organizações como UNCTAD, G-77 e GATT.;ERRADO
O Brasil apoiou a admissão da República Popular da China na ONU como legítima ocupante do assento anteriormente reservado à China Nacionalista.;CERTO
O Brasil ampliou suas exportações para a China em razão, entre outros fatores, do aumento da demanda chinesa por alimentos, especialmente carnes e grãos.;CERTO
Brasil, Japão, Alemanha e Índia integram o G-4, criado em 2005 para defender a reforma do Conselho de Segurança da ONU, mas não votam necessariamente em bloco em todas as questões.;CERTO
Brasil e Japão integram o Fórum de Cooperação América Latina–Ásia do Leste (FOCALAL).;CERTO
Em 2013, Brasil e Japão assinaram um acordo de preferências comerciais que facilitou o acesso de produtos e serviços brasileiros ao mercado japonês.;ERRADO
Brasil e Japão mantêm amplo programa de cooperação técnica e científico-tecnológica, incluindo atividades de pesquisa oceanográfica no Atlântico Sul.;CERTO
A Revolução Chinesa de Mao Zedong seguiu praticamente sem alterações o modelo soviético e resultou em uma aliança permanente entre China e URSS até a chegada de Gorbachev.;ERRADO
Os bons resultados dos planos econômicos de Mao nos anos 1950 permitiram uma flexibilização política que se concretizou na Revolução Cultural, responsável por estabelecer padrões democráticos na China.;ERRADO
Brasil e China organizam sua parceria estratégica por meio da Comissão Sino-Brasileira de Alto Nível de Concertação e Cooperação (COSBAN), incluindo atenção ao agronegócio, energia, infraestrutura e setores de maior valor agregado.;CERTO
A política externa indiana abandonou a identidade terceiro-mundista e passou a priorizar exclusivamente a condição de polo geopolítico, confrontando simultaneamente Estados Unidos e China.;ERRADO
As relações Brasil–Japão remontam ao século XIX, quando chegaram ao Brasil as primeiras famílias de imigrantes japoneses, e posteriormente os dois governos ampliaram a cooperação em diversas áreas.;ERRADO
A política externa chinesa busca crescimento e estabilidade econômica para garantir soberania, unidade territorial e maior projeção internacional, utilizando instrumentos bilaterais e multilaterais como BRICS e BASIC.;CERTO
Em 1949, os comunistas chineses chegaram ao poder após uma longa luta que envolveu inicialmente forte atuação no campo e posteriormente avançou sobre as cidades.;CERTO
A vitória francesa em Dien Bien Phu, em 1954, preservou a Indochina e permitiu que a França comandasse a negociação que levou à independência gradual do Vietnã, Laos e Camboja.;ERRADO
Durante a Política Externa Independente, em 1961, o Brasil enviou à República Popular da China uma missão comercial chefiada pelo vice-presidente João Goulart.;CERTO
Fernando Collor de Mello foi o primeiro presidente brasileiro a realizar visita oficial à China e à Ásia continental.;ERRADO
O regime militar brasileiro somente normalizou as relações diplomáticas com Pequim após a redemocratização de 1985.;ERRADO
Em 1952, durante a Guerra da Coreia, o Brasil oficializou seu apoio à China Nacionalista e instalou uma embaixada em Taipé.;ERRADO
A China passou a buscar um modelo de crescimento menos intensivo em carbono e comprometeu-se com os Estados Unidos a eliminar gradualmente subsídios a atividades baseadas em combustíveis fósseis.;ERRADO
Em 2015, o Brasil superou a Venezuela como principal destino dos investimentos chineses na América Latina, com crescente participação de investimentos em infraestrutura.;CERTO
Em abril de 2016, a China anunciou um programa de exploração de uma nova rota marítima no Ártico para ampliar suas linhas comerciais no hemisfério norte.;CERTO
Apesar da expansão da oferta chinesa de bens e serviços de alto valor agregado, a produtividade do trabalho chinesa vinha apresentando estagnação desde meados da década anterior.;CERTO
A China abandonou sua tradicional posição sobre a reforma do Conselho de Segurança da ONU e passou a apoiar a criação de seis novos membros permanentes, principalmente países não industrializados.;ERRADO
O modelo chinês de “novas relações entre grandes potências” foi proposto aos Estados Unidos em 2013 e formalmente adotado por ambos os países em 2014.;ERRADO
A China absteve-se na votação da Resolução 68/262 da Assembleia Geral da ONU sobre a integridade territorial da Ucrânia, mantendo posição compatível com suas próprias sensibilidades territoriais.;CERTO
O aumento da influência chinesa no mundo foi acompanhado de maior rivalidade com o Japão nos campos político, militar e de defesa.;CERTO
;
;
A partir de 1978, a República Popular da China conheceu um período de reformas econômicas e abertura ao exterior. O principal líder associado a esse período foi Deng Xiaoping.;CERTO
A experiência de abertura da China, iniciada na década de 1980, foi essencialmente baseada nas reformas da URSS sob Gorbachev, combinando flexibilização política e econômica.;ERRADO
A entrada da China na OMC permitiu ao país manter praticamente fechadas suas fronteiras aos produtos estrangeiros, concentrando-se na exportação de sua produção para os mercados mundiais.;ERRADO
A estratégia chinesa de inserção no mercado global lembra a experiência japonesa da Era Meiji, que buscou modernizar o país como forma de evitar a subalternidade em relação ao Ocidente.;CERTO
A vitória de Mao Tsé-tung em 1949 levou os EUA a reconhecerem imediatamente a República Popular da China e a China a ocupar imediatamente o assento no Conselho de Segurança da ONU.;ERRADO
A Conferência de Bandung, em 1955, catalisou as aspirações das jovens nações africanas e asiáticas por maior autonomia diante das duas superpotências.;CERTO
No pós-Segunda Guerra, a Índia seguiu trajetória de reformismo liberal, enquanto a China adotou uma via revolucionária de esquerda, culminando na proclamação da República Popular em 1949.;CERTO
Mahatma Gandhi, defensor da não violência, assumiu o cargo de primeiro-ministro da Índia e posteriormente renunciou devido às dissensões políticas internas.;ERRADO
O processo de independência da Indochina foi praticamente pacífico e culminou na independência do Vietnã, Laos e Camboja por ação do Conselho de Segurança da ONU.;ERRADO
A experiência chinesa de Deng Xiaoping reproduziu estruturalmente a experiência de Gorbachev, combinando abertura econômica e liberalização política.;ERRADO
A política externa econômica chinesa busca mercados externos principalmente porque o mercado interno chinês possui dimensão reduzida, incentivando também as importações e a elevação dos salários.;ERRADO
A visita de Lula à China em 2004, acompanhada por mais de 400 empresários, demonstrou o interesse brasileiro em estreitar os laços comerciais; o Brasil era grande exportador de soja e a China, grande importadora do produto.";CERTO
As relações entre China e Taiwan estão atualmente muito menos tensas que durante a Guerra Fria, principalmente devido ao pragmatismo econômico de ambos os governos.;ERRADO
A partir dos anos 1990, o Brasil dinamizou suas relações econômicas com a Ásia, mas ainda não existia foro birregional específico entre América Latina e Ásia.;ERRADO
Brasil e Índia mantêm diálogo político e coordenação em organismos multilaterais, atuam conjuntamente no G20 da OMC e integram o G4, que defende a reforma do Conselho de Segurança da ONU.;CERTO
A cooperação Brasil-Índia em defesa e tecnologias nuclear e aeroespacial é impossibilitada pelo fato de a Índia não ser signatária do TNP e não integrar o RCTM.;ERRADO
Brasil e Índia desenvolveram cooperação energética, incluindo biocombustíveis e acordos envolvendo empresas dos dois países nos setores de petróleo, gás e derivados.;CERTO
O crescimento do comércio Brasil-Índia estimulou a expansão do Acordo MERCOSUL-Índia, que ampara o comércio bilateral.;CERTO
A condição de grandes potências emergentes e a convergência de interesses globais favorecem a coordenação de posições entre Brasil e China em fóruns multilaterais como ONU e OMC.;CERTO
A China foi dividida em protetorados ocidentais no início do século XX, ficando o imperador com autoridade apenas sobre Pequim e seus arredores.;ERRADO
A imperatriz Cixi promoveu a Reforma dos Cem Dias, foi deposta em razão dela e a Revolução de 1911 pôs fim à dinastia Manchu.;ERRADO
O Japão preservou sua independência ao promover ampla modernização e assimilar métodos e costumes ocidentais.;CERTO
O novo poderio militar japonês ficou demonstrado na guerra contra a Rússia, em 1904-1905.;CERTO
As guerras sino-indiana de 1962 e indo-paquistanesas de 1965 e 1971 evidenciaram principalmente a intensidade da Guerra Fria no subcontinente indiano.;ERRADO
A agenda de cooperação Brasil-Índia prioriza ciência e tecnologia, especialmente biotecnologia, tecnologia da informação e nanotecnologia.;ERRADO
O início das relações diplomáticas Brasil-China ocorreu na década de 1940, quando foi instalada a embaixada chinesa no Brasil.;ERRADO
O Brasil ampliou suas exportações para a China, diante da crescente demanda chinesa por alimentos, especialmente carnes e grãos.;CERTO
Brasil, Japão, Alemanha e Índia, integrantes do G4, passaram a votar em bloco nas resoluções do Conselho de Segurança da ONU.;ERRADO
Brasil e Japão integram o Fórum de Cooperação América Latina-Ásia do Leste (FOCALAL).;CERTO
Brasil e Japão assinaram, em 2013, acordo de preferências comerciais que facilitaria investimentos japoneses no Brasil e o acesso de produtos e serviços brasileiros ao Japão.;ERRADO
Brasil e Japão mantêm amplo programa de cooperação técnica e científico-tecnológica, incluindo iniciativas oceanográficas no Atlântico Sul.;CERTO
A Revolução Chinesa seguiu praticamente sem alterações o modelo soviético e resultou em uma aliança permanente entre China e URSS até a chegada de Gorbachev.;ERRADO
Os bons resultados dos planos econômicos de Mao permitiram uma abertura política durante a Revolução Cultural, que teria proporcionado padrões de democracia à China.;ERRADO
Brasil e China organizam sua parceria estratégica no âmbito da COSBAN, que trata de setores como agronegócio, energia, infraestrutura e atividades de maior valor agregado.;CERTO
A política externa indiana abandonou a identidade terceiro-mundista e passou a priorizar um perfil de polo geopolítico, confrontando simultaneamente EUA e China.;ERRADO
As relações Brasil-Japão remontam ao século XIX, quando chegaram ao Brasil as primeiras famílias de imigrantes japoneses.;ERRADO
A China busca crescimento e estabilidade econômica para garantir sua soberania, unidade territorial e afirmação como ator global, atuando bilateralmente e em mecanismos como BRICS e BASIC.;CERTO
Em 1949, os comunistas chineses tomaram o poder em Pequim após uma longa luta que envolveu guerrilhas rurais e posteriormente alcançou as cidades.;CERTO
A vitória francesa em Dien Bien Phu, em 1954, preservou a Indochina e permitiu à França comandar a negociação que conduziu à independência gradual do Vietnã, Laos e Camboja.;ERRADO
Durante a Política Externa Independente, em 1961, o Brasil enviou à China uma missão comercial chefiada pelo vice-presidente João Goulart.;CERTO
Fernando Collor foi o primeiro presidente brasileiro a realizar visita oficial à China e à Ásia continental.;ERRADO
O regime militar brasileiro, por sua rigidez ideológica, somente normalizou relações com Pequim após a redemocratização de 1985.;ERRADO
Em 1952, durante a Guerra da Coreia, o Brasil oficializou seu apoio à China Nacionalista e instalou uma embaixada em Taipé.;CERTO
A China e os EUA comprometeram-se a retirar gradualmente subsídios às atividades econômicas baseadas na queima de combustíveis fósseis.;ERRADO
Em 2015, o Brasil superou a Venezuela como principal destino dos investimentos chineses na América Latina, com crescente participação de investimentos em infraestrutura.;CERTO
Em abril de 2016, a China anunciou programa para explorar uma nova rota marítima no Ártico, ampliando suas linhas comerciais no hemisfério norte.;CERTO
Apesar da expansão chinesa em bens e serviços de alto valor agregado, o país enfrentava limites à competitividade global devido ao estancamento da produtividade do trabalho.;CERTO
A China passou a apoiar a reforma do Conselho de Segurança da ONU segundo uma fórmula que acrescentaria seis membros permanentes com direito a veto.;ERRADO
O modelo de “new model of great power relations”, proposto pela China aos EUA em 2013, foi adotado pelos dois países em 2014.;ERRADO
A China se absteve na votação da Resolução 68/262 da Assembleia Geral da ONU sobre a integridade territorial da Ucrânia.;CERTO
O aumento da influência chinesa foi acompanhado de maior rivalidade com o Japão nos campos político, militar e de defesa.;CERTO
As revoluções russa e chinesa tiveram em comum a mobilização de grandes massas do proletariado urbano, organizadas por partidos comunistas, para tomar o poder pela violência.;ERRADO
Após a vitória comunista, Mao implementou programa econômico que estatizou empresas industriais estrangeiras e empresas pertencentes a famílias ligadas ao Kuomintang.;CERTO
O Japão assinou com os EUA, em 1853, o Tratado de Amizade e Cooperação, dando início à Revolução Meiji.;ERRADO
O colonialismo no Extremo Oriente foi inicialmente um projeto coletivo de Reino Unido e França, ao qual posteriormente aderiu a Alemanha.;ERRADO
A conquista britânica da Índia foi inicialmente realizada por meio da Companhia das Índias Orientais, sob proteção do governo britânico.;CERTO
A China passou a valorizar mecanismos coletivos regionais de integração econômica, apoiando propostas como a FTAAP e a RCEP.;ERRADO
A política externa indiana inclui a articulação da infraestrutura da Nova Rota da Seda em cooperação bilateral com a China.;ERRADO
A parceria estratégica Brasil-China diversificou sua agenda, incorporando temas como meio ambiente, saúde pública e tecnologias sensíveis, além dos tradicionais interesses econômico-comerciais e aeroespaciais.;CERTO
A Revolução Meiji foi provocada por uma violenta revolta de grupos isolacionistas, que enfraqueceu o xogunato e fortaleceu o regime imperial.;ERRADO
O imperialismo britânico na Índia provocou levantes como a Revolta dos Sipaios, que posteriormente inspiraram Mahatma Gandhi em sua luta pela independência.;ERRADO
Propostas de modernização econômica sustentaram a mobilização popular de Gandhi, enquanto o nacionalismo tradicionalista de Bal Gangadhar Tilak foi minimizado pelas divisões religiosas entre hindus e muçulmanos.;ERRADO
O FOCALAL transformou-se em importantes arranjos regionais de liberalização comercial, como a Aliança do Pacífico e a parceria CELAC-ASEAN.;ERRADO
As relações entre Brasil e China foram oficialmente instituídas pelo Tratado de Amizade, Comércio e Navegação de 1881, seguido pela abertura de um consulado brasileiro em Xangai em 1883.;CERTO
Em 1992, durante a visita de Narasimha Rao ao Brasil, os dois países assinaram o primeiro acordo comercial, incluindo cooperação científica e tecnológica nos setores farmacêutico e espacial.;ERRADO
A balança comercial Brasil-Coreia do Norte tem sido deficitária, com importações brasileiras de produtos manufaturados como produtos de ferro ou aço, bombas, compressores e ventiladores.;CERTO
O Brasil alcançou importantes superávits comerciais com o Japão na década de 2010, apesar de suas exportações serem majoritariamente compostas por produtos básicos.;ERRADO
A guerra comercial entre China e EUA provocou repercussões no comércio agropecuário Brasil-China, com aumento substancial das exportações brasileiras de soja a partir de 2018.;CERTO
A participação das exportações agropecuárias brasileiras no total exportado para a China permaneceu entre 5% e 10% durante o século XXI, com crescimento da soja em detrimento de açúcar e café.;ERRADO
A China é importante no comércio mundial de alimentos, mas as trocas de produtos agropecuários com o Brasil ainda não apresentam valores significativos.;ERRADO
O escândalo da Carne Fraca não foi suficiente para abalar a importância das exportações brasileiras de carne para a China, cuja demanda aumentou também em razão da peste suína africana.;CERTO
A fronteira sino-indiana não apresenta predominância de elementos naturais que dificultem grandes movimentos militares; o poder demográfico e nuclear dos dois países evitou conflitos de grande escala.";ERRADO
A extensão territorial, os recursos naturais e o relevo predominantemente plano da Rússia contribuíram para a formulação, por Mackinder, da teoria da Área Pivô.;CERTO
Os EUA consolidaram seu território no século XIX e desenvolveram no século XX uma marinha de águas azuis apoiada em bases no Atlântico e no Pacífico, em consonância com as ideias de Mahan.;CERTO
As fronteiras modernas da China apresentam coerência geográfica defensiva e comercial, enquanto a Belt and Road busca contornar obstáculos marítimos, pois a China prioriza o poder territorial em detrimento do poder naval.;ERRADO
As Guerras do Ópio resultaram diretamente da competição entre potências coloniais europeias e os EUA pela obtenção de concessões de Pequim.;ERRADO
A vitória britânica na Primeira Guerra do Ópio foi facilitada pelo controle inglês sobre o porto de Hong Kong.;ERRADO
Somente após a derrota na Segunda Guerra do Ópio a China foi obrigada a permitir representações diplomáticas estrangeiras residentes em Pequim.;CERTO
Durante o intervalo entre as Guerras do Ópio, britânicos e franceses auxiliaram a dinastia Qing contra a rebelião Taiping, de inspiração cristã.;CERTO
O Partido do Congresso foi a principal força da independência indiana, defendendo uma nação multirreligiosa, enquanto a Liga Muçulmana promoveu a criação do Paquistão.;CERTO
O Grande Salto Adiante promoveu rápida industrialização e autossuficiência alimentar, e seu sucesso levou Mao a lançar posteriormente a Revolução Cultural.;ERRADO
Em 2014, durante a visita de Shinzo Abe ao Brasil, os dois países anunciaram uma Parceria Estratégica e Global com previsão de acordo de livre comércio MERCOSUL-Japão até 2030.;ERRADO
As políticas econômicas Abenomics tinham como objetivos reaquecer a economia japonesa, incentivar a inovação e promover as exportações.;CERTO
A Aliança Diamante de Segurança Democrática da Ásia, proposta por Abe, prevê segurança coletiva e a criação de uma força militar conjunta entre Japão, EUA, Austrália e Índia.;ERRADO
A política externa de Abe buscou ampliar as possibilidades de emprego das Forças de Autodefesa e criou o Conselho de Segurança Nacional.;CERTO
Brasil, China e outros países do Sul Global criaram, em 2024, o Grupo de Amigos da Paz, voltado à busca de solução diplomática e inclusiva para o conflito na Ucrânia, com base na Carta da ONU e nos princípios de Bandung.;CERTO
Embora não tenha aderido formalmente à Belt and Road Initiative, o Brasil identifica sinergias entre a iniciativa chinesa e estratégias brasileiras de desenvolvimento e integração logística e de infraestrutura.;CERTO
O Fórum CELAC-China é uma importante plataforma de cooperação Sul-Sul e tem como objetivo disseminar um modelo único de desenvolvimento econômico e social para a América Latina.;ERRADO
A rivalidade entre EUA e China tem impulsionado mecanismos como APEC e ASEAN a fortalecerem acordos comerciais e tecnológicos.;CERTO
A Iniciativa de Governança Global da China, lançada em 2025, baseia-se em igualdade soberana, Estado de direito internacional, multilateralismo, abordagem centrada nas pessoas e ações concretas.;CERTO
A Iniciativa da Civilização Global, apresentada pela China em 2023, tem como objetivo central acelerar a implementação da Agenda 2030 para o desenvolvimento sustentável.;ERRADO
A Organização para a Cooperação de Xangai busca fortalecer confiança, boa vizinhança e cooperação entre seus membros em áreas políticas, econômicas, científicas, culturais, energéticas, ambientais e de segurança.;CERTO
A lembrança de figuras ligadas à Segunda Guerra Mundial no Santuário Yasukuni contribui para a conciliação e convergência da política externa entre os países asiáticos.;ERRADO
;
;
O fato desencadeador da crise entre Índia e Paquistão no início dos anos 2000 foi o ataque terrorista ao Parlamento de Nova Délhi, tendo o governo indiano acusado o serviço secreto paquistanês de ter apoiado o ataque.;CERTO
Vivendo hoje sob regime democrático parlamentar, com o poder em mãos de civis, Índia e Paquistão estiveram submetidos, durante décadas, a regimes militares autoritários, o que ajuda a entender o sofisticado arsenal bélico de que dispõem.;ERRADO
A Índia, tradicional aliada dos EUA na Ásia, e o Paquistão, ferrenho inimigo do regime talibã, receberam atenção especial e considerável aporte financeiro norte-americano quando dos ataques da coalizão antiterror ao Afeganistão.;ERRADO
O desenvolvimento econômico da Índia fez-se de maneira desigual: em meio a uma gigantesca população, defronta-se com áreas muito pobres e com práticas econômicas rudimentares, enquanto ostenta notável desempenho em setores tecnológicos de ponta, como o da informática.;CERTO
Os êxitos da abertura econômica chinesa fizeram-se acompanhar por igual distensão no campo político, com o Partido Comunista aceitando partilhar o poder com outras correntes partidárias.;ERRADO
A Guerra da Coreia foi também parte do processo de descolonização asiático.;ERRADO
Uma das características do processo de descolonização da Índia foi a criação, pela fração islâmica da população, de um Estado separado, o Paquistão.;CERTO
O Afeganistão foi um dos países asiáticos que se manteve independente ao longo de todo o século XX.;CERTO
Um dos impactos da forte expansão experimentada na década de 2000 por países asiáticos densamente povoados, como Índia e China, somada à forte expansão americana, foi o aumento do preço de várias commodities.;CERTO
Na atualidade, a China é considerada uma das mais fortes e dinâmicas economias do mundo, com índices anuais de crescimento muito expressivos.;CERTO
A abertura econômica chinesa é acompanhada de idêntica liberalização no campo político, o que se percebe com o afastamento cada vez maior do Partido Comunista na condução do Estado.;ERRADO
O impacto do crescimento chinês sobre a economia mundial não é maior porque o país resiste a ingressar na Organização Mundial do Comércio (OMC) e a ampliar suas exportações.;ERRADO
Também asiática e quase tão populosa como a China, a Índia apresenta-se hoje como uma das mais pujantes economias emergentes do planeta.;CERTO
Embora assimétrico, o avanço da globalização trouxe como resultado positivo a eliminação dos fatores que impeliam a economia capitalista a passar por crises cíclicas, das quais a de 1929 foi o símbolo maior.;ERRADO
Desde os anos 80 do século XX, a China apresenta crescentes índices de crescimento econômico, fenômeno que modifica as condições de vida de parcelas significativas de sua gigantesca população e amplia a presença do país no mercado mundial.;CERTO
No atual estágio da economia mundial, os avanços tecnológicos e as facilidades de comunicação deles decorrentes propiciam a rápida circulação tanto das mercadorias quanto de capitais.;CERTO
A Índia, país emergente com grande potencial de crescimento econômico, padece sob regime político autoritário, sem ter conhecido experiência democrática desde a independência, o que dificulta sua inserção na economia globalizada.;ERRADO
Os chamados Tigres Asiáticos têm em comum, entre outros fatores, a decisão estratégica de investir maciçamente na educação, fato considerado essencial para seus bons resultados econômicos.;CERTO
O Japão encerrou a Primeira Guerra Mundial envolvendo-se duramente nos assuntos da Europa pela via da expansão de suas indústrias e de seu comércio sobre as economias esgarçadas da Europa.;ERRADO
Os processos de integração econômica e política, em grande parte das experiências desenvolvidas nas últimas décadas, passam por momentos de restrições.;CERTO
O fracasso das negociações comerciais da Rodada Doha foi fato isolado no mundo contemporâneo, que se caracteriza pela existência de regimes internacionais e regras de previsibilidade.;ERRADO
Estados emergentes na Ásia, como China e Índia, vêm engendrando capacidade de poder e têm agido pela via da obstrução em importantes questões globais.;CERTO
O declínio relativo dos Estados hegemônicos do Atlântico Norte e a transferência do eixo de poder para países do Pacífico e do Índico vêm promovendo mudanças, no início do século XXI, na geografia política das relações internacionais.;CERTO
A ONU, criada em um momento bastante distinto do atual, assiste à pressão por reforma institucional para agregar mais legitimidade política ao sistema multilateral de segurança coletiva.;CERTO
Desde a abertura iniciada em 1978, os governantes chineses afirmam estar construindo o “socialismo com características chinesas”, marcado por ênfase nas exportações, salários relativamente baixos, abertura econômica seletiva e controlada pelo Estado, investimentos no exterior e crescente poder financeiro.;CERTO
Apesar do estabelecimento de relações diplomáticas entre Brasil e República Popular da China, não foi estabelecida pelo Estado brasileiro parceria criativa com o gigante chinês ao longo da década de 1980.;ERRADO
Brasil e Japão mantêm alto grau de coordenação política no cenário internacional, sobretudo no que se refere às ações do Grupo dos 4 (G-4) para a reforma do Conselho de Segurança das Nações Unidas.;CERTO
No âmbito da cooperação em ciência e tecnologia, Brasil e China decidiram interromper o programa espacial CBERS, mantido entre ambos os países desde a última década do século passado.;ERRADO
Durante o governo de Luiz Inácio Lula da Silva, o Brasil abriu embaixada em Pyongyang e apoiou as reivindicações territoriais norte-coreanas em relação à Coreia do Sul e o direito norte-coreano de desenvolvimento de energia nuclear para fins pacíficos.;ERRADO
A China consolidou-se, desde 2009, como o segundo principal destino das exportações brasileiras, logo depois da União Europeia, considerando-se este bloco como um todo.;ERRADO
A entrada da China na OMC limitou a capacidade do governo chinês de manipular a taxa de câmbio do yuan; a política cambial chinesa produz impacto significativo na balança comercial brasileira; e a taxa de câmbio flutuante é determinada pela oferta e demanda de moedas estrangeiras.";ERRADO
China e Coreia do Sul são exemplos de economias que foram revigoradas, entre outras razões, pelo incentivo à formação e ao aperfeiçoamento de talentos por meio de intercâmbio em grandes centros mundiais produtores de conhecimento.;CERTO
O projeto econômico do governo chinês para os próximos anos é fundamentado na transição de uma economia direcionada ao consumo para uma economia direcionada ao investimento.;ERRADO
Burma, após o fim da Guerra Fria, sofreu intervenção da Indonésia e da China, que ameaçou a segurança regional e provocou o envio de uma missão de paz da ONU que permanece ativa no país.;ERRADO
Segundo Giovanni Arrighi, a ascensão chinesa deve-se ao gradualismo das reformas, contrário às terapias de choque do Consenso de Washington, e à desregulamentação seletiva, sem redução do controle estatal sobre a economia.;CERTO
A crescente importância econômica de países como China e Índia, somada ao protagonismo do Japão na economia mundial após a Segunda Guerra Mundial, cria a perspectiva de que a Ásia se torne cada vez mais influente no cenário econômico global.;CERTO
O desenvolvimento econômico chinês iniciado no final da década de 1970 contou com núcleos litorâneos que atraíram investimentos externos e privados chineses, denominados zonas especiais de exportação.;CERTO
;
;
Coreia do Sul, Taiwan, Hong Kong e Singapura protagonizaram um “espetáculo de crescimento” econômico e ficaram conhecidos como Tigres Asiáticos.;CERTO
Apesar das divergências, China e Estados Unidos mantêm forte interdependência econômica, sendo a China responsável pelo financiamento de parte significativa da dívida norte-americana e componente fundamental do comércio bilateral.;CERTO
Apesar das divergências, China e Estados Unidos mantêm forte interdependência econômica, sendo a China responsável pelo financiamento de parte significativa da dívida norte-americana e componente fundamental do comércio bilateral.;CERTO
O governo norte-coreano tem feito frequentes ameaças à Coreia do Sul, provocando reações enérgicas do governo sul-coreano, que seria o maior interessado em deflagrar um conflito no Oriente.;ERRADO
A Coreia do Norte conta historicamente com o Japão entre seus aliados, que apoia o regime ditatorial norte-coreano.;ERRADO
Em 2017, órgãos de inteligência dos EUA coletaram a informação de que o governo norte-coreano teria desenvolvido uma ogiva nuclear miniaturizada para ser usada em um míssil intercontinental.;CERTO
No final do século XIX, o Japão tornou-se uma potência colonialista, como demonstra a Primeira Guerra Sino-Japonesa.;CERTO
A proteção dada pela China à Coreia do Norte relaciona-se ao alinhamento geopolítico e militar da Coreia do Sul com os Estados Unidos, que mantêm bases e contingentes militares no país, buscando evitar a hegemonia norte-americana na região.;CERTO
A manutenção da liderança econômica e militar da China depende do controle da população, o que levou o governo chinês a reforçar a política do filho único instituída desde a Revolução Cultural.;ERRADO
O neo-eurasianismo é um termo empregado para designar a ação da Rússia nas nações do antigo bloco soviético e em países de seu entorno considerados estratégicos para seu projeto de poder.;CERTO
A Nova Rota da Seda constitui um ambicioso projeto de integração da China com países asiáticos, africanos e europeus, envolvendo grandes investimentos para ampliar parceiros econômicos e confrontar a hegemonia dos Estados Unidos.;CERTO
A aproximação da China dos países em desenvolvimento no século XXI baseia-se no reforço da ideologia terceiro-mundista, na reivindicação de inserção nas estruturas tradicionais de governança global e no estímulo ao multilateralismo e à cooperação Sul-Sul. PORQUE as relações da China com o Sul inserem-se no esforço de busca de autonomia e redução de vulnerabilidades, tornando o país mais influente nos âmbitos político, econômico e estratégico e ampliando sua projeção internacional.;CERTO
Em 2017, o conflito envolvendo a minoria rohingya em Myanmar provocou o deslocamento de milhares de refugiados para Bangladesh.;CERTO
A iniciativa chinesa conhecida como “Um Cinturão e Uma Rota” não representa uma abertura da China para uma economia de mercado nem transforma o país no primeiro Estado socialista com livre iniciativa.;CERTO
A guerra comercial entre Estados Unidos e China tende a afetar a economia de outros países, pois as cadeias globais de produção e consumo estão interligadas.;CERTO
A guerra comercial entre Estados Unidos e China pode aumentar os custos das exportações e gerar um ciclo de diminuição do comércio internacional.;CERTO
A disputa comercial entre Estados Unidos e China afeta o mercado financeiro, porque grandes empresas mundiais possuem bases produtivas na China.;CERTO
As manifestações de Hong Kong em 2019 começaram após o anúncio de um projeto de lei que facilitaria a extradição de suspeitos para serem julgados na China continental.;CERTO
O espaço geoeconômico da Iniciativa Cinturão e Rota ultrapassa a região histórica da Rota da Seda asiática e também se estende à conexão com economias da África Oriental, Europa Oriental e Oriente Médio.;CERTO
A China é a maior democracia do mundo e, apesar de ampliar sua participação no comércio mundial, praticamente desconhece o mercado latino-americano, especialmente o Brasil.;ERRADO
No cenário geopolítico global atual, a China exerce influência cada vez maior nas relações internacionais do Brasil e em sua balança comercial.;CERTO
;
;
A Iniciativa Belt and Road promove cooperação em infraestrutura, integrando regiões da Ásia, Europa e África e fortalecendo a projeção geopolítica e econômica da China. A aproximação chinesa com países da África e da América Latina é acompanhada pela ampliação das relações comerciais e dos projetos de cooperação para o desenvolvimento.;CERTO
Durante a Era dos Impérios, entre 1875 e 1914, os impérios globais foram estabelecidos pelas grandes potências, impulsionados pela Segunda Revolução Industrial, pelos nacionalismos exacerbados e pela difusão das teorias darwinistas sociais.;CERTO
Diferentemente do colonialismo dos séculos XV a XVIII, o imperialismo dos séculos XIX e XX orientava-se sobretudo pela busca de mercados consumidores capazes de absorver os produtos industrializados das potências europeias.;CERTO
A Índia, a Coreia do Sul e, especialmente, a China se reposicionaram na economia global graças à geração de conhecimento inovador, contribuindo para a desconcentração da inovação mundial e para o enfraquecimento relativo do poder dos Estados Unidos, da Europa e do Japão.;CERTO
Apesar da manutenção do superávit comercial brasileiro com a China, a pauta exportadora do Brasil para o país asiático é desequilibrada, pois o Brasil fornece predominantemente commodities e recebe principalmente bens manufaturados.;CERTO
A dependência da exportação de bens primários para a China pode aumentar a vulnerabilidade externa dos países latino-americanos.;CERTO
O soft power chinês fundamenta-se, entre outros elementos, nas parcerias estabelecidas para o desenvolvimento da Nova Rota da Seda e na defesa do sistema multilateral.;CERTO
;
;
Na visita de FHC à Rússia, em janeiro de 2002, Brasil e Rússia declararam apoio mútuo à entrada da Rússia na OMC e à candidatura brasileira a membro permanente do Conselho de Segurança da ONU.;CERTO
Em razão do protecionismo agrícola da União Europeia, as relações do Brasil com os países da Europa Ocidental não registraram, na década de 1990, evolução importante nos campos econômico ou político.;ERRADO
As relações UE–Brasil têm, no campo dos investimentos, uma de suas dimensões mais vigorosas, sendo o Brasil grande receptor de investimentos diretos da União Europeia entre os países emergentes.;CERTO
O grande êxito da parceria estratégica UE–Brasil, apresentada na primeira cúpula bilateral de 2007, foi a superação dos impasses que impediam a conclusão da Rodada de Doha.;ERRADO
As medidas protecionistas da União Europeia, particularmente sobre produtos agrícolas, provocaram gradual redução das exportações brasileiras para o mercado comunitário e diminuição do superávit comercial brasileiro com o bloco.;ERRADO
As divergências entre Brasil e União Europeia sobre redução das emissões de CO₂, biocombustíveis e energia nuclear não impediram o diálogo político sobre mudança climática e segurança energética.;CERTO
A França apoia o aumento do número de membros permanentes do Conselho de Segurança da ONU, incluindo o Brasil entre os novos membros.;CERTO
Tendo estabelecido uma parceria estratégica com a União Europeia em 2007, o Brasil possui relações formalizadas por acordos como o Acordo-Quadro de Cooperação CE-Brasil, o Acordo-Quadro de Cooperação UE-MERCOSUL e o Acordo de Cooperação Científica e Tecnológica.;CERTO
A expansão da OTAN tornou-se fonte de tensão entre Rússia e membros da Aliança Atlântica, incluindo países do antigo Pacto de Varsóvia e países balcânicos e bálticos.;CERTO
A Rússia enfrentou tensões com diversas antigas repúblicas soviéticas, inclusive a Ucrânia, percebendo em determinados movimentos de autonomia a influência ou o incentivo de países ocidentais.;CERTO
A Europa não enfrenta riscos de dependência energética em relação à Rússia, pois países como a Alemanha possuem autonomia energética graças às suas usinas nucleares.;ERRADO
A ascensão de Vladimir Putin foi acompanhada pelo fortalecimento do orgulho nacional russo, e sua política econômica baseou-se em forte aproximação com os países ocidentais, especialmente os europeus.;ERRADO
A desintegração da Iugoslávia ocorreu em meio à tentativa sérvia de impedir a descentralização política e de construir uma Grande Sérvia, processo associado às guerras da década de 1990.;ERRADO
Os Bálcãs assumiram características de região conflitiva especialmente a partir da dissolução do Império Otomano e das transformações políticas que culminaram na Primeira Guerra Mundial.;CERTO
Durante a Primeira Guerra Mundial, a Entente procurou preservar a integridade de cada país balcânico de acordo com suas respectivas etnias e religiões.;ERRADO
A influência da Alemanha nazista e da Itália fascista nos Estados balcânicos favoreceu o avanço das tropas alemãs durante a Segunda Guerra Mundial em direção a Moscou.;CERTO
Brasil e União Europeia continuam a cooperar em comércio, investimentos e negócios, inclusive por meio das negociações do acordo UE-MERCOSUL.;CERTO
As exportações brasileiras de máquinas, equipamentos de transporte e produtos químicos para a União Europeia respondem por cerca de um quarto das exportações brasileiras para a região e são inferiores às exportações de produtos agrícolas.;CERTO
Representantes brasileiros e europeus de alto nível reúnem-se periodicamente para promover cooperação em políticas sociais, incluindo mudanças demográficas, direitos de trabalhadores migrantes e regimes especiais para trabalhadores rurais.;CERTO
O plano de ação conjunto da parceria estratégica Brasil–UE enfatiza a promoção dos direitos humanos e da democracia, a defesa da justiça internacional e o fortalecimento do sistema multilateral.;CERTO
O Reino Unido busca utilizar o Brasil como via de acesso aos mercados sul-americanos e pretende usar um tratado de livre comércio já existente entre Brasil e Reino Unido como base para a negociação do acordo UE-MERCOSUL.;ERRADO
A comunidade brasileira no Reino Unido possui dimensão significativa e o governo brasileiro instalou um Conselho de Cidadãos Brasileiros no país.;CERTO
O governo britânico identifica como desafios para a realização de negócios no Brasil fatores como a complexidade tributária, a elevada carga tributária, a importância das relações pessoais, a corrupção e as diferenças regionais e culturais.;CERTO
Como consequência dos diálogos estratégicos entre os governos, o comércio Brasil–Reino Unido mais que triplicou em dez anos, colocando o Brasil entre os dez principais parceiros comerciais britânicos.;ERRADO
A Alemanha apresenta comércio amplamente superavitário com o Brasil, exportando principalmente produtos manufaturados e importando sobretudo produtos básicos, como café, minérios e farelo de soja.;CERTO
Brasil e Alemanha celebraram acordo de parceria e cooperação em segurança pública pelo qual a Alemanha apoiaria a modernização da Polícia Federal em troca de experiências brasileiras na organização de grandes eventos esportivos.;ERRADO
A Rússia utiliza o BRICS como instrumento de promoção do comércio bilateral com os demais membros, e o Brasil figura entre os principais parceiros comerciais russos.;CERTO
Brasil e Rússia convergem sobre a reforma das estruturas de governança global, mas divergem quanto à criação do Arranjo Contingencial de Reservas do BRICS.;ERRADO
Alemanha, França e Reino Unido sofreram menos os efeitos da crise de 2008 sobre o emprego do que países como Itália e Portugal.;CERTO
A crise europeia foi causada essencialmente por gastos públicos excessivos e pela ausência de reservas suficientes em países como Grécia, Itália, Irlanda, Portugal e Espanha.;ERRADO
O Tratado de Roma de 1992 estabeleceu que a relação entre dívida pública e PIB dos países-membros não poderia ultrapassar 30%.;ERRADO
Em 2010, Alemanha, França e Reino Unido conseguiram evitar ataques especulativos ao euro e à libra por possuírem economias industrializadas, capacidade de investimento e grandes reservas internacionais.;ERRADO
A Alemanha mostrou disposição para atenuar ou suspender as sanções contra a Rússia caso esta cumprisse os Acordos de Minsk, relacionados à crise ucraniana.;CERTO
A Alemanha desempenhou papel importante no fortalecimento do sistema brasileiro de inovação, inclusive por meio de parcerias com a Sociedade Fraunhofer e instituições brasileiras de pesquisa e inovação.;CERTO
As relações teuto-americanas sofreram desgaste após revelações de espionagem da NSA contra autoridades alemãs, incluindo a interceptação de comunicações de altas autoridades.;CERTO
As relações entre Alemanha e Turquia sofreram desgaste após o Parlamento alemão reconhecer como genocídio o massacre de armênios pelo Império Otomano em 1915–1916.;CERTO
O combate ao terrorismo constitui uma das áreas de atuação da OSCE, limitado pelos compromissos nacionais e multilaterais relativos aos direitos humanos e ao direito internacional.;CERTO
A OSCE possui foco exclusivo no controle do comércio e da proliferação de armas, no combate ao terrorismo e na construção e manutenção da paz e da segurança.;ERRADO
As decisões da OSCE são tomadas por consenso e possuem caráter obrigatório e juridicamente vinculante para os Estados participantes.;ERRADO
A OSCE mantém programas de cooperação em segurança internacional com a OTAN, a ONU e a União Europeia, incluindo cooperação com a ONU na implementação da Resolução 1540/2004 do Conselho de Segurança.;CERTO
;
;
Um dos pontos de discordância que justifica a saída do Reino Unido do bloco europeu é a visão dicotômica no que se refere às políticas de geração de energia e uso de fontes alternativas na matriz energética dos países do bloco: o Reino Unido defende o uso intensivo do carvão mineral, considerado altamente poluente, porém abundante no arquipélago britânico e de baixo custo de geração de energia, enquanto a União Europeia defende fontes alternativas como as energias solar e eólica e a produzida a partir de biocombustíveis.;ERRADO
As relações da França e do Reino Unido com o Brasil são conduzidas no âmbito das respectivas parcerias estratégicas, cujas agendas se concentram em temas econômicos, no caso da França, e, no caso do Reino Unido, em iniciativas voltadas para a cooperação setorial em áreas como agricultura familiar, ciência e tecnologia, defesa e energia nuclear.;ERRADO
Os diálogos setoriais são o principal instrumento do intercâmbio de informações e experiências para o planejamento, o acompanhamento e a avaliação de iniciativas nas relações entre a União Europeia e o Brasil; a centralidade reflete a amplitude e a forte segmentação das relações bilaterais e a inexistência de uma moldura política de direcionamento estratégico para tais relações.";ERRADO
A parceria estratégica entre a Rússia e o Brasil firmada em 2002 ensejou, ao longo da década, significativo incremento do comércio bilateral, avanço limitado na cooperação em setores como defesa e atividades aeroespaciais e forte impulso na concertação de posições em fóruns internacionais como o BRICS e o G-20.;CERTO
A proteção e o uso sustentável das florestas tropicais e a promoção das energias renováveis e da eficiência energética são temas prioritários na agenda da cooperação teuto-brasileira. A prioridade desses temas reflete a complementariedade advinda da importância do Brasil nos esforços de mitigação dos efeitos da mudança climática e para a conservação da biodiversidade no planeta, e do domínio, por parte da Alemanha, de tecnologias ambientais e energéticas de grande relevância para o desenvolvimento sustentável.;CERTO
A política russa de exportação de petróleo e gás natural é um fator geopolítico de poder no cenário mundial e o país compartilha da política norte-americana e da Organização dos Países Produtores e Exportadores de Petróleo — da qual é membro participante —, contrária ao Acordo do Clima de Paris.;ERRADO
A Sibéria, porção asiática do território russo, é rica em recursos minerais, com destaques para petróleo, gás natural, carvão mineral e minério de ferro, e sua localização geográfica em relação à China e ao Japão, grandes consumidores de minérios, é estratégica para a economia russa.;CERTO
As gigantescas reservas de petróleo e gás natural em poder da Rússia sustentam a economia desse país, bem como a expansão de sua influência geopolítica para outras regiões do mundo, como o Oriente Médio e a Europa.;CERTO
A anexação da península da Crimeia, no mar Negro, é fator de conflito entre Rússia, Ucrânia e demais países do Cáucaso. O conflito entre os países provocou o êxodo da população da Crimeia, em grande parte ucraniana e muçulmana, para outros países, como Geórgia, Armênia e Cazaquistão, de maioria muçulmana e forte sentimento contra a Rússia.;ERRADO
Os anos de 1917 e 1947 foram marcantes nas relações políticas entre Rússia e Brasil, pois ambos significaram o rompimento temporário das relações políticas e diplomáticas.;CERTO
Brasil e Rússia possuem vínculos políticos, mas há um cenário relativamente fraco, sem planos bilaterais e sem relevância no âmbito externo.;ERRADO
No cenário comercial, a Argentina é o principal parceiro da Rússia na América Latina.;ERRADO
A coordenação dos BRICS tem como mecanismo principal a esfera da governança econômico-financeira e não da governança política.;ERRADO
Logo após os atentados terroristas de 11 de setembro de 2001, Vladimir Putin apoiou a invasão do Afeganistão pelos Estados Unidos, pois considerou que a contenção do radicalismo islâmico do Talibã afegão resultaria na diminuição desse mesmo problema na Ásia Central, região estratégica para a Rússia.;CERTO
A invasão do Iraque pelos Estados Unidos em 2003 provocou o rompimento das relações diplomáticas entre Washington e Moscou, bem como ensejou a formação do eixo Paris-Berlim-Moscou, uma coalizão de países contrários tanto a essa invasão quanto ao unilateralismo estadunidense.;ERRADO
Desde as iniciativas conjuntas de Rússia e Turquia para mediar o conflito sírio, há maior cooperação entre os dois países, inclusive na área militar. Moscou já iniciou a entrega de mísseis S-300 para Ancara, e ambos negociam a possibilidade de cooperar na produção e no desenvolvimento de aviões de combate Sukhoi.;ERRADO
O Brasil mantém relações diplomáticas com a Rússia desde o século XIX, as quais foram rompidas apenas uma vez: durante a Guerra Fria, entre 1947 e 1961. Nem sempre essas relações convergiram, por exemplo, no âmbito dos BRICS, sendo que o Brasil tem se posicionado de modo contrário às propostas russas de maior regulamentação e controle do fluxo de informações na internet.;CERTO
Um dos marcos importantes da cooperação entre Brasil e Europa foi a celebração do Acordo-Quadro de Cooperação em 1992, por meio do qual as partes se comprometeram a reforçar a cooperação econômica, comercial, industrial, científica, tecnológica e em outras áreas. Além disso, há uma constante preocupação com a proteção e a melhoria do meio ambiente nesse acordo.;CERTO
A Primeira Cúpula Brasil-UE, que ocorreu em Lisboa em 2007, focou em temas relacionados à cooperação técnica e à agenda política mundial, negligenciando a ainda existente necessidade de se concluir as negociações do Acordo de Associação Mercosul-UE, iniciadas em 1999.;ERRADO
A Comissão Europeia, a Malásia e a Indonésia assinaram no ano de 2023 uma declaração conjunta que prevê a criação de uma força-tarefa para fomentar a cooperação no processo de implementação do Regulamento Europeu sobre Desmatamento.;CERTO
Sob a liderança de Ursula von der Leyen, a Comissão Europeia entendeu que a era da cooperação baseada no paradigma de doador-recipiente chegara ao fim. Com a reforma do próprio orçamento para a ação externa, a Comissão criou um mecanismo de financiamento do desenvolvimento internacional, que tem por efeito empoderar os parceiros do Sul Global.;CERTO
A UE tem diversos parceiros estratégicos, entre eles Estados Unidos da América, Canadá, México e Japão. Cabe destacar que todos os membros do grupo BRICS também são parceiros estratégicos da UE.;ERRADO
Na Rússia, a Revolução de 1905 comprometeu a política internacional do país, impactando os rumos da guerra que travava com o Japão. O desgaste decorrente da repressão à revolução levou o czar Alexandre II a negociações de paz com os japoneses.;ERRADO
O czar Alexandre II contou com o apoio das potências adversárias na repressão à Revolução Russa.;ERRADO
A Rússia desempenhou um papel importante no desenrolar da Primeira Guerra Mundial. Sua participação obrigava o exército alemão a cobrir duas frentes, a ocidental e a russa. Em 1918, debilitada pela guerra, a Alemanha propôs o acordo de Brest-Litovsk, favorável à Rússia Bolchevique, o qual foi negado por esse país por intermédio de Trotski, negociador e revolucionário russo.;ERRADO
Durante a Primeira Guerra Mundial, a Alemanha, desejosa de firmar a paz com a Rússia, permitiu que Lênin, líder do grupo revolucionário Bolchevique, exilado na Suíça, atravessasse o país em um trem especialmente destinado a essa finalidade.;CERTO
A União Europeia, afetada pela guerra na Ucrânia e pelas pressões energéticas e migratórias, tem vivenciado o enfraquecimento de sua coesão política e econômica, inclusive com discussões internas sobre a fragmentação do bloco.;CERTO
A queda de seus satélites europeus a partir do final dos anos 1980 e a difícil aceitação por Moscou da reunificação alemã contribuíram para incrementar o colapso da então União Soviética como superpotência internacional.;CERTO
Entre as peculiaridades da Guerra Fria está a convivência, observada nas relações entre as duas grandes superpotências, de uma retórica conciliatória e a recusa de ambas as partes em aceitar a distribuição global de forças ao cabo da Segunda Guerra Mundial.;CERTO
A pretensão de assento permanente no Conselho de Segurança da ONU, por parte do Brasil, é algo que se manifestou apenas a partir do início do segundo mandato presidencial de Fernando Henrique Cardoso, quando os resultados positivos do real estimularam sonhos mais ambiciosos em termos geoestratégicos para o país.;ERRADO
Talvez em função do MERCOSUL, cuja consolidação sempre foi essencial para a economia da região, a Argentina, ao longo dos dois períodos governamentais de Carlos Menem, apressou-se em apoiar o pleito brasileiro de ocupar uma cadeira permanente no Conselho de Segurança da ONU.;ERRADO
É provável que, sentindo o retraimento norte-americano após os atentados de 11 de setembro, marcado pela visível dificuldade de Washington de agir em termos militares e diplomáticos, a chancelaria brasileira tenha se sentido estimulada a defender maior participação de Estados emergentes nas instâncias decisórias globais, como a ONU.;ERRADO
A presença de cerca de setenta empresários na comitiva presidencial é sinal de que a viagem de Fernando Henrique à Rússia não se restringiu às questões geopolíticas; exemplo disso são os contatos relativos à transferência de tecnologia russa para o veículo lançador de satélites brasileiro, à utilização da base espacial de Alcântara pelos russos e ao intercâmbio na área aeronáutica.";CERTO
;
;
A expressão “je suis Charlie”, presente em cartazes nas manifestações de repúdio aos atos de terrorismo em Paris, passou a ser utilizada em várias regiões do planeta como forma de solidariedade aos jornalistas mortos, afirmando que a violência ultrapassa suas vítimas diretas e atinge a todos indistintamente.;CERTO
As recentes manifestações públicas contra o terrorismo em escala global são uma novidade, uma vez que, em atentados anteriores, a comoção pública restringiu-se aos locais atingidos pela violência terrorista.;ERRADO
Em 2015, o governo grego exigiu da Alemanha o pagamento de 279 bilhões de euros como reparação pela ocupação nazista da Grécia durante a Segunda Guerra Mundial, utilizando a questão como argumento político diante da crise da dívida grega.;CERTO
Embora o resultado do referendo grego sobre o ajuste econômico tenha sido classificado pela imprensa como surpreendente, diversos países europeus haviam experimentado manifestações contra as medidas de austeridade nas semanas anteriores ao pleito grego.;CERTO
A União Europeia exige, desde 2002, que todos os seus países-membros adotem o euro como moeda oficial, sendo a Grécia um país que utiliza o dracma.;ERRADO
Entre os fatores que levam milhares de pessoas a abandonar seus países em busca de abrigo destacam-se perseguições políticas e religiosas, guerras civis, estruturas de poder opressivas e condições materiais precárias de sobrevivência.;CERTO
As correntes migratórias contemporâneas dirigem-se, em geral, mas não exclusivamente, à Europa, provenientes de áreas de conflito do Oriente Médio, como a Síria, e de regiões africanas afetadas por conflitos, violência religiosa e fome.;CERTO
A União Europeia adotou medidas facilitadoras para a recepção dos milhares de asiáticos e africanos que atravessam o Mediterrâneo em busca de um novo lar na Europa.;ERRADO
A França foi pioneira na abertura das fronteiras aos refugiados, servindo de exemplo à Alemanha, cujo governo, com apoio da maioria da população, adotou políticas de acolhimento.;ERRADO
A xenofobia tem aparecido de forma pontual, concentrada em países historicamente avessos ao recebimento de migrantes, como Estados Unidos, Argentina e Brasil.;ERRADO
O Tratado de Schengen foi estabelecido entre a União Europeia e a ONU para regular a entrada de refugiados e migrantes na Europa e criar centros de acolhimento em países afetados pela migração.;ERRADO
A crise dos refugiados, a imigração, a islamização da Europa, o radicalismo, a xenofobia e a crise econômica são elementos recorrentes do discurso de partidos conservadores e grupos de extrema direita, que defendem, entre outras causas, a Europa para os europeus, o fechamento das fronteiras e a saída da UE, como no Brexit.;CERTO
A descontinuidade da Doutrina Brejnev foi determinante para o fim das experiências socialistas no Leste Europeu.;CERTO
Fatores políticos e econômicos convergiram para o fim do socialismo na União das Repúblicas Socialistas Soviéticas.;CERTO
A Guerra Civil Espanhola colocou republicanos, apoiados pela União Soviética, contra forças franquistas, auxiliadas por Alemanha e Itália; em 1939, foi assinado o Pacto Molotov-Ribbentrop, que previa a não agressão entre alemães e soviéticos e a divisão de territórios de outros países.";CERTO
I As consequências da Primeira Guerra Mundial e do Tratado de Versalhes produziram grande instabilidade econômica e política na Europa Central, especialmente na Alemanha, favorecendo a emergência de movimentos como fascismo, nazismo e stalinismo.;CERTO
II Na década de 1920, Stalin, após o sucesso dos planos quinquenais, manteve a política externa revolucionária de Lenin, visando à exportação do socialismo para outros países e ao financiamento de partidos comunistas em todo o mundo.;ERRADO
Os protestos dos “coletes amarelos” na França tiveram como um de seus pontos de partida o aumento dos impostos sobre os combustíveis.;CERTO
A Rússia, embora não ocupe a mesma posição de poder da época soviética, busca garantir sua esfera de influência, manter o equilíbrio de poder regional e reduzir sua vulnerabilidade internacional, inclusive por meio de operações militares em sua vizinhança próxima.;CERTO
A ideia central de “O fim da História”, de Francis Fukuyama, retrata com precisão as características da Guerra Comercial entre Estados Unidos e China, especialmente a partir da estratégia “América em Primeiro Lugar” de Donald Trump.;ERRADO
I A queda do Muro de Berlim eliminou a guerra de ideologias do mundo bipolar e, com o colapso soviético, surgiu a Pax Americana, permitindo maior liberdade ao capitalismo financeiro e às cadeias globais de produção.;CERTO
II A Guerra na Ucrânia pode gerar uma nova ordem mundial, contribuindo para a desconstrução do mundo globalizado de abertura comercial e sua possível substituição por um mundo fragmentado de confrontação entre potências democráticas ocidentais e potências revisionistas orientais.;CERTO
